10075 0 1 1 1 1 1 1 1 1 1 1 1 40 `古老的絲絨背心` `` 11002
10058 0 1 1 1 1 1 1 1 1 1 1 1 20 `古老的羊毛背心` `` 11002
10066 0 1 1 1 1 1 1 1 1 1 1 1 30 `破舊的羊絨長袍` `` 11002
10067 1 1 1 1 1 1 1 1 1 1 1 1 30 `羊絨長袍` `` 11002
10059 1 1 1 1 1 1 1 1 1 1 1 1 20 `羊毛背心` `` 11002
10076 1 1 1 1 1 1 1 1 1 1 1 1 40 `絲絨背心` `` 11002
10061 3 1 1 1 1 1 1 1 1 1 1 1 20 `雕翎長袍` `` 11002
10070 3 1 1 1 1 1 1 1 1 1 1 1 30 `紫炎隱月長袍` `` 11002
10104 4 1 1 1 1 1 1 1 1 1 1 1 5 `傳承 : 智慧女神的紗棉長袍` `` 11002
10105 4 1 1 1 1 1 1 1 1 1 1 1 10 `傳承 : 神圣的智慧女神紗棉長袍` `` 11002
10077 3 1 1 1 1 1 1 1 1 1 1 1 40 `幻影落凰長袍` `` 11002
10108 4 1 1 1 1 1 1 1 1 1 1 1 25 `傳承 : 守夜女神的羊毛長袍` `` 11002
10106 4 1 1 1 1 1 1 1 1 1 1 1 15 `傳承 : 大地女神的羊毛長袍` `` 11002
10110 4 1 1 1 1 1 1 1 1 1 1 1 35 `傳承 : 生命女神的綾羅長袍` `` 11002
10107 4 1 1 1 1 1 1 1 1 1 1 1 20 `傳承 : 神圣的大地女神羊毛長袍` `` 11002
10109 4 1 1 1 1 1 1 1 1 1 1 1 30 `傳承 : 神圣的守夜女神羊毛長袍` `` 11002
10111 4 1 1 1 1 1 1 1 1 1 1 1 40 `傳承 : 神圣的生命女神綾羅長袍` `` 11002
10402 0 1 1 1 1 1 1 1 1 1 1 1 5 `破舊的牛皮背心` `` 11101
10461 0 1 1 1 1 1 1 1 1 1 1 1 40 `古老的狼皮長袍` `` 11101
10400 0 1 1 1 1 1 1 1 1 1 1 1 1 `殘破的牛皮背心` `` 11101
10462 1 1 1 1 1 1 1 1 1 1 1 1 40 `狼皮長袍` `` 11101
10455 0 1 1 1 1 1 1 1 1 1 1 1 30 `破舊的鹿皮胸甲` `` 11101
10456 1 1 1 1 1 1 1 1 1 1 1 1 30 `鹿皮胸甲` `` 11101
10450 1 1 1 1 1 1 1 1 1 1 1 1 20 `鹿皮長袍` `` 11101
10449 0 1 1 1 1 1 1 1 1 1 1 1 20 `古老的鹿皮長袍` `` 11101
10417 1 1 1 1 1 1 1 1 1 1 1 1 19 `堅韌的鹿皮背心` `` 11101
10481 4 1 1 1 1 1 1 1 1 1 1 1 10 `傳承 : 神圣的智慧女神牛皮胸甲` `` 11101
10480 4 1 1 1 1 1 1 1 1 1 1 1 5 `傳承 : 智慧女神的牛皮胸甲` `` 11101
10482 4 1 1 1 1 1 1 1 1 1 1 1 15 `傳承 : 大地女神的熊皮胸甲` `` 11101
10483 4 1 1 1 1 1 1 1 1 1 1 1 20 `傳承 : 神圣的大地女神熊皮胸甲` `` 11101
10484 4 1 1 1 1 1 1 1 1 1 1 1 25 `傳承 : 守夜女神的蟒皮胸甲` `` 11101
10854 0 1 1 1 1 1 1 1 1 1 1 1 30 `殘破的虎骨胸甲` `` 11201
10848 0 1 1 1 1 1 1 1 1 1 1 1 20 `腐蝕的魚骨胸甲` `` 11201
10486 4 1 1 1 1 1 1 1 1 1 1 1 35 `傳承 : 生命女神的狼皮胸甲` `` 11101
10849 1 1 1 1 1 1 1 1 1 1 1 1 20 `魚骨胸甲` `` 11201
10488 4 1 1 1 1 1 1 1 1 1 1 1 45 `傳承 : 戰爭女神的狼皮胸甲` `` 11101
10485 4 1 1 1 1 1 1 1 1 1 1 1 30 `傳承 : 神圣的守夜女神蟒皮胸甲` `` 11101
10487 4 1 1 1 1 1 1 1 1 1 1 1 40 `傳承 : 神圣的生命女神狼皮胸甲` `` 11101
10860 0 1 1 1 1 1 1 1 1 1 1 1 40 `古老的石陶胸甲` `` 11201
10855 1 1 1 1 1 1 1 1 1 1 1 1 30 `虎骨胸甲` `` 11201
10861 1 1 1 1 1 1 1 1 1 1 1 1 40 `石陶胸甲` `` 11201
10877 4 1 1 1 1 1 1 1 1 1 1 1 5 `傳承 : 智慧女神的蒔芽胸甲` `` 11201
10878 4 1 1 1 1 1 1 1 1 1 1 1 10 `傳承 : 神圣的智慧女神蒔芽胸甲` `` 11201
10879 4 1 1 1 1 1 1 1 1 1 1 1 15 `傳承 : 大地女神的血骨胸甲` `` 11201
10881 4 1 1 1 1 1 1 1 1 1 1 1 25 `傳承 : 守夜女神的獸骨胸甲` `` 11201
10880 4 1 1 1 1 1 1 1 1 1 1 1 20 `傳承 : 神圣的大地女神血骨胸甲` `` 11201
10884 4 1 1 1 1 1 1 1 1 1 1 1 40 `傳承 : 神圣的生命女神軟陶胸甲` `` 11201
10883 4 1 1 1 1 1 1 1 1 1 1 1 35 `傳承 : 生命女神的軟陶胸甲` `` 11201
11248 0 1 1 1 1 1 1 1 1 1 1 1 20 `生鏽的精鐵鎖甲` `` 11301
11254 0 1 1 1 1 1 1 1 1 1 1 1 30 `磨損的玄鋼鎖甲` `` 11301
11255 1 1 1 1 1 1 1 1 1 1 1 1 30 `玄鋼鎖甲` `` 11301
11249 1 1 1 1 1 1 1 1 1 1 1 1 20 `精鐵鎖甲` `` 11301
11260 0 1 1 1 1 1 1 1 1 1 1 1 40 `殘破的鉑金鏈甲` `` 11301
11261 1 1 1 1 1 1 1 1 1 1 1 1 40 `鉑金鏈甲` `` 11301
11277 4 1 1 1 1 1 1 1 1 1 1 1 5 `傳承 : 智慧女神的青銅鎖甲` `` 11301
11278 4 1 1 1 1 1 1 1 1 1 1 1 10 `傳承 : 神圣的智慧女神青銅鎖甲` `` 11301
11280 4 1 1 1 1 1 1 1 1 1 1 1 20 `傳承 : 神圣的大地女神赤銅鎖甲` `` 11301
11281 4 1 1 1 1 1 1 1 1 1 1 1 25 `傳承 : 守夜女神的星紋鎖甲` `` 11301
11279 4 1 1 1 1 1 1 1 1 1 1 1 15 `傳承 : 大地女神的赤銅鎖甲` `` 11301
11283 4 1 1 1 1 1 1 1 1 1 1 1 35 `傳承 : 生命女神的鉑金鏈甲` `` 11301
11284 4 1 1 1 1 1 1 1 1 1 1 1 40 `傳承 : 神圣的生命女神鉑金鏈甲` `` 11301
11632 0 1 1 1 1 1 1 1 1 1 1 1 30 `生鏽的生鐵盔甲` `` 11401
11602 1 1 1 1 1 1 1 1 1 1 1 1 20 `堅固的鋼鐵胸甲` `` 11401
11633 1 1 1 1 1 1 1 1 1 1 1 1 30 `生鐵盔甲` `` 11401
11638 0 1 1 1 1 1 1 1 1 1 1 1 40 `損坏的鐵合金胸甲` `` 11401
11639 1 1 1 1 1 1 1 1 1 1 1 1 40 `鐵合金胸甲` `` 11401
11650 4 1 1 1 1 1 1 1 1 1 1 1 25 `傳承 : 守夜女神的玄鋼胸甲` `` 11401
11649 4 1 1 1 1 1 1 1 1 1 1 1 20 `傳承 : 神圣的大地女神赤鐵胸甲` `` 11401
12057 0 1 1 1 1 1 1 1 1 1 1 1 20 `古老的羊毛長褲` `` 11004
11653 4 1 1 1 1 1 1 1 1 1 1 1 40 `傳承 : 神圣的生命女神鈦合金胸甲` `` 11401
11652 4 1 1 1 1 1 1 1 1 1 1 1 35 `傳承 : 生命女神的鈦合金胸甲` `` 11401
12058 1 1 1 1 1 1 1 1 1 1 1 1 20 `羊毛長褲` `` 11004
12060 3 1 1 1 1 1 1 1 1 1 1 1 20 `雕翎長褲` `` 11004
12065 0 1 1 1 1 1 1 1 1 1 1 1 30 `破舊的羊絨護腿` `` 11004
12066 1 1 1 1 1 1 1 1 1 1 1 1 30 `羊絨護腿` `` 11004
12074 0 1 1 1 1 1 1 1 1 1 1 1 40 `古老的絲絨長褲` `` 11004
12075 1 1 1 1 1 1 1 1 1 1 1 1 40 `絲絨長褲` `` 11004
12069 3 1 1 1 1 1 1 1 1 1 1 1 30 `亡靈護腿` `` 11004
12076 3 1 1 1 1 1 1 1 1 1 1 1 40 `索裴爾的幻影長褲` `` 11004
12102 4 1 1 1 1 1 1 1 1 1 1 1 5 `傳承 : 智慧女神的紗棉護腿` `` 11004
12103 4 1 1 1 1 1 1 1 1 1 1 1 10 `傳承 : 神圣的智慧女神紗棉護腿` `` 11004
12104 4 1 1 1 1 1 1 1 1 1 1 1 15 `傳承 : 大地女神的羊毛護腿` `` 11004
12106 4 1 1 1 1 1 1 1 1 1 1 1 25 `傳承 : 守夜女神的羊毛護腿` `` 11004
12105 4 1 1 1 1 1 1 1 1 1 1 1 20 `傳承 : 神圣的大地女神羊毛護腿` `` 11004
12107 4 1 1 1 1 1 1 1 1 1 1 1 30 `傳承 : 神圣的守夜女神羊毛護腿` `` 11004
12109 4 1 1 1 1 1 1 1 1 1 1 1 40 `傳承 : 神圣的生命女神綾羅護腿` `` 11004
12108 4 1 1 1 1 1 1 1 1 1 1 1 35 `傳承 : 生命女神的綾羅護腿` `` 11004
12110 4 1 1 1 1 1 1 1 1 1 1 1 45 `傳承 : 戰爭女神的薄紗護腿` `` 11004
12400 0 1 1 1 1 1 1 1 1 1 1 1 1 `殘破的牛皮短褲` `` 11103
12402 0 1 1 1 1 1 1 1 1 1 1 1 5 `破舊的牛皮短褲` `` 11103
12449 0 1 1 1 1 1 1 1 1 1 1 1 20 `古老的鹿皮長褲` `` 11103
12455 0 1 1 1 1 1 1 1 1 1 1 1 30 `破舊的鹿皮護腿` `` 11103
12450 1 1 1 1 1 1 1 1 1 1 1 1 20 `鹿皮長褲` `` 11103
12462 1 1 1 1 1 1 1 1 1 1 1 1 40 `狼皮長褲` `` 11103
12461 0 1 1 1 1 1 1 1 1 1 1 1 40 `古老的狼皮長褲` `` 11103
12456 1 1 1 1 1 1 1 1 1 1 1 1 30 `鹿皮護腿` `` 11103
12481 4 1 1 1 1 1 1 1 1 1 1 1 10 `傳承 : 神圣的智慧女神牛皮綁腿` `` 11103
12480 4 1 1 1 1 1 1 1 1 1 1 1 5 `傳承 : 智慧女神的牛皮綁腿` `` 11103
12482 4 1 1 1 1 1 1 1 1 1 1 1 15 `傳承 : 大地女神的熊皮綁腿` `` 11103
12483 4 1 1 1 1 1 1 1 1 1 1 1 20 `傳承 : 神圣的大地女神熊皮綁腿` `` 11103
12484 4 1 1 1 1 1 1 1 1 1 1 1 25 `傳承 : 守夜女神的蟒皮綁腿` `` 11103
12485 4 1 1 1 1 1 1 1 1 1 1 1 30 `傳承 : 神圣的守夜女神蟒皮綁腿` `` 11103
12486 4 1 1 1 1 1 1 1 1 1 1 1 35 `傳承 : 生命女神的狼皮綁腿` `` 11103
12488 4 1 1 1 1 1 1 1 1 1 1 1 45 `傳承 : 戰爭女神的狼皮綁腿` `` 11103
12487 4 1 1 1 1 1 1 1 1 1 1 1 40 `傳承 : 神圣的生命女神狼皮綁腿` `` 11103
12854 0 1 1 1 1 1 1 1 1 1 1 1 30 `殘破的虎骨綁腿` `` 11203
12848 0 1 1 1 1 1 1 1 1 1 1 1 20 `腐蝕的魚骨綁腿` `` 11203
12849 1 1 1 1 1 1 1 1 1 1 1 1 20 `魚骨綁腿` `` 11203
12855 1 1 1 1 1 1 1 1 1 1 1 1 30 `虎骨綁腿` `` 11203
12880 4 1 1 1 1 1 1 1 1 1 1 1 20 `傳承 : 神圣的大地女神血骨綁腿` `` 11203
12879 4 1 1 1 1 1 1 1 1 1 1 1 15 `傳承 : 大地女神的血骨綁腿` `` 11203
12878 4 1 1 1 1 1 1 1 1 1 1 1 10 `傳承 : 神圣的智慧女神蒔芽綁腿` `` 11203
12861 1 1 1 1 1 1 1 1 1 1 1 1 40 `石陶綁腿` `` 11203
12860 0 1 1 1 1 1 1 1 1 1 1 1 40 `古老的石陶綁腿` `` 11203
12877 4 1 1 1 1 1 1 1 1 1 1 1 5 `傳承 : 智慧女神的蒔芽綁腿` `` 11203
12881 4 1 1 1 1 1 1 1 1 1 1 1 25 `傳承 : 守夜女神的獸骨綁腿` `` 11203
12882 4 1 1 1 1 1 1 1 1 1 1 1 30 `傳承 : 神圣的守夜女神獸骨綁腿` `` 11203
12884 4 1 1 1 1 1 1 1 1 1 1 1 40 `傳承 : 神圣的生命女神軟陶綁腿` `` 11203
12883 4 1 1 1 1 1 1 1 1 1 1 1 35 `傳承 : 生命女神的軟陶綁腿` `` 11203
12885 4 1 1 1 1 1 1 1 1 1 1 1 45 `傳承 : 戰爭女神的黑陶綁腿` `` 11203
13254 0 1 1 1 1 1 1 1 1 1 1 1 30 `磨損的玄鋼護腿` `` 11303
13260 0 1 1 1 1 1 1 1 1 1 1 1 40 `殘破的鉑金護腿` `` 11303
13255 1 1 1 1 1 1 1 1 1 1 1 1 30 `玄鋼護腿` `` 11303
13248 0 1 1 1 1 1 1 1 1 1 1 1 20 `生鏽的精鐵護腿` `` 11303
13261 1 1 1 1 1 1 1 1 1 1 1 1 40 `鉑金護腿` `` 11303
13249 1 1 1 1 1 1 1 1 1 1 1 1 20 `精鐵護腿` `` 11303
13277 4 1 1 1 1 1 1 1 1 1 1 1 5 `傳承 : 智慧女神的青銅護腿` `` 11303
13278 4 1 1 1 1 1 1 1 1 1 1 1 10 `傳承 : 神圣的智慧女神青銅護腿` `` 11303
13280 4 1 1 1 1 1 1 1 1 1 1 1 20 `傳承 : 神圣的大地女神赤銅護腿` `` 11303
13279 4 1 1 1 1 1 1 1 1 1 1 1 15 `傳承 : 大地女神的赤銅護腿` `` 11303
13281 4 1 1 1 1 1 1 1 1 1 1 1 25 `傳承 : 守夜女神的星紋護腿` `` 11303
13282 4 1 1 1 1 1 1 1 1 1 1 1 30 `傳承 : 神圣的守夜女神星紋護腿` `` 11303
13284 4 1 1 1 1 1 1 1 1 1 1 1 40 `傳承 : 神圣的生命女神鉑金護腿` `` 11303
13285 4 1 1 1 1 1 1 1 1 1 1 1 45 `傳承 : 戰爭女神的墨鋼護腿` `` 11303
13283 4 1 1 1 1 1 1 1 1 1 1 1 35 `傳承 : 生命女神的鉑金護腿` `` 11303
13602 1 1 1 1 1 1 1 1 1 1 1 1 20 `堅固的鋼鐵護腿` `` 11403
13632 0 1 1 1 1 1 1 1 1 1 1 1 30 `生鏽的生鐵脛甲` `` 11403
13638 0 1 1 1 1 1 1 1 1 1 1 1 40 `損坏的鐵合金護腿` `` 11403
13639 1 1 1 1 1 1 1 1 1 1 1 1 40 `鐵合金護腿` `` 11403
13633 1 1 1 1 1 1 1 1 1 1 1 1 30 `生鐵脛甲` `` 11403
13648 4 1 1 1 1 1 1 1 1 1 1 1 20 `傳承 : 神圣的大地女神赤鐵綁腿` `` 11403
13651 4 1 1 1 1 1 1 1 1 1 1 1 35 `傳承 : 生命女神的鈦合金脛甲` `` 11403
13650 4 1 1 1 1 1 1 1 1 1 1 1 30 `傳承 : 神圣的守夜女神玄鋼護腿` `` 11403
13652 4 1 1 1 1 1 1 1 1 1 1 1 40 `傳承 : 神圣的生命女神鈦合金脛甲` `` 11403
13649 4 1 1 1 1 1 1 1 1 1 1 1 25 `傳承 : 守夜女神的玄鋼護腿` `` 11403
13653 4 1 1 1 1 1 1 1 1 1 1 1 45 `傳承 : 戰爭女神的鈦鋼護腿` `` 11403
14057 1 1 1 1 1 1 1 1 1 1 1 1 20 `羊毛肩甲` `` 11003
14056 0 1 1 1 1 1 1 1 1 1 1 1 20 `古老的羊毛肩甲` `` 11003
14059 2 1 1 1 1 1 1 1 1 1 1 1 20 `印紋護肩` `` 11003
14065 0 1 1 1 1 1 1 1 1 1 1 1 30 `破舊的羊絨斗篷` `` 11003
14058 2 1 1 1 1 1 1 1 1 1 1 1 20 `赫頓瑪爾貴族肩甲` `` 11003
14060 3 1 1 1 1 1 1 1 1 1 1 1 20 `雕翎護肩` `` 11003
14063 2 1 1 1 1 1 1 1 1 1 1 1 25 `賢者的訓練護肩` `` 11003
14066 1 1 1 1 1 1 1 1 1 1 1 1 30 `羊絨斗篷` `` 11003
14067 2 1 1 1 1 1 1 1 1 1 1 1 30 `精靈祝福斗篷` `` 11003
14064 2 1 1 1 1 1 1 1 1 1 1 1 25 `榮耀者肩甲` `` 11003
14068 2 1 1 1 1 1 1 1 1 1 1 1 30 `沙狐護肩` `` 11003
14072 0 1 1 1 1 1 1 1 1 1 1 1 40 `古老的絲絨護肩` `` 11003
14069 3 1 1 1 1 1 1 1 1 1 1 1 30 `炎息護肩` `` 11003
14082 2 1 1 1 1 1 1 1 1 1 1 1 35 `七星護肩` `` 11003
14084 2 1 1 1 1 1 1 1 1 1 1 1 35 `紫羽定魂護肩` `` 11003
14073 1 1 1 1 1 1 1 1 1 1 1 1 40 `絲絨護肩` `` 11003
14083 2 1 1 1 1 1 1 1 1 1 1 1 35 `青龍渡海護肩` `` 11003
14088 2 1 1 1 1 1 1 1 1 1 1 1 35 `羽靈護肩` `` 11003
14087 2 1 1 1 1 1 1 1 1 1 1 1 25 `引魔護肩` `` 11003
14086 2 1 1 1 1 1 1 1 1 1 1 1 20 `伽畢斯的皓月肩甲` `` 11003
14074 3 1 1 1 1 1 1 1 1 1 1 1 40 `巴蘭的戰斗護肩` `` 11003
14089 2 1 1 1 1 1 1 1 1 1 1 1 40 `夢魘縛靈護肩` `` 11003
14090 2 1 1 1 1 1 1 1 1 1 1 1 40 `瞑想者斗篷` `` 11003
14091 2 1 1 1 1 1 1 1 1 1 1 1 40 `錦鱗護肩` `` 11003
14098 2 1 1 1 1 1 1 1 1 1 1 1 40 `遠古旋魔斗篷` `` 11003
14092 2 1 1 1 1 1 1 1 1 1 1 1 40 `星紋斗篷` `` 11003
14097 2 1 1 1 1 1 1 1 1 1 1 1 35 `自然親和斗篷` `` 11003
14108 2 1 1 1 1 1 1 1 1 1 1 1 25 `天帷巨獸 : 逆翎布甲護肩` `` 11003
14105 2 1 1 1 1 1 1 1 1 1 1 1 25 `圣日雷影護肩` `` 11003
14100 4 1 1 1 1 1 1 1 1 1 1 1 40 `傳承 : 戰爭女神的薄紗護肩` `` 11003
14109 2 1 1 1 1 1 1 1 1 1 1 1 25 `天帷巨獸 : 破曦布甲護肩` `` 11003
14110 2 1 1 1 1 1 1 1 1 1 1 1 30 `天帷巨獸 : 精靈的雁翎布甲護肩` `` 11003
14106 2 1 1 1 1 1 1 1 1 1 1 1 35 `暗黑戰印護肩` `` 11003
14111 2 1 1 1 1 1 1 1 1 1 1 1 30 `天帷巨獸 : 精靈的隱靈布甲護肩` `` 11003
14112 2 1 1 1 1 1 1 1 1 1 1 1 35 `暗黑城 : 逆翎布甲護肩` `` 11003
14113 2 1 1 1 1 1 1 1 1 1 1 1 35 `暗黑城 : 破曦布甲護肩` `` 11003
14115 2 1 1 1 1 1 1 1 1 1 1 1 40 `暗黑城 : 精靈的隱靈布甲護肩` `` 11003
14114 2 1 1 1 1 1 1 1 1 1 1 1 40 `暗黑城 : 精靈的天脊布甲護肩` `` 11003
14400 0 1 1 1 1 1 1 1 1 1 1 1 1 `殘破的牛皮護肩` `` 11102
14402 0 1 1 1 1 1 1 1 1 1 1 1 5 `破舊的牛皮護肩` `` 11102
14449 0 1 1 1 1 1 1 1 1 1 1 1 20 `古老的鹿皮肩甲` `` 11102
14450 1 1 1 1 1 1 1 1 1 1 1 1 20 `鹿皮肩甲` `` 11102
14448 2 1 1 1 1 1 1 1 1 1 1 1 15 `罪惡布法羅護肩` `` 11102
14451 2 1 1 1 1 1 1 1 1 1 1 1 20 `烈焰騎士護肩` `` 11102
14455 0 1 1 1 1 1 1 1 1 1 1 1 30 `破舊的鹿皮肩鎧` `` 11102
14454 2 1 1 1 1 1 1 1 1 1 1 1 25 `炎蟒護肩` `` 11102
14460 0 1 1 1 1 1 1 1 1 1 1 1 40 `古老的狼皮襯肩` `` 11102
14456 1 1 1 1 1 1 1 1 1 1 1 1 30 `鹿皮肩鎧` `` 11102
14457 2 1 1 1 1 1 1 1 1 1 1 1 30 `天帷巨獸的皮護肩` `` 11102
14461 1 1 1 1 1 1 1 1 1 1 1 1 40 `狼皮襯肩` `` 11102
14469 2 1 1 1 1 1 1 1 1 1 1 1 35 `聚冥護肩` `` 11102
14468 2 1 1 1 1 1 1 1 1 1 1 1 35 `暗襲護肩` `` 11102
14472 2 1 1 1 1 1 1 1 1 1 1 1 35 `翼影護肩` `` 11102
14471 2 1 1 1 1 1 1 1 1 1 1 1 20 `赤星護肩` `` 11102
14473 2 1 1 1 1 1 1 1 1 1 1 1 40 `傲凰護肩` `` 11102
14474 2 1 1 1 1 1 1 1 1 1 1 1 40 `噬龍護肩` `` 11102
14475 2 1 1 1 1 1 1 1 1 1 1 1 40 `暴風雨神護肩` `` 11102
14483 2 1 1 1 1 1 1 1 1 1 1 1 25 `天帷巨獸 : 赤龍皮甲護肩` `` 11102
14484 2 1 1 1 1 1 1 1 1 1 1 1 25 `天帷巨獸 : 斬影皮甲護肩` `` 11102
14479 4 1 1 1 1 1 1 1 1 1 1 1 40 `傳承 : 戰爭女神的狼皮護肩` `` 11102
14485 2 1 1 1 1 1 1 1 1 1 1 1 30 `天帷巨獸 : 精靈的夜麟皮甲護肩` `` 11102
14486 2 1 1 1 1 1 1 1 1 1 1 1 30 `天帷巨獸 : 精靈的天襲皮甲護肩` `` 11102
14487 2 1 1 1 1 1 1 1 1 1 1 1 35 `暗黑城 : 赤龍皮甲護肩` `` 11102
14489 2 1 1 1 1 1 1 1 1 1 1 1 40 `暗黑城 : 精靈的夜麟皮甲護肩` `` 11102
14490 2 1 1 1 1 1 1 1 1 1 1 1 40 `暗黑城 : 精靈的天襲皮甲護肩` `` 11102
14494 2 1 1 1 1 1 1 1 1 1 1 1 40 `燃燒魔女的南瓜護肩` `` 11102
14488 2 1 1 1 1 1 1 1 1 1 1 1 35 `暗黑城 : 斬影皮甲護肩` `` 11102
14495 2 1 1 1 1 1 1 1 1 1 1 1 35 `恐懼女巫的羊皮護肩` `` 11102
14505 2 1 1 1 1 1 1 1 1 1 1 1 35 `卡諾凡恩皮護肩` `` 11102
14506 2 1 1 1 1 1 1 1 1 1 1 1 40 `斯匹奧皮護肩` `` 11102
14849 1 1 1 1 1 1 1 1 1 1 1 1 20 `魚骨肩甲` `` 11202
14854 0 1 1 1 1 1 1 1 1 1 1 1 30 `殘破的虎骨護肩` `` 11202
14853 2 1 1 1 1 1 1 1 1 1 1 1 25 `玄武岩護肩` `` 11202
14856 2 1 1 1 1 1 1 1 1 1 1 1 30 `遠古冰銀護肩` `` 11202
14848 0 1 1 1 1 1 1 1 1 1 1 1 20 `腐蝕的魚骨肩甲` `` 11202
14850 2 1 1 1 1 1 1 1 1 1 1 1 20 `大地祝福肩甲` `` 11202
14855 1 1 1 1 1 1 1 1 1 1 1 1 30 `虎骨護肩` `` 11202
14859 0 1 1 1 1 1 1 1 1 1 1 1 40 `古老的石陶護肩` `` 11202
14860 1 1 1 1 1 1 1 1 1 1 1 1 40 `石陶護肩` `` 11202
14868 2 1 1 1 1 1 1 1 1 1 1 1 35 `紫金守護肩甲` `` 11202
14867 2 1 1 1 1 1 1 1 1 1 1 1 35 `瑪爾的天權肩甲` `` 11202
14869 2 1 1 1 1 1 1 1 1 1 1 1 35 `幽靈結晶護肩` `` 11202
14872 2 1 1 1 1 1 1 1 1 1 1 1 40 `蛟紋護肩` `` 11202
14870 2 1 1 1 1 1 1 1 1 1 1 1 40 `蠱藤護肩` `` 11202
14884 2 1 1 1 1 1 1 1 1 1 1 1 25 `獅鷲護肩` `` 11202
14871 2 1 1 1 1 1 1 1 1 1 1 1 40 `黃金戰士護肩` `` 11202
14876 4 1 1 1 1 1 1 1 1 1 1 1 40 `傳承 : 戰爭女神的黑陶護肩` `` 11202
14885 2 1 1 1 1 1 1 1 1 1 1 1 35 `破魔護肩` `` 11202
14887 2 1 1 1 1 1 1 1 1 1 1 1 25 `天帷巨獸 : 戾龍輕甲護肩` `` 11202
14888 2 1 1 1 1 1 1 1 1 1 1 1 25 `天帷巨獸 : 斬影輕甲護肩` `` 11202
14889 2 1 1 1 1 1 1 1 1 1 1 1 30 `天帷巨獸 : 精靈的奔雷輕甲護肩` `` 11202
14891 2 1 1 1 1 1 1 1 1 1 1 1 35 `暗黑城 : 戾龍輕甲護肩` `` 11202
14890 2 1 1 1 1 1 1 1 1 1 1 1 30 `天帷巨獸 : 精靈的天襲輕甲護肩` `` 11202
14892 2 1 1 1 1 1 1 1 1 1 1 1 35 `暗黑城 : 斬影輕甲護肩` `` 11202
14893 2 1 1 1 1 1 1 1 1 1 1 1 40 `暗黑城 : 精靈的奔雷輕甲護肩` `` 11202
14911 2 1 1 1 1 1 1 1 1 1 1 1 40 `哈勒斯肩甲` `` 11202
14894 2 1 1 1 1 1 1 1 1 1 1 1 40 `暗黑城 : 精靈的天襲輕甲護肩` `` 11202
14910 2 1 1 1 1 1 1 1 1 1 1 1 35 `拉馬斯肩甲` `` 11202
15248 0 1 1 1 1 1 1 1 1 1 1 1 20 `生鏽的精鐵護肩` `` 11302
15249 1 1 1 1 1 1 1 1 1 1 1 1 20 `精鐵護肩` `` 11302
15254 0 1 1 1 1 1 1 1 1 1 1 1 30 `磨損的玄鋼護肩` `` 11302
15250 2 1 1 1 1 1 1 1 1 1 1 1 20 `碧玉護肩` `` 11302
15255 1 1 1 1 1 1 1 1 1 1 1 1 30 `玄鋼護肩` `` 11302
15253 2 1 1 1 1 1 1 1 1 1 1 1 25 `閃靈護肩` `` 11302
15260 1 1 1 1 1 1 1 1 1 1 1 1 40 `鉑金護肩` `` 11302
15267 2 1 1 1 1 1 1 1 1 1 1 1 35 `血嘯護肩` `` 11302
15259 0 1 1 1 1 1 1 1 1 1 1 1 40 `殘破的鉑金護肩` `` 11302
15256 2 1 1 1 1 1 1 1 1 1 1 1 30 `龍鳴護肩` `` 11302
15268 2 1 1 1 1 1 1 1 1 1 1 1 35 `赤霞護肩` `` 11302
15269 2 1 1 1 1 1 1 1 1 1 1 1 35 `鱗岩護肩` `` 11302
15283 2 1 1 1 1 1 1 1 1 1 1 1 25 `正義守護肩甲` `` 11402
15272 2 1 1 1 1 1 1 1 1 1 1 1 40 `EL-XM25護肩` `` 11302
15284 2 1 1 1 1 1 1 1 1 1 1 1 35 `黎明七星護肩` `` 11402
15276 4 1 1 1 1 1 1 1 1 1 1 1 40 `傳承 : 戰爭女神的墨鋼肩甲` `` 11302
15270 2 1 1 1 1 1 1 1 1 1 1 1 40 `紫金護肩` `` 11302
15271 2 1 1 1 1 1 1 1 1 1 1 1 40 `藍水晶護肩` `` 11302
15287 2 1 1 1 1 1 1 1 1 1 1 1 25 `天帷巨獸 : 斬影重甲護肩` `` 11302
15288 2 1 1 1 1 1 1 1 1 1 1 1 30 `天帷巨獸 : 精靈的銀刃重甲護肩` `` 11302
15286 2 1 1 1 1 1 1 1 1 1 1 1 25 `天帷巨獸 : 戾龍重甲護肩` `` 11302
15289 2 1 1 1 1 1 1 1 1 1 1 1 30 `天帷巨獸 : 精靈的蒼蟒重甲護肩` `` 11302
15290 2 1 1 1 1 1 1 1 1 1 1 1 35 `暗黑城 : 戾龍重甲護肩` `` 11302
15291 2 1 1 1 1 1 1 1 1 1 1 1 35 `暗黑城 : 斬影重甲護肩` `` 11302
15293 2 1 1 1 1 1 1 1 1 1 1 1 40 `暗黑城 : 精靈的蒼蟒重甲護肩` `` 11302
15292 2 1 1 1 1 1 1 1 1 1 1 1 40 `暗黑城 : 精靈的銀刃重甲護肩` `` 11302
15602 1 1 1 1 1 1 1 1 1 1 1 1 20 `堅固的鋼鐵護肩` `` 11402
15629 2 1 1 1 1 1 1 1 1 1 1 1 20 `藍色日冕肩甲` `` 11402
15632 2 1 1 1 1 1 1 1 1 1 1 1 25 `超合金虎嘯肩甲` `` 11402
15633 0 1 1 1 1 1 1 1 1 1 1 1 30 `生鏽的生鐵護肩` `` 11402
15634 1 1 1 1 1 1 1 1 1 1 1 1 30 `生鐵護肩` `` 11402
15638 0 1 1 1 1 1 1 1 1 1 1 1 40 `損坏的鐵合金護肩` `` 11402
15635 2 1 1 1 1 1 1 1 1 1 1 1 30 `黑玉護魂肩甲` `` 11402
15639 1 1 1 1 1 1 1 1 1 1 1 1 40 `鐵合金護肩` `` 11402
15647 2 1 1 1 1 1 1 1 1 1 1 1 40 `幻影死神肩甲` `` 11402
15655 2 1 1 1 1 1 1 1 1 1 1 1 25 `卡露亞的希望 - 圣日護肩` `` 11402
15649 4 1 1 1 1 1 1 1 1 1 1 1 40 `傳承 : 戰爭女神的鈦鋼肩甲` `` 11402
15656 2 1 1 1 1 1 1 1 1 1 1 1 35 `純白之甲 - 諧音護肩` `` 11402
15658 2 1 1 1 1 1 1 1 1 1 1 1 25 `天帷巨獸 : 赤龍板甲護肩` `` 11402
15661 2 1 1 1 1 1 1 1 1 1 1 1 40 `暗黑城 : 精靈的碎魄板甲護肩` `` 11402
15660 2 1 1 1 1 1 1 1 1 1 1 1 35 `暗黑城 : 地夕板甲護肩` `` 11402
15659 2 1 1 1 1 1 1 1 1 1 1 1 30 `天帷巨獸 : 精靈的碎魄板甲護肩` `` 11402
16050 1 1 1 1 1 1 1 1 1 1 1 1 20 `羊毛護腰` `` 11006
16051 2 1 1 1 1 1 1 1 1 1 1 1 20 `赫頓瑪爾貴族腰帶` `` 11006
16049 0 1 1 1 1 1 1 1 1 1 1 1 20 `古老的羊毛護腰` `` 11006
16056 0 1 1 1 1 1 1 1 1 1 1 1 30 `破舊的羊絨腰帶` `` 11006
16052 3 1 1 1 1 1 1 1 1 1 1 1 20 `雕翎腰帶` `` 11006
16055 2 1 1 1 1 1 1 1 1 1 1 1 25 `賢者的訓練腰帶` `` 11006
16057 1 1 1 1 1 1 1 1 1 1 1 1 30 `羊絨腰帶` `` 11006
16058 2 1 1 1 1 1 1 1 1 1 1 1 30 `精靈祝福腰帶` `` 11006
16061 0 1 1 1 1 1 1 1 1 1 1 1 40 `古老的絲絨腰帶` `` 11006
16062 1 1 1 1 1 1 1 1 1 1 1 1 40 `絲絨腰帶` `` 11006
16069 2 1 1 1 1 1 1 1 1 1 1 1 35 `七星腰帶` `` 11006
16072 2 1 1 1 1 1 1 1 1 1 1 1 20 `伽畢斯的皓月腰帶` `` 11006
16071 2 1 1 1 1 1 1 1 1 1 1 1 35 `紫羽定魂腰帶` `` 11006
16070 2 1 1 1 1 1 1 1 1 1 1 1 35 `青龍渡海腰帶` `` 11006
16073 2 1 1 1 1 1 1 1 1 1 1 1 25 `引魔腰帶` `` 11006
16074 2 1 1 1 1 1 1 1 1 1 1 1 35 `羽靈腰帶` `` 11006
16076 2 1 1 1 1 1 1 1 1 1 1 1 40 `瞑想者腰帶` `` 11006
16075 2 1 1 1 1 1 1 1 1 1 1 1 40 `夢魘縛靈腰帶` `` 11006
16077 2 1 1 1 1 1 1 1 1 1 1 1 40 `錦鱗腰帶` `` 11006
16078 2 1 1 1 1 1 1 1 1 1 1 1 40 `星紋腰帶` `` 11006
16083 2 1 1 1 1 1 1 1 1 1 1 1 35 `自然親和腰帶` `` 11006
16084 2 1 1 1 1 1 1 1 1 1 1 1 40 `遠古旋魔腰帶` `` 11006
16094 2 1 1 1 1 1 1 1 1 1 1 1 25 `圣日雷影腰帶` `` 11006
16098 2 1 1 1 1 1 1 1 1 1 1 1 25 `天帷巨獸 : 破曦布甲腰帶` `` 11006
16097 2 1 1 1 1 1 1 1 1 1 1 1 25 `天帷巨獸 : 逆翎布甲腰帶` `` 11006
16086 4 1 1 1 1 1 1 1 1 1 1 1 40 `傳承 : 戰爭女神的薄紗腰帶` `` 11006
16095 2 1 1 1 1 1 1 1 1 1 1 1 35 `暗黑戰印腰帶` `` 11006
16100 2 1 1 1 1 1 1 1 1 1 1 1 30 `天帷巨獸 : 精靈的隱靈布甲腰帶` `` 11006
16099 2 1 1 1 1 1 1 1 1 1 1 1 30 `天帷巨獸 : 精靈的雁翎布甲腰帶` `` 11006
16101 2 1 1 1 1 1 1 1 1 1 1 1 35 `暗黑城 : 逆翎布甲腰帶` `` 11006
16102 2 1 1 1 1 1 1 1 1 1 1 1 35 `暗黑城 : 破曦布甲腰帶` `` 11006
16104 2 1 1 1 1 1 1 1 1 1 1 1 40 `暗黑城 : 精靈的隱靈布甲腰帶` `` 11006
16103 2 1 1 1 1 1 1 1 1 1 1 1 40 `暗黑城 : 精靈的天脊布甲腰帶` `` 11006
16400 0 1 1 1 1 1 1 1 1 1 1 1 1 `殘破的牛皮腰帶` `` 11105
16402 0 1 1 1 1 1 1 1 1 1 1 1 5 `破舊的牛皮腰帶` `` 11105
16425 0 1 1 1 1 1 1 1 1 1 1 1 26 `破舊的鹿皮腰甲` `` 11105
16423 1 1 1 1 1 1 1 1 1 1 1 1 23 `虎皮腰帶` `` 11105
16422 0 1 1 1 1 1 1 1 1 1 1 1 23 `舊式虎皮腰帶` `` 11105
16449 0 1 1 1 1 1 1 1 1 1 1 1 20 `古老的鹿皮護腰` `` 11105
16426 1 1 1 1 1 1 1 1 1 1 1 1 26 `鹿皮腰甲` `` 11105
16450 1 1 1 1 1 1 1 1 1 1 1 1 20 `鹿皮護腰` `` 11105
16448 2 1 1 1 1 1 1 1 1 1 1 1 15 `罪惡布法羅腰帶` `` 11105
16451 2 1 1 1 1 1 1 1 1 1 1 1 20 `烈焰騎士腰帶` `` 11105
16454 2 1 1 1 1 1 1 1 1 1 1 1 25 `炎蟒腰帶` `` 11105
16455 0 1 1 1 1 1 1 1 1 1 1 1 30 `破舊的鹿皮腰甲` `` 11105
16456 1 1 1 1 1 1 1 1 1 1 1 1 30 `鹿皮腰甲` `` 11105
16457 2 1 1 1 1 1 1 1 1 1 1 1 30 `天帷巨獸的皮腰帶` `` 11105
16460 0 1 1 1 1 1 1 1 1 1 1 1 40 `古老的狼皮護腰` `` 11105
16461 1 1 1 1 1 1 1 1 1 1 1 1 40 `狼皮護腰` `` 11105
16468 2 1 1 1 1 1 1 1 1 1 1 1 35 `暗襲腰帶` `` 11105
16469 2 1 1 1 1 1 1 1 1 1 1 1 35 `聚冥腰帶` `` 11105
16470 2 1 1 1 1 1 1 1 1 1 1 1 20 `赤星腰帶` `` 11105
16471 2 1 1 1 1 1 1 1 1 1 1 1 35 `翼影腰帶` `` 11105
16472 2 1 1 1 1 1 1 1 1 1 1 1 40 `傲凰腰帶` `` 11105
16473 2 1 1 1 1 1 1 1 1 1 1 1 40 `噬龍腰帶` `` 11105
16474 2 1 1 1 1 1 1 1 1 1 1 1 40 `暴風雨神腰帶` `` 11105
16478 4 1 1 1 1 1 1 1 1 1 1 1 40 `傳承 : 戰爭女神的狼皮腰帶` `` 11105
16486 2 1 1 1 1 1 1 1 1 1 1 1 35 `暗黑城 : 赤龍皮甲腰帶` `` 11105
16484 2 1 1 1 1 1 1 1 1 1 1 1 30 `天帷巨獸 : 精靈的夜麟皮甲腰帶` `` 11105
16483 2 1 1 1 1 1 1 1 1 1 1 1 25 `天帷巨獸 : 斬影皮甲腰帶` `` 11105
16482 2 1 1 1 1 1 1 1 1 1 1 1 25 `天帷巨獸 : 赤龍皮甲腰帶` `` 11105
16485 2 1 1 1 1 1 1 1 1 1 1 1 30 `天帷巨獸 : 精靈的天襲皮甲腰帶` `` 11105
16487 2 1 1 1 1 1 1 1 1 1 1 1 35 `暗黑城 : 斬影皮甲腰帶` `` 11105
16493 2 1 1 1 1 1 1 1 1 1 1 1 40 `燃燒魔女的南瓜腰帶` `` 11105
16489 2 1 1 1 1 1 1 1 1 1 1 1 40 `暗黑城 : 精靈的天襲皮甲腰帶` `` 11105
16488 2 1 1 1 1 1 1 1 1 1 1 1 40 `暗黑城 : 精靈的夜麟皮甲腰帶` `` 11105
16504 2 1 1 1 1 1 1 1 1 1 1 1 35 `卡諾凡恩皮腰帶` `` 11105
16505 2 1 1 1 1 1 1 1 1 1 1 1 40 `斯匹奧皮腰帶` `` 11105
16494 2 1 1 1 1 1 1 1 1 1 1 1 35 `恐懼女巫的羊皮腰帶` `` 11105
16848 0 1 1 1 1 1 1 1 1 1 1 1 20 `腐蝕的魚骨腰帶` `` 11205
16853 2 1 1 1 1 1 1 1 1 1 1 1 25 `玄武岩腰帶` `` 11205
16854 0 1 1 1 1 1 1 1 1 1 1 1 30 `殘破的虎骨腰帶` `` 11205
16849 1 1 1 1 1 1 1 1 1 1 1 1 20 `魚骨腰帶` `` 11205
16850 2 1 1 1 1 1 1 1 1 1 1 1 20 `大地祝福腰帶` `` 11205
16855 1 1 1 1 1 1 1 1 1 1 1 1 30 `虎骨腰帶` `` 11205
16859 0 1 1 1 1 1 1 1 1 1 1 1 40 `古老的石陶腰帶` `` 11205
16860 1 1 1 1 1 1 1 1 1 1 1 1 40 `石陶腰帶` `` 11205
16856 2 1 1 1 1 1 1 1 1 1 1 1 30 `遠古冰銀腰帶` `` 11205
16867 2 1 1 1 1 1 1 1 1 1 1 1 35 `瑪爾的天權腰帶` `` 11205
16868 2 1 1 1 1 1 1 1 1 1 1 1 35 `紫金守護腰帶` `` 11205
16869 2 1 1 1 1 1 1 1 1 1 1 1 35 `幽靈結晶腰帶` `` 11205
16871 2 1 1 1 1 1 1 1 1 1 1 1 40 `黃金戰士腰帶` `` 11205
16870 2 1 1 1 1 1 1 1 1 1 1 1 40 `蠱藤腰帶` `` 11205
16883 2 1 1 1 1 1 1 1 1 1 1 1 35 `破魔腰帶` `` 11205
16885 2 1 1 1 1 1 1 1 1 1 1 1 25 `天帷巨獸 : 戾龍輕甲腰帶` `` 11205
16872 2 1 1 1 1 1 1 1 1 1 1 1 40 `蛟紋腰帶` `` 11205
16886 2 1 1 1 1 1 1 1 1 1 1 1 25 `天帷巨獸 : 斬影輕甲腰帶` `` 11205
16882 2 1 1 1 1 1 1 1 1 1 1 1 25 `獅鷲腰帶` `` 11205
16887 2 1 1 1 1 1 1 1 1 1 1 1 30 `天帷巨獸 : 精靈的奔雷輕甲腰帶` `` 11205
16888 2 1 1 1 1 1 1 1 1 1 1 1 30 `天帷巨獸 : 精靈的天襲輕甲腰帶` `` 11205
16876 4 1 1 1 1 1 1 1 1 1 1 1 40 `傳承 : 戰爭女神的黑陶腰帶` `` 11205
16889 2 1 1 1 1 1 1 1 1 1 1 1 35 `暗黑城 : 戾龍輕甲腰帶` `` 11205
16890 2 1 1 1 1 1 1 1 1 1 1 1 35 `暗黑城 : 斬影輕甲腰帶` `` 11205
16891 2 1 1 1 1 1 1 1 1 1 1 1 40 `暗黑城 : 精靈的奔雷輕甲腰帶` `` 11205
16905 2 1 1 1 1 1 1 1 1 1 1 1 40 `哈勒斯腰帶` `` 11205
16892 2 1 1 1 1 1 1 1 1 1 1 1 40 `暗黑城 : 精靈的天襲輕甲腰帶` `` 11205
16904 2 1 1 1 1 1 1 1 1 1 1 1 35 `拉馬斯腰帶` `` 11205
17248 0 1 1 1 1 1 1 1 1 1 1 1 20 `生鏽的精鐵腰帶` `` 11305
17249 1 1 1 1 1 1 1 1 1 1 1 1 20 `精鐵腰帶` `` 11305
17254 0 1 1 1 1 1 1 1 1 1 1 1 30 `磨損的玄鋼腰帶` `` 11305
17253 2 1 1 1 1 1 1 1 1 1 1 1 25 `閃靈腰帶` `` 11305
17250 2 1 1 1 1 1 1 1 1 1 1 1 20 `碧玉腰帶` `` 11305
17259 0 1 1 1 1 1 1 1 1 1 1 1 40 `殘破的鉑金腰帶` `` 11305
17260 1 1 1 1 1 1 1 1 1 1 1 1 40 `鉑金腰帶` `` 11305
17255 1 1 1 1 1 1 1 1 1 1 1 1 30 `玄鋼腰帶` `` 11305
17256 2 1 1 1 1 1 1 1 1 1 1 1 30 `龍鳴腰帶` `` 11305
17267 2 1 1 1 1 1 1 1 1 1 1 1 35 `血嘯腰帶` `` 11305
17268 2 1 1 1 1 1 1 1 1 1 1 1 35 `赤霞腰帶` `` 11305
17269 2 1 1 1 1 1 1 1 1 1 1 1 35 `鱗岩腰帶` `` 11305
17270 2 1 1 1 1 1 1 1 1 1 1 1 40 `紫金腰帶` `` 11305
17271 2 1 1 1 1 1 1 1 1 1 1 1 40 `藍水晶腰帶` `` 11305
17272 2 1 1 1 1 1 1 1 1 1 1 1 40 `EL-XM25腰帶` `` 11305
17282 2 1 1 1 1 1 1 1 1 1 1 1 35 `黎明七星腰帶` `` 11405
17276 4 1 1 1 1 1 1 1 1 1 1 1 40 `傳承 : 戰爭女神的墨鋼腰帶` `` 11305
17281 2 1 1 1 1 1 1 1 1 1 1 1 25 `正義守護腰帶` `` 11405
17284 2 1 1 1 1 1 1 1 1 1 1 1 25 `天帷巨獸 : 戾龍重甲腰帶` `` 11305
17285 2 1 1 1 1 1 1 1 1 1 1 1 25 `天帷巨獸 : 斬影重甲腰帶` `` 11305
17286 2 1 1 1 1 1 1 1 1 1 1 1 30 `天帷巨獸 : 精靈的銀刃重甲腰帶` `` 11305
17287 2 1 1 1 1 1 1 1 1 1 1 1 30 `天帷巨獸 : 精靈的蒼蟒重甲腰帶` `` 11305
17288 2 1 1 1 1 1 1 1 1 1 1 1 35 `暗黑城 : 戾龍重甲腰帶` `` 11305
17291 2 1 1 1 1 1 1 1 1 1 1 1 40 `暗黑城 : 精靈的蒼蟒重甲腰帶` `` 11305
17289 2 1 1 1 1 1 1 1 1 1 1 1 35 `暗黑城 : 斬影重甲腰帶` `` 11305
17290 2 1 1 1 1 1 1 1 1 1 1 1 40 `暗黑城 : 精靈的銀刃重甲腰帶` `` 11305
17603 1 1 1 1 1 1 1 1 1 1 1 1 20 `堅固的鋼鐵腰帶` `` 11405
17635 2 1 1 1 1 1 1 1 1 1 1 1 30 `黑玉護魂腰帶` `` 11405
17638 0 1 1 1 1 1 1 1 1 1 1 1 40 `損坏的鐵合金腰帶` `` 11405
17633 0 1 1 1 1 1 1 1 1 1 1 1 30 `生鏽的生鐵腰帶` `` 11405
17634 1 1 1 1 1 1 1 1 1 1 1 1 30 `生鐵腰帶` `` 11405
17632 2 1 1 1 1 1 1 1 1 1 1 1 25 `超合金虎嘯腰帶` `` 11405
17639 1 1 1 1 1 1 1 1 1 1 1 1 40 `鐵合金腰帶` `` 11405
17629 2 1 1 1 1 1 1 1 1 1 1 1 20 `藍色日冕腰帶` `` 11405
17649 4 1 1 1 1 1 1 1 1 1 1 1 40 `傳承 : 戰爭女神的鈦鋼護腰` `` 11405
17653 2 1 1 1 1 1 1 1 1 1 1 1 25 `卡露亞的希望 - 圣日腰帶` `` 11405
17647 2 1 1 1 1 1 1 1 1 1 1 1 40 `幻影死神腰帶` `` 11405
17646 2 1 1 1 1 1 1 1 1 1 1 1 35 `寂靜靈魂腰帶` `` 11405
17656 2 1 1 1 1 1 1 1 1 1 1 1 25 `天帷巨獸 : 赤龍板甲腰帶` `` 11405
17654 2 1 1 1 1 1 1 1 1 1 1 1 35 `純白之甲 - 諧音腰帶` `` 11405
17657 2 1 1 1 1 1 1 1 1 1 1 1 30 `天帷巨獸 : 精靈的碎魄板甲腰帶` `` 11405
17658 2 1 1 1 1 1 1 1 1 1 1 1 35 `暗黑城 : 地夕板甲腰帶` `` 11405
17659 2 1 1 1 1 1 1 1 1 1 1 1 40 `暗黑城 : 精靈的碎魄板甲腰帶` `` 11405
18050 0 1 1 1 1 1 1 1 1 1 1 1 20 `古老的羊毛涼鞋` `` 11005
18051 1 1 1 1 1 1 1 1 1 1 1 1 20 `羊毛涼鞋` `` 11005
18057 0 1 1 1 1 1 1 1 1 1 1 1 30 `破舊的羊絨長靴` `` 11005
18062 0 1 1 1 1 1 1 1 1 1 1 1 40 `古老的絲絨短靴` `` 11005
18058 1 1 1 1 1 1 1 1 1 1 1 1 30 `羊絨長靴` `` 11005
18053 3 1 1 1 1 1 1 1 1 1 1 1 20 `雕翎短靴` `` 11005
18063 1 1 1 1 1 1 1 1 1 1 1 1 40 `絲絨短靴` `` 11005
18087 4 1 1 1 1 1 1 1 1 1 1 1 20 `傳承 : 守夜女神的羊毛短靴` `` 11005
18088 4 1 1 1 1 1 1 1 1 1 1 1 25 `傳承 : 神圣的守夜女神羊毛短靴` `` 11005
18089 4 1 1 1 1 1 1 1 1 1 1 1 30 `傳承 : 生命女神的綾羅短靴` `` 11005
18090 4 1 1 1 1 1 1 1 1 1 1 1 35 `傳承 : 神圣的生命女神綾羅短靴` `` 11005
18113 0 1 1 1 1 1 1 1 1 1 1 1 1 `賽麗亞的愛心短靴` `` 11005
18091 4 1 1 1 1 1 1 1 1 1 1 1 40 `傳承 : 戰爭女神的薄紗短靴` `` 11005
18400 0 1 1 1 1 1 1 1 1 1 1 1 1 `殘破的牛皮拖鞋` `` 11104
18450 0 1 1 1 1 1 1 1 1 1 1 1 20 `古老的鹿皮涼鞋` `` 11104
18402 0 1 1 1 1 1 1 1 1 1 1 1 5 `破舊的牛皮拖鞋` `` 11104
18456 0 1 1 1 1 1 1 1 1 1 1 1 30 `破舊的鹿皮短靴` `` 11104
18461 0 1 1 1 1 1 1 1 1 1 1 1 40 `古老的狼皮拖鞋` `` 11104
18451 1 1 1 1 1 1 1 1 1 1 1 1 20 `鹿皮涼鞋` `` 11104
18457 1 1 1 1 1 1 1 1 1 1 1 1 30 `鹿皮短靴` `` 11104
18462 1 1 1 1 1 1 1 1 1 1 1 1 40 `狼皮涼鞋` `` 11104
18479 4 1 1 1 1 1 1 1 1 1 1 1 20 `傳承 : 守夜女神的蟒皮長靴` `` 11104
18480 4 1 1 1 1 1 1 1 1 1 1 1 25 `傳承 : 神圣的守夜女神蟒皮長靴` `` 11104
18481 4 1 1 1 1 1 1 1 1 1 1 1 30 `傳承 : 生命女神的狼皮長靴` `` 11104
18482 4 1 1 1 1 1 1 1 1 1 1 1 35 `傳承 : 神圣的生命女神狼皮長靴` `` 11104
18483 4 1 1 1 1 1 1 1 1 1 1 1 40 `傳承 : 戰爭女神的狼皮長靴` `` 11104
18849 0 1 1 1 1 1 1 1 1 1 1 1 20 `腐蝕的魚骨短靴` `` 11204
18855 0 1 1 1 1 1 1 1 1 1 1 1 30 `殘破的虎骨短靴` `` 11204
18861 1 1 1 1 1 1 1 1 1 1 1 1 40 `石陶短靴` `` 11204
18850 1 1 1 1 1 1 1 1 1 1 1 1 20 `魚骨短靴` `` 11204
18856 1 1 1 1 1 1 1 1 1 1 1 1 30 `虎骨短靴` `` 11204
18860 0 1 1 1 1 1 1 1 1 1 1 1 40 `古老的石陶短靴` `` 11204
18877 4 1 1 1 1 1 1 1 1 1 1 1 20 `傳承 : 守夜女神的獸骨長靴` `` 11204
18879 4 1 1 1 1 1 1 1 1 1 1 1 30 `傳承 : 生命女神的軟陶長靴` `` 11204
18878 4 1 1 1 1 1 1 1 1 1 1 1 25 `傳承 : 神圣的守夜女神獸骨長靴` `` 11204
18880 4 1 1 1 1 1 1 1 1 1 1 1 35 `傳承 : 神圣的生命女神軟陶長靴` `` 11204
18881 4 1 1 1 1 1 1 1 1 1 1 1 40 `傳承 : 戰爭女神的黑陶長靴` `` 11204
19260 0 1 1 1 1 1 1 1 1 1 1 1 40 `殘破的鉑金長靴` `` 11304
19261 1 1 1 1 1 1 1 1 1 1 1 1 40 `鉑金長靴` `` 11304
19279 4 1 1 1 1 1 1 1 1 1 1 1 30 `傳承 : 生命女神的鉑金長靴` `` 11304
19255 0 1 1 1 1 1 1 1 1 1 1 1 30 `磨損的玄鋼長靴` `` 11304
19278 4 1 1 1 1 1 1 1 1 1 1 1 25 `傳承 : 神圣的守夜女神星紋長靴` `` 11304
19256 1 1 1 1 1 1 1 1 1 1 1 1 30 `玄鋼長靴` `` 11304
19277 4 1 1 1 1 1 1 1 1 1 1 1 20 `傳承 : 守夜女神的星紋長靴` `` 11304
19249 0 1 1 1 1 1 1 1 1 1 1 1 20 `生鏽的精鐵長靴` `` 11304
19250 1 1 1 1 1 1 1 1 1 1 1 1 20 `精鐵長靴` `` 11304
19280 4 1 1 1 1 1 1 1 1 1 1 1 35 `傳承 : 神圣的生命女神鉑金長靴` `` 11304
19281 4 1 1 1 1 1 1 1 1 1 1 1 40 `傳承 : 戰爭女神的墨鋼長靴` `` 11304
19639 1 1 1 1 1 1 1 1 1 1 1 1 40 `鐵合金短靴` `` 11404
19634 1 1 1 1 1 1 1 1 1 1 1 1 30 `生鐵長靴` `` 11404
19638 0 1 1 1 1 1 1 1 1 1 1 1 40 `損坏的鐵合金短靴` `` 11404
19633 0 1 1 1 1 1 1 1 1 1 1 1 30 `生鏽的生鐵胄靴` `` 11404
19603 1 1 1 1 1 1 1 1 1 1 1 1 20 `堅固的鋼鐵短靴` `` 11404
19649 4 1 1 1 1 1 1 1 1 1 1 1 20 `傳承 : 守夜女神的玄鋼長靴` `` 11404
19651 4 1 1 1 1 1 1 1 1 1 1 1 30 `傳承 : 生命女神的鈦合金長靴` `` 11404
19650 4 1 1 1 1 1 1 1 1 1 1 1 25 `傳承 : 神圣的守夜女神玄鋼長靴` `` 11404
19652 4 1 1 1 1 1 1 1 1 1 1 1 35 `傳承 : 神圣的生命女神鈦合金長靴` `` 11404
19653 4 1 1 1 1 1 1 1 1 1 1 1 40 `傳承 : 戰爭女神的鈦鋼長靴` `` 11404
20061 0 1 1 1 1 1 1 1 1 1 1 1 20 `磨損的鍍銀項鏈` `` 12001
20054 3 1 1 1 1 1 1 1 1 1 1 1 10 `古古萊恩 - 閃耀` `` 12001
20062 1 1 1 1 1 1 1 1 1 1 1 1 20 `鍍銀項鏈` `` 12001
20069 1 1 1 1 1 1 1 1 1 1 1 1 30 `白金項鏈` `` 12001
20068 0 1 1 1 1 1 1 1 1 1 1 1 30 `磨損的金項鏈` `` 12001
20064 3 1 1 1 1 1 1 1 1 1 1 1 20 `圣靈戰士項墜` `` 12001
20076 0 1 1 1 1 1 1 1 1 1 1 1 40 `古老的天青石項墜` `` 12001
20075 2 1 1 1 1 1 1 1 1 1 1 1 35 `玄冰碧玉項墜` `` 12001
20077 1 1 1 1 1 1 1 1 1 1 1 1 40 `天青石項墜` `` 12001
20071 3 1 1 1 1 1 1 1 1 1 1 1 30 `神鬼戰士項墜` `` 12001
20079 2 1 1 1 1 1 1 1 1 1 1 1 40 `貝爾瑪爾之星` `` 12001
20081 3 1 1 1 1 1 1 1 1 1 1 1 40 `瑪尼神獸項墜` `` 12001
20080 3 1 1 1 1 1 1 1 1 1 1 1 40 `赤道碎星花結` `` 12001
20099 4 1 1 1 1 1 1 1 1 1 1 1 30 `傳承 : 神圣的极光精靈項墜` `` 12001
20097 4 1 1 1 1 1 1 1 1 1 1 1 20 `傳承 : 神圣的玄冰精靈項墜` `` 12001
20098 4 1 1 1 1 1 1 1 1 1 1 1 25 `傳承 : 极光精靈項墜` `` 12001
20095 4 1 1 1 1 1 1 1 1 1 1 1 10 `傳承 : 神圣的狂暴精靈項鏈` `` 12001
20096 4 1 1 1 1 1 1 1 1 1 1 1 15 `傳承 : 玄冰精靈項墜` `` 12001
20094 4 1 1 1 1 1 1 1 1 1 1 1 5 `傳承 : 狂暴精靈項鏈` `` 12001
20100 4 1 1 1 1 1 1 1 1 1 1 1 35 `傳承 : 靈魂審判者項墜` `` 12001
20102 4 1 1 1 1 1 1 1 1 1 1 1 45 `傳承 : 斗魔命運胸墜` `` 12001
20101 4 1 1 1 1 1 1 1 1 1 1 1 40 `傳承 : 神圣的靈魂審判者項墜` `` 12001
22066 0 1 1 1 1 1 1 1 1 1 1 1 30 `殘破的鍍金手鐲` `` 12003
22067 1 1 1 1 1 1 1 1 1 1 1 1 30 `鍍金手鐲` `` 12003
22062 3 1 1 1 1 1 1 1 1 1 1 1 20 `常春藤手鐲` `` 12003
22059 0 1 1 1 1 1 1 1 1 1 1 1 20 `玻璃手鐲` `` 12003
22060 1 1 1 1 1 1 1 1 1 1 1 1 20 `耐熱玻璃手鐲` `` 12003
22069 3 1 1 1 1 1 1 1 1 1 1 1 30 `卡羅蛇眼` `` 12003
22051 3 1 1 1 1 1 1 1 1 1 1 1 10 `希泊之處女作 - 美麗` `` 12003
22073 2 1 1 1 1 1 1 1 1 1 1 1 35 `勿忘草手鐲` `` 12003
22074 0 1 1 1 1 1 1 1 1 1 1 1 40 `破舊的首領手鐲` `` 12003
22075 1 1 1 1 1 1 1 1 1 1 1 1 40 `首領手鐲` `` 12003
22077 2 1 1 1 1 1 1 1 1 1 1 1 40 `玫瑰藤手鐲` `` 12003
22078 3 1 1 1 1 1 1 1 1 1 1 1 40 `殺戮守護之鐲` `` 12003
22093 4 1 1 1 1 1 1 1 1 1 1 1 5 `傳承 : 狂暴精靈護腕` `` 12003
22094 4 1 1 1 1 1 1 1 1 1 1 1 10 `傳承 : 神圣的狂暴精靈護腕` `` 12003
22095 4 1 1 1 1 1 1 1 1 1 1 1 15 `傳承 : 玄冰精靈手鐲` `` 12003
22079 3 1 1 1 1 1 1 1 1 1 1 1 40 `摩恩之珠 - 等活地獄` `` 12003
22096 4 1 1 1 1 1 1 1 1 1 1 1 20 `傳承 : 神圣的玄冰精靈手鐲` `` 12003
22098 4 1 1 1 1 1 1 1 1 1 1 1 30 `傳承 : 神圣的极光精靈護腕` `` 12003
22097 4 1 1 1 1 1 1 1 1 1 1 1 25 `傳承 : 极光精靈護腕` `` 12003
22099 4 1 1 1 1 1 1 1 1 1 1 1 35 `傳承 : 靈魂審判者之鐲` `` 12003
22100 4 1 1 1 1 1 1 1 1 1 1 1 40 `傳承 : 神圣的靈魂審判者之鐲` `` 12003
22101 4 1 1 1 1 1 1 1 1 1 1 1 45 `傳承 : 斗魔命運手鏈` `` 12003
24051 0 1 1 1 1 1 1 1 1 1 1 1 10 `鑽石戒指` `` 12002
24061 0 1 1 1 1 1 1 1 1 1 1 1 20 `碎裂的鋼鐵戒指` `` 12002
24053 3 1 1 1 1 1 1 1 1 1 1 1 10 `精靈之歌` `` 12002
24062 1 1 1 1 1 1 1 1 1 1 1 1 20 `鋼鐵戒指` `` 12002
24069 1 1 1 1 1 1 1 1 1 1 1 1 30 `鍍金戒指` `` 12002
24068 0 1 1 1 1 1 1 1 1 1 1 1 30 `殘破的鍍金戒指` `` 12002
24064 3 1 1 1 1 1 1 1 1 1 1 1 20 `拉羅的迷失之戒` `` 12002
24076 0 1 1 1 1 1 1 1 1 1 1 1 40 `古老的紫水晶戒指` `` 12002
24077 1 1 1 1 1 1 1 1 1 1 1 1 40 `紫水晶戒指` `` 12002
24071 3 1 1 1 1 1 1 1 1 1 1 1 30 `靈犀之心` `` 12002
24075 2 1 1 1 1 1 1 1 1 1 1 1 35 `藍月之戒` `` 12002
24079 2 1 1 1 1 1 1 1 1 1 1 1 40 `賢者之戒` `` 12002
24080 3 1 1 1 1 1 1 1 1 1 1 1 40 `蘇拉托之眼` `` 12002
24095 4 1 1 1 1 1 1 1 1 1 1 1 5 `傳承 : 狂暴精靈之戒` `` 12002
24096 4 1 1 1 1 1 1 1 1 1 1 1 10 `傳承 : 神圣的狂暴精靈之戒` `` 12002
24097 4 1 1 1 1 1 1 1 1 1 1 1 15 `傳承 : 玄冰精靈之戒` `` 12002
24101 4 1 1 1 1 1 1 1 1 1 1 1 35 `傳承 : 靈魂審判者之戒` `` 12002
24098 4 1 1 1 1 1 1 1 1 1 1 1 20 `傳承 : 神圣的玄冰精靈之戒` `` 12002
24100 4 1 1 1 1 1 1 1 1 1 1 1 30 `傳承 : 神圣的极光精靈之戒` `` 12002
24099 4 1 1 1 1 1 1 1 1 1 1 1 25 `傳承 : 极光精靈之戒` `` 12002
24103 4 1 1 1 1 1 1 1 1 1 1 1 45 `傳承 : 斗魔命運之戒` `` 12002
24102 4 1 1 1 1 1 1 1 1 1 1 1 40 `傳承 : 神圣的靈魂審判者之戒` `` 12002
24151 2 1 1 1 1 1 1 1 1 1 1 1 1 `五月婚戒` `` 12002
26063 2 1 1 1 1 1 1 1 1 1 1 1 1 `草原之幻想  (雄獅)` `` 12004
26061 2 1 1 1 1 1 1 1 1 1 1 1 1 `草原之幻想  (長頸鹿)` `` 12004
26059 2 1 1 1 1 1 1 1 1 1 1 1 1 `草原之幻想  (棕熊)` `` 12004
26060 2 1 1 1 1 1 1 1 1 1 1 1 1 `草原之幻想  (狐貍)` `` 12004
26062 2 1 1 1 1 1 1 1 1 1 1 1 1 `草原之幻想  (灰貓)` `` 12004
26075 0 1 1 1 1 1 1 1 1 1 1 1 1 `DNF Toonies (1天)` `` 12004
26076 2 1 1 1 1 1 1 1 1 1 1 1 1 `DNF Toonies (3天)` `` 12004
26080 2 1 1 1 1 1 1 1 1 1 1 1 1 `海之勇者 (鯊魚)` `` 12004
26083 2 1 1 1 1 1 1 1 1 1 1 1 1 `海之勇者 (章魚)` `` 12004
26081 2 1 1 1 1 1 1 1 1 1 1 1 1 `海之勇者 (熱帶魚)` `` 12004
26082 2 1 1 1 1 1 1 1 1 1 1 1 1 `海之勇者 (海馬)` `` 12004
26087 2 1 1 1 1 1 1 1 1 1 1 1 1 `金牛賜福 (G.S.D)` `` 12004
26084 2 1 1 1 1 1 1 1 1 1 1 1 1 `海之勇者 (海龜)` `` 12004
26089 2 1 1 1 1 1 1 1 1 1 1 1 1 `金牛賜福 (凱麗)` `` 12004
26088 2 1 1 1 1 1 1 1 1 1 1 1 1 `金牛賜福 (風振)` `` 12004
26090 2 1 1 1 1 1 1 1 1 1 1 1 1 `金牛賜福 (莎蘭)` `` 12004
26091 2 1 1 1 1 1 1 1 1 1 1 1 1 `金牛賜福 (歌蘭蒂斯)` `` 12004
26111 2 1 1 1 1 1 1 1 1 1 1 1 1 `恭喜發財2008 (魔法師)` `` 12004
26109 2 1 1 1 1 1 1 1 1 1 1 1 1 `恭喜發財2008 (格斗家)` `` 12004
26110 2 1 1 1 1 1 1 1 1 1 1 1 1 `恭喜發財2008 (神槍手)` `` 12004
26112 2 1 1 1 1 1 1 1 1 1 1 1 1 `恭喜發財2008 (圣職者)` `` 12004
26108 2 1 1 1 1 1 1 1 1 1 1 1 1 `恭喜發財2008 (鬼劍士)` `` 12004
26127 2 1 1 1 1 1 1 1 1 1 1 1 1 `神秘王國的人偶劇 (狼)` `` 12004
26129 2 1 1 1 1 1 1 1 1 1 1 1 1 `神秘王國的人偶劇 (諾亞星)` `` 12004
26128 2 1 1 1 1 1 1 1 1 1 1 1 1 `神秘王國的人偶劇 (魔女)` `` 12004
26130 2 1 1 1 1 1 1 1 1 1 1 1 1 `神秘王國的人偶劇 (妖精)` `` 12004
26131 2 1 1 1 1 1 1 1 1 1 1 1 1 `神秘王國的人偶劇 (黑貓)` `` 12004
26176 2 1 1 1 1 1 1 1 1 1 1 1 1 `name_26176` `` 12004
26177 2 1 1 1 1 1 1 1 1 1 1 1 1 `name_26177` `` 12004
26179 2 1 1 1 1 1 1 1 1 1 1 1 1 `name_26179` `` 12004
26178 2 1 1 1 1 1 1 1 1 1 1 1 1 `name_26178` `` 12004
26168 2 1 1 1 1 1 1 1 1 1 1 1 1 `name_26168` `` 12004
26189 2 1 1 1 1 1 1 1 1 1 1 1 1 `name_26189` `` 12004
26190 2 1 1 1 1 1 1 1 1 1 1 1 1 `name_26190` `` 12004
26191 2 1 1 1 1 1 1 1 1 1 1 1 1 `name_26191` `` 12004
26188 2 1 1 1 1 1 1 1 1 1 1 1 1 `name_26188` `` 12004
26195 2 1 1 1 1 1 1 1 1 1 1 1 1 `name_26195` `` 12004
26192 2 1 1 1 1 1 1 1 1 1 1 1 1 `name_26192` `` 12004
26194 2 1 1 1 1 1 1 1 1 1 1 1 1 `name_26194` `` 12004
26187 2 1 1 1 1 1 1 1 1 1 1 1 1 `name_26187` `` 12004
26193 2 1 1 1 1 1 1 1 1 1 1 1 1 `name_26193` `` 12004
26196 2 1 1 1 1 1 1 1 1 1 1 1 1 `name_26196` `` 12004
26227 2 1 1 1 1 1 1 1 1 1 1 1 1 `name_26227` `` 12004
26225 2 1 1 1 1 1 1 1 1 1 1 1 1 `name_26225` `` 12004
26226 2 1 1 1 1 1 1 1 1 1 1 1 1 `name_26226` `` 12004
26230 2 1 1 1 1 1 1 1 1 1 1 1 1 `name_26230` `` 12004
26228 2 1 1 1 1 1 1 1 1 1 1 1 1 `name_26228` `` 12004
26229 2 1 1 1 1 1 1 1 1 1 1 1 1 `name_26229` `` 12004
26233 2 1 1 1 1 1 1 1 1 1 1 1 1 `name_26233` `` 12004
26234 2 1 1 1 1 1 1 1 1 1 1 1 1 `name_26234` `` 12004
26232 2 1 1 1 1 1 1 1 1 1 1 1 1 `name_26232` `` 12004
26231 2 1 1 1 1 1 1 1 1 1 1 1 1 `name_26231` `` 12004
26244 2 1 1 1 1 1 1 1 1 1 1 1 1 `魔力精靈的意志` `` 12004
26251 2 1 1 1 1 1 1 1 1 1 1 1 1 `name_26251` `` 12004
26252 2 1 1 1 1 1 1 1 1 1 1 1 1 `name_26252` `` 12004
26243 2 1 1 1 1 1 1 1 1 1 1 1 1 `生命之神的榮耀` `` 12004
26246 2 1 1 1 1 1 1 1 1 1 1 1 1 `name_26246` `` 12004
26253 2 1 1 1 1 1 1 1 1 1 1 1 1 `name_26253` `` 12004
26254 2 1 1 1 1 1 1 1 1 1 1 1 1 `name_26254` `` 12004
26255 2 1 1 1 1 1 1 1 1 1 1 1 1 `name_26255` `` 12004
26247 2 1 1 1 1 1 1 1 1 1 1 1 1 `name_26247` `` 12004
26256 2 1 1 1 1 1 1 1 1 1 1 1 1 `name_26256` `` 12004
26257 2 1 1 1 1 1 1 1 1 1 1 1 1 `name_26257` `` 12004
26259 2 1 1 1 1 1 1 1 1 1 1 1 1 `name_26259` `` 12004
26258 2 1 1 1 1 1 1 1 1 1 1 1 1 `name_26258` `` 12004
26262 2 1 1 1 1 1 1 1 1 1 1 1 1 `name_26262` `` 12004
26260 2 1 1 1 1 1 1 1 1 1 1 1 1 `name_26260` `` 12004
26261 2 1 1 1 1 1 1 1 1 1 1 1 1 `name_26261` `` 12004
26268 2 1 1 1 1 1 1 1 1 1 1 1 1 `name_26268` `` 12004
26267 2 1 1 1 1 1 1 1 1 1 1 1 1 `name_26267` `` 12004
26269 2 1 1 1 1 1 1 1 1 1 1 1 1 `name_26269` `` 12004
26270 2 1 1 1 1 1 1 1 1 1 1 1 1 `name_26270` `` 12004
26271 2 1 1 1 1 1 1 1 1 1 1 1 1 `name_26271` `` 12004
26272 2 1 1 1 1 1 1 1 1 1 1 1 1 `name_26272` `` 12004
26273 2 1 1 1 1 1 1 1 1 1 1 1 1 `name_26273` `` 12004
26264 2 1 1 1 1 1 1 1 1 1 1 1 1 `name_26264` `` 12004
26266 2 1 1 1 1 1 1 1 1 1 1 1 1 `name_26266` `` 12004
26263 2 1 1 1 1 1 1 1 1 1 1 1 1 `name_26263` `` 12004
26274 2 1 1 1 1 1 1 1 1 1 1 1 1 `name_26274` `` 12004
26265 2 1 1 1 1 1 1 1 1 1 1 1 1 `name_26265` `` 12004
26275 2 1 1 1 1 1 1 1 1 1 1 1 1 `name_26275` `` 12004
26281 2 1 1 1 1 1 1 1 1 1 1 1 1 `name_26281` `` 12004
26279 2 1 1 1 1 1 1 1 1 1 1 1 1 `name_26279` `` 12004
26280 2 1 1 1 1 1 1 1 1 1 1 1 1 `name_26280` `` 12004
26278 2 1 1 1 1 1 1 1 1 1 1 1 1 `name_26278` `` 12004
26277 2 1 1 1 1 1 1 1 1 1 1 1 1 `name_26277` `` 12004
26276 2 1 1 1 1 1 1 1 1 1 1 1 1 `name_26276` `` 12004
26282 2 1 1 1 1 1 1 1 1 1 1 1 1 `name_26282` `` 12004
26285 2 1 1 1 1 1 1 1 1 1 1 1 1 `name_26285` `` 12004
26286 2 1 1 1 1 1 1 1 1 1 1 1 1 `name_26286` `` 12004
26284 2 1 1 1 1 1 1 1 1 1 1 1 1 `name_26284` `` 12004
26283 2 1 1 1 1 1 1 1 1 1 1 1 1 `name_26283` `` 12004
26287 2 1 1 1 1 1 1 1 1 1 1 1 1 `name_26287` `` 12004
26289 2 1 1 1 1 1 1 1 1 1 1 1 1 `name_26289` `` 12004
26290 2 1 1 1 1 1 1 1 1 1 1 1 1 `name_26290` `` 12004
26291 2 1 1 1 1 1 1 1 1 1 1 1 1 `name_26291` `` 12004
26292 2 1 1 1 1 1 1 1 1 1 1 1 1 `name_26292` `` 12004
26288 2 1 1 1 1 1 1 1 1 1 1 1 1 `name_26288` `` 12004
26293 2 1 1 1 1 1 1 1 1 1 1 1 1 `name_26293` `` 12004
26294 2 1 1 1 1 1 1 1 1 1 1 1 1 `name_26294` `` 12004
26295 2 1 1 1 1 1 1 1 1 1 1 1 1 `name_26295` `` 12004
26296 2 1 1 1 1 1 1 1 1 1 1 1 1 `name_26296` `` 12004
26297 2 1 1 1 1 1 1 1 1 1 1 1 1 `name_26297` `` 12004
26298 2 1 1 1 1 1 1 1 1 1 1 1 1 `name_26298` `` 12004
26299 2 1 1 1 1 1 1 1 1 1 1 1 1 `name_26299` `` 12004
26300 2 1 1 1 1 1 1 1 1 1 1 1 1 `name_26300` `` 12004
26301 2 1 1 1 1 1 1 1 1 1 1 1 1 `name_26301` `` 12004
26303 2 1 1 1 1 1 1 1 1 1 1 1 1 `name_26303` `` 12004
26304 2 1 1 1 1 1 1 1 1 1 1 1 1 `name_26304` `` 12004
26302 2 1 1 1 1 1 1 1 1 1 1 1 1 `name_26302` `` 12004
26305 2 1 1 1 1 1 1 1 1 1 1 1 1 `name_26305` `` 12004
26306 2 1 1 1 1 1 1 1 1 1 1 1 1 `name_26306` `` 12004
26307 2 1 1 1 1 1 1 1 1 1 1 1 1 `name_26307` `` 12004
26308 2 1 1 1 1 1 1 1 1 1 1 1 1 `name_26308` `` 12004
26312 2 1 1 1 1 1 1 1 1 1 1 1 1 `name_26312` `` 12004
26311 2 1 1 1 1 1 1 1 1 1 1 1 1 `name_26311` `` 12004
26313 2 1 1 1 1 1 1 1 1 1 1 1 1 `name_26313` `` 12004
26315 2 1 1 1 1 1 1 1 1 1 1 1 1 `name_26315` `` 12004
26316 2 1 1 1 1 1 1 1 1 1 1 1 1 `name_26316` `` 12004
26314 2 1 1 1 1 1 1 1 1 1 1 1 1 `name_26314` `` 12004
26309 2 1 1 1 1 1 1 1 1 1 1 1 1 `name_26309` `` 12004
26317 2 1 1 1 1 1 1 1 1 1 1 1 1 `name_26317` `` 12004
26310 2 1 1 1 1 1 1 1 1 1 1 1 1 `name_26310` `` 12004
26318 2 1 1 1 1 1 1 1 1 1 1 1 1 `name_26318` `` 12004
26319 2 1 1 1 1 1 1 1 1 1 1 1 1 `name_26319` `` 12004
26320 2 1 1 1 1 1 1 1 1 1 1 1 1 `name_26320` `` 12004
26321 2 1 1 1 1 1 1 1 1 1 1 1 1 `name_26321` `` 12004
26322 2 1 1 1 1 1 1 1 1 1 1 1 1 `name_26322` `` 12004
26323 2 1 1 1 1 1 1 1 1 1 1 1 1 `name_26323` `` 12004
26327 2 1 1 1 1 1 1 1 1 1 1 1 1 `name_26327` `` 12004
26324 2 1 1 1 1 1 1 1 1 1 1 1 1 `name_26324` `` 12004
26325 2 1 1 1 1 1 1 1 1 1 1 1 1 `name_26325` `` 12004
26326 2 1 1 1 1 1 1 1 1 1 1 1 1 `name_26326` `` 12004
26328 2 1 1 1 1 1 1 1 1 1 1 1 1 `name_26328` `` 12004
26329 2 1 1 1 1 1 1 1 1 1 1 1 1 `name_26329` `` 12004
26330 2 1 1 1 1 1 1 1 1 1 1 1 1 `name_26330` `` 12004
26331 2 1 1 1 1 1 1 1 1 1 1 1 1 `name_26331` `` 12004
26332 2 1 1 1 1 1 1 1 1 1 1 1 1 `name_26332` `` 12004
26335 2 1 1 1 1 1 1 1 1 1 1 1 1 `name_26335` `` 12004
26333 2 1 1 1 1 1 1 1 1 1 1 1 1 `name_26333` `` 12004
26334 2 1 1 1 1 1 1 1 1 1 1 1 1 `name_26334` `` 12004
26336 2 1 1 1 1 1 1 1 1 1 1 1 1 `name_26336` `` 12004
26337 2 1 1 1 1 1 1 1 1 1 1 1 1 `name_26337` `` 12004
26338 2 1 1 1 1 1 1 1 1 1 1 1 1 `name_26338` `` 12004
26348 2 1 1 1 1 1 1 1 1 1 1 1 1 `name_26348` `` 12004
26357 2 1 1 1 1 1 1 1 1 1 1 1 1 `name_26357` `` 12004
26356 2 1 1 1 1 1 1 1 1 1 1 1 1 `name_26356` `` 12004
26359 2 1 1 1 1 1 1 1 1 1 1 1 1 `name_26359` `` 12004
26358 2 1 1 1 1 1 1 1 1 1 1 1 1 `name_26358` `` 12004
26360 2 1 1 1 1 1 1 1 1 1 1 1 1 `name_26360` `` 12004
26361 2 1 1 1 1 1 1 1 1 1 1 1 1 `name_26361` `` 12004
26362 2 1 1 1 1 1 1 1 1 1 1 1 1 `name_26362` `` 12004
26363 2 1 1 1 1 1 1 1 1 1 1 1 1 `name_26363` `` 12004
26365 2 1 1 1 1 1 1 1 1 1 1 1 1 `name_26365` `` 12004
26364 2 1 1 1 1 1 1 1 1 1 1 1 1 `name_26364` `` 12004
26366 2 1 1 1 1 1 1 1 1 1 1 1 1 `name_26366` `` 12004
26367 2 1 1 1 1 1 1 1 1 1 1 1 1 `name_26367` `` 12004
26374 2 1 1 1 1 1 1 1 1 1 1 1 1 `name_26374` `` 12004
26375 2 1 1 1 1 1 1 1 1 1 1 1 1 `name_26375` `` 12004
26378 2 1 1 1 1 1 1 1 1 1 1 1 1 `name_26378` `` 12004
26376 2 1 1 1 1 1 1 1 1 1 1 1 1 `name_26376` `` 12004
26380 2 1 1 1 1 1 1 1 1 1 1 1 1 `name_26380` `` 12004
26379 2 1 1 1 1 1 1 1 1 1 1 1 1 `name_26379` `` 12004
26377 2 1 1 1 1 1 1 1 1 1 1 1 1 `name_26377` `` 12004
26372 2 1 1 1 1 1 1 1 1 1 1 1 1 `name_26372` `` 12004
26382 2 1 1 1 1 1 1 1 1 1 1 1 1 `name_26382` `` 12004
26381 2 1 1 1 1 1 1 1 1 1 1 1 1 `name_26381` `` 12004
26373 2 1 1 1 1 1 1 1 1 1 1 1 1 `name_26373` `` 12004
26383 2 1 1 1 1 1 1 1 1 1 1 1 1 `name_26383` `` 12004
26384 2 1 1 1 1 1 1 1 1 1 1 1 1 `name_26384` `` 12004
26385 2 1 1 1 1 1 1 1 1 1 1 1 1 `name_26385` `` 12004
26386 2 1 1 1 1 1 1 1 1 1 1 1 1 `name_26386` `` 12004
26388 2 1 1 1 1 1 1 1 1 1 1 1 1 `name_26388` `` 12004
26387 2 1 1 1 1 1 1 1 1 1 1 1 1 `name_26387` `` 12004
26389 2 1 1 1 1 1 1 1 1 1 1 1 1 `name_26389` `` 12004
26396 2 1 1 1 1 1 1 1 1 1 1 1 1 `name_26396` `` 12004
26397 2 1 1 1 1 1 1 1 1 1 1 1 1 `name_26397` `` 12004
26402 2 1 1 1 1 1 1 1 1 1 1 1 1 `name_26402` `` 12004
26401 2 1 1 1 1 1 1 1 1 1 1 1 1 `name_26401` `` 12004
26400 2 1 1 1 1 1 1 1 1 1 1 1 1 `name_26400` `` 12004
26404 2 1 1 1 1 1 1 1 1 1 1 1 1 `name_26404` `` 12004
26399 2 1 1 1 1 1 1 1 1 1 1 1 1 `name_26399` `` 12004
26398 2 1 1 1 1 1 1 1 1 1 1 1 1 `name_26398` `` 12004
26405 2 1 1 1 1 1 1 1 1 1 1 1 1 `name_26405` `` 12004
26406 2 1 1 1 1 1 1 1 1 1 1 1 1 `name_26406` `` 12004
26403 2 1 1 1 1 1 1 1 1 1 1 1 1 `name_26403` `` 12004
26407 2 1 1 1 1 1 1 1 1 1 1 1 1 `name_26407` `` 12004
26408 2 1 1 1 1 1 1 1 1 1 1 1 1 `name_26408` `` 12004
26410 2 1 1 1 1 1 1 1 1 1 1 1 1 `name_26410` `` 12004
26409 2 1 1 1 1 1 1 1 1 1 1 1 1 `name_26409` `` 12004
26412 2 1 1 1 1 1 1 1 1 1 1 1 1 `name_26412` `` 12004
26416 2 1 1 1 1 1 1 1 1 1 1 1 1 `name_26416` `` 12004
26417 2 1 1 1 1 1 1 1 1 1 1 1 1 `name_26417` `` 12004
26415 2 1 1 1 1 1 1 1 1 1 1 1 1 `name_26415` `` 12004
26411 2 1 1 1 1 1 1 1 1 1 1 1 1 `name_26411` `` 12004
26414 2 1 1 1 1 1 1 1 1 1 1 1 1 `name_26414` `` 12004
26413 2 1 1 1 1 1 1 1 1 1 1 1 1 `name_26413` `` 12004
26420 2 1 1 1 1 1 1 1 1 1 1 1 1 `name_26420` `` 12004
26421 2 1 1 1 1 1 1 1 1 1 1 1 1 `name_26421` `` 12004
26419 2 1 1 1 1 1 1 1 1 1 1 1 1 `name_26419` `` 12004
26422 2 1 1 1 1 1 1 1 1 1 1 1 1 `name_26422` `` 12004
26418 2 1 1 1 1 1 1 1 1 1 1 1 1 `name_26418` `` 12004
26423 2 1 1 1 1 1 1 1 1 1 1 1 1 `name_26423` `` 12004
26427 2 1 1 1 1 1 1 1 1 1 1 1 1 `name_26427` `` 12004
26426 2 1 1 1 1 1 1 1 1 1 1 1 1 `name_26426` `` 12004
26428 2 1 1 1 1 1 1 1 1 1 1 1 1 `name_26428` `` 12004
26425 2 1 1 1 1 1 1 1 1 1 1 1 1 `name_26425` `` 12004
26424 2 1 1 1 1 1 1 1 1 1 1 1 1 `name_26424` `` 12004
26430 2 1 1 1 1 1 1 1 1 1 1 1 1 `name_26430` `` 12004
26429 2 1 1 1 1 1 1 1 1 1 1 1 1 `name_26429` `` 12004
26431 2 1 1 1 1 1 1 1 1 1 1 1 1 `name_26431` `` 12004
26432 2 1 1 1 1 1 1 1 1 1 1 1 1 `name_26432` `` 12004
26433 2 1 1 1 1 1 1 1 1 1 1 1 1 `name_26433` `` 12004
26434 2 1 1 1 1 1 1 1 1 1 1 1 1 `name_26434` `` 12004
26435 2 1 1 1 1 1 1 1 1 1 1 1 1 `name_26435` `` 12004
26436 2 1 1 1 1 1 1 1 1 1 1 1 1 `name_26436` `` 12004
26438 2 1 1 1 1 1 1 1 1 1 1 1 1 `name_26438` `` 12004
26437 2 1 1 1 1 1 1 1 1 1 1 1 1 `name_26437` `` 12004
26439 2 1 1 1 1 1 1 1 1 1 1 1 1 `name_26439` `` 12004
26440 2 1 1 1 1 1 1 1 1 1 1 1 1 `name_26440` `` 12004
26442 2 1 1 1 1 1 1 1 1 1 1 1 1 `name_26442` `` 12004
26441 2 1 1 1 1 1 1 1 1 1 1 1 1 `name_26441` `` 12004
26443 2 1 1 1 1 1 1 1 1 1 1 1 1 `name_26443` `` 12004
26444 2 1 1 1 1 1 1 1 1 1 1 1 1 `name_26444` `` 12004
26445 2 1 1 1 1 1 1 1 1 1 1 1 1 `name_26445` `` 12004
26446 2 1 1 1 1 1 1 1 1 1 1 1 1 `name_26446` `` 12004
26447 2 1 1 1 1 1 1 1 1 1 1 1 1 `name_26447` `` 12004
26449 2 1 1 1 1 1 1 1 1 1 1 1 1 `name_26449` `` 12004
26448 2 1 1 1 1 1 1 1 1 1 1 1 1 `name_26448` `` 12004
26450 2 1 1 1 1 1 1 1 1 1 1 1 1 `name_26450` `` 12004
26451 2 1 1 1 1 1 1 1 1 1 1 1 1 `name_26451` `` 12004
26452 2 1 1 1 1 1 1 1 1 1 1 1 1 `name_26452` `` 12004
26453 2 1 1 1 1 1 1 1 1 1 1 1 1 `name_26453` `` 12004
26455 2 1 1 1 1 1 1 1 1 1 1 1 1 `name_26455` `` 12004
26454 2 1 1 1 1 1 1 1 1 1 1 1 1 `name_26454` `` 12004
26456 2 1 1 1 1 1 1 1 1 1 1 1 1 `name_26456` `` 12004
26457 2 1 1 1 1 1 1 1 1 1 1 1 1 `name_26457` `` 12004
26458 2 1 1 1 1 1 1 1 1 1 1 1 1 `name_26458` `` 12004
26459 2 1 1 1 1 1 1 1 1 1 1 1 1 `name_26459` `` 12004
26460 2 1 1 1 1 1 1 1 1 1 1 1 1 `name_26460` `` 12004
26461 2 1 1 1 1 1 1 1 1 1 1 1 1 `name_26461` `` 12004
26462 2 1 1 1 1 1 1 1 1 1 1 1 1 `name_26462` `` 12004
26463 2 1 1 1 1 1 1 1 1 1 1 1 1 `name_26463` `` 12004
26464 2 1 1 1 1 1 1 1 1 1 1 1 1 `name_26464` `` 12004
26467 2 1 1 1 1 1 1 1 1 1 1 1 1 `name_26467` `` 12004
26466 2 1 1 1 1 1 1 1 1 1 1 1 1 `name_26466` `` 12004
26465 2 1 1 1 1 1 1 1 1 1 1 1 1 `name_26465` `` 12004
26468 2 1 1 1 1 1 1 1 1 1 1 1 1 `name_26468` `` 12004
26469 2 1 1 1 1 1 1 1 1 1 1 1 1 `name_26469` `` 12004
26470 2 1 1 1 1 1 1 1 1 1 1 1 1 `name_26470` `` 12004
26471 2 1 1 1 1 1 1 1 1 1 1 1 1 `name_26471` `` 12004
26473 2 1 1 1 1 1 1 1 1 1 1 1 1 `name_26473` `` 12004
26472 2 1 1 1 1 1 1 1 1 1 1 1 1 `name_26472` `` 12004
26474 2 1 1 1 1 1 1 1 1 1 1 1 1 `name_26474` `` 12004
26475 2 1 1 1 1 1 1 1 1 1 1 1 1 `name_26475` `` 12004
26476 2 1 1 1 1 1 1 1 1 1 1 1 1 `name_26476` `` 12004
26477 2 1 1 1 1 1 1 1 1 1 1 1 1 `name_26477` `` 12004
26478 2 1 1 1 1 1 1 1 1 1 1 1 1 `name_26478` `` 12004
26479 2 1 1 1 1 1 1 1 1 1 1 1 1 `name_26479` `` 12004
26480 2 1 1 1 1 1 1 1 1 1 1 1 1 `name_26480` `` 12004
26481 2 1 1 1 1 1 1 1 1 1 1 1 1 `name_26481` `` 12004
26482 2 1 1 1 1 1 1 1 1 1 1 1 1 `name_26482` `` 12004
26485 2 1 1 1 1 1 1 1 1 1 1 1 1 `name_26485` `` 12004
26484 2 1 1 1 1 1 1 1 1 1 1 1 1 `name_26484` `` 12004
26483 2 1 1 1 1 1 1 1 1 1 1 1 1 `name_26483` `` 12004
26486 2 1 1 1 1 1 1 1 1 1 1 1 1 `name_26486` `` 12004
26487 2 1 1 1 1 1 1 1 1 1 1 1 1 `name_26487` `` 12004
26488 2 1 1 1 1 1 1 1 1 1 1 1 1 `name_26488` `` 12004
26491 2 1 1 1 1 1 1 1 1 1 1 1 1 `name_26491` `` 12004
26490 2 1 1 1 1 1 1 1 1 1 1 1 1 `name_26490` `` 12004
26489 2 1 1 1 1 1 1 1 1 1 1 1 1 `name_26489` `` 12004
26493 2 1 1 1 1 1 1 1 1 1 1 1 1 `name_26493` `` 12004
26492 2 1 1 1 1 1 1 1 1 1 1 1 1 `name_26492` `` 12004
26502 2 1 1 1 1 1 1 1 1 1 1 1 1 `name_26502` `` 12004
26501 2 1 1 1 1 1 1 1 1 1 1 1 1 `name_26501` `` 12004
26505 2 1 1 1 1 1 1 1 1 1 1 1 1 `name_26505` `` 12004
26506 2 1 1 1 1 1 1 1 1 1 1 1 1 `name_26506` `` 12004
26507 2 1 1 1 1 1 1 1 1 1 1 1 1 `name_26507` `` 12004
26508 2 1 1 1 1 1 1 1 1 1 1 1 1 `name_26508` `` 12004
26509 2 1 1 1 1 1 1 1 1 1 1 1 1 `name_26509` `` 12004
26512 2 1 1 1 1 1 1 1 1 1 1 1 1 `name_26512` `` 12004
26513 2 1 1 1 1 1 1 1 1 1 1 1 1 `name_26513` `` 12004
26510 2 1 1 1 1 1 1 1 1 1 1 1 1 `name_26510` `` 12004
26511 2 1 1 1 1 1 1 1 1 1 1 1 1 `name_26511` `` 12004
26514 2 1 1 1 1 1 1 1 1 1 1 1 1 `name_26514` `` 12004
26515 2 1 1 1 1 1 1 1 1 1 1 1 1 `name_26515` `` 12004
26516 2 1 1 1 1 1 1 1 1 1 1 1 1 `name_26516` `` 12004
26528 2 1 1 1 1 1 1 1 1 1 1 1 1 `name_26528` `` 12004
26529 2 1 1 1 1 1 1 1 1 1 1 1 1 `name_26529` `` 12004
26530 2 1 1 1 1 1 1 1 1 1 1 1 1 `name_26530` `` 12004
26531 2 1 1 1 1 1 1 1 1 1 1 1 1 `name_26531` `` 12004
26534 2 1 1 1 1 1 1 1 1 1 1 1 1 `name_26534` `` 12004
26535 2 1 1 1 1 1 1 1 1 1 1 1 1 `name_26535` `` 12004
26532 2 1 1 1 1 1 1 1 1 1 1 1 1 `name_26532` `` 12004
26533 2 1 1 1 1 1 1 1 1 1 1 1 1 `name_26533` `` 12004
26721 2 1 1 1 1 1 1 1 1 1 1 1 1 `name_26721` `` 12004
26719 2 1 1 1 1 1 1 1 1 1 1 1 1 `name_26719` `` 12004
26725 2 1 1 1 1 1 1 1 1 1 1 1 1 `name_26725` `` 12004
26720 2 1 1 1 1 1 1 1 1 1 1 1 1 `name_26720` `` 12004
26726 2 1 1 1 1 1 1 1 1 1 1 1 1 `name_26726` `` 12004
26727 2 1 1 1 1 1 1 1 1 1 1 1 1 `name_26727` `` 12004
26724 2 1 1 1 1 1 1 1 1 1 1 1 1 `name_26724` `` 12004
26723 2 1 1 1 1 1 1 1 1 1 1 1 1 `name_26723` `` 12004
26728 2 1 1 1 1 1 1 1 1 1 1 1 1 `name_26728` `` 12004
26722 2 1 1 1 1 1 1 1 1 1 1 1 1 `name_26722` `` 12004
26729 2 1 1 1 1 1 1 1 1 1 1 1 1 `name_26729` `` 12004
26738 2 1 1 1 1 1 1 1 1 1 1 1 1 `name_26738` `` 12004
26731 2 1 1 1 1 1 1 1 1 1 1 1 1 `name_26731` `` 12004
26741 2 1 1 1 1 1 1 1 1 1 1 1 1 `name_26741` `` 12004
26742 2 1 1 1 1 1 1 1 1 1 1 1 1 `name_26742` `` 12004
26733 2 1 1 1 1 1 1 1 1 1 1 1 1 `name_26733` `` 12004
26739 2 1 1 1 1 1 1 1 1 1 1 1 1 `name_26739` `` 12004
26734 2 1 1 1 1 1 1 1 1 1 1 1 1 `name_26734` `` 12004
26740 2 1 1 1 1 1 1 1 1 1 1 1 1 `name_26740` `` 12004
26730 2 1 1 1 1 1 1 1 1 1 1 1 1 `name_26730` `` 12004
26743 2 1 1 1 1 1 1 1 1 1 1 1 1 `name_26743` `` 12004
26732 2 1 1 1 1 1 1 1 1 1 1 1 1 `name_26732` `` 12004
26746 2 1 1 1 1 1 1 1 1 1 1 1 1 `name_26746` `` 12004
26747 2 1 1 1 1 1 1 1 1 1 1 1 1 `name_26747` `` 12004
26744 2 1 1 1 1 1 1 1 1 1 1 1 1 `name_26744` `` 12004
26745 2 1 1 1 1 1 1 1 1 1 1 1 1 `name_26745` `` 12004
26753 2 1 1 1 1 1 1 1 1 1 1 1 1 `name_26753` `` 12004
26752 2 1 1 1 1 1 1 1 1 1 1 1 1 `name_26752` `` 12004
26748 2 1 1 1 1 1 1 1 1 1 1 1 1 `name_26748` `` 12004
26754 2 1 1 1 1 1 1 1 1 1 1 1 1 `name_26754` `` 12004
26749 2 1 1 1 1 1 1 1 1 1 1 1 1 `name_26749` `` 12004
26751 2 1 1 1 1 1 1 1 1 1 1 1 1 `name_26751` `` 12004
26756 2 1 1 1 1 1 1 1 1 1 1 1 1 `name_26756` `` 12004
26750 2 1 1 1 1 1 1 1 1 1 1 1 1 `name_26750` `` 12004
26759 2 1 1 1 1 1 1 1 1 1 1 1 1 `name_26759` `` 12004
26755 2 1 1 1 1 1 1 1 1 1 1 1 1 `name_26755` `` 12004
26757 2 1 1 1 1 1 1 1 1 1 1 1 1 `name_26757` `` 12004
26758 2 1 1 1 1 1 1 1 1 1 1 1 1 `name_26758` `` 12004
26760 2 1 1 1 1 1 1 1 1 1 1 1 1 `name_26760` `` 12004
26761 2 1 1 1 1 1 1 1 1 1 1 1 1 `name_26761` `` 12004
26762 2 1 1 1 1 1 1 1 1 1 1 1 1 `name_26762` `` 12004
26763 2 1 1 1 1 1 1 1 1 1 1 1 1 `name_26763` `` 12004
26764 2 1 1 1 1 1 1 1 1 1 1 1 1 `name_26764` `` 12004
26765 2 1 1 1 1 1 1 1 1 1 1 1 1 `name_26765` `` 12004
26766 2 1 1 1 1 1 1 1 1 1 1 1 1 `name_26766` `` 12004
26767 2 1 1 1 1 1 1 1 1 1 1 1 1 `name_26767` `` 12004
26768 2 1 1 1 1 1 1 1 1 1 1 1 1 `name_26768` `` 12004
26769 2 1 1 1 1 1 1 1 1 1 1 1 1 `name_26769` `` 12004
26770 2 1 1 1 1 1 1 1 1 1 1 1 1 `name_26770` `` 12004
26771 2 1 1 1 1 1 1 1 1 1 1 1 1 `name_26771` `` 12004
26772 2 1 1 1 1 1 1 1 1 1 1 1 1 `name_26772` `` 12004
26773 2 1 1 1 1 1 1 1 1 1 1 1 1 `name_26773` `` 12004
26776 2 1 1 1 1 1 1 1 1 1 1 1 1 `name_26776` `` 12004
26777 2 1 1 1 1 1 1 1 1 1 1 1 1 `name_26777` `` 12004
26780 2 1 1 1 1 1 1 1 1 1 1 1 1 `name_26780` `` 12004
26781 2 1 1 1 1 1 1 1 1 1 1 1 1 `name_26781` `` 12004
26774 2 1 1 1 1 1 1 1 1 1 1 1 1 `name_26774` `` 12004
26782 2 1 1 1 1 1 1 1 1 1 1 1 1 `name_26782` `` 12004
26778 2 1 1 1 1 1 1 1 1 1 1 1 1 `name_26778` `` 12004
26775 2 1 1 1 1 1 1 1 1 1 1 1 1 `name_26775` `` 12004
26779 2 1 1 1 1 1 1 1 1 1 1 1 1 `name_26779` `` 12004
26783 2 1 1 1 1 1 1 1 1 1 1 1 1 `name_26783` `` 12004
26784 2 1 1 1 1 1 1 1 1 1 1 1 1 `name_26784` `` 12004
26785 2 1 1 1 1 1 1 1 1 1 1 1 1 `name_26785` `` 12004
26802 2 1 1 1 1 1 1 1 1 1 1 1 1 `name_26802` `` 12004
26804 2 1 1 1 1 1 1 1 1 1 1 1 1 `name_26804` `` 12004
26803 2 1 1 1 1 1 1 1 1 1 1 1 1 `name_26803` `` 12004
26801 2 1 1 1 1 1 1 1 1 1 1 1 1 `name_26801` `` 12004
26809 2 1 1 1 1 1 1 1 1 1 1 1 1 `惡魔契約` `` 12004
26807 2 1 1 1 1 1 1 1 1 1 1 1 1 `天使的守護` `` 12004
29051 0 1 1 1 1 1 1 1 1 1 1 1 20 `破舊的蚕絲手套` `` 10202
29059 1 1 1 1 1 1 1 1 1 1 1 1 30 `亞麻手套` `` 10202
29058 0 1 1 1 1 1 1 1 1 1 1 1 30 `破舊的亞麻手套` `` 10202
29052 1 1 1 1 1 1 1 1 1 1 1 1 20 `蚕絲手套` `` 10202
29061 3 1 1 1 1 1 1 1 1 1 1 1 30 `天贖手套` `` 10202
29066 0 1 1 1 1 1 1 1 1 1 1 1 40 `破舊的紗絨手套` `` 10202
29054 3 1 1 1 1 1 1 1 1 1 1 1 20 `王族藍芒` `` 10202
29053 2 1 1 1 1 1 1 1 1 1 1 1 20 `十夫長的手套` `` 10202
29067 1 1 1 1 1 1 1 1 1 1 1 1 40 `紗絨手套` `` 10202
29064 2 1 1 1 1 1 1 1 1 1 1 1 35 `角斗士手套` `` 10202
26808 2 1 1 1 1 1 1 1 1 1 1 1 1 `天使的祝福` `` 12004
29082 3 1 1 1 1 1 1 1 1 1 1 1 40 `達人之獨裁者指虎` `` 10202
29069 2 1 1 1 1 1 1 1 1 1 1 1 40 `閃靈手套` `` 10202
29077 2 1 1 1 1 1 1 1 1 1 1 1 45 `蜘蛛指虎` `` 10202
29084 4 1 1 1 1 1 1 1 1 1 1 1 10 `傳承 : 神秘的銀湖水仙之手套` `` 10202
29085 4 1 1 1 1 1 1 1 1 1 1 1 15 `傳承 : 水魔碧靈之鐵指虎` `` 10202
29086 4 1 1 1 1 1 1 1 1 1 1 1 20 `傳承 : 神秘的水魔碧靈之鐵指虎` `` 10202
29083 4 1 1 1 1 1 1 1 1 1 1 1 5 `傳承 : 銀湖水仙之手套` `` 10202
29070 3 1 1 1 1 1 1 1 1 1 1 1 40 `游蕩惡魔` `` 10202
29071 3 1 1 1 1 1 1 1 1 1 1 1 40 `獨裁者指虎` `` 10202
29087 4 1 1 1 1 1 1 1 1 1 1 1 25 `傳承 : 雪魂冰魄之碎骨手套` `` 10202
29088 4 1 1 1 1 1 1 1 1 1 1 1 30 `傳承 : 熾焰天使之碎骨手套` `` 10202
29089 4 1 1 1 1 1 1 1 1 1 1 1 35 `傳承 : 复魂天使之鎖甲手套` `` 10202
29090 4 1 1 1 1 1 1 1 1 1 1 1 40 `傳承 : 劫風精靈之紗絨手套` `` 10202
29091 4 1 1 1 1 1 1 1 1 1 1 1 45 `傳承 : 冥火精靈之紫銅手套` `` 10202
39358 0 1 1 1 1 1 1 1 1 1 1 1 30 `粗糙的机械臂鎧` `` 10203
39352 2 1 1 1 1 1 1 1 1 1 1 1 20 `酒魂臂鎧` `` 10203
39350 0 1 1 1 1 1 1 1 1 1 1 1 20 `破舊的鋸齒臂鎧` `` 10203
39359 1 1 1 1 1 1 1 1 1 1 1 1 30 `机械臂鎧` `` 10203
39351 1 1 1 1 1 1 1 1 1 1 1 1 20 `鋸齒臂鎧` `` 10203
39361 3 1 1 1 1 1 1 1 1 1 1 1 30 `天界机械臂鎧` `` 10203
39366 0 1 1 1 1 1 1 1 1 1 1 1 40 `舊式合金臂鎧` `` 10203
39367 1 1 1 1 1 1 1 1 1 1 1 1 40 `合金臂鎧` `` 10203
39353 3 1 1 1 1 1 1 1 1 1 1 1 20 `金絲蟒` `` 10203
39368 2 1 1 1 1 1 1 1 1 1 1 1 40 `雷電臂鎧` `` 10203
39365 2 1 1 1 1 1 1 1 1 1 1 1 35 `圣光斗士臂鎧` `` 10203
39377 2 1 1 1 1 1 1 1 1 1 1 1 45 `驅逐者臂鎧` `` 10203
39382 3 1 1 1 1 1 1 1 1 1 1 1 40 `卡露亞的深入教導 - 辟天` `` 10203
39370 3 1 1 1 1 1 1 1 1 1 1 1 40 `卡露亞的教導 - 辟天` `` 10203
39371 3 1 1 1 1 1 1 1 1 1 1 1 40 `爆炎臂鎧` `` 10203
39383 4 1 1 1 1 1 1 1 1 1 1 1 5 `傳承 : 銀湖水仙之臂鎧` `` 10203
39386 4 1 1 1 1 1 1 1 1 1 1 1 20 `傳承 : 神秘的水魔碧靈之臂鎧` `` 10203
39387 4 1 1 1 1 1 1 1 1 1 1 1 25 `傳承 : 懲罰天使之臂鎧` `` 10203
39385 4 1 1 1 1 1 1 1 1 1 1 1 15 `傳承 : 水魔碧靈之臂鎧` `` 10203
39388 4 1 1 1 1 1 1 1 1 1 1 1 30 `傳承 : 熾焰天使之机械臂鎧` `` 10203
39389 4 1 1 1 1 1 1 1 1 1 1 1 35 `傳承 : 劫風精靈之机械臂鎧` `` 10203
39384 4 1 1 1 1 1 1 1 1 1 1 1 10 `傳承 : 神秘的銀湖水仙之臂鎧` `` 10203
39390 4 1 1 1 1 1 1 1 1 1 1 1 40 `傳承 : 圣洁天使之合金臂鎧` `` 10203
39391 4 1 1 1 1 1 1 1 1 1 1 1 45 `傳承 : 暗影精靈之強力臂鎧` `` 10203
29655 0 1 1 1 1 1 1 1 1 1 1 1 30 `粗糙的玄鐵爪` `` 10204
29656 1 1 1 1 1 1 1 1 1 1 1 1 30 `玄鐵爪` `` 10204
29649 1 1 1 1 1 1 1 1 1 1 1 1 20 `碧玉爪` `` 10204
29658 3 1 1 1 1 1 1 1 1 1 1 1 30 `黑寡婦` `` 10204
29648 0 1 1 1 1 1 1 1 1 1 1 1 20 `褪色的碧玉爪` `` 10204
29650 2 1 1 1 1 1 1 1 1 1 1 1 20 `凱諾的骨爪` `` 10204
29651 3 1 1 1 1 1 1 1 1 1 1 1 20 `血影爪` `` 10204
29663 0 1 1 1 1 1 1 1 1 1 1 1 40 `古老的合金爪` `` 10204
29664 1 1 1 1 1 1 1 1 1 1 1 1 40 `合金爪` `` 10204
29662 2 1 1 1 1 1 1 1 1 1 1 1 35 `克洛庫的利爪` `` 10204
29665 2 1 1 1 1 1 1 1 1 1 1 1 40 `血玫瑰之刺` `` 10204
29668 3 1 1 1 1 1 1 1 1 1 1 1 40 `御靈之爪` `` 10204
29667 3 1 1 1 1 1 1 1 1 1 1 1 40 `卡露亞的教導 - 奇襲` `` 10204
29679 3 1 1 1 1 1 1 1 1 1 1 1 40 `卡露亞的深入教導 - 奇襲` `` 10204
29674 2 1 1 1 1 1 1 1 1 1 1 1 45 `縛咒之爪` `` 10204
29680 4 1 1 1 1 1 1 1 1 1 1 1 5 `傳承 : 銀湖水仙之骨爪` `` 10204
29681 4 1 1 1 1 1 1 1 1 1 1 1 10 `傳承 : 神秘的銀湖水仙之骨爪` `` 10204
29682 4 1 1 1 1 1 1 1 1 1 1 1 15 `傳承 : 水魔碧靈之鐵皮爪` `` 10204
29684 4 1 1 1 1 1 1 1 1 1 1 1 25 `傳承 : 熾焰天使之碧玉爪` `` 10204
29683 4 1 1 1 1 1 1 1 1 1 1 1 20 `傳承 : 神秘的水魔碧靈之鐵皮爪` `` 10204
29685 4 1 1 1 1 1 1 1 1 1 1 1 30 `傳承 : 懲罰天使之野人骨爪` `` 10204
29686 4 1 1 1 1 1 1 1 1 1 1 1 35 `傳承 : 救贖天使之玄鐵爪` `` 10204
29687 4 1 1 1 1 1 1 1 1 1 1 1 40 `傳承 : 迷蹤天使之獵人爪` `` 10204
29688 4 1 1 1 1 1 1 1 1 1 1 1 45 `傳承 : 玄月精靈之合金爪` `` 10204
29800 0 1 1 1 1 1 1 1 1 1 1 1 10 `阿努比斯之爪` `` 10204
29949 0 1 1 1 1 1 1 1 1 1 1 1 20 `破舊的鐵制東方棍` `` 10206
29950 1 1 1 1 1 1 1 1 1 1 1 1 20 `鐵制東方棍` `` 10206
29956 0 1 1 1 1 1 1 1 1 1 1 1 30 `破舊的琉璃東方棍` `` 10206
29951 2 1 1 1 1 1 1 1 1 1 1 1 20 `鶴落東方棍` `` 10206
29957 1 1 1 1 1 1 1 1 1 1 1 1 30 `琉璃東方棍` `` 10206
29952 3 1 1 1 1 1 1 1 1 1 1 1 20 `猩蟒之棍` `` 10206
29963 2 1 1 1 1 1 1 1 1 1 1 1 35 `閃雷之棍` `` 10206
29959 3 1 1 1 1 1 1 1 1 1 1 1 30 `雙龍棍` `` 10206
29964 0 1 1 1 1 1 1 1 1 1 1 1 40 `破舊的紫銅東方棍` `` 10206
29965 1 1 1 1 1 1 1 1 1 1 1 1 40 `紫銅東方棍` `` 10206
29980 3 1 1 1 1 1 1 1 1 1 1 1 40 `卡露亞的深入教導 - 冥想` `` 10206
29967 2 1 1 1 1 1 1 1 1 1 1 1 40 `炎獄鳳翼棍` `` 10206
29968 3 1 1 1 1 1 1 1 1 1 1 1 40 `卡露亞的教導 - 冥想` `` 10206
29974 2 1 1 1 1 1 1 1 1 1 1 1 45 `地獄暗炎棍` `` 10206
29969 3 1 1 1 1 1 1 1 1 1 1 1 40 `蒼天殘影棍` `` 10206
29985 4 1 1 1 1 1 1 1 1 1 1 1 25 `傳承 ﹕月影天使之東方棍` `` 10206
29983 4 1 1 1 1 1 1 1 1 1 1 1 15 `傳承 : 水魔碧靈之東方棍` `` 10206
29986 4 1 1 1 1 1 1 1 1 1 1 1 30 `傳承 ﹕雪魂冰魄之琉璃東方棍` `` 10206
29984 4 1 1 1 1 1 1 1 1 1 1 1 20 `傳承 : 神秘的水魔靈碧之東方棍` `` 10206
29982 4 1 1 1 1 1 1 1 1 1 1 1 10 `傳承 : 神秘的銀湖水仙之東方棍` `` 10206
29981 4 1 1 1 1 1 1 1 1 1 1 1 5 `傳承 : 銀湖水仙之東方棍` `` 10206
29988 4 1 1 1 1 1 1 1 1 1 1 1 40 `傳承 : 救贖天使之紫銅東方棍` `` 10206
29987 4 1 1 1 1 1 1 1 1 1 1 1 35 `傳承 : 迷蹤天使之耐熱東方棍` `` 10206
29989 4 1 1 1 1 1 1 1 1 1 1 1 45 `傳承 : 暗影精靈之釘頭東方棍` `` 10206
30225 1 1 1 1 1 1 1 1 1 1 1 1 20 `練習拳套` `` 10205
30245 2 1 1 1 1 1 1 1 1 1 1 1 40 `風影醉魔拳套` `` 10205
30232 1 1 1 1 1 1 1 1 1 1 1 1 30 `東方拳套` `` 10205
30237 2 1 1 1 1 1 1 1 1 1 1 1 35 `賢者拳套` `` 10205
30240 1 1 1 1 1 1 1 1 1 1 1 1 40 `青龍拳套` `` 10205
30234 3 1 1 1 1 1 1 1 1 1 1 1 30 `卡露亞的教導 - 碎日` `` 10205
30231 0 1 1 1 1 1 1 1 1 1 1 1 30 `破舊的東方拳套` `` 10205
30227 3 1 1 1 1 1 1 1 1 1 1 1 20 `淺藍幻像` `` 10205
30241 3 1 1 1 1 1 1 1 1 1 1 1 40 `落日鷹眼` `` 10205
30239 0 1 1 1 1 1 1 1 1 1 1 1 40 `古老的青龍拳套` `` 10205
30226 2 1 1 1 1 1 1 1 1 1 1 1 20 `紫紅夢魘拳套` `` 10205
30246 3 1 1 1 1 1 1 1 1 1 1 1 40 `金剛碎魄` `` 10205
30253 3 1 1 1 1 1 1 1 1 1 1 1 40 `達人之金剛碎魄` `` 10205
30256 4 1 1 1 1 1 1 1 1 1 1 1 25 `傳承 : 雪魂冰魄之格斗拳套` `` 10205
30257 4 1 1 1 1 1 1 1 1 1 1 1 30 `傳承 : 月影天使之東方拳套` `` 10205
30259 4 1 1 1 1 1 1 1 1 1 1 1 40 `傳承 : 幻象天使之青龍拳套` `` 10205
30255 4 1 1 1 1 1 1 1 1 1 1 1 20 `傳承 : 神秘的水魔碧靈之拳套` `` 10205
30258 4 1 1 1 1 1 1 1 1 1 1 1 35 `傳承 : 幻象天使之墨石拳套` `` 10205
30260 4 1 1 1 1 1 1 1 1 1 1 1 45 `傳承 ﹕暗影精靈之雄獅拳套` `` 10205
31065 3 1 1 1 1 1 1 1 1 1 1 1 40 `邊境浪人 - 荒火` `` 10302
31050 0 1 1 1 1 1 1 1 1 1 1 1 20 `破舊的軍用左輪槍` `` 10302
31051 1 1 1 1 1 1 1 1 1 1 1 1 20 `軍用左輪槍` `` 10302
31057 0 1 1 1 1 1 1 1 1 1 1 1 30 `老式的帝國左輪槍` `` 10302
31058 1 1 1 1 1 1 1 1 1 1 1 1 30 `帝國左輪槍` `` 10302
31066 0 1 1 1 1 1 1 1 1 1 1 1 40 `老式微型左輪` `` 10302
31053 3 1 1 1 1 1 1 1 1 1 1 1 20 `龍騎士 - 1848` `` 10302
31064 2 1 1 1 1 1 1 1 1 1 1 1 35 `柯爾特MK5 - 狂蟒` `` 10302
31060 3 1 1 1 1 1 1 1 1 1 1 1 30 `魯格爾 - 黑鷹` `` 10302
31052 2 1 1 1 1 1 1 1 1 1 1 1 20 `柯爾特 - 火蛇` `` 10302
31067 1 1 1 1 1 1 1 1 1 1 1 1 40 `微型左輪` `` 10302
31070 3 1 1 1 1 1 1 1 1 1 1 1 40 `絕殺 - M1873` `` 10302
31069 2 1 1 1 1 1 1 1 1 1 1 1 40 `柯爾特MK5 - 眼鏡蛇王` `` 10302
31076 2 1 1 1 1 1 1 1 1 1 1 1 45 `狂暴左輪槍` `` 10302
31081 3 1 1 1 1 1 1 1 1 1 1 1 40 `達人之絕殺 - M1873` `` 10302
31084 4 1 1 1 1 1 1 1 1 1 1 1 15 `傳承 : 水魔碧靈之左輪槍` `` 10302
31083 4 1 1 1 1 1 1 1 1 1 1 1 10 `傳承 : 神秘的銀湖水仙之左輪槍` `` 10302
31082 4 1 1 1 1 1 1 1 1 1 1 1 5 `傳承 : 銀湖水仙之左輪槍` `` 10302
31086 4 1 1 1 1 1 1 1 1 1 1 1 25 `傳承 : 雪魂冰魄之左輪槍` `` 10302
31085 4 1 1 1 1 1 1 1 1 1 1 1 20 `傳承 : 神秘的水魔碧靈之左輪槍` `` 10302
31087 4 1 1 1 1 1 1 1 1 1 1 1 30 `傳承 : 月影天使之左輪槍` `` 10302
31088 4 1 1 1 1 1 1 1 1 1 1 1 35 `傳承 : 幻象天使之老式左輪槍` `` 10302
31089 4 1 1 1 1 1 1 1 1 1 1 1 40 `傳承 : 劫風精靈之微型左輪` `` 10302
31090 4 1 1 1 1 1 1 1 1 1 1 1 45 `傳承 : 冥火精靈之轉輪手槍` `` 10302
31302 0 1 1 1 1 1 1 1 1 1 1 1 5 `破舊的自動裝填手槍` `` 10303
31300 0 1 1 1 1 1 1 1 1 1 1 1 1 `損坏的手槍` `` 10303
31348 0 1 1 1 1 1 1 1 1 1 1 1 20 `破舊的軍用手槍` `` 10303
31349 1 1 1 1 1 1 1 1 1 1 1 1 20 `軍用手槍` `` 10303
31350 2 1 1 1 1 1 1 1 1 1 1 1 20 `馬卡羅 - PM` `` 10303
31355 0 1 1 1 1 1 1 1 1 1 1 1 30 `磨損的新式手槍` `` 10303
31351 3 1 1 1 1 1 1 1 1 1 1 1 20 `生命掠奪者` `` 10303
31356 1 1 1 1 1 1 1 1 1 1 1 1 30 `新式手槍` `` 10303
31363 0 1 1 1 1 1 1 1 1 1 1 1 40 `老式的雷鳴手槍` `` 10303
31358 3 1 1 1 1 1 1 1 1 1 1 1 30 `絕殺 - 迫空` `` 10303
31362 2 1 1 1 1 1 1 1 1 1 1 1 35 `冰焰 - P226` `` 10303
31364 1 1 1 1 1 1 1 1 1 1 1 1 40 `雷鳴手槍` `` 10303
31366 2 1 1 1 1 1 1 1 1 1 1 1 40 `疾射 - K5` `` 10303
31367 3 1 1 1 1 1 1 1 1 1 1 1 40 `怯敵 - CK7` `` 10303
31374 2 1 1 1 1 1 1 1 1 1 1 1 45 `斯巴達斯 - 詛咒` `` 10303
31379 3 1 1 1 1 1 1 1 1 1 1 1 40 `達人之怯敵 - CK7` `` 10303
31368 3 1 1 1 1 1 1 1 1 1 1 1 40 `格洛克 - G17` `` 10303
31381 4 1 1 1 1 1 1 1 1 1 1 1 10 `傳承 : 神秘的銀湖水仙之自動手槍` `` 10303
31383 4 1 1 1 1 1 1 1 1 1 1 1 20 `傳承 : 神秘的水魔碧靈之自動手槍` `` 10303
31382 4 1 1 1 1 1 1 1 1 1 1 1 15 `傳承 : 水魔碧靈之自動手槍` `` 10303
31384 4 1 1 1 1 1 1 1 1 1 1 1 25 `傳承 : 雪魂冰魄之自動手槍` `` 10303
31380 4 1 1 1 1 1 1 1 1 1 1 1 5 `傳承 : 銀湖水仙之自動手槍` `` 10303
31385 4 1 1 1 1 1 1 1 1 1 1 1 30 `傳承 : 熾焰天使新式手槍` `` 10303
31386 4 1 1 1 1 1 1 1 1 1 1 1 35 `傳承 : 守護天使之飛翼手槍` `` 10303
31387 4 1 1 1 1 1 1 1 1 1 1 1 40 `傳承 : 黑暗天使之雷鳴手槍` `` 10303
31388 4 1 1 1 1 1 1 1 1 1 1 1 45 `傳承 : 玄月精靈之防震手槍` `` 10303
31655 1 1 1 1 1 1 1 1 1 1 1 1 30 `軍用手弩` `` 10306
31647 0 1 1 1 1 1 1 1 1 1 1 1 20 `老式的連射手弩` `` 10306
31648 1 1 1 1 1 1 1 1 1 1 1 1 20 `連射手弩` `` 10306
31654 0 1 1 1 1 1 1 1 1 1 1 1 30 `破舊的軍用手弩` `` 10306
31650 3 1 1 1 1 1 1 1 1 1 1 1 20 `蛇影戰士` `` 10306
31649 2 1 1 1 1 1 1 1 1 1 1 1 20 `天界戰弩` `` 10306
31663 1 1 1 1 1 1 1 1 1 1 1 1 40 `狩獵弩` `` 10306
31657 3 1 1 1 1 1 1 1 1 1 1 1 30 `天馬之弩` `` 10306
31662 0 1 1 1 1 1 1 1 1 1 1 1 40 `破舊的狩獵弩` `` 10306
31665 2 1 1 1 1 1 1 1 1 1 1 1 40 `銀色三角弩` `` 10306
31661 2 1 1 1 1 1 1 1 1 1 1 1 35 `紫色詛咒` `` 10306
31666 3 1 1 1 1 1 1 1 1 1 1 1 40 `威廉的告誡` `` 10306
31677 3 1 1 1 1 1 1 1 1 1 1 1 40 `達人之威廉的告誡` `` 10306
31670 2 1 1 1 1 1 1 1 1 1 1 1 45 `惊魂手弩` `` 10306
31667 3 1 1 1 1 1 1 1 1 1 1 1 40 `狩獵女神之弩` `` 10306
31678 4 1 1 1 1 1 1 1 1 1 1 1 5 `傳承 : 銀湖水仙之長弩` `` 10306
31679 4 1 1 1 1 1 1 1 1 1 1 1 10 `傳承 : 神秘的銀湖水仙之長弩` `` 10306
31682 4 1 1 1 1 1 1 1 1 1 1 1 25 `傳承 : 熾焰天使之速射手弩` `` 10306
31681 4 1 1 1 1 1 1 1 1 1 1 1 20 `傳承 : 神秘的水魔碧靈之重弩` `` 10306
31680 4 1 1 1 1 1 1 1 1 1 1 1 15 `傳承 : 水魔碧靈之重弩` `` 10306
31683 4 1 1 1 1 1 1 1 1 1 1 1 30 `傳承 : 雪魂冰魄之軍用手弩` `` 10306
31684 4 1 1 1 1 1 1 1 1 1 1 1 35 `傳承 : 救贖天使之土著手弩` `` 10306
31900 0 1 1 1 1 1 1 1 1 1 1 1 1 `損坏的燧發槍` `` 10304
31685 4 1 1 1 1 1 1 1 1 1 1 1 40 `傳承 : 智慧天使之狩獵弩` `` 10306
31686 4 1 1 1 1 1 1 1 1 1 1 1 45 `傳承 : 冥火精靈之斯卡手弩` `` 10306
31948 0 1 1 1 1 1 1 1 1 1 1 1 20 `老式小口徑步槍` `` 10304
31949 1 1 1 1 1 1 1 1 1 1 1 1 20 `小口徑步槍` `` 10304
31955 0 1 1 1 1 1 1 1 1 1 1 1 30 `破舊的先鋒步槍` `` 10304
31951 3 1 1 1 1 1 1 1 1 1 1 1 20 `裁決者` `` 10304
31950 2 1 1 1 1 1 1 1 1 1 1 1 20 `千年玄鐵步槍` `` 10304
31956 1 1 1 1 1 1 1 1 1 1 1 1 30 `先鋒步槍` `` 10304
31958 3 1 1 1 1 1 1 1 1 1 1 1 30 `靈蛇` `` 10304
31963 0 1 1 1 1 1 1 1 1 1 1 1 40 `舊式狙擊步槍` `` 10304
31964 1 1 1 1 1 1 1 1 1 1 1 1 40 `狙擊步槍` `` 10304
31968 3 1 1 1 1 1 1 1 1 1 1 1 40 `突襲夜神` `` 10304
31966 3 1 1 1 1 1 1 1 1 1 1 1 40 `天界獵殺者` `` 10304
31972 2 1 1 1 1 1 1 1 1 1 1 1 45 `虛影騎士` `` 10304
31967 3 1 1 1 1 1 1 1 1 1 1 1 40 `邪能幽靈` `` 10304
31978 3 1 1 1 1 1 1 1 1 1 1 1 40 `達人之邪能幽靈` `` 10304
31980 4 1 1 1 1 1 1 1 1 1 1 1 5 `傳承 : 銀湖水仙之燧發槍` `` 10304
31981 4 1 1 1 1 1 1 1 1 1 1 1 10 `傳承 : 神秘的銀湖水仙之燧發槍` `` 10304
31983 4 1 1 1 1 1 1 1 1 1 1 1 20 `傳承 : 神秘的水魔碧靈之小口徑步槍` `` 10304
31984 4 1 1 1 1 1 1 1 1 1 1 1 25 `傳承 : 懲罰天使之步槍` `` 10304
31985 4 1 1 1 1 1 1 1 1 1 1 1 30 `傳承 : 熾焰天使之步槍` `` 10304
31982 4 1 1 1 1 1 1 1 1 1 1 1 15 `傳承 : 水魔碧靈之小口徑步槍` `` 10304
31986 4 1 1 1 1 1 1 1 1 1 1 1 35 `傳承 : 颶風精靈之老式獵槍` `` 10304
31987 4 1 1 1 1 1 1 1 1 1 1 1 40 `傳承 : 复魂天使之狙擊步槍` `` 10304
31988 4 1 1 1 1 1 1 1 1 1 1 1 45 `傳承 : 光之精靈之軍用步槍` `` 10304
32247 0 1 1 1 1 1 1 1 1 1 1 1 20 `損坏的重火炮` `` 10305
32248 1 1 1 1 1 1 1 1 1 1 1 1 20 `重火炮` `` 10305
32254 0 1 1 1 1 1 1 1 1 1 1 1 30 `老式皇都軍用手炮` `` 10305
32255 1 1 1 1 1 1 1 1 1 1 1 1 30 `皇都軍用手炮` `` 10305
32249 2 1 1 1 1 1 1 1 1 1 1 1 20 `暗影佣兵` `` 10305
32250 3 1 1 1 1 1 1 1 1 1 1 1 20 `嚙齒N2 - AT7 ` `` 10305
32257 3 1 1 1 1 1 1 1 1 1 1 1 30 `嚙齒N3 - 棘蛇` `` 10305
32262 0 1 1 1 1 1 1 1 1 1 1 1 40 `舊式超能手炮` `` 10305
32263 1 1 1 1 1 1 1 1 1 1 1 1 40 `超能手炮` `` 10305
32260 2 1 1 1 1 1 1 1 1 1 1 1 35 `冰爆手炮` `` 10305
32265 2 1 1 1 1 1 1 1 1 1 1 1 40 `机械驅逐者` `` 10305
32267 3 1 1 1 1 1 1 1 1 1 1 1 40 `嚙齒N11 - 毒蛇` `` 10305
32272 2 1 1 1 1 1 1 1 1 1 1 1 45 `鈾彈手炮` `` 10305
32266 3 1 1 1 1 1 1 1 1 1 1 1 40 `嚙齒N7 - 虎蛇` `` 10305
32278 3 1 1 1 1 1 1 1 1 1 1 1 40 `達人之嚙齒N7 - 虎蛇` `` 10305
32279 4 1 1 1 1 1 1 1 1 1 1 1 5 `傳承 : 銀湖水仙之重手炮` `` 10305
32280 4 1 1 1 1 1 1 1 1 1 1 1 10 `傳承 : 神秘的銀湖水仙之重手炮` `` 10305
32281 4 1 1 1 1 1 1 1 1 1 1 1 15 `傳承 : 水魔碧靈之虛祖手炮` `` 10305
32282 4 1 1 1 1 1 1 1 1 1 1 1 20 `傳承 : 神秘的水魔碧靈之虛祖手炮` `` 10305
32285 4 1 1 1 1 1 1 1 1 1 1 1 35 `傳承 : 极光天使之巨型手炮` `` 10305
32284 4 1 1 1 1 1 1 1 1 1 1 1 30 `傳承 : 懲罰天使之皇都軍用手炮` `` 10305
32283 4 1 1 1 1 1 1 1 1 1 1 1 25 `傳承 : 月影天使之伊頓手炮` `` 10305
32286 4 1 1 1 1 1 1 1 1 1 1 1 40 `傳承 : 幻象天使之超能手炮` `` 10305
32287 4 1 1 1 1 1 1 1 1 1 1 1 45 `傳承 : 玄冰精靈之合金手炮` `` 10305
33010 0 1 1 1 1 1 1 1 1 1 1 1 20 `損坏的三叉戟` `` 10402
33014 0 1 1 1 1 1 1 1 1 1 1 1 30 `舊式的玄鐵三叉戟` `` 10402
33015 1 1 1 1 1 1 1 1 1 1 1 1 30 `玄鐵三叉戟` `` 10402
33018 0 1 1 1 1 1 1 1 1 1 1 1 40 `彎曲的蛇矛` `` 10402
33019 1 1 1 1 1 1 1 1 1 1 1 1 40 `蛇矛` `` 10402
33011 1 1 1 1 1 1 1 1 1 1 1 1 20 `三叉戟` `` 10402
33026 2 1 1 1 1 1 1 1 1 1 1 1 20 `騰龍長矛` `` 10402
33031 2 1 1 1 1 1 1 1 1 1 1 1 35 `魯卡斯的逐日戟` `` 10402
33027 3 1 1 1 1 1 1 1 1 1 1 1 20 `万波映月` `` 10402
33030 3 1 1 1 1 1 1 1 1 1 1 1 30 `風雷戰戟` `` 10402
33024 3 1 1 1 1 1 1 1 1 1 1 1 10 `悲鳴幽靈` `` 10402
33035 3 1 1 1 1 1 1 1 1 1 1 1 40 `卡露亞的教導 - 刺龍` `` 10402
33034 2 1 1 1 1 1 1 1 1 1 1 1 40 `海神三叉戟` `` 10402
33043 3 1 1 1 1 1 1 1 1 1 1 1 40 `達人之夜叉毒龍矛` `` 10402
33036 3 1 1 1 1 1 1 1 1 1 1 1 40 `夜叉毒龍矛` `` 10402
33045 4 1 1 1 1 1 1 1 1 1 1 1 10 `傳承 : 神秘的銀湖水仙之精鐵長矛` `` 10402
33050 4 1 1 1 1 1 1 1 1 1 1 1 35 `傳承 : 救贖天使之蛇矛` `` 10402
33049 4 1 1 1 1 1 1 1 1 1 1 1 30 `傳承 : 熾焰天使之三叉戟` `` 10402
33046 4 1 1 1 1 1 1 1 1 1 1 1 15 `傳承 : 水魔碧靈之戰矛` `` 10402
33048 4 1 1 1 1 1 1 1 1 1 1 1 25 `傳承 : 雪魂冰魄之三叉戟` `` 10402
33047 4 1 1 1 1 1 1 1 1 1 1 1 20 `傳承 : 神秘的水魔碧靈之戰矛` `` 10402
33044 4 1 1 1 1 1 1 1 1 1 1 1 5 `傳承 : 銀湖水仙之精鐵長矛` `` 10402
33051 4 1 1 1 1 1 1 1 1 1 1 1 40 `傳承 : 黑暗天使之蛇矛` `` 10402
33052 4 1 1 1 1 1 1 1 1 1 1 1 45 `傳承 : 暗影精靈之戰戟` `` 10402
33310 0 1 1 1 1 1 1 1 1 1 1 1 20 `生鏽的青銅棍` `` 10403
33314 0 1 1 1 1 1 1 1 1 1 1 1 30 `古老的銀制長棍` `` 10403
33315 1 1 1 1 1 1 1 1 1 1 1 1 30 `銀制長棍` `` 10403
33318 0 1 1 1 1 1 1 1 1 1 1 1 40 `古老的白金長棍` `` 10403
33300 0 1 1 1 1 1 1 1 1 1 1 1 1 `練習長棍` `` 10403
33311 1 1 1 1 1 1 1 1 1 1 1 1 20 `青銅棍` `` 10403
33319 1 1 1 1 1 1 1 1 1 1 1 1 40 `白金長棍` `` 10403
33327 3 1 1 1 1 1 1 1 1 1 1 1 20 `雷神戰棍` `` 10403
33324 3 1 1 1 1 1 1 1 1 1 1 1 10 `血霧玫瑰戰棍` `` 10403
33330 3 1 1 1 1 1 1 1 1 1 1 1 30 `伏魔棍` `` 10403
33326 2 1 1 1 1 1 1 1 1 1 1 1 20 `銀月棍` `` 10403
33331 2 1 1 1 1 1 1 1 1 1 1 1 35 `雀舞棍` `` 10403
33334 2 1 1 1 1 1 1 1 1 1 1 1 40 `落龍棍` `` 10403
33335 3 1 1 1 1 1 1 1 1 1 1 1 40 `騰龍擎天棍` `` 10403
33336 3 1 1 1 1 1 1 1 1 1 1 1 40 `獄龍戰棍` `` 10403
33343 3 1 1 1 1 1 1 1 1 1 1 1 40 `達人之獄龍戰棍` `` 10403
33347 4 1 1 1 1 1 1 1 1 1 1 1 15 `傳承 : 水魔碧靈之琥珀長棍` `` 10403
33348 4 1 1 1 1 1 1 1 1 1 1 1 20 `傳承 : 神秘的水魔碧靈之琥珀長棍` `` 10403
33345 4 1 1 1 1 1 1 1 1 1 1 1 5 `傳承 : 銀湖水仙之長棍` `` 10403
33349 4 1 1 1 1 1 1 1 1 1 1 1 25 `傳承 : 懲罰天使之玄鐵棍` `` 10403
33350 4 1 1 1 1 1 1 1 1 1 1 1 30 `傳承 : 雪魂冰魄之銀制長棍` `` 10403
33346 4 1 1 1 1 1 1 1 1 1 1 1 10 `傳承 : 神秘的銀湖水仙之長棍` `` 10403
33351 4 1 1 1 1 1 1 1 1 1 1 1 35 `傳承 : 颶風精靈之黃金長棍` `` 10403
33352 4 1 1 1 1 1 1 1 1 1 1 1 40 `傳承 : 劫風精靈之白金長棍` `` 10403
33353 4 1 1 1 1 1 1 1 1 1 1 1 45 `傳承 : 冥火精靈之水晶長棍` `` 10403
33610 0 1 1 1 1 1 1 1 1 1 1 1 20 `破舊的青銅魔杖` `` 10404
33611 1 1 1 1 1 1 1 1 1 1 1 1 20 `青銅魔杖` `` 10404
33614 0 1 1 1 1 1 1 1 1 1 1 1 30 `古老的銀制魔杖` `` 10404
33615 1 1 1 1 1 1 1 1 1 1 1 1 30 `銀制魔杖` `` 10404
33619 1 1 1 1 1 1 1 1 1 1 1 1 40 `白金魔杖` `` 10404
33618 0 1 1 1 1 1 1 1 1 1 1 1 40 `古老的白金魔杖` `` 10404
33626 2 1 1 1 1 1 1 1 1 1 1 1 20 `离火魔杖` `` 10404
33632 2 1 1 1 1 1 1 1 1 1 1 1 35 `紫心魔杖` `` 10404
33627 3 1 1 1 1 1 1 1 1 1 1 1 20 `暗月魔杖` `` 10404
33630 3 1 1 1 1 1 1 1 1 1 1 1 30 `异星魔杖` `` 10404
33634 2 1 1 1 1 1 1 1 1 1 1 1 40 `元素魔杖` `` 10404
33643 3 1 1 1 1 1 1 1 1 1 1 1 40 `達人之黑龍杖` `` 10404
33636 3 1 1 1 1 1 1 1 1 1 1 1 40 `幻影魔杖` `` 10404
33635 3 1 1 1 1 1 1 1 1 1 1 1 40 `黑龍杖` `` 10404
33645 4 1 1 1 1 1 1 1 1 1 1 1 5 `傳承 : 銀湖水仙之魔杖` `` 10404
33646 4 1 1 1 1 1 1 1 1 1 1 1 10 `傳承 : 神秘的銀湖水仙之魔杖` `` 10404
33650 4 1 1 1 1 1 1 1 1 1 1 1 30 `傳承 : 雪魂冰魄之銀制魔杖` `` 10404
33648 4 1 1 1 1 1 1 1 1 1 1 1 20 `傳承 : 神秘的水魔碧靈之魔杖` `` 10404
33647 4 1 1 1 1 1 1 1 1 1 1 1 15 `傳承 : 水魔碧靈之魔杖` `` 10404
33649 4 1 1 1 1 1 1 1 1 1 1 1 25 `傳承 : 熾焰天使之玄鐵魔杖` `` 10404
33652 4 1 1 1 1 1 1 1 1 1 1 1 40 `傳承 : 守護天使之白金魔杖` `` 10404
33651 4 1 1 1 1 1 1 1 1 1 1 1 35 `傳承 : 极光天使之黃金魔杖` `` 10404
33653 4 1 1 1 1 1 1 1 1 1 1 1 45 `傳承 : 玄月精靈之水晶魔杖` `` 10404
33679 0 1 1 1 1 1 1 1 1 1 1 1 1 `法師魔杖` `` 10404
33680 0 1 1 1 1 1 1 1 1 1 1 1 1 `法師的仿制魔杖` `` 10404
33901 0 1 1 1 1 1 1 1 1 1 1 1 1 `練習法杖` `` 10405
33911 0 1 1 1 1 1 1 1 1 1 1 1 20 `古老的青銅法杖` `` 10405
33912 1 1 1 1 1 1 1 1 1 1 1 1 20 `青銅法杖` `` 10405
33916 1 1 1 1 1 1 1 1 1 1 1 1 30 `銀制法杖` `` 10405
33915 0 1 1 1 1 1 1 1 1 1 1 1 30 `古老的銀制法杖` `` 10405
33919 0 1 1 1 1 1 1 1 1 1 1 1 40 `古老的白金法杖` `` 10405
33920 1 1 1 1 1 1 1 1 1 1 1 1 40 `白金法杖` `` 10405
33927 2 1 1 1 1 1 1 1 1 1 1 1 20 `穿云法杖` `` 10405
33925 3 1 1 1 1 1 1 1 1 1 1 1 10 `弦月法杖` `` 10405
33928 3 1 1 1 1 1 1 1 1 1 1 1 20 `無极法杖` `` 10405
33931 3 1 1 1 1 1 1 1 1 1 1 1 30 `圣魂法杖` `` 10405
33934 2 1 1 1 1 1 1 1 1 1 1 1 40 `元素法杖` `` 10405
33932 2 1 1 1 1 1 1 1 1 1 1 1 35 `魔斗士法杖` `` 10405
33944 3 1 1 1 1 1 1 1 1 1 1 1 40 `達人之暗咒法杖` `` 10405
33936 3 1 1 1 1 1 1 1 1 1 1 1 40 `驅魔法杖` `` 10405
33937 3 1 1 1 1 1 1 1 1 1 1 1 40 `暗咒法杖` `` 10405
33946 4 1 1 1 1 1 1 1 1 1 1 1 5 `傳承 : 銀湖水仙之法杖` `` 10405
33949 4 1 1 1 1 1 1 1 1 1 1 1 20 `傳承 : 神秘的水魔碧靈之法杖` `` 10405
33947 4 1 1 1 1 1 1 1 1 1 1 1 9 `傳承 : 神秘的銀湖水仙之法杖` `` 10405
33948 4 1 1 1 1 1 1 1 1 1 1 1 15 `傳承 : 水魔碧靈之法杖` `` 10405
33950 4 1 1 1 1 1 1 1 1 1 1 1 25 `傳承 : 懲罰天使之玄鐵法杖` `` 10405
33952 4 1 1 1 1 1 1 1 1 1 1 1 35 `傳承 : 复魂天使之黃金法杖` `` 10405
33951 4 1 1 1 1 1 1 1 1 1 1 1 30 `傳承 : 月影天使之銀制法杖` `` 10405
33953 4 1 1 1 1 1 1 1 1 1 1 1 40 `傳承 : 劫風精靈之白金法杖` `` 10405
33954 4 1 1 1 1 1 1 1 1 1 1 1 45 `傳承 : 玄冰精靈之水晶法杖` `` 10405
34209 1 1 1 1 1 1 1 1 1 1 1 1 40 `赤銅掃把` `` 10406
34208 0 1 1 1 1 1 1 1 1 1 1 1 40 `殘破的赤銅掃把` `` 10406
34204 0 1 1 1 1 1 1 1 1 1 1 1 30 `破舊的掃把` `` 10406
34205 1 1 1 1 1 1 1 1 1 1 1 1 30 `長柄掃把` `` 10406
34201 1 1 1 1 1 1 1 1 1 1 1 1 20 `玉竹掃把` `` 10406
34225 1 1 1 1 1 1 1 1 1 1 1 1 18 `魔道學新手掃把` `` 10406
34239 4 1 1 1 1 1 1 1 1 1 1 1 40 `傳承 : 智慧天使之赤銅掃把` `` 10406
34255 3 1 1 1 1 1 1 1 1 1 1 1 20 `多利亞的淑女掃把` `` 10406
34238 4 1 1 1 1 1 1 1 1 1 1 1 35 `傳承 : 劫風精靈之羽絨掃把` `` 10406
34235 4 1 1 1 1 1 1 1 1 1 1 1 20 `傳承 : 神秘的水魔碧靈之玉竹掃把` `` 10406
34237 4 1 1 1 1 1 1 1 1 1 1 1 30 `傳承 : 月影天使之長柄掃把` `` 10406
34257 3 1 1 1 1 1 1 1 1 1 1 1 40 `熔岩掃把` `` 10406
34236 4 1 1 1 1 1 1 1 1 1 1 1 25 `傳承 : 雪魂冰魄之魔法掃把` `` 10406
34256 3 1 1 1 1 1 1 1 1 1 1 1 30 `幸運之魔界毒草` `` 10406
34240 4 1 1 1 1 1 1 1 1 1 1 1 45 `傳承 : 冥火精靈之強風掃把` `` 10406
35005 0 1 1 1 1 1 1 1 1 1 1 1 10 `腐蝕的蒔芽十字架` `` 10502
35013 0 1 1 1 1 1 1 1 1 1 1 1 30 `破舊的虎骨十字架` `` 10502
35003 0 1 1 1 1 1 1 1 1 1 1 1 5 `古老的天空樹十字架` `` 10502
35014 1 1 1 1 1 1 1 1 1 1 1 1 30 `虎骨十字架` `` 10502
35009 0 1 1 1 1 1 1 1 1 1 1 1 20 `破舊的骨制十字架` `` 10502
35010 1 1 1 1 1 1 1 1 1 1 1 1 20 `骨制十字架` `` 10502
35017 0 1 1 1 1 1 1 1 1 1 1 1 40 `生鏽的玄鐵十字架` `` 10502
35018 1 1 1 1 1 1 1 1 1 1 1 1 40 `玄鐵十字架` `` 10502
35030 2 1 1 1 1 1 1 1 1 1 1 1 35 `玄光十字架` `` 10502
35034 3 1 1 1 1 1 1 1 1 1 1 1 40 `卡露亞的教導 - 定魂` `` 10502
35033 2 1 1 1 1 1 1 1 1 1 1 1 40 `永恒的圣靈十字架` `` 10502
35036 2 1 1 1 1 1 1 1 1 1 1 1 45 `羅什巴赫家傳十字架` `` 10502
35043 4 1 1 1 1 1 1 1 1 1 1 1 5 `傳承 : 銀湖水仙之十字架` `` 10502
35044 4 1 1 1 1 1 1 1 1 1 1 1 10 `傳承 : 神秘的銀湖水仙之十字架` `` 10502
35045 4 1 1 1 1 1 1 1 1 1 1 1 15 `傳承 : 水魔碧靈之十字架` `` 10502
35046 4 1 1 1 1 1 1 1 1 1 1 1 20 `傳承 : 神秘的水魔碧靈之十字架` `` 10502
35048 4 1 1 1 1 1 1 1 1 1 1 1 30 `傳承 : 月影天使之十字架` `` 10502
35047 4 1 1 1 1 1 1 1 1 1 1 1 25 `傳承 : 懲罰天使之十字架` `` 10502
35049 4 1 1 1 1 1 1 1 1 1 1 1 35 `傳承 : 救贖天使之十字架` `` 10502
35050 4 1 1 1 1 1 1 1 1 1 1 1 40 `傳承 : 复魂天使之十字架` `` 10502
35051 4 1 1 1 1 1 1 1 1 1 1 1 45 `傳承 : 玄月精靈之十字架` `` 10502
35308 0 1 1 1 1 1 1 1 1 1 1 1 20 `破損的紫檀念珠` `` 10503
35309 1 1 1 1 1 1 1 1 1 1 1 1 20 `紫檀念珠` `` 10503
35312 0 1 1 1 1 1 1 1 1 1 1 1 30 `損坏的愛神念珠` `` 10503
35335 2 1 1 1 1 1 1 1 1 1 1 1 45 `暗黑邪珠` `` 10503
35332 2 1 1 1 1 1 1 1 1 1 1 1 40 `蒼雷連珠` `` 10503
35329 2 1 1 1 1 1 1 1 1 1 1 1 35 `紅蓮念珠` `` 10503
35316 0 1 1 1 1 1 1 1 1 1 1 1 40 `生鏽的玄鐵念珠` `` 10503
35317 1 1 1 1 1 1 1 1 1 1 1 1 40 `玄鐵念珠` `` 10503
35333 3 1 1 1 1 1 1 1 1 1 1 1 40 `卡露亞的教導 - 玄武` `` 10503
35313 1 1 1 1 1 1 1 1 1 1 1 1 30 `愛神念珠` `` 10503
35341 4 1 1 1 1 1 1 1 1 1 1 1 5 `傳承 : 銀湖水仙之念珠` `` 10503
35342 4 1 1 1 1 1 1 1 1 1 1 1 10 `傳承 : 神秘的銀湖水仙之念珠` `` 10503
35343 4 1 1 1 1 1 1 1 1 1 1 1 15 `傳承 : 水魔碧靈之念珠` `` 10503
35345 4 1 1 1 1 1 1 1 1 1 1 1 25 `傳承 : 雪魂冰魄之念珠` `` 10503
35344 4 1 1 1 1 1 1 1 1 1 1 1 20 `傳承 : 神秘的水魔碧靈之念珠` `` 10503
35347 4 1 1 1 1 1 1 1 1 1 1 1 35 `傳承 : 迷蹤天使之念珠` `` 10503
35346 4 1 1 1 1 1 1 1 1 1 1 1 30 `傳承 : 熾焰天使之念珠` `` 10503
35348 4 1 1 1 1 1 1 1 1 1 1 1 40 `傳承 : 复魂天使之念珠` `` 10503
35349 4 1 1 1 1 1 1 1 1 1 1 1 45 `傳承 : 暗影精靈之念珠` `` 10503
35609 1 1 1 1 1 1 1 1 1 1 1 1 20 `庫尼族星宿圖騰` `` 10504
35608 0 1 1 1 1 1 1 1 1 1 1 1 20 `損坏的庫尼族星宿圖騰` `` 10504
35612 0 1 1 1 1 1 1 1 1 1 1 1 30 `損坏的圖盧斯族祈福圖騰` `` 10504
35613 1 1 1 1 1 1 1 1 1 1 1 1 30 `圖盧斯族祈福圖騰` `` 10504
35616 0 1 1 1 1 1 1 1 1 1 1 1 40 `損坏的圖盧斯族星宿圖騰` `` 10504
35617 1 1 1 1 1 1 1 1 1 1 1 1 40 `圖盧斯族星宿圖騰` `` 10504
35632 2 1 1 1 1 1 1 1 1 1 1 1 40 `幽冥鬼火圖騰` `` 10504
35635 2 1 1 1 1 1 1 1 1 1 1 1 45 `荒野精靈圖騰` `` 10504
35629 2 1 1 1 1 1 1 1 1 1 1 1 35 `狂龍圖騰` `` 10504
35641 4 1 1 1 1 1 1 1 1 1 1 1 5 `傳承 : 銀湖水仙之圖騰` `` 10504
35633 3 1 1 1 1 1 1 1 1 1 1 1 40 `混沌天神圖騰` `` 10504
35642 4 1 1 1 1 1 1 1 1 1 1 1 10 `傳承 : 神秘的銀湖水仙之圖騰` `` 10504
35643 4 1 1 1 1 1 1 1 1 1 1 1 15 `傳承 : 水魔碧靈之圖騰` `` 10504
35644 4 1 1 1 1 1 1 1 1 1 1 1 20 `傳承 : 神秘的水魔碧靈之圖騰` `` 10504
35645 4 1 1 1 1 1 1 1 1 1 1 1 25 `傳承 : 熾焰天使之圖騰` `` 10504
35646 4 1 1 1 1 1 1 1 1 1 1 1 30 `傳承 : 懲罰天使之圖騰` `` 10504
35647 4 1 1 1 1 1 1 1 1 1 1 1 35 `傳承 : 颶風精靈之圖騰` `` 10504
35648 4 1 1 1 1 1 1 1 1 1 1 1 40 `傳承 : 迷蹤天使之圖騰` `` 10504
35649 4 1 1 1 1 1 1 1 1 1 1 1 45 `傳承 : 冥火精靈之圖騰` `` 10504
35908 0 1 1 1 1 1 1 1 1 1 1 1 20 `生鏽的戰鐮` `` 10505
35909 1 1 1 1 1 1 1 1 1 1 1 1 20 `戰鐮` `` 10505
35916 0 1 1 1 1 1 1 1 1 1 1 1 40 `生鏽的紫銅鉤鐮` `` 10505
35917 1 1 1 1 1 1 1 1 1 1 1 1 40 `紫銅鉤鐮` `` 10505
35913 1 1 1 1 1 1 1 1 1 1 1 1 30 `鶴嘴鐮` `` 10505
35912 0 1 1 1 1 1 1 1 1 1 1 1 30 `破舊的鶴嘴鐮` `` 10505
35933 3 1 1 1 1 1 1 1 1 1 1 1 40 `卡露亞的教導 - 幻象` `` 10505
35932 2 1 1 1 1 1 1 1 1 1 1 1 40 `幽冥黑蓮戰鐮` `` 10505
35929 2 1 1 1 1 1 1 1 1 1 1 1 35 `藍芒巨鐮` `` 10505
35935 2 1 1 1 1 1 1 1 1 1 1 1 45 `地獄公爵戰鐮` `` 10505
35952 4 1 1 1 1 1 1 1 1 1 1 1 5 `傳承 : 銀湖水仙之鉤鐮` `` 10505
35953 4 1 1 1 1 1 1 1 1 1 1 1 10 `傳承 : 神秘的銀湖水仙之鉤鐮` `` 10505
35955 4 1 1 1 1 1 1 1 1 1 1 1 20 `傳承 : 神秘的水魔碧靈之鶴嘴鐮` `` 10505
35954 4 1 1 1 1 1 1 1 1 1 1 1 15 `傳承 : 水魔碧靈之鶴嘴鐮` `` 10505
35957 4 1 1 1 1 1 1 1 1 1 1 1 30 `傳承 : 熾焰天使之寬刃鉤鐮` `` 10505
35956 4 1 1 1 1 1 1 1 1 1 1 1 25 `傳承 : 雪魂冰魄之戰鐮` `` 10505
35958 4 1 1 1 1 1 1 1 1 1 1 1 35 `傳承 : 幻象天使之玄鐵戰鐮` `` 10505
35959 4 1 1 1 1 1 1 1 1 1 1 1 40 `傳承 : 救贖天使之鶴嘴鐮` `` 10505
35960 4 1 1 1 1 1 1 1 1 1 1 1 45 `傳承 : 冥火精靈之玄鐵戰鐮` `` 10505
36208 0 1 1 1 1 1 1 1 1 1 1 1 20 `破損的雙刃斧` `` 10506
36209 1 1 1 1 1 1 1 1 1 1 1 1 20 `雙刃斧` `` 10506
36212 0 1 1 1 1 1 1 1 1 1 1 1 30 `破損的巨斧` `` 10506
36216 0 1 1 1 1 1 1 1 1 1 1 1 40 `生鏽的赤銅戰斧` `` 10506
36213 1 1 1 1 1 1 1 1 1 1 1 1 30 `巨斧` `` 10506
36229 2 1 1 1 1 1 1 1 1 1 1 1 35 `巨靈戰斧` `` 10506
36217 1 1 1 1 1 1 1 1 1 1 1 1 40 `赤銅戰斧` `` 10506
36233 3 1 1 1 1 1 1 1 1 1 1 1 40 `卡露亞的教導 - 壓制` `` 10506
36232 2 1 1 1 1 1 1 1 1 1 1 1 40 `戰神巨斧` `` 10506
36235 2 1 1 1 1 1 1 1 1 1 1 1 45 `裂地戰斧` `` 10506
36241 4 1 1 1 1 1 1 1 1 1 1 1 5 `傳承 : 銀湖水仙之戰斧` `` 10506
36242 4 1 1 1 1 1 1 1 1 1 1 1 10 `傳承 : 神秘的銀湖水仙之戰斧` `` 10506
36243 4 1 1 1 1 1 1 1 1 1 1 1 15 `傳承 : 水魔碧靈之戰斧` `` 10506
36246 4 1 1 1 1 1 1 1 1 1 1 1 30 `傳承 : 雪魂冰魄之戰斧` `` 10506
36245 4 1 1 1 1 1 1 1 1 1 1 1 25 `傳承 : 月影天使之戰斧` `` 10506
36247 4 1 1 1 1 1 1 1 1 1 1 1 35 `傳承 : 救贖天使之戰斧` `` 10506
36244 4 1 1 1 1 1 1 1 1 1 1 1 20 `傳承 : 神秘的水魔碧靈之戰斧` `` 10506
36248 4 1 1 1 1 1 1 1 1 1 1 1 40 `傳承 : 颶風精靈之戰斧` `` 10506
36249 4 1 1 1 1 1 1 1 1 1 1 1 45 `傳承 : 玄月精靈之戰斧` `` 10506
37013 0 1 1 1 1 1 1 1 1 1 1 1 20 `破損的螺旋匕首` `` 10602
37004 0 1 1 1 1 1 1 1 1 1 1 1 5 `古老的碎骨匕首` `` 10602
37014 1 1 1 1 1 1 1 1 1 1 1 1 20 `螺旋匕首` `` 10602
37007 0 1 1 1 1 1 1 1 1 1 1 1 10 `破舊的卡魯卡秦匕首` `` 10602
37019 0 1 1 1 1 1 1 1 1 1 1 1 30 `破損的鯊魚匕首` `` 10602
37020 1 1 1 1 1 1 1 1 1 1 1 1 30 `鯊魚匕首` `` 10602
37025 0 1 1 1 1 1 1 1 1 1 1 1 40 `破舊的白銀匕首` `` 10602
37026 1 1 1 1 1 1 1 1 1 1 1 1 40 `白銀匕首` `` 10602
37039 3 1 1 1 1 1 1 1 1 1 1 1 30 `血紅玫瑰` `` 10602
37038 3 1 1 1 1 1 1 1 1 1 1 1 20 `萊亞諾瓦之咒` `` 10602
37040 3 1 1 1 1 1 1 1 1 1 1 1 40 `拉爾夫的安息` `` 10602
37049 4 1 1 1 1 1 1 1 1 1 1 1 5 `傳承 : 銀湖水仙之匕首 ` `` 10602
37050 4 1 1 1 1 1 1 1 1 1 1 1 10 `傳承 : 神秘的銀湖水仙之匕首` `` 10602
37051 4 1 1 1 1 1 1 1 1 1 1 1 15 `傳承 : 水魔碧靈之匕首` `` 10602
37057 4 1 1 1 1 1 1 1 1 1 1 1 45 `傳承 : 玄冰精靈的艾巴倫匕首` `` 10602
37052 4 1 1 1 1 1 1 1 1 1 1 1 20 `傳承 : 神秘的水魔碧靈之匕首` `` 10602
37055 4 1 1 1 1 1 1 1 1 1 1 1 35 `傳承 : 幻象天使的玄鐵匕首` `` 10602
37056 4 1 1 1 1 1 1 1 1 1 1 1 40 `傳承 : 颶風精靈的白銀匕首` `` 10602
37053 4 1 1 1 1 1 1 1 1 1 1 1 25 `傳承 : 熾焰天使的精銅匕首` `` 10602
37054 4 1 1 1 1 1 1 1 1 1 1 1 30 `傳承 : 月影天使的鯊魚匕首` `` 10602
37312 1 1 1 1 1 1 1 1 1 1 1 1 20 `鎢鋼雙劍` `` 10603
37311 0 1 1 1 1 1 1 1 1 1 1 1 20 `破損的鎢鋼雙劍` `` 10603
37317 0 1 1 1 1 1 1 1 1 1 1 1 30 `破舊的環形雙劍` `` 10603
37323 0 1 1 1 1 1 1 1 1 1 1 1 40 `古老的純銀雙劍` `` 10603
37318 1 1 1 1 1 1 1 1 1 1 1 1 30 `環形雙劍` `` 10603
37324 1 1 1 1 1 1 1 1 1 1 1 1 40 `純銀雙劍` `` 10603
37336 3 1 1 1 1 1 1 1 1 1 1 1 20 `克利修麥德` `` 10603
37348 4 1 1 1 1 1 1 1 1 1 1 1 10 `傳承 : 神秘的銀湖水仙之雙劍` `` 10603
37337 3 1 1 1 1 1 1 1 1 1 1 1 30 `冰刃劍 - 克里希卡` `` 10603
37338 3 1 1 1 1 1 1 1 1 1 1 1 40 `艾菲卡隆的毒刃` `` 10603
37347 4 1 1 1 1 1 1 1 1 1 1 1 5 `傳承 : 銀湖水仙之雙劍 ` `` 10603
37350 4 1 1 1 1 1 1 1 1 1 1 1 20 `傳承 : 神秘的水魔碧靈之雙劍` `` 10603
37349 4 1 1 1 1 1 1 1 1 1 1 1 15 `傳承 : 水魔碧靈之雙劍` `` 10603
37351 4 1 1 1 1 1 1 1 1 1 1 1 25 `傳承 : 雪魂冰魄的純銀雙劍` `` 10603
37352 4 1 1 1 1 1 1 1 1 1 1 1 30 `傳承 : 月影天使的環形雙劍` `` 10603
37353 4 1 1 1 1 1 1 1 1 1 1 1 35 `傳承 : 劫風精靈的玄鐵雙劍` `` 10603
37354 4 1 1 1 1 1 1 1 1 1 1 1 40 `傳承 : 智慧天使的純銀雙劍` `` 10603
37355 4 1 1 1 1 1 1 1 1 1 1 1 45 `傳承 : 玄冰精靈的艾扎克雙劍` `` 10603
37618 1 1 1 1 1 1 1 1 1 1 1 1 30 `卡內特手杖` `` 10604
37624 1 1 1 1 1 1 1 1 1 1 1 1 40 `木乃伊手杖` `` 10604
37617 0 1 1 1 1 1 1 1 1 1 1 1 30 `破損的卡內特手杖` `` 10604
37612 1 1 1 1 1 1 1 1 1 1 1 1 20 `詛咒之杖` `` 10604
37611 0 1 1 1 1 1 1 1 1 1 1 1 20 `破舊的詛咒之杖` `` 10604
37623 0 1 1 1 1 1 1 1 1 1 1 1 40 `古老的木乃伊手杖` `` 10604
37636 3 1 1 1 1 1 1 1 1 1 1 1 20 `灰燼守護者` `` 10604
37637 3 1 1 1 1 1 1 1 1 1 1 1 30 `夢魘杖` `` 10604
37638 3 1 1 1 1 1 1 1 1 1 1 1 40 `僵尸之力手杖` `` 10604
37647 4 1 1 1 1 1 1 1 1 1 1 1 5 `傳承 : 銀湖水仙之手杖 ` `` 10604
37649 4 1 1 1 1 1 1 1 1 1 1 1 15 `傳承 : 水魔碧靈之手杖` `` 10604
37650 4 1 1 1 1 1 1 1 1 1 1 1 20 `傳承 : 神秘的水魔碧靈之手杖` `` 10604
37648 4 1 1 1 1 1 1 1 1 1 1 1 10 `傳承 : 神秘的銀湖水仙之手杖` `` 10604
37652 4 1 1 1 1 1 1 1 1 1 1 1 30 `傳承 : 熾焰天使的卡內特手杖` `` 10604
37651 4 1 1 1 1 1 1 1 1 1 1 1 25 `傳承 : 雪魂冰魄的杰卡拉手杖` `` 10604
37655 4 1 1 1 1 1 1 1 1 1 1 1 45 `傳承 : 玄冰精靈的黃昏手杖` `` 10604
37654 4 1 1 1 1 1 1 1 1 1 1 1 40 `傳承 : 复魂天使的木乃伊手杖` `` 10604
37653 4 1 1 1 1 1 1 1 1 1 1 1 35 `傳承 : 黑暗天使的獸骨手杖` `` 10604
63006 1 1 1 1 1 1 1 1 1 1 1 1 1 `寵物蛋 (佛拉斯)` `` 14001
63007 1 1 1 1 1 1 1 1 1 1 1 1 1 `寵物蛋 (恰克斯)` `` 14001
63013 1 1 1 1 1 1 1 1 1 1 1 1 1 `寵物蛋 (波堤斯)` `` 14001
63014 1 1 1 1 1 1 1 1 1 1 1 1 1 `寵物蛋 (瑪巴斯)` `` 14001
63016 1 1 1 1 1 1 1 1 1 1 1 1 1 `寵物蛋 (哈艮地)` `` 14001
63015 1 1 1 1 1 1 1 1 1 1 1 1 1 `寵物蛋 (巴拉姆)` `` 14001
63018 1 1 1 1 1 1 1 1 1 1 1 1 1 `寵物蛋 (撒共)` `` 14001
63017 1 1 1 1 1 1 1 1 1 1 1 1 1 `寵物蛋 (比利士)` `` 14001
63022 1 1 1 1 1 1 1 1 1 1 1 1 1 `寵物蛋 (波比)` `` 14001
63024 1 1 1 1 1 1 1 1 1 1 1 1 1 `寵物蛋 (亞米)` `` 14001
63028 1 1 1 1 1 1 1 1 1 1 1 1 1 `寵物蛋 (伊爾本)` `` 14001
63031 1 1 1 1 1 1 1 1 1 1 1 1 1 `寵物蛋 (貝雷斯)` `` 14001
63035 2 1 1 1 1 1 1 1 1 1 1 1 1 `寵物蛋 (銅色皮特蘭豬)` `` 14001
63039 2 1 1 1 1 1 1 1 1 1 1 1 1 `小老虎的蛋` `` 14001
63041 2 1 1 1 1 1 1 1 1 1 1 1 1 `小歐蘇德的蛋` `` 14001
63043 2 1 1 1 1 1 1 1 1 1 1 1 1 `小背刺蜘蛛的蛋` `` 14001
63047 2 1 1 1 1 1 1 1 1 1 1 1 1 `小艾力斯的蛋` `` 14001
63045 2 1 1 1 1 1 1 1 1 1 1 1 1 `小墓地骷髏的蛋` `` 14001
63049 2 1 1 1 1 1 1 1 1 1 1 1 1 `天方地軸方實的蛋` `` 14001
63051 2 1 1 1 1 1 1 1 1 1 1 1 1 `活潑開朗夢實的蛋` `` 14001
63053 2 1 1 1 1 1 1 1 1 1 1 1 1 `寵物蛋 (大地之哥布林)` `` 14001
63055 2 1 1 1 1 1 1 1 1 1 1 1 1 `寵物蛋 (精靈之哥布林)` `` 14001
63057 2 1 1 1 1 1 1 1 1 1 1 1 1 `丹帝的蛋` `` 14001
63059 2 1 1 1 1 1 1 1 1 1 1 1 1 `元帝的蛋` `` 14001
63061 2 1 1 1 1 1 1 1 1 1 1 1 1 `熱情的叮叮的蛋` `` 14001
63063 2 1 1 1 1 1 1 1 1 1 1 1 1 `漂亮的美神的蛋` `` 14001
63069 2 1 1 1 1 1 1 1 1 1 1 1 1 `寵物蛋 (憨憨牛)` `` 14001
63071 2 1 1 1 1 1 1 1 1 1 1 1 1 `寵物蛋 (迷你羅特斯1號)` `` 14001
63079 2 1 1 1 1 1 1 1 1 1 1 1 1 `寵物蛋 (乘雪橇的叮叮)` `` 14001
63073 2 1 1 1 1 1 1 1 1 1 1 1 1 `寵物蛋 (迷你羅特斯2號)` `` 14001
63081 2 1 1 1 1 1 1 1 1 1 1 1 1 `寵物蛋 (乘雪橇的鐺鐺)` `` 14001
63087 2 1 1 1 1 1 1 1 1 1 1 1 1 `寵物蛋 (可愛虎)` `` 14001
63089 2 1 1 1 1 1 1 1 1 1 1 1 1 `寵物蛋 (淘气虎)` `` 14001
63097 2 1 1 1 1 1 1 1 1 1 1 1 1 `噬魂者雷帕的蛋` `` 14001
63095 2 1 1 1 1 1 1 1 1 1 1 1 1 `寵物蛋 (戀之獨角獸)` `` 14001
63093 2 1 1 1 1 1 1 1 1 1 1 1 1 `金色獨角獸蛋` `` 14001
63091 2 1 1 1 1 1 1 1 1 1 1 1 1 `寵物蛋 (星光獨角獸)` `` 14001
63099 2 1 1 1 1 1 1 1 1 1 1 1 1 `斗气師雷帕的蛋` `` 14001
63101 2 1 1 1 1 1 1 1 1 1 1 1 1 `游俠雷帕的蛋` `` 14001
63103 2 1 1 1 1 1 1 1 1 1 1 1 1 `魔道學者雷帕的蛋` `` 14001
63107 2 1 1 1 1 1 1 1 1 1 1 1 1 `死靈術士雷帕的蛋` `` 14001
63105 2 1 1 1 1 1 1 1 1 1 1 1 1 `圣騎士雷帕的蛋` `` 14001
63111 2 1 1 1 1 1 1 1 1 1 1 1 1 `圣誕老人的蛋` `` 14001
63113 2 1 1 1 1 1 1 1 1 1 1 1 1 `寵物蛋 (金錢兔)` `` 14001
63125 2 1 1 1 1 1 1 1 1 1 1 1 1 `Girls Day的蛋` `` 14001
63143 2 1 1 1 1 1 1 1 1 1 1 1 1 `寵物蛋 (炎魔之魂)` `` 14001
63145 2 1 1 1 1 1 1 1 1 1 1 1 1 `寵物蛋 (冰翼之魂)` `` 14001
63155 2 1 1 1 1 1 1 1 1 1 1 1 1 `地獄犬的蛋` `` 14001
63157 2 1 1 1 1 1 1 1 1 1 1 1 1 `未完成木雕玩偶的蛋 （時效性）` `` 14001
63159 2 1 1 1 1 1 1 1 1 1 1 1 1 `未完成皮諾丘的蛋 （時效性）` `` 14001
63161 2 1 1 1 1 1 1 1 1 1 1 1 1 `未完成皮諾奇亞的蛋 （時效性）` `` 14001
63165 2 1 1 1 1 1 1 1 1 1 1 1 1 `聰明的皮諾丘的蛋 （時效性）` `` 14001
63163 2 1 1 1 1 1 1 1 1 1 1 1 1 `大力士皮諾丘的蛋 （時效性）` `` 14001
63167 2 1 1 1 1 1 1 1 1 1 1 1 1 `大力士皮諾奇亞的蛋 （時效性）` `` 14001
63169 2 1 1 1 1 1 1 1 1 1 1 1 1 `聰明的皮諾奇亞的蛋 （時效性）` `` 14001
63171 2 1 1 1 1 1 1 1 1 1 1 1 1 `大力士皮諾丘的蛋` `` 14001
63173 2 1 1 1 1 1 1 1 1 1 1 1 1 `聰明的皮諾丘的蛋` `` 14001
63175 2 1 1 1 1 1 1 1 1 1 1 1 1 `大力士皮諾奇亞的蛋` `` 14001
63177 2 1 1 1 1 1 1 1 1 1 1 1 1 `聰明的皮諾奇亞的蛋` `` 14001
63179 2 1 1 1 1 1 1 1 1 1 1 1 1 `公主波帝 [活動]的蛋` `` 14001
63181 2 1 1 1 1 1 1 1 1 1 1 1 1 `小貝貝 [活動]的蛋` `` 14001
63183 2 1 1 1 1 1 1 1 1 1 1 1 1 `公主波帝的蛋` `` 14001
63185 2 1 1 1 1 1 1 1 1 1 1 1 1 `小貝貝的蛋` `` 14001
63502 1 1 1 1 1 1 1 1 1 1 1 1 1 `幼龍的爪` `` 14002
63503 2 1 1 1 1 1 1 1 1 1 1 1 1 `幼龍的眼睛` `` 14002
63501 1 1 1 1 1 1 1 1 1 1 1 1 1 `幼龍的牙齒` `` 14002
63504 1 1 1 1 1 1 1 1 1 1 1 1 1 `雙足翼龍的牙齒` `` 14002
63500 2 1 1 1 1 1 1 1 1 1 1 1 1 `酒萍棋飄 飯靛` `` 14002
63507 1 1 1 1 1 1 1 1 1 1 1 1 1 `獅鷲的喙` `` 14002
63505 1 1 1 1 1 1 1 1 1 1 1 1 1 `雙足翼龍的爪` `` 14002
63508 1 1 1 1 1 1 1 1 1 1 1 1 1 `獅鷲的爪` `` 14002
63506 2 1 1 1 1 1 1 1 1 1 1 1 1 `雙足翼龍的眼睛` `` 14002
63509 2 1 1 1 1 1 1 1 1 1 1 1 1 `獅鷲的眼睛` `` 14002
63510 1 1 1 1 1 1 1 1 1 1 1 1 1 `石像怪的牙齒` `` 14002
63511 1 1 1 1 1 1 1 1 1 1 1 1 1 `石像怪的爪` `` 14002
63514 1 1 1 1 1 1 1 1 1 1 1 1 1 `地獄獵犬的爪` `` 14002
63515 2 1 1 1 1 1 1 1 1 1 1 1 1 `地獄獵犬的眼睛` `` 14002
63513 1 1 1 1 1 1 1 1 1 1 1 1 1 `地獄獵犬的牙齒` `` 14002
63512 2 1 1 1 1 1 1 1 1 1 1 1 1 `石像怪的眼睛` `` 14002
63516 1 1 1 1 1 1 1 1 1 1 1 1 1 `地獄守門犬的牙齒` `` 14002
63517 1 1 1 1 1 1 1 1 1 1 1 1 1 `地獄守門犬的爪` `` 14002
63518 2 1 1 1 1 1 1 1 1 1 1 1 1 `地獄守門犬的眼睛` `` 14002
63525 1 1 1 1 1 1 1 1 1 1 1 1 1 `奪心魔的触須` `` 14002
63523 1 1 1 1 1 1 1 1 1 1 1 1 1 `小矮妖的錘子` `` 14002
63524 1 1 1 1 1 1 1 1 1 1 1 1 1 `奪心魔的手` `` 14002
63522 1 1 1 1 1 1 1 1 1 1 1 1 1 `小矮妖的帽子` `` 14002
64001 1 1 1 1 1 1 1 1 1 1 1 1 1 `尼克精靈的羽毛` `` 14003
64002 1 1 1 1 1 1 1 1 1 1 1 1 1 `尼克精靈的翅膀` `` 14003
64000 2 1 1 1 1 1 1 1 1 1 1 1 1 `酒萍棋飄 喉風` `` 14003
64004 1 1 1 1 1 1 1 1 1 1 1 1 1 `風精靈的羽毛` `` 14003
63526 1 1 1 1 1 1 1 1 1 1 1 1 1 `寶石怪獸的尾巴` `` 14002
64003 2 1 1 1 1 1 1 1 1 1 1 1 1 `尼克精靈的眼淚` `` 14003
64005 1 1 1 1 1 1 1 1 1 1 1 1 1 `風精靈的翅膀` `` 14003
64006 2 1 1 1 1 1 1 1 1 1 1 1 1 `風精靈的眼淚` `` 14003
64008 1 1 1 1 1 1 1 1 1 1 1 1 1 `海妖的翅膀` `` 14003
64007 1 1 1 1 1 1 1 1 1 1 1 1 1 `海妖的羽毛` `` 14003
64009 2 1 1 1 1 1 1 1 1 1 1 1 1 `海妖的眼淚` `` 14003
64011 1 1 1 1 1 1 1 1 1 1 1 1 1 `鷹身女妖的翅膀` `` 14003
64012 2 1 1 1 1 1 1 1 1 1 1 1 1 `鷹身女妖的眼淚` `` 14003
64010 1 1 1 1 1 1 1 1 1 1 1 1 1 `鷹身女妖的羽毛` `` 14003
64016 1 1 1 1 1 1 1 1 1 1 1 1 1 `巨鵬羅克的爪` `` 14003
64015 1 1 1 1 1 1 1 1 1 1 1 1 1 `巨鵬羅克的喙` `` 14003
64017 1 1 1 1 1 1 1 1 1 1 1 1 1 `蛛化精靈的牙齒` `` 14003
64501 2 1 1 1 1 1 1 1 1 1 1 1 1 `翡翠寶珠` `` 14004
64019 1 1 1 1 1 1 1 1 1 1 1 1 1 `犬魔的牙齒` `` 14003
64018 1 1 1 1 1 1 1 1 1 1 1 1 1 `蛛化精靈的爪` `` 14003
64500 2 1 1 1 1 1 1 1 1 1 1 1 1 `酒萍棋飄 弊赴` `` 14004
64502 2 1 1 1 1 1 1 1 1 1 1 1 1 `風之寶珠` `` 14004
64503 2 1 1 1 1 1 1 1 1 1 1 1 1 `翡翠冠飾` `` 14004
64505 2 1 1 1 1 1 1 1 1 1 1 1 1 `風之冠飾` `` 14004
440001 1 1 1 1 1 1 1 1 1 1 1 1 60 `絲絨臂章` `` 32001
440000 0 1 1 1 1 1 1 1 1 1 1 1 60 `古老的絲絨臂章` `` 32001
440003 3 1 1 1 1 1 1 1 1 1 1 1 60 `虛祖王室臂章` `` 32001
440018 3 1 1 1 1 1 1 1 1 1 1 1 60 `羅恩的暗黑手套` `` 32006
440019 3 1 1 1 1 1 1 1 1 1 1 1 60 `摩恩的殺戮手套` `` 32009
440016 3 1 1 1 1 1 1 1 1 1 1 1 60 `劍魂巴恩的手套` `` 32002
440017 3 1 1 1 1 1 1 1 1 1 1 1 60 `烈焰狂風手套` `` 32004
440021 3 1 1 1 1 1 1 1 1 1 1 1 60 `五面嗜魂手套` `` 32010
440020 3 1 1 1 1 1 1 1 1 1 1 1 60 `安祖‧賽弗的指揮手套` `` 32005
440022 3 1 1 1 1 1 1 1 1 1 1 1 60 `恐懼絞索` `` 32011
440056 3 1 1 1 1 1 1 1 1 1 1 1 60 `希曼‧斯特拉之歌 - 劍魂` `` 32002
440057 3 1 1 1 1 1 1 1 1 1 1 1 60 `希曼‧斯特拉之歌 - 鬼泣` `` 32002
440045 3 1 1 1 1 1 1 1 1 1 1 1 60 `雪崩之軌跡` `` 32001
440059 3 1 1 1 1 1 1 1 1 1 1 1 60 `希曼‧斯特拉之歌 - 阿修羅` `` 32002
440058 3 1 1 1 1 1 1 1 1 1 1 1 60 `希曼‧斯特拉之歌 - 狂戰士` `` 32002
440060 3 1 1 1 1 1 1 1 1 1 1 1 60 `希曼‧斯特拉之歌 - 气功師` `` 32004
440061 3 1 1 1 1 1 1 1 1 1 1 1 60 `希曼‧斯特拉之歌 - 散打` `` 32004
440062 3 1 1 1 1 1 1 1 1 1 1 1 60 `希曼‧斯特拉之歌 - 街霸` `` 32004
440092 3 1 1 1 1 1 1 1 1 1 1 1 60 `王室之秘籍 - 劍圣` `` 32002
440091 3 1 1 1 1 1 1 1 1 1 1 1 60 `王室之秘籍 - 弒魂` `` 32002
440093 3 1 1 1 1 1 1 1 1 1 1 1 60 `王室之秘籍 - 獄血魔神` `` 32002
440095 3 1 1 1 1 1 1 1 1 1 1 1 60 `王室之秘籍 - 百花繚亂` `` 32004
440096 3 1 1 1 1 1 1 1 1 1 1 1 60 `王室之秘籍 - 武神` `` 32004
440097 3 1 1 1 1 1 1 1 1 1 1 1 60 `王室之秘籍 - 暴風眼` `` 32004
440099 3 1 1 1 1 1 1 1 1 1 1 1 60 `王室之秘籍 - 槍神` `` 32005
440098 3 1 1 1 1 1 1 1 1 1 1 1 60 `王室之秘籍 - 毒王` `` 32004
440101 3 1 1 1 1 1 1 1 1 1 1 1 60 `王室之秘籍 - 机械戰神` `` 32005
440094 3 1 1 1 1 1 1 1 1 1 1 1 60 `王室之秘籍 - 大暗黑天` `` 32002
440100 3 1 1 1 1 1 1 1 1 1 1 1 60 `王室之秘籍 - 大將軍` `` 32005
440108 3 1 1 1 1 1 1 1 1 1 1 1 60 `王室之秘籍 - 神之手` `` 32009
440109 3 1 1 1 1 1 1 1 1 1 1 1 60 `王室之秘籍 - 龍斗士` `` 32009
440106 3 1 1 1 1 1 1 1 1 1 1 1 60 `王室之秘籍 - 魔術師` `` 32006
440111 3 1 1 1 1 1 1 1 1 1 1 1 60 `王室之秘籍 - 戰爭女神` `` 32010
440112 3 1 1 1 1 1 1 1 1 1 1 1 60 `王室之秘籍 - 机械之心` `` 32010
440107 3 1 1 1 1 1 1 1 1 1 1 1 60 `王室之秘籍 - 天啟者` `` 32009
440110 3 1 1 1 1 1 1 1 1 1 1 1 60 `王室之秘籍 - 沾血薔薇` `` 32010
440104 3 1 1 1 1 1 1 1 1 1 1 1 60 `王室之秘籍 - 月之女皇` `` 32006
440103 3 1 1 1 1 1 1 1 1 1 1 1 60 `王室之秘籍 - 大魔導師` `` 32006
440102 3 1 1 1 1 1 1 1 1 1 1 1 60 `王室之秘籍 - 狂暴者` `` 32005
440105 3 1 1 1 1 1 1 1 1 1 1 1 60 `王室之秘籍 - 貝亞娜斗神` `` 32006
440115 3 1 1 1 1 1 1 1 1 1 1 1 60 `王室之秘籍 - 靈魂收割者` `` 32011
440113 3 1 1 1 1 1 1 1 1 1 1 1 60 `王室之秘籍 - 重炮掌控者` `` 32010
440114 3 1 1 1 1 1 1 1 1 1 1 1 60 `王室之秘籍 - 銀月` `` 32011
440214 3 1 1 1 1 1 1 1 1 1 1 1 60 `希曼‧斯特拉之歌 - 元素師` `` 32006
440212 3 1 1 1 1 1 1 1 1 1 1 1 60 `希曼‧斯特拉之歌 - 漫游槍手 (男)` `` 32005
440188 3 1 1 1 1 1 1 1 1 1 1 1 60 `燃燒之斗魂` `` 32001
440213 3 1 1 1 1 1 1 1 1 1 1 1 60 `希曼‧斯特拉之歌 - 槍炮師 (男)` `` 32005
440217 3 1 1 1 1 1 1 1 1 1 1 1 60 `希曼‧斯特拉之歌 - 藍拳圣使` `` 32009
440215 3 1 1 1 1 1 1 1 1 1 1 1 60 `希曼‧斯特拉之歌 - 魔道學者` `` 32006
440216 3 1 1 1 1 1 1 1 1 1 1 1 60 `希曼‧斯特拉之歌 - 圣騎士` `` 32009
440211 3 1 1 1 1 1 1 1 1 1 1 1 60 `希曼‧斯特拉之歌 - 柔道家` `` 32004
440219 3 1 1 1 1 1 1 1 1 1 1 1 60 `希曼‧斯特拉之歌 - 刺客` `` 32011
440218 3 1 1 1 1 1 1 1 1 1 1 1 60 `希曼‧斯特拉之歌 - 驅魔師` `` 32009
440220 3 1 1 1 1 1 1 1 1 1 1 1 60 `希曼‧斯特拉之歌 - 死靈術士` `` 32011
440221 3 1 1 1 1 1 1 1 1 1 1 1 60 `希曼‧斯特拉之歌 - 漫游槍手 (女)` `` 32010
440222 3 1 1 1 1 1 1 1 1 1 1 1 60 `希曼‧斯特拉之歌 - 槍炮師 (女)` `` 32010
440262 3 1 1 1 1 1 1 1 1 1 1 1 60 `希曼‧斯特拉之歌 - 彈藥專家 (男)` `` 32005
440261 3 1 1 1 1 1 1 1 1 1 1 1 60 `希曼‧斯特拉之歌 - 机械師 (男)` `` 32005
440276 3 1 1 1 1 1 1 1 1 1 1 1 60 `希曼‧斯特拉之歌 - 彈藥專家 (女)` `` 32010
440275 3 1 1 1 1 1 1 1 1 1 1 1 60 `希曼‧斯特拉之歌 - 机械師 (女)` `` 32010
440315 3 1 1 1 1 1 1 1 1 1 1 1 60 `希曼‧斯特拉之歌 - 散打 (男)` `` 32012
440314 3 1 1 1 1 1 1 1 1 1 1 1 60 `希曼‧斯特拉之歌 - 气功師 (男)` `` 32012
440316 3 1 1 1 1 1 1 1 1 1 1 1 60 `希曼‧斯特拉之歌 - 街霸 (男)` `` 32012
440307 3 1 1 1 1 1 1 1 1 1 1 1 60 `風影之擊` `` 32012
440317 3 1 1 1 1 1 1 1 1 1 1 1 60 `希曼‧斯特拉之歌 - 柔道家 (男)` `` 32012
440330 3 1 1 1 1 1 1 1 1 1 1 1 60 `王室之秘籍 - 狂虎帝` `` 32012
440331 3 1 1 1 1 1 1 1 1 1 1 1 60 `王室之秘籍 - 武极` `` 32012
440333 3 1 1 1 1 1 1 1 1 1 1 1 60 `皇室秘典 - 千手羅漢` `` 32012
450000 0 1 1 1 1 1 1 1 1 1 1 1 65 `破碎的增益石` `` 32100
450001 1 1 1 1 1 1 1 1 1 1 1 1 65 `增益石` `` 32100
440332 3 1 1 1 1 1 1 1 1 1 1 1 60 `王室之秘籍 - 風林火山` `` 32012
450003 3 1 1 1 1 1 1 1 1 1 1 1 65 `金剛石碎片` `` 32100
450012 3 1 1 1 1 1 1 1 1 1 1 1 65 `希德之淚` `` 32100
450009 3 1 1 1 1 1 1 1 1 1 1 1 65 `瑟利斯特之淚` `` 32100
450010 3 1 1 1 1 1 1 1 1 1 1 1 65 `拉特利亞之淚` `` 32100
450031 2 1 1 1 1 1 1 1 1 1 1 1 65 `凱諾之眼` `` 32100
450011 3 1 1 1 1 1 1 1 1 1 1 1 65 `艾麗西婭之淚` `` 32100
450032 3 1 1 1 1 1 1 1 1 1 1 1 65 `邪惡之眼` `` 32100
450034 2 1 1 1 1 1 1 1 1 1 1 1 65 `牛頭怪的顱骨` `` 32100
450035 3 1 1 1 1 1 1 1 1 1 1 1 65 `艾力斯的顱骨` `` 32100
450038 3 1 1 1 1 1 1 1 1 1 1 1 65 `泰坦的強化珠` `` 32100
2200104 2 1 1 1 1 1 1 1 1 1 1 1 20 `煞影風暴` `` 10302
2200103 2 1 1 1 1 1 1 1 1 1 1 1 15 `列特的左輪槍` `` 10302
2200105 2 1 1 1 1 1 1 1 1 1 1 1 25 `全能獵影槍` `` 10302
2200106 2 1 1 1 1 1 1 1 1 1 1 1 30 `天國之音` `` 10302
2200107 2 1 1 1 1 1 1 1 1 1 1 1 35 `蛇眼左輪` `` 10302
2201103 2 1 1 1 1 1 1 1 1 1 1 1 15 `藍翎手槍` `` 10303
2200109 2 1 1 1 1 1 1 1 1 1 1 1 45 `獨行獵手` `` 10302
2200108 2 1 1 1 1 1 1 1 1 1 1 1 40 `鷹眼左輪` `` 10302
2201102 2 1 1 1 1 1 1 1 1 1 1 1 10 `机械師手槍` `` 10303
2201104 2 1 1 1 1 1 1 1 1 1 1 1 20 `璇紋手槍` `` 10303
2201105 2 1 1 1 1 1 1 1 1 1 1 1 25 `斯卡摩 - 45` `` 10303
2201106 2 1 1 1 1 1 1 1 1 1 1 1 30 `天之痕` `` 10303
2201108 2 1 1 1 1 1 1 1 1 1 1 1 40 `地龍` `` 10303
2201107 2 1 1 1 1 1 1 1 1 1 1 1 35 `金蟬子` `` 10303
2201109 2 1 1 1 1 1 1 1 1 1 1 1 45 `西格瑪手槍` `` 10303
2202105 2 1 1 1 1 1 1 1 1 1 1 1 25 `复仇者手弩` `` 10306
2202106 2 1 1 1 1 1 1 1 1 1 1 1 30 `破星手弩` `` 10306
2202103 2 1 1 1 1 1 1 1 1 1 1 1 15 `鋼鐵之星手弩` `` 10306
2202104 2 1 1 1 1 1 1 1 1 1 1 1 20 `沉默殺手` `` 10306
2202107 2 1 1 1 1 1 1 1 1 1 1 1 35 `暗黑手弩` `` 10306
2202108 2 1 1 1 1 1 1 1 1 1 1 1 40 `月輪手弩` `` 10306
2202109 2 1 1 1 1 1 1 1 1 1 1 1 45 `困獸之弩` `` 10306
2203107 2 1 1 1 1 1 1 1 1 1 1 1 35 `流螢槍` `` 10304
2203103 2 1 1 1 1 1 1 1 1 1 1 1 15 `星輝步槍` `` 10304
2203105 2 1 1 1 1 1 1 1 1 1 1 1 25 `翠玉石步槍` `` 10304
2203104 2 1 1 1 1 1 1 1 1 1 1 1 20 `紫金玄雨步槍` `` 10304
2203106 2 1 1 1 1 1 1 1 1 1 1 1 30 `烈焰紅岩` `` 10304
2204103 2 1 1 1 1 1 1 1 1 1 1 1 15 `精鑄手炮` `` 10305
2203108 2 1 1 1 1 1 1 1 1 1 1 1 40 `星月流火` `` 10304
2203109 2 1 1 1 1 1 1 1 1 1 1 1 45 `晨輝步槍` `` 10304
2204104 2 1 1 1 1 1 1 1 1 1 1 1 20 `雛形手炮 8號` `` 10305
2204105 2 1 1 1 1 1 1 1 1 1 1 1 25 `雛形手炮 9號` `` 10305
2204106 2 1 1 1 1 1 1 1 1 1 1 1 30 `瑪格拉` `` 10305
2204109 2 1 1 1 1 1 1 1 1 1 1 1 45 `蚕陽手炮` `` 10305
2204108 2 1 1 1 1 1 1 1 1 1 1 1 40 `鋼煉手炮` `` 10305
2240103 2 1 1 1 1 1 1 1 1 1 1 1 15 `白玉長矛` `` 10402
2240105 2 1 1 1 1 1 1 1 1 1 1 1 25 `疾風之刃` `` 10402
2204107 2 1 1 1 1 1 1 1 1 1 1 1 35 `加長型閃光手炮` `` 10305
2240107 2 1 1 1 1 1 1 1 1 1 1 1 35 `圣石三叉戟` `` 10402
2240106 2 1 1 1 1 1 1 1 1 1 1 1 30 `噬血之刃` `` 10402
2240109 2 1 1 1 1 1 1 1 1 1 1 1 45 `翡翠之心` `` 10402
2240104 2 1 1 1 1 1 1 1 1 1 1 1 20 `金蛇長矛` `` 10402
2240108 2 1 1 1 1 1 1 1 1 1 1 1 40 `极光之羽` `` 10402
2242104 2 1 1 1 1 1 1 1 1 1 1 1 20 `百影之魄` `` 10403
2242103 2 1 1 1 1 1 1 1 1 1 1 1 15 `纏繩祈福棒` `` 10403
2242105 2 1 1 1 1 1 1 1 1 1 1 1 25 `百鬼之森` `` 10403
2242109 2 1 1 1 1 1 1 1 1 1 1 1 45 `羅剎邪魔棍` `` 10403
2242106 2 1 1 1 1 1 1 1 1 1 1 1 30 `火山熔岩棍` `` 10403
2241104 2 1 1 1 1 1 1 1 1 1 1 1 20 `改良的楠木魔杖` `` 10404
2241105 2 1 1 1 1 1 1 1 1 1 1 1 25 `藍晶石魔杖` `` 10404
2241103 2 1 1 1 1 1 1 1 1 1 1 1 15 `刺血魔杖` `` 10404
2241102 2 1 1 1 1 1 1 1 1 1 1 1 10 `楠木魔杖` `` 10404
2242107 2 1 1 1 1 1 1 1 1 1 1 1 35 `湛藍水影棍` `` 10403
2242108 2 1 1 1 1 1 1 1 1 1 1 1 40 `嫣紅水影棍` `` 10403
2241107 2 1 1 1 1 1 1 1 1 1 1 1 35 `藍影惡魔之角` `` 10404
2241106 2 1 1 1 1 1 1 1 1 1 1 1 30 `惡魔之角` `` 10404
2243103 2 1 1 1 1 1 1 1 1 1 1 1 15 `銀玉法杖` `` 10405
2241108 2 1 1 1 1 1 1 1 1 1 1 1 40 `深藍魔杖` `` 10404
2241109 2 1 1 1 1 1 1 1 1 1 1 1 45 `攝心魔杖` `` 10404
2243104 2 1 1 1 1 1 1 1 1 1 1 1 20 `藍玉法杖` `` 10405
2243107 2 1 1 1 1 1 1 1 1 1 1 1 35 `南瓜魔女法杖` `` 10405
2243106 2 1 1 1 1 1 1 1 1 1 1 1 30 `金玉法杖` `` 10405
2243105 2 1 1 1 1 1 1 1 1 1 1 1 25 `古木法杖` `` 10405
2243109 2 1 1 1 1 1 1 1 1 1 1 1 45 `神佑之杖` `` 10405
2243108 2 1 1 1 1 1 1 1 1 1 1 1 40 `云石法杖` `` 10405
2244101 2 1 1 1 1 1 1 1 1 1 1 1 25 `青云魔法掃把` `` 10406
2244103 2 1 1 1 1 1 1 1 1 1 1 1 35 `紫藤掃把` `` 10406
2250104 2 1 1 1 1 1 1 1 1 1 1 1 20 `紅杉之木十字架` `` 10502
2250102 2 1 1 1 1 1 1 1 1 1 1 1 10 `藍靈之木十字架` `` 10502
2244105 2 1 1 1 1 1 1 1 1 1 1 1 45 `丰收的喜悅` `` 10406
2250103 2 1 1 1 1 1 1 1 1 1 1 1 15 `恩澤之木十字架` `` 10502
2244100 2 1 1 1 1 1 1 1 1 1 1 1 20 `紅岩掃把` `` 10406
2250105 2 1 1 1 1 1 1 1 1 1 1 1 25 `淨化之木十字架` `` 10502
2244102 2 1 1 1 1 1 1 1 1 1 1 1 30 `綠茵掃把` `` 10406
2250106 2 1 1 1 1 1 1 1 1 1 1 1 30 `神圣之木十字架` `` 10502
2244104 2 1 1 1 1 1 1 1 1 1 1 1 40 `飄影魔法掃把` `` 10406
2251109 2 1 1 1 1 1 1 1 1 1 1 1 45 `蒙塵之青云珠` `` 10503
2252103 2 1 1 1 1 1 1 1 1 1 1 1 15 `巨木之靈圖騰` `` 10504
2251103 2 1 1 1 1 1 1 1 1 1 1 1 15 `藍月念珠` `` 10503
2250109 2 1 1 1 1 1 1 1 1 1 1 1 45 `魔音十字架` `` 10502
2250107 2 1 1 1 1 1 1 1 1 1 1 1 35 `翡翠之殤` `` 10502
2251108 2 1 1 1 1 1 1 1 1 1 1 1 40 `黃玉念珠` `` 10503
2251106 2 1 1 1 1 1 1 1 1 1 1 1 30 `輪回念珠` `` 10503
2251105 2 1 1 1 1 1 1 1 1 1 1 1 25 `蔚藍之光` `` 10503
2251107 2 1 1 1 1 1 1 1 1 1 1 1 35 `楠木念珠` `` 10503
2250108 2 1 1 1 1 1 1 1 1 1 1 1 40 `古老的魔音十字架` `` 10502
2251104 2 1 1 1 1 1 1 1 1 1 1 1 20 `透骨靈珠` `` 10503
2252105 2 1 1 1 1 1 1 1 1 1 1 1 25 `神木之靈圖騰` `` 10504
2252108 2 1 1 1 1 1 1 1 1 1 1 1 40 `异之源圖騰` `` 10504
2252107 2 1 1 1 1 1 1 1 1 1 1 1 35 `机械圖騰` `` 10504
2254104 2 1 1 1 1 1 1 1 1 1 1 1 20 `藍韻之星` `` 10505
2252106 2 1 1 1 1 1 1 1 1 1 1 1 30 `丰裕圖騰` `` 10504
2252104 2 1 1 1 1 1 1 1 1 1 1 1 20 `風暴之靈圖騰` `` 10504
2254107 2 1 1 1 1 1 1 1 1 1 1 1 35 `斗魂戰鐮` `` 10505
2254105 2 1 1 1 1 1 1 1 1 1 1 1 25 `毒龍之星` `` 10505
2254103 2 1 1 1 1 1 1 1 1 1 1 1 15 `尖利之刃` `` 10505
2254106 2 1 1 1 1 1 1 1 1 1 1 1 30 `冰河之星` `` 10505
2252109 2 1 1 1 1 1 1 1 1 1 1 1 45 `制約者圖騰` `` 10504
2253108 2 1 1 1 1 1 1 1 1 1 1 1 40 `寶藍戰斧` `` 10506
2253107 2 1 1 1 1 1 1 1 1 1 1 1 35 `重甲之刃` `` 10506
2230103 2 1 1 1 1 1 1 1 1 1 1 1 15 `塞爾達匕首` `` 10602
2254108 2 1 1 1 1 1 1 1 1 1 1 1 40 `嗜血戰鐮` `` 10505
2253104 2 1 1 1 1 1 1 1 1 1 1 1 20 `鋼刃戰斧` `` 10506
2253105 2 1 1 1 1 1 1 1 1 1 1 1 25 `血飲鋼刃戰斧` `` 10506
2253109 2 1 1 1 1 1 1 1 1 1 1 1 45 `紅葉戰斧` `` 10506
2230102 2 1 1 1 1 1 1 1 1 1 1 1 10 `青銅匕首` `` 10602
2253106 2 1 1 1 1 1 1 1 1 1 1 1 30 `云海鋼刃戰斧` `` 10506
2253103 2 1 1 1 1 1 1 1 1 1 1 1 15 `流浪者戰斧` `` 10506
2254109 2 1 1 1 1 1 1 1 1 1 1 1 45 `詛咒之鐮` `` 10505
2230104 2 1 1 1 1 1 1 1 1 1 1 1 20 `雙刃匕首` `` 10602
2230105 2 1 1 1 1 1 1 1 1 1 1 1 25 `泣血彎刀` `` 10602
2230107 2 1 1 1 1 1 1 1 1 1 1 1 35 `白玉匕首` `` 10602
2230106 2 1 1 1 1 1 1 1 1 1 1 1 30 `地獄公爵匕首` `` 10602
2230108 2 1 1 1 1 1 1 1 1 1 1 1 40 `青峰匕首` `` 10602
2231103 2 1 1 1 1 1 1 1 1 1 1 1 15 `塞爾達雙劍` `` 10603
2231104 2 1 1 1 1 1 1 1 1 1 1 1 20 `卡德魯雙劍` `` 10603
2230109 2 1 1 1 1 1 1 1 1 1 1 1 45 `玄夜匕首` `` 10602
2231105 2 1 1 1 1 1 1 1 1 1 1 1 25 `冷玉骨影劍` `` 10603
2231106 2 1 1 1 1 1 1 1 1 1 1 1 30 `狂蟒雙劍` `` 10603
2231107 2 1 1 1 1 1 1 1 1 1 1 1 35 `青峰雙劍` `` 10603
2231108 2 1 1 1 1 1 1 1 1 1 1 1 40 `暗黑純銀雙劍` `` 10603
2231109 2 1 1 1 1 1 1 1 1 1 1 1 45 `极刃雙影劍` `` 10603
2232103 2 1 1 1 1 1 1 1 1 1 1 1 15 `古木權杖` `` 10604
2232104 2 1 1 1 1 1 1 1 1 1 1 1 20 `紫檀木手杖` `` 10604
2232105 2 1 1 1 1 1 1 1 1 1 1 1 25 `玄磁手杖` `` 10604
2232108 2 1 1 1 1 1 1 1 1 1 1 1 40 `赤云手杖` `` 10604
2232107 2 1 1 1 1 1 1 1 1 1 1 1 35 `善御者骨杖` `` 10604
2232106 2 1 1 1 1 1 1 1 1 1 1 1 30 `金玉手杖` `` 10604
2232109 2 1 1 1 1 1 1 1 1 1 1 1 45 `青魂手杖` `` 10604
2214101 2 1 1 1 1 1 1 1 1 1 1 1 25 `戰御拳套` `` 10205
2214100 2 1 1 1 1 1 1 1 1 1 1 1 20 `紫荊拳套` `` 10205
2214102 2 1 1 1 1 1 1 1 1 1 1 1 30 `終結戰御拳套` `` 10205
2213104 2 1 1 1 1 1 1 1 1 1 1 1 20 `星宇東方棍` `` 10206
2214105 2 1 1 1 1 1 1 1 1 1 1 1 45 `力王拳套` `` 10205
2214103 2 1 1 1 1 1 1 1 1 1 1 1 35 `冠軍拳套` `` 10205
2213105 2 1 1 1 1 1 1 1 1 1 1 1 25 `月魂東方棍` `` 10206
2213102 2 1 1 1 1 1 1 1 1 1 1 1 10 `楠木東方棍` `` 10206
2213103 2 1 1 1 1 1 1 1 1 1 1 1 15 `輝石東方棍` `` 10206
2214104 2 1 1 1 1 1 1 1 1 1 1 1 40 `鋒牙拳套` `` 10205
2213106 2 1 1 1 1 1 1 1 1 1 1 1 30 `日影東方棍` `` 10206
2212103 2 1 1 1 1 1 1 1 1 1 1 1 15 `玄月青光爪` `` 10204
2212105 2 1 1 1 1 1 1 1 1 1 1 1 25 `裂傷之爪` `` 10204
2212104 2 1 1 1 1 1 1 1 1 1 1 1 20 `破風爪` `` 10204
2212107 2 1 1 1 1 1 1 1 1 1 1 1 35 `血之暗影爪` `` 10204
2212106 2 1 1 1 1 1 1 1 1 1 1 1 30 `掘金之爪` `` 10204
2213108 2 1 1 1 1 1 1 1 1 1 1 1 40 `救贖之靈` `` 10206
2212108 2 1 1 1 1 1 1 1 1 1 1 1 40 `血影之殤` `` 10204
2212109 2 1 1 1 1 1 1 1 1 1 1 1 45 `戰影暗魂爪` `` 10204
2213107 2 1 1 1 1 1 1 1 1 1 1 1 35 `玄冥東方棍` `` 10206
2213109 2 1 1 1 1 1 1 1 1 1 1 1 45 `栖鳳之舞` `` 10206
2211103 2 1 1 1 1 1 1 1 1 1 1 1 15 `重金屬臂鎧` `` 10203
2210103 2 1 1 1 1 1 1 1 1 1 1 1 15 `迅影手套` `` 10202
2210104 2 1 1 1 1 1 1 1 1 1 1 1 20 `白狐手套` `` 10202
2211108 2 1 1 1 1 1 1 1 1 1 1 1 40 `制裁者臂鎧` `` 10203
2210105 2 1 1 1 1 1 1 1 1 1 1 1 25 `武魂拳套` `` 10202
2211106 2 1 1 1 1 1 1 1 1 1 1 1 30 `鋼鐵之星臂鎧` `` 10203
2210106 2 1 1 1 1 1 1 1 1 1 1 1 30 `風鐵拳套` `` 10202
2211104 2 1 1 1 1 1 1 1 1 1 1 1 20 `鱷魚鱗臂鎧` `` 10203
2211109 2 1 1 1 1 1 1 1 1 1 1 1 45 `力量之信仰臂鎧` `` 10203
2211105 2 1 1 1 1 1 1 1 1 1 1 1 25 `殘陽之血臂鎧` `` 10203
2211107 2 1 1 1 1 1 1 1 1 1 1 1 35 `激光臂鎧` `` 10203
2210107 2 1 1 1 1 1 1 1 1 1 1 1 35 `戰爭之靈手套` `` 10202
2260103 2 1 1 1 1 1 1 1 1 1 1 1 15 `生命之靈長袍` `` 11002
2210108 2 1 1 1 1 1 1 1 1 1 1 1 40 `戰魂手套` `` 10202
2260105 2 1 1 1 1 1 1 1 1 1 1 1 25 `舊式貴族長袍` `` 11002
2261104 2 1 1 1 1 1 1 1 1 1 1 1 20 `魔力凝結長褲` `` 11004
2260104 2 1 1 1 1 1 1 1 1 1 1 1 20 `魔力凝結襯衫` `` 11002
2260109 2 1 1 1 1 1 1 1 1 1 1 1 45 `重生之惡魔上衣` `` 11002
2261103 2 1 1 1 1 1 1 1 1 1 1 1 15 `生命之靈長褲` `` 11004
2260108 2 1 1 1 1 1 1 1 1 1 1 1 40 `妖月絲緞長袍` `` 11002
2260107 2 1 1 1 1 1 1 1 1 1 1 1 35 `意念上衣 (活動)` `` 11002
2260106 2 1 1 1 1 1 1 1 1 1 1 1 30 `聚精之力長袍` `` 11002
2210109 2 1 1 1 1 1 1 1 1 1 1 1 45 `冥獸鬼爪` `` 10202
2261105 2 1 1 1 1 1 1 1 1 1 1 1 25 `舊式貴族長褲` `` 11004
2261106 2 1 1 1 1 1 1 1 1 1 1 1 30 `聚精之力護腿` `` 11004
2262104 2 1 1 1 1 1 1 1 1 1 1 1 20 `舊式貴族護肩` `` 11003
2261107 2 1 1 1 1 1 1 1 1 1 1 1 35 `意念長褲 (活動)` `` 11004
2262106 2 1 1 1 1 1 1 1 1 1 1 1 30 `意念護肩 (活動)` `` 11003
2262107 2 1 1 1 1 1 1 1 1 1 1 1 35 `妖月絲緞護肩` `` 11003
2261108 2 1 1 1 1 1 1 1 1 1 1 1 40 `妖月絲緞長褲` `` 11004
2262108 2 1 1 1 1 1 1 1 1 1 1 1 40 `重生之惡魔護肩` `` 11003
2262105 2 1 1 1 1 1 1 1 1 1 1 1 25 `聚精之力護肩` `` 11003
2261109 2 1 1 1 1 1 1 1 1 1 1 1 45 `重生之惡魔長褲` `` 11004
2262103 2 1 1 1 1 1 1 1 1 1 1 1 15 `魔力凝結護肩` `` 11003
2264107 2 1 1 1 1 1 1 1 1 1 1 1 35 `妖月絲緞長靴` `` 11005
2263103 2 1 1 1 1 1 1 1 1 1 1 1 15 `魔力凝結腰帶` `` 11006
2264105 2 1 1 1 1 1 1 1 1 1 1 1 25 `聚精之力長靴` `` 11005
2263104 2 1 1 1 1 1 1 1 1 1 1 1 20 `舊式貴族腰帶` `` 11006
2263107 2 1 1 1 1 1 1 1 1 1 1 1 35 `妖月絲緞腰帶` `` 11006
2263105 2 1 1 1 1 1 1 1 1 1 1 1 25 `聚精之力腰帶` `` 11006
2264104 2 1 1 1 1 1 1 1 1 1 1 1 20 `舊式貴族短靴` `` 11005
2263108 2 1 1 1 1 1 1 1 1 1 1 1 40 `重生之惡魔腰帶` `` 11006
2264106 2 1 1 1 1 1 1 1 1 1 1 1 30 `意念短靴 (活動)` `` 11005
2264103 2 1 1 1 1 1 1 1 1 1 1 1 15 `魔力凝結短靴` `` 11005
2263106 2 1 1 1 1 1 1 1 1 1 1 1 30 `意念腰帶 (活動)` `` 11006
2270105 2 1 1 1 1 1 1 1 1 1 1 1 25 `精良的熊皮夾克` `` 11101
2271102 2 1 1 1 1 1 1 1 1 1 1 1 10 `風影護腿` `` 11103
2270109 2 1 1 1 1 1 1 1 1 1 1 1 45 `月影幽藍夾克` `` 11101
2264108 2 1 1 1 1 1 1 1 1 1 1 1 40 `重生之惡魔短靴` `` 11005
2270107 2 1 1 1 1 1 1 1 1 1 1 1 35 `叢林僵尸上衣` `` 11101
2270108 2 1 1 1 1 1 1 1 1 1 1 1 40 `刀鋒者上衣` `` 11101
2270104 2 1 1 1 1 1 1 1 1 1 1 1 20 `星夢胸甲` `` 11101
2270106 2 1 1 1 1 1 1 1 1 1 1 1 30 `龍吟啼血上衣` `` 11101
2270102 2 1 1 1 1 1 1 1 1 1 1 1 10 `風影肩甲` `` 11101
2271103 2 1 1 1 1 1 1 1 1 1 1 1 15 `縛靈者羊皮長褲` `` 11103
2270103 2 1 1 1 1 1 1 1 1 1 1 1 15 `縛靈者羊皮長袍` `` 11101
2271105 2 1 1 1 1 1 1 1 1 1 1 1 25 `精良的熊皮長褲` `` 11103
2272106 2 1 1 1 1 1 1 1 1 1 1 1 30 `叢林僵尸護肩` `` 11102
2272102 2 1 1 1 1 1 1 1 1 1 1 1 10 `縛靈者羊皮護肩` `` 11102
2272103 2 1 1 1 1 1 1 1 1 1 1 1 15 `星夢護肩` `` 11102
2272104 2 1 1 1 1 1 1 1 1 1 1 1 20 `精良的熊皮護肩` `` 11102
2271106 2 1 1 1 1 1 1 1 1 1 1 1 30 `龍吟啼血長褲` `` 11103
2271109 2 1 1 1 1 1 1 1 1 1 1 1 45 `月影幽藍長褲` `` 11103
2271107 2 1 1 1 1 1 1 1 1 1 1 1 35 `叢林僵尸長褲` `` 11103
2271104 2 1 1 1 1 1 1 1 1 1 1 1 20 `星夢長褲` `` 11103
2271108 2 1 1 1 1 1 1 1 1 1 1 1 40 `刀鋒者長褲` `` 11103
2272105 2 1 1 1 1 1 1 1 1 1 1 1 25 `龍吟啼血護肩` `` 11102
2274103 2 1 1 1 1 1 1 1 1 1 1 1 15 `星夢長靴` `` 11104
2273103 2 1 1 1 1 1 1 1 1 1 1 1 15 `星夢腰帶` `` 11105
2273106 2 1 1 1 1 1 1 1 1 1 1 1 30 `叢林僵尸腰帶` `` 11105
2273104 2 1 1 1 1 1 1 1 1 1 1 1 20 `精良的熊皮腰帶` `` 11105
2273107 2 1 1 1 1 1 1 1 1 1 1 1 35 `刀鋒者腰帶` `` 11105
2273105 2 1 1 1 1 1 1 1 1 1 1 1 25 `龍吟啼血腰帶` `` 11105
2272108 2 1 1 1 1 1 1 1 1 1 1 1 40 `月影幽藍斗篷` `` 11102
2273108 2 1 1 1 1 1 1 1 1 1 1 1 40 `月影幽藍腰帶` `` 11105
2274102 2 1 1 1 1 1 1 1 1 1 1 1 10 `縛靈者羊皮靴` `` 11104
2272107 2 1 1 1 1 1 1 1 1 1 1 1 35 `刀鋒者護肩` `` 11102
2273102 2 1 1 1 1 1 1 1 1 1 1 1 10 `縛靈者羊皮腰帶` `` 11105
2274105 2 1 1 1 1 1 1 1 1 1 1 1 25 `龍吟啼血長靴` `` 11104
2274104 2 1 1 1 1 1 1 1 1 1 1 1 20 `精良的熊皮短靴` `` 11104
2280103 2 1 1 1 1 1 1 1 1 1 1 1 15 `蝕骨之寒胸甲` `` 11201
2274107 2 1 1 1 1 1 1 1 1 1 1 1 35 `刀鋒者短靴` `` 11104
2274106 2 1 1 1 1 1 1 1 1 1 1 1 30 `叢林僵尸長靴` `` 11104
2274108 2 1 1 1 1 1 1 1 1 1 1 1 40 `月影幽藍短靴` `` 11104
2280105 2 1 1 1 1 1 1 1 1 1 1 1 25 `叢林僵尸之怨魂胸甲` `` 11201
2280107 2 1 1 1 1 1 1 1 1 1 1 1 35 `碧蟾之盾鏈甲` `` 11201
2280108 2 1 1 1 1 1 1 1 1 1 1 1 40 `水陌輕寒胸甲` `` 11201
2280104 2 1 1 1 1 1 1 1 1 1 1 1 20 `根特胸甲` `` 11201
2280106 2 1 1 1 1 1 1 1 1 1 1 1 30 `鳳血石戰衣` `` 11201
2282104 2 1 1 1 1 1 1 1 1 1 1 1 20 `叢林僵尸之怨魂肩甲` `` 11202
2281108 2 1 1 1 1 1 1 1 1 1 1 1 40 `水陌輕寒護腿` `` 11203
2282105 2 1 1 1 1 1 1 1 1 1 1 1 25 `鳳血石肩甲` `` 11202
2281109 2 1 1 1 1 1 1 1 1 1 1 1 45 `蛛絲護腿` `` 11203
2281107 2 1 1 1 1 1 1 1 1 1 1 1 35 `碧蟾之盾綁腿` `` 11203
2281103 2 1 1 1 1 1 1 1 1 1 1 1 15 `蝕骨之寒腿甲` `` 11203
2280109 2 1 1 1 1 1 1 1 1 1 1 1 45 `蛛絲胸甲` `` 11201
2282103 2 1 1 1 1 1 1 1 1 1 1 1 15 `根特肩甲` `` 11202
2281106 2 1 1 1 1 1 1 1 1 1 1 1 30 `鳳血石腿甲` `` 11203
2281105 2 1 1 1 1 1 1 1 1 1 1 1 25 `叢林僵尸之怨魂綁腿` `` 11203
2281104 2 1 1 1 1 1 1 1 1 1 1 1 20 `根特護腿` `` 11203
2282106 2 1 1 1 1 1 1 1 1 1 1 1 30 `碧蟾之盾斗篷` `` 11202
2282107 2 1 1 1 1 1 1 1 1 1 1 1 35 `水陌輕寒肩甲` `` 11202
2282108 2 1 1 1 1 1 1 1 1 1 1 1 40 `蛛絲護肩` `` 11202
2283103 2 1 1 1 1 1 1 1 1 1 1 1 15 `根特腰帶` `` 11205
2283104 2 1 1 1 1 1 1 1 1 1 1 1 20 `叢林僵尸之怨魂腰帶` `` 11205
2283105 2 1 1 1 1 1 1 1 1 1 1 1 25 `鳳血石腰帶` `` 11205
2283107 2 1 1 1 1 1 1 1 1 1 1 1 35 `水陌輕寒腰帶` `` 11205
2283106 2 1 1 1 1 1 1 1 1 1 1 1 30 `碧蟾之盾腰帶` `` 11205
2284104 2 1 1 1 1 1 1 1 1 1 1 1 20 `叢林僵尸之怨魂長靴` `` 11204
2284103 2 1 1 1 1 1 1 1 1 1 1 1 15 `根特長靴` `` 11204
2283108 2 1 1 1 1 1 1 1 1 1 1 1 40 `蛛絲腰帶` `` 11205
2284105 2 1 1 1 1 1 1 1 1 1 1 1 25 `鳳血石長靴` `` 11204
2284108 2 1 1 1 1 1 1 1 1 1 1 1 40 `蛛絲長靴` `` 11204
2284107 2 1 1 1 1 1 1 1 1 1 1 1 35 `水陌輕寒長靴` `` 11204
2284106 2 1 1 1 1 1 1 1 1 1 1 1 30 `碧蟾之盾長靴` `` 11204
2290103 2 1 1 1 1 1 1 1 1 1 1 1 15 `合金鱗紋鏈甲` `` 11301
2290104 2 1 1 1 1 1 1 1 1 1 1 1 20 `鐵血之淚鏈甲` `` 11301
2290106 2 1 1 1 1 1 1 1 1 1 1 1 30 `銀魂鏈甲` `` 11301
2290105 2 1 1 1 1 1 1 1 1 1 1 1 25 `善御者拋光鏈甲` `` 11301
2290107 2 1 1 1 1 1 1 1 1 1 1 1 35 `戰魂沖擊鏈甲` `` 11301
2290108 2 1 1 1 1 1 1 1 1 1 1 1 40 `血蟒胸甲` `` 11301
2290109 2 1 1 1 1 1 1 1 1 1 1 1 45 `旋木合金鏈甲` `` 11301
2291104 2 1 1 1 1 1 1 1 1 1 1 1 20 `鐵血之淚脛甲` `` 11303
2291103 2 1 1 1 1 1 1 1 1 1 1 1 15 `合金鱗紋脛甲` `` 11303
2291105 2 1 1 1 1 1 1 1 1 1 1 1 25 `善御者拋光脛甲` `` 11303
2291107 2 1 1 1 1 1 1 1 1 1 1 1 35 `戰魂沖擊護腿` `` 11303
2291106 2 1 1 1 1 1 1 1 1 1 1 1 30 `銀魂護腿` `` 11303
2291108 2 1 1 1 1 1 1 1 1 1 1 1 40 `血蟒護腿` `` 11303
2291109 2 1 1 1 1 1 1 1 1 1 1 1 45 `旋木合金長褲` `` 11303
2292103 2 1 1 1 1 1 1 1 1 1 1 1 15 `鐵血之淚護肩` `` 11302
2292105 2 1 1 1 1 1 1 1 1 1 1 1 25 `銀魂肩甲` `` 11302
2292104 2 1 1 1 1 1 1 1 1 1 1 1 20 `善御者拋光肩甲` `` 11302
2292106 2 1 1 1 1 1 1 1 1 1 1 1 30 `戰魂沖擊斗篷` `` 11302
2292107 2 1 1 1 1 1 1 1 1 1 1 1 35 `血蟒護肩` `` 11302
2292108 2 1 1 1 1 1 1 1 1 1 1 1 40 `旋木合金斗篷` `` 11302
2293103 2 1 1 1 1 1 1 1 1 1 1 1 15 `鐵血之淚腰帶` `` 11305
2293105 2 1 1 1 1 1 1 1 1 1 1 1 25 `銀魂腰帶` `` 11305
2293106 2 1 1 1 1 1 1 1 1 1 1 1 30 `戰魂沖擊腰帶` `` 11305
2293104 2 1 1 1 1 1 1 1 1 1 1 1 20 `善御者拋光腰帶` `` 11305
2293107 2 1 1 1 1 1 1 1 1 1 1 1 35 `血蟒腰帶` `` 11305
2294103 2 1 1 1 1 1 1 1 1 1 1 1 15 `鐵血之淚長靴` `` 11304
2293108 2 1 1 1 1 1 1 1 1 1 1 1 40 `旋木合金腰帶` `` 11305
2294104 2 1 1 1 1 1 1 1 1 1 1 1 20 `善御者拋光短靴` `` 11304
2294105 2 1 1 1 1 1 1 1 1 1 1 1 25 `銀魂短靴` `` 11304
2294106 2 1 1 1 1 1 1 1 1 1 1 1 30 `戰魂沖擊長靴` `` 11304
2294107 2 1 1 1 1 1 1 1 1 1 1 1 35 `血蟒短靴` `` 11304
2294108 2 1 1 1 1 1 1 1 1 1 1 1 40 `旋木合金長靴` `` 11304
2300101 2 1 1 1 1 1 1 1 1 1 1 1 25 `藍色勛章胸甲` `` 11401
2300100 2 1 1 1 1 1 1 1 1 1 1 1 20 `戰栗惊心胸甲` `` 11401
2300102 2 1 1 1 1 1 1 1 1 1 1 1 30 `靈魂守衛者盔甲` `` 11401
2300103 2 1 1 1 1 1 1 1 1 1 1 1 35 `沖云鏈甲` `` 11401
2300105 2 1 1 1 1 1 1 1 1 1 1 1 45 `守備之擊盔甲` `` 11401
2300104 2 1 1 1 1 1 1 1 1 1 1 1 40 `烏鋼胸甲` `` 11401
2301100 2 1 1 1 1 1 1 1 1 1 1 1 20 `戰栗惊心護腿` `` 11403
2301101 2 1 1 1 1 1 1 1 1 1 1 1 25 `藍色勛章護腿` `` 11403
2301103 2 1 1 1 1 1 1 1 1 1 1 1 35 `沖云護腿` `` 11403
2301102 2 1 1 1 1 1 1 1 1 1 1 1 30 `靈魂守衛者護腿` `` 11403
2301105 2 1 1 1 1 1 1 1 1 1 1 1 45 `守備之擊護腿` `` 11403
2301104 2 1 1 1 1 1 1 1 1 1 1 1 40 `烏鋼護腿` `` 11403
2302100 2 1 1 1 1 1 1 1 1 1 1 1 15 `戰栗惊心護肩` `` 11402
2302101 2 1 1 1 1 1 1 1 1 1 1 1 20 `藍色勛章肩甲` `` 11402
2302103 2 1 1 1 1 1 1 1 1 1 1 1 30 `沖云肩甲` `` 11402
2302102 2 1 1 1 1 1 1 1 1 1 1 1 25 `靈魂守衛者肩甲` `` 11402
2302104 2 1 1 1 1 1 1 1 1 1 1 1 35 `烏鋼護肩` `` 11402
2303100 2 1 1 1 1 1 1 1 1 1 1 1 15 `戰栗惊心腰帶` `` 11405
2302105 2 1 1 1 1 1 1 1 1 1 1 1 40 `守備之擊護肩` `` 11402
2303102 2 1 1 1 1 1 1 1 1 1 1 1 25 `靈魂守衛者腰帶` `` 11405
2303103 2 1 1 1 1 1 1 1 1 1 1 1 30 `沖云腰帶` `` 11405
2303101 2 1 1 1 1 1 1 1 1 1 1 1 20 `藍色勛章腰帶` `` 11405
2303104 2 1 1 1 1 1 1 1 1 1 1 1 35 `烏鋼腰帶` `` 11405
2303105 2 1 1 1 1 1 1 1 1 1 1 1 40 `守備之擊腰帶` `` 11405
2304102 2 1 1 1 1 1 1 1 1 1 1 1 25 `靈魂守衛者長靴` `` 11404
2304101 2 1 1 1 1 1 1 1 1 1 1 1 20 `藍色勛章長靴` `` 11404
2304100 2 1 1 1 1 1 1 1 1 1 1 1 15 `戰栗惊心長靴` `` 11404
2304105 2 1 1 1 1 1 1 1 1 1 1 1 40 `守備之擊長靴` `` 11404
2304104 2 1 1 1 1 1 1 1 1 1 1 1 35 `烏鋼戰靴` `` 11404
20195 2 1 1 1 1 1 1 1 1 1 1 1 10 `藍色信念項墜` `` 12001
20196 2 1 1 1 1 1 1 1 1 1 1 1 15 `魔靈項鏈` `` 12001
2304103 2 1 1 1 1 1 1 1 1 1 1 1 30 `沖云長靴` `` 11404
20197 2 1 1 1 1 1 1 1 1 1 1 1 20 `悲鳴草項鏈` `` 12001
20198 2 1 1 1 1 1 1 1 1 1 1 1 25 `守護之心` `` 12001
20199 2 1 1 1 1 1 1 1 1 1 1 1 30 `冠軍項鏈` `` 12001
20202 2 1 1 1 1 1 1 1 1 1 1 1 45 `袖珍人偶項鏈` `` 12001
20200 2 1 1 1 1 1 1 1 1 1 1 1 35 `射星項鏈` `` 12001
20201 2 1 1 1 1 1 1 1 1 1 1 1 40 `水星珍珠項鏈` `` 12001
22186 2 1 1 1 1 1 1 1 1 1 1 1 10 `精制護腕` `` 12003
22187 2 1 1 1 1 1 1 1 1 1 1 1 15 `紅紋手鐲` `` 12003
22188 2 1 1 1 1 1 1 1 1 1 1 1 20 `塵風手鐲` `` 12003
22189 2 1 1 1 1 1 1 1 1 1 1 1 25 `碧影幽然手鐲` `` 12003
22193 2 1 1 1 1 1 1 1 1 1 1 1 45 `禁斷之戀手鐲` `` 12003
22191 2 1 1 1 1 1 1 1 1 1 1 1 35 `永恒魔力手鐲` `` 12003
22190 2 1 1 1 1 1 1 1 1 1 1 1 30 `翡翠之光手鐲` `` 12003
22192 2 1 1 1 1 1 1 1 1 1 1 1 40 `藍色信仰手鐲` `` 12003
24217 2 1 1 1 1 1 1 1 1 1 1 1 15 `紅日之心` `` 12002
24216 2 1 1 1 1 1 1 1 1 1 1 1 10 `酒紅色的心` `` 12002
24219 2 1 1 1 1 1 1 1 1 1 1 1 25 `水玲瓏戒指` `` 12002
24223 2 1 1 1 1 1 1 1 1 1 1 1 45 `花語之靈` `` 12002
24220 2 1 1 1 1 1 1 1 1 1 1 1 30 `翡翠之光戒指` `` 12002
24218 2 1 1 1 1 1 1 1 1 1 1 1 20 `悲鳴草戒指` `` 12002
24221 2 1 1 1 1 1 1 1 1 1 1 1 35 `萌芽戒指` `` 12002
24222 2 1 1 1 1 1 1 1 1 1 1 1 40 `紫鱗之眼` `` 12002
440346 2 1 1 1 1 1 1 1 1 1 1 1 65 `庇護之符咒` `` 32001
440345 2 1 1 1 1 1 1 1 1 1 1 1 60 `祈愿之符咒` `` 32001
440357 3 1 1 1 1 1 1 1 1 1 1 1 60 `希曼‧斯特拉之歌 - 复仇者` `` 32009
450115 2 1 1 1 1 1 1 1 1 1 1 1 65 `龍魂石` `` 32100
440361 3 1 1 1 1 1 1 1 1 1 1 1 60 `王室之秘籍 - 末日審判者` `` 32009
440374 1 1 1 1 1 1 1 1 1 1 1 1 70 `檀木名牌` `` 32001
440376 2 1 1 1 1 1 1 1 1 1 1 1 70 `賢者的虎牌` `` 32001
440373 0 1 1 1 1 1 1 1 1 1 1 1 70 `古老的檀木名牌` `` 32001
440433 3 1 1 1 1 1 1 1 1 1 1 1 60 `希曼‧斯特拉之歌 - 元素爆破師` `` 32008
440434 3 1 1 1 1 1 1 1 1 1 1 1 60 `希曼‧斯特拉之歌 - 冰結師` `` 32008
440369 3 1 1 1 1 1 1 1 1 1 1 1 60 `暴食者鋒牙手套` `` 32008
440442 3 1 1 1 1 1 1 1 1 1 1 1 60 `王室之秘籍 - 魔皇` `` 32008
440443 3 1 1 1 1 1 1 1 1 1 1 1 60 `王室之秘籍 - 冰凍之心` `` 32008
15340 2 1 1 1 1 1 1 1 1 1 1 1 20 `亡者之怒護肩` `` 11302
450124 3 1 1 1 1 1 1 1 1 1 1 1 65 `融合之中級精靈的眼淚` `` 32100
15339 2 1 1 1 1 1 1 1 1 1 1 1 15 `惡靈騎士肩甲` `` 11302
15342 2 1 1 1 1 1 1 1 1 1 1 1 30 `惡魔之侍肩甲` `` 11302
450129 2 1 1 1 1 1 1 1 1 1 1 1 70 `古陶石` `` 32100
15344 2 1 1 1 1 1 1 1 1 1 1 1 40 `蒼茫之惡護肩` `` 11302
15341 2 1 1 1 1 1 1 1 1 1 1 1 25 `地獄天使護肩` `` 11302
15343 2 1 1 1 1 1 1 1 1 1 1 1 35 `狂魔風舞護肩` `` 11302
17333 2 1 1 1 1 1 1 1 1 1 1 1 15 `惡靈騎士腰帶` `` 11305
17335 2 1 1 1 1 1 1 1 1 1 1 1 25 `地獄天使腰帶` `` 11305
17334 2 1 1 1 1 1 1 1 1 1 1 1 20 `亡者之怒腰帶` `` 11305
17336 2 1 1 1 1 1 1 1 1 1 1 1 30 `惡魔之侍腰帶` `` 11305
17337 2 1 1 1 1 1 1 1 1 1 1 1 35 `狂魔風舞腰帶` `` 11305
17338 2 1 1 1 1 1 1 1 1 1 1 1 40 `蒼茫之惡腰帶` `` 11305
100260012 0 1 1 1 1 1 1 1 1 1 1 1 1 `賽麗亞的舊拖鞋` `` 11104
100090012 2 1 1 1 1 1 1 1 1 1 1 1 15 `狂妄之襲胸甲` `` 11401
2283102 2 1 1 1 1 1 1 1 1 1 1 1 10 `蝕骨之寒腰帶` `` 11205
2284102 2 1 1 1 1 1 1 1 1 1 1 1 10 `蝕骨之寒短靴` `` 11204
100140012 2 1 1 1 1 1 1 1 1 1 1 1 15 `狂妄之襲護腿` `` 11403
2280102 2 1 1 1 1 1 1 1 1 1 1 1 10 `堅韌的墨塵胸甲` `` 11201
29944 3 1 1 1 1 1 1 1 1 1 1 1 10 `執法者` `` 10206
2282102 2 1 1 1 1 1 1 1 1 1 1 1 10 `蝕骨之寒護肩` `` 11202
2281102 2 1 1 1 1 1 1 1 1 1 1 1 10 `堅韌的墨塵腿甲` `` 11203
106040034 2 1 1 1 1 1 1 1 1 1 1 1 15 `栗木掃把` `` 10406
2290102 2 1 1 1 1 1 1 1 1 1 1 1 10 `慧海之光胸甲` `` 11301
102040038 2 1 1 1 1 1 1 1 1 1 1 1 15 `裂血拳套` `` 10205
2291102 2 1 1 1 1 1 1 1 1 1 1 1 10 `慧海之光綁腿` `` 11303
2293102 2 1 1 1 1 1 1 1 1 1 1 1 10 `合金鱗紋腰甲` `` 11305
2292102 2 1 1 1 1 1 1 1 1 1 1 1 10 `合金鱗紋肩甲` `` 11302
2294102 2 1 1 1 1 1 1 1 1 1 1 1 10 `合金鱗紋長靴` `` 11304
100320066 2 1 1 1 1 1 1 1 1 1 1 1 10 `烈焰彼諾修之戒` `` 12002
26817 2 1 1 1 1 1 1 1 1 1 1 1 1 `可怕眼神` `` 12004
26819 2 1 1 1 1 1 1 1 1 1 1 1 1 `緊閉之眼` `` 12004
26818 2 1 1 1 1 1 1 1 1 1 1 1 1 `朦朧視線` `` 12004
26821 2 1 1 1 1 1 1 1 1 1 1 1 1 `白金稱號 : 朦朧視線` `` 12004
26822 2 1 1 1 1 1 1 1 1 1 1 1 1 `白金稱號 : 緊閉之眼` `` 12004
26820 2 1 1 1 1 1 1 1 1 1 1 1 1 `白金稱號 : 可怕眼神` `` 12004
35939 3 1 1 1 1 1 1 1 1 1 1 1 50 `尼爾巴斯的飲血鐮` `` 10505
106040039 0 1 1 1 1 1 1 1 1 1 1 1 3 `古舊的掃把` `` 10406
106040040 0 1 1 1 1 1 1 1 1 1 1 1 5 `清洁掃把` `` 10406
106040041 1 1 1 1 1 1 1 1 1 1 1 1 8 `飛天掃把` `` 10406
106040042 0 1 1 1 1 1 1 1 1 1 1 1 1 `破損的掃把` `` 10406
106040044 0 1 1 1 1 1 1 1 1 1 1 1 1 `練習掃把` `` 10406
20168 3 1 1 1 1 1 1 1 1 1 1 1 65 `風影之舞` `` 12001
20169 3 1 1 1 1 1 1 1 1 1 1 1 65 `夢幻列車長的心臟` `` 12001
24191 3 1 1 1 1 1 1 1 1 1 1 1 65 `貪婪者的心愿` `` 12002
22161 3 1 1 1 1 1 1 1 1 1 1 1 65 `永恒之時光` `` 12003
24178 3 1 1 1 1 1 1 1 1 1 1 1 65 `美人魚的珍珠指環` `` 12002
20170 3 1 1 1 1 1 1 1 1 1 1 1 65 `風之女神` `` 12001
24176 3 1 1 1 1 1 1 1 1 1 1 1 65 `死亡之抉擇` `` 12002
450100 3 1 1 1 1 1 1 1 1 1 1 1 68 `毀滅之融合石` `` 32100
24177 3 1 1 1 1 1 1 1 1 1 1 1 65 `月光精靈` `` 12002
440299 3 1 1 1 1 1 1 1 1 1 1 1 68 `地獄使者的披風` `` 32001
440300 3 1 1 1 1 1 1 1 1 1 1 1 68 `布魯之怨靈印章` `` 32001
450104 3 1 1 1 1 1 1 1 1 1 1 1 68 `惡靈之火焰石` `` 32100
450101 3 1 1 1 1 1 1 1 1 1 1 1 68 `支配之融合石` `` 32100
29143 3 1 1 1 1 1 1 1 1 1 1 1 65 `芝諾的遺物` `` 10202
440303 3 1 1 1 1 1 1 1 1 1 1 1 68 `罪惡之源` `` 32001
36296 3 1 1 1 1 1 1 1 1 1 1 1 65 `里昂之怒` `` 10506
35099 3 1 1 1 1 1 1 1 1 1 1 1 65 `蘭諾的祝福` `` 10502
35696 3 1 1 1 1 1 1 1 1 1 1 1 65 `怒放的生命圖騰` `` 10504
10080 0 1 1 1 1 1 1 1 1 1 1 1 50 `破舊的薄紗長袍` `` 11002
33102 3 1 1 1 1 1 1 1 1 1 1 1 65 `守墓者之矛` `` 10402
10081 1 1 1 1 1 1 1 1 1 1 1 1 50 `薄紗長袍` `` 11002
10082 3 1 1 1 1 1 1 1 1 1 1 1 50 `天蟬護魂長袍` `` 11002
10142 3 1 1 1 1 1 1 1 1 1 1 1 61 `戮蠱的皮殘片` `` 11002
10148 0 1 1 1 1 1 1 1 1 1 1 1 60 `破舊的蚕紗長袍` `` 11002
10168 0 1 1 1 1 1 1 1 1 1 1 1 60 `銀勺團員的條紋上衣` `` 11002
10149 1 1 1 1 1 1 1 1 1 1 1 1 60 `蚕紗長袍` `` 11002
10206 0 1 1 1 1 1 1 1 1 1 1 1 70 `破舊的錦絲長袍` `` 11002
10207 1 1 1 1 1 1 1 1 1 1 1 1 70 `錦絲長袍` `` 11002
10465 0 1 1 1 1 1 1 1 1 1 1 1 50 `破舊的狼皮胸甲` `` 11101
10466 1 1 1 1 1 1 1 1 1 1 1 1 50 `狼皮胸甲` `` 11101
10522 0 1 1 1 1 1 1 1 1 1 1 1 60 `古老的蟒皮長袍` `` 11101
10523 1 1 1 1 1 1 1 1 1 1 1 1 60 `蟒皮長袍` `` 11101
10509 4 1 1 1 1 1 1 1 1 1 1 1 55 `傳承 : 控魂女神的狼皮長袍` `` 11101
10489 4 1 1 1 1 1 1 1 1 1 1 1 50 `傳承 : 神圣的戰爭女神狼皮胸甲` `` 11101
10537 4 1 1 1 1 1 1 1 1 1 1 1 65 `傳承 : 摩羯守護神的狼皮長袍` `` 11101
10536 4 1 1 1 1 1 1 1 1 1 1 1 60 `傳承 : 神圣的控魂女神狼皮長袍` `` 11101
10864 0 1 1 1 1 1 1 1 1 1 1 1 50 `破舊的黑陶胸甲` `` 11201
10573 0 1 1 1 1 1 1 1 1 1 1 1 70 `破舊的貂皮長袍` `` 11101
10574 1 1 1 1 1 1 1 1 1 1 1 1 70 `貂皮長袍` `` 11101
10865 1 1 1 1 1 1 1 1 1 1 1 1 50 `黑陶胸甲` `` 11201
10914 3 1 1 1 1 1 1 1 1 1 1 1 64 `無名戰士之甲` `` 11201
10925 0 1 1 1 1 1 1 1 1 1 1 1 60 `古老的角斗士胸甲` `` 11201
10926 1 1 1 1 1 1 1 1 1 1 1 1 60 `角斗士胸甲` `` 11201
10975 0 1 1 1 1 1 1 1 1 1 1 1 70 `破舊的纖塵胸甲` `` 11201
11264 0 1 1 1 1 1 1 1 1 1 1 1 50 `生鏽的墨鋼鏈甲` `` 11301
10976 1 1 1 1 1 1 1 1 1 1 1 1 70 `纖塵胸甲` `` 11201
11265 1 1 1 1 1 1 1 1 1 1 1 1 50 `墨鋼鏈甲` `` 11301
11318 0 1 1 1 1 1 1 1 1 1 1 1 60 `破舊的复合式鎖甲` `` 11301
11319 1 1 1 1 1 1 1 1 1 1 1 1 60 `复合式鎖甲` `` 11301
11366 0 1 1 1 1 1 1 1 1 1 1 1 70 `磨損的精銳鎖甲` `` 11301
11367 1 1 1 1 1 1 1 1 1 1 1 1 70 `精銳鎖甲` `` 11301
11642 0 1 1 1 1 1 1 1 1 1 1 1 50 `損坏的鈦胸甲` `` 11401
11643 1 1 1 1 1 1 1 1 1 1 1 1 50 `鈦胸甲` `` 11401
11675 1 1 1 1 1 1 1 1 1 1 1 1 60 `戰地胸甲` `` 11401
11674 0 1 1 1 1 1 1 1 1 1 1 1 60 `古老的戰地胸甲` `` 11401
12079 0 1 1 1 1 1 1 1 1 1 1 1 50 `破舊的薄紗護腿` `` 11004
11711 1 1 1 1 1 1 1 1 1 1 1 1 70 `鉑銅肩甲` `` 11401
11710 0 1 1 1 1 1 1 1 1 1 1 1 70 `生鏽的鉑銅肩甲` `` 11401
12080 1 1 1 1 1 1 1 1 1 1 1 1 50 `薄紗護腿` `` 11004
12081 3 1 1 1 1 1 1 1 1 1 1 1 50 `七彩行云褲` `` 11004
12111 4 1 1 1 1 1 1 1 1 1 1 1 50 `傳承 : 神圣的戰爭女神薄紗護腿` `` 11004
12139 3 1 1 1 1 1 1 1 1 1 1 1 64 `邪靈的隱紋長褲` `` 11004
12132 4 1 1 1 1 1 1 1 1 1 1 1 55 `傳承 : 控魂女神的絹絲護腿` `` 11004
12145 0 1 1 1 1 1 1 1 1 1 1 1 60 `破舊的蚕紗護腿` `` 11004
12146 1 1 1 1 1 1 1 1 1 1 1 1 60 `蚕紗護腿` `` 11004
12162 4 1 1 1 1 1 1 1 1 1 1 1 65 `傳承 : 摩羯守護神的薄紗長褲` `` 11004
12161 4 1 1 1 1 1 1 1 1 1 1 1 60 `傳承 : 神圣的控魂女神的絹絲護腿` `` 11004
12165 0 1 1 1 1 1 1 1 1 1 1 1 60 `銀勺團員的背帶褲` `` 11004
12198 0 1 1 1 1 1 1 1 1 1 1 1 70 `破舊的錦絲長褲` `` 11004
12199 1 1 1 1 1 1 1 1 1 1 1 1 70 `錦絲長褲` `` 11004
12465 0 1 1 1 1 1 1 1 1 1 1 1 50 `破舊的狼皮護腿` `` 11103
12466 1 1 1 1 1 1 1 1 1 1 1 1 50 `狼皮護腿` `` 11103
440304 3 1 1 1 1 1 1 1 1 1 1 1 68 `公爵的邪惡披風` `` 32001
12507 4 1 1 1 1 1 1 1 1 1 1 1 55 `傳承 : 控魂女神的狼皮護腿` `` 11103
440305 2 1 1 1 1 1 1 1 1 1 1 1 68 `被污染的公爵披風` `` 32001
12489 4 1 1 1 1 1 1 1 1 1 1 1 50 `傳承 : 神圣的戰爭女神狼皮綁腿` `` 11103
12520 1 1 1 1 1 1 1 1 1 1 1 1 60 `蟒皮護腿` `` 11103
12519 0 1 1 1 1 1 1 1 1 1 1 1 60 `古老的蟒皮護腿` `` 11103
12533 4 1 1 1 1 1 1 1 1 1 1 1 60 `傳承 : 神圣的控魂女神狼皮綁腿` `` 11103
12534 4 1 1 1 1 1 1 1 1 1 1 1 65 `傳承 : 摩羯守護神的狼皮綁腿` `` 11103
12864 0 1 1 1 1 1 1 1 1 1 1 1 50 `破舊的黑陶綁腿` `` 11203
12570 0 1 1 1 1 1 1 1 1 1 1 1 70 `破舊的貂皮護腿` `` 11103
12571 1 1 1 1 1 1 1 1 1 1 1 1 70 `貂皮綁腿` `` 11103
12865 1 1 1 1 1 1 1 1 1 1 1 1 50 `黑陶綁腿` `` 11203
12886 4 1 1 1 1 1 1 1 1 1 1 1 50 `傳承 : 神圣的戰爭女神黑陶綁腿` `` 11203
12919 0 1 1 1 1 1 1 1 1 1 1 1 60 `古老的角斗士護腿` `` 11203
12906 4 1 1 1 1 1 1 1 1 1 1 1 55 `傳承 : 控魂女神的軟陶綁腿` `` 11203
12920 1 1 1 1 1 1 1 1 1 1 1 1 60 `角斗士護腿` `` 11203
12933 4 1 1 1 1 1 1 1 1 1 1 1 60 `傳承 : 神圣的控魂女神軟陶綁腿` `` 11203
12934 4 1 1 1 1 1 1 1 1 1 1 1 65 `傳承 : 摩羯守護神的橡木綁腿` `` 11203
12970 1 1 1 1 1 1 1 1 1 1 1 1 70 `纖塵護腿` `` 11203
13265 1 1 1 1 1 1 1 1 1 1 1 1 50 `墨鋼護腿` `` 11303
12969 0 1 1 1 1 1 1 1 1 1 1 1 70 `破舊的纖塵護腿` `` 11203
13264 0 1 1 1 1 1 1 1 1 1 1 1 50 `生鏽的墨鋼護腿` `` 11303
13307 4 1 1 1 1 1 1 1 1 1 1 1 55 `傳承 : 控魂女神的紋鋼脛甲` `` 11303
13286 4 1 1 1 1 1 1 1 1 1 1 1 50 `傳承 : 神圣的戰爭女神墨鋼護腿` `` 11303
13317 0 1 1 1 1 1 1 1 1 1 1 1 60 `破舊的复合式護腿` `` 11303
13318 1 1 1 1 1 1 1 1 1 1 1 1 60 `复合式護腿` `` 11303
13327 4 1 1 1 1 1 1 1 1 1 1 1 60 `傳承 : 神圣的控魂女神鈦銀護腿` `` 11303
13328 4 1 1 1 1 1 1 1 1 1 1 1 65 `傳承 : 摩羯守護神的鉑金護腿` `` 11303
13365 1 1 1 1 1 1 1 1 1 1 1 1 70 `精銳脛甲` `` 11303
13643 1 1 1 1 1 1 1 1 1 1 1 1 50 `鈦護腿` `` 11403
13364 0 1 1 1 1 1 1 1 1 1 1 1 70 `磨損的精銳脛甲` `` 11303
13642 0 1 1 1 1 1 1 1 1 1 1 1 50 `損坏的鈦護腿` `` 11403
13654 4 1 1 1 1 1 1 1 1 1 1 1 50 `傳承 : 神圣的戰爭女神鈦鋼護腿` `` 11403
13667 4 1 1 1 1 1 1 1 1 1 1 1 55 `傳承 : 控魂女神的鈦鋼綁腿` `` 11403
13672 0 1 1 1 1 1 1 1 1 1 1 1 60 `古老的戰地護腿` `` 11403
13673 1 1 1 1 1 1 1 1 1 1 1 1 60 `戰地護腿` `` 11403
13682 4 1 1 1 1 1 1 1 1 1 1 1 60 `傳承 : 神圣的控魂女神的鈦鋼綁腿` `` 11403
13683 4 1 1 1 1 1 1 1 1 1 1 1 65 `傳承 : 摩羯守護神的鈦鋼護腿` `` 11403
13709 0 1 1 1 1 1 1 1 1 1 1 1 70 `生鏽的鉑銅護腿` `` 11403
14077 0 1 1 1 1 1 1 1 1 1 1 1 50 `破舊的薄紗斗篷` `` 11003
14078 1 1 1 1 1 1 1 1 1 1 1 1 50 `薄紗斗篷` `` 11003
13710 1 1 1 1 1 1 1 1 1 1 1 1 70 `鉑銅護腿` `` 11403
14101 4 1 1 1 1 1 1 1 1 1 1 1 45 `傳承 : 神圣的戰爭女神薄紗護肩` `` 11003
14129 0 1 1 1 1 1 1 1 1 1 1 1 60 `破舊的蚕紗護肩` `` 11003
14119 4 1 1 1 1 1 1 1 1 1 1 1 50 `傳承 : 控魂女神的絹絲肩甲` `` 11003
14130 1 1 1 1 1 1 1 1 1 1 1 1 60 `蚕紗護肩` `` 11003
14079 3 1 1 1 1 1 1 1 1 1 1 1 50 `影魔護肩` `` 11003
14131 2 1 1 1 1 1 1 1 1 1 1 1 55 `瘋狂工程師的斗篷` `` 11003
14132 2 1 1 1 1 1 1 1 1 1 1 1 55 `歸隱的武士斗篷` `` 11003
14133 2 1 1 1 1 1 1 1 1 1 1 1 55 `流云惊月斗篷` `` 11003
14134 2 1 1 1 1 1 1 1 1 1 1 1 55 `無盡的元素之力護肩` `` 11003
14136 2 1 1 1 1 1 1 1 1 1 1 1 55 `靈魂之信仰護肩` `` 11003
14135 2 1 1 1 1 1 1 1 1 1 1 1 55 `契約支配者護肩` `` 11003
14139 2 1 1 1 1 1 1 1 1 1 1 1 60 `碧波印月斗篷` `` 11003
14141 2 1 1 1 1 1 1 1 1 1 1 1 60 `陣法之奧秘護肩` `` 11003
14140 2 1 1 1 1 1 1 1 1 1 1 1 60 `懲戒之反擊護肩` `` 11003
14142 2 1 1 1 1 1 1 1 1 1 1 1 60 `自然之和諧護肩` `` 11003
14143 2 1 1 1 1 1 1 1 1 1 1 1 60 `天空之翼護肩` `` 11003
14145 4 1 1 1 1 1 1 1 1 1 1 1 55 `傳承 : 神圣的控魂女神的絹絲肩甲` `` 11003
14144 2 1 1 1 1 1 1 1 1 1 1 1 60 `傲慢的祭祀者護肩` `` 11003
14146 4 1 1 1 1 1 1 1 1 1 1 1 60 `傳承 : 摩羯守護神的薄紗肩甲` `` 11003
14149 2 1 1 1 1 1 1 1 1 1 1 1 57 `真 ‧ 瘋狂工程師的斗篷` `` 11003
14150 2 1 1 1 1 1 1 1 1 1 1 1 57 `真 ‧ 歸隱的武士斗篷` `` 11003
14151 2 1 1 1 1 1 1 1 1 1 1 1 57 `真 ‧ 流云惊月斗篷` `` 11003
14152 2 1 1 1 1 1 1 1 1 1 1 1 57 `真 ‧ 無盡的元素之力護肩` `` 11003
14153 2 1 1 1 1 1 1 1 1 1 1 1 57 `真 ‧ 契約支配者護肩` `` 11003
14154 2 1 1 1 1 1 1 1 1 1 1 1 57 `真 ‧ 靈魂之信仰護肩` `` 11003
14155 2 1 1 1 1 1 1 1 1 1 1 1 62 `真 ‧ 碧波印月斗篷` `` 11003
14156 2 1 1 1 1 1 1 1 1 1 1 1 62 `真 ‧ 懲戒之反擊護肩` `` 11003
14158 2 1 1 1 1 1 1 1 1 1 1 1 62 `真 ‧ 自然之和諧護肩` `` 11003
14160 2 1 1 1 1 1 1 1 1 1 1 1 62 `真 ‧ 傲慢的祭祀者護肩` `` 11003
14159 2 1 1 1 1 1 1 1 1 1 1 1 62 `真 ‧ 天空之翼護肩` `` 11003
14157 2 1 1 1 1 1 1 1 1 1 1 1 62 `真 ‧ 陣法之奧秘護肩` `` 11003
14180 2 1 1 1 1 1 1 1 1 1 1 1 65 `古巴比倫護肩` `` 11003
14179 2 1 1 1 1 1 1 1 1 1 1 1 65 `机械工程師護肩` `` 11003
14181 2 1 1 1 1 1 1 1 1 1 1 1 65 `無盡之魂斗篷` `` 11003
14177 0 1 1 1 1 1 1 1 1 1 1 1 70 `破舊的錦絲護肩` `` 11003
14178 1 1 1 1 1 1 1 1 1 1 1 1 70 `錦絲護肩` `` 11003
14182 2 1 1 1 1 1 1 1 1 1 1 1 65 `王者之尊護肩` `` 11003
14183 2 1 1 1 1 1 1 1 1 1 1 1 65 `王之威嚴護肩` `` 11003
14184 2 1 1 1 1 1 1 1 1 1 1 1 65 `泣靈之紗護肩` `` 11003
14464 0 1 1 1 1 1 1 1 1 1 1 1 50 `破舊的狼皮護肩` `` 11102
14465 1 1 1 1 1 1 1 1 1 1 1 1 50 `狼皮護肩` `` 11102
14480 4 1 1 1 1 1 1 1 1 1 1 1 45 `傳承 : 神圣的戰爭女神狼皮護肩` `` 11102
14510 1 1 1 1 1 1 1 1 1 1 1 1 60 `蟒皮護肩` `` 11102
14509 0 1 1 1 1 1 1 1 1 1 1 1 60 `古老的蟒皮護肩` `` 11102
14497 4 1 1 1 1 1 1 1 1 1 1 1 50 `傳承 : 控魂女神的狼皮斗蓬` `` 11102
14511 2 1 1 1 1 1 1 1 1 1 1 1 55 `西部槍手護肩` `` 11102
14512 2 1 1 1 1 1 1 1 1 1 1 1 55 `巨鯨之王護肩` `` 11102
14513 2 1 1 1 1 1 1 1 1 1 1 1 55 `暮星護肩` `` 11102
14519 2 1 1 1 1 1 1 1 1 1 1 1 60 `王族戰士護肩` `` 11102
14518 2 1 1 1 1 1 1 1 1 1 1 1 60 `槍之煙霧護肩` `` 11102
14515 2 1 1 1 1 1 1 1 1 1 1 1 55 `精靈的智慧護肩` `` 11102
14514 2 1 1 1 1 1 1 1 1 1 1 1 55 `慈悲之心護肩` `` 11102
14521 2 1 1 1 1 1 1 1 1 1 1 1 60 `戰爭預言家護肩` `` 11102
14522 2 1 1 1 1 1 1 1 1 1 1 1 60 `輝煌之祈愿護肩` `` 11102
14520 2 1 1 1 1 1 1 1 1 1 1 1 60 `公會守護者護肩` `` 11102
14523 4 1 1 1 1 1 1 1 1 1 1 1 55 `傳承 : 神圣的控魂女神狼皮斗蓬` `` 11102
14524 4 1 1 1 1 1 1 1 1 1 1 1 60 `傳承 : 摩羯守護神的狼皮斗蓬` `` 11102
14528 2 1 1 1 1 1 1 1 1 1 1 1 57 `真 ‧ 巨鯨之王護肩` `` 11102
14527 2 1 1 1 1 1 1 1 1 1 1 1 57 `真 ‧ 西部槍手護肩` `` 11102
14529 2 1 1 1 1 1 1 1 1 1 1 1 57 `真 ‧ 暮星護肩` `` 11102
14530 2 1 1 1 1 1 1 1 1 1 1 1 57 `真 ‧ 慈悲之心護肩` `` 11102
14531 2 1 1 1 1 1 1 1 1 1 1 1 57 `真 ‧ 精靈的智慧護肩` `` 11102
14532 2 1 1 1 1 1 1 1 1 1 1 1 62 `真 ‧ 槍之煙霧護肩` `` 11102
14533 2 1 1 1 1 1 1 1 1 1 1 1 62 `真 ‧ 王族戰士護肩` `` 11102
14534 2 1 1 1 1 1 1 1 1 1 1 1 62 `真 ‧ 公會守護者護肩` `` 11102
14535 2 1 1 1 1 1 1 1 1 1 1 1 62 `真 ‧ 戰爭預言家護肩` `` 11102
14536 2 1 1 1 1 1 1 1 1 1 1 1 62 `真 ‧ 輝煌之祈愿護肩` `` 11102
14554 1 1 1 1 1 1 1 1 1 1 1 1 70 `貂皮護肩` `` 11102
14553 0 1 1 1 1 1 1 1 1 1 1 1 70 `破舊的貂皮護肩` `` 11102
14558 2 1 1 1 1 1 1 1 1 1 1 1 65 `獵豹冥紋護肩` `` 11102
14556 2 1 1 1 1 1 1 1 1 1 1 1 65 `軍事狂潮護肩` `` 11102
14555 2 1 1 1 1 1 1 1 1 1 1 1 65 `西部奇兵護肩` `` 11102
14557 2 1 1 1 1 1 1 1 1 1 1 1 65 `鋼鐵亡靈護肩` `` 11102
14863 0 1 1 1 1 1 1 1 1 1 1 1 50 `破舊的黑陶護肩` `` 11202
14864 1 1 1 1 1 1 1 1 1 1 1 1 50 `黑陶護肩` `` 11202
14559 2 1 1 1 1 1 1 1 1 1 1 1 65 `魔幻精靈護肩` `` 11102
14877 4 1 1 1 1 1 1 1 1 1 1 1 45 `傳承 : 神圣的戰爭女神黑陶護肩` `` 11202
14899 4 1 1 1 1 1 1 1 1 1 1 1 50 `傳承 : 控魂女神的軟陶斗蓬` `` 11202
14914 0 1 1 1 1 1 1 1 1 1 1 1 60 `古老的角斗士護肩` `` 11202
14915 1 1 1 1 1 1 1 1 1 1 1 1 60 `角斗士護肩` `` 11202
14917 2 1 1 1 1 1 1 1 1 1 1 1 55 `米格拉的英雄護肩` `` 11202
14918 2 1 1 1 1 1 1 1 1 1 1 1 55 `霸權者的智慧護肩` `` 11202
14920 2 1 1 1 1 1 1 1 1 1 1 1 55 `拳王的獨孤護肩` `` 11202
14916 2 1 1 1 1 1 1 1 1 1 1 1 55 `精武之魂護肩` `` 11202
14919 2 1 1 1 1 1 1 1 1 1 1 1 55 `暗黑之焰護肩` `` 11202
14923 2 1 1 1 1 1 1 1 1 1 1 1 60 `黑豹突擊者護肩` `` 11202
14926 2 1 1 1 1 1 1 1 1 1 1 1 60 `響尾蛇的誘惑護肩` `` 11202
14924 2 1 1 1 1 1 1 1 1 1 1 1 60 `風暴追擊者護肩` `` 11202
14925 2 1 1 1 1 1 1 1 1 1 1 1 60 `戰神的兵戎護肩` `` 11202
14927 2 1 1 1 1 1 1 1 1 1 1 1 60 `白馬之影護肩` `` 11202
14928 4 1 1 1 1 1 1 1 1 1 1 1 55 `傳承 : 神圣的控魂女神軟陶斗篷` `` 11202
14929 4 1 1 1 1 1 1 1 1 1 1 1 60 `傳承 : 摩羯守護神的橡木斗篷` `` 11202
14932 2 1 1 1 1 1 1 1 1 1 1 1 57 `真 ‧ 精武之魂護肩` `` 11202
14934 2 1 1 1 1 1 1 1 1 1 1 1 57 `真 ‧ 霸權者的智慧護肩` `` 11202
14933 2 1 1 1 1 1 1 1 1 1 1 1 57 `真 ‧ 米格拉的英雄護肩` `` 11202
14939 2 1 1 1 1 1 1 1 1 1 1 1 62 `真 ‧ 戰神的兵戎護肩` `` 11202
14935 2 1 1 1 1 1 1 1 1 1 1 1 57 `真 ‧ 暗黑之焰護肩` `` 11202
14937 2 1 1 1 1 1 1 1 1 1 1 1 62 `真 ‧ 黑豹突擊者護肩` `` 11202
14936 2 1 1 1 1 1 1 1 1 1 1 1 57 `真 ‧ 拳王的獨孤護肩` `` 11202
14938 2 1 1 1 1 1 1 1 1 1 1 1 62 `真 ‧ 風暴追擊者護肩` `` 11202
14940 2 1 1 1 1 1 1 1 1 1 1 1 62 `真 ‧ 響尾蛇的誘惑護肩` `` 11202
14941 2 1 1 1 1 1 1 1 1 1 1 1 62 `真 ‧ 白馬之影護肩` `` 11202
14960 0 1 1 1 1 1 1 1 1 1 1 1 70 `破舊的纖塵肩甲` `` 11202
14961 1 1 1 1 1 1 1 1 1 1 1 1 70 `纖塵肩甲` `` 11202
14962 2 1 1 1 1 1 1 1 1 1 1 1 65 `冶煉鋼甲護肩` `` 11202
14964 2 1 1 1 1 1 1 1 1 1 1 1 65 `逐光護肩` `` 11202
15263 0 1 1 1 1 1 1 1 1 1 1 1 50 `生鏽的墨鋼護肩` `` 11302
14965 2 1 1 1 1 1 1 1 1 1 1 1 65 `命運逆轉護肩` `` 11202
14963 2 1 1 1 1 1 1 1 1 1 1 1 65 `亡命靈魂肩甲` `` 11202
14966 2 1 1 1 1 1 1 1 1 1 1 1 65 `聚力之魂肩甲` `` 11202
15264 1 1 1 1 1 1 1 1 1 1 1 1 50 `墨鋼護肩` `` 11302
15277 4 1 1 1 1 1 1 1 1 1 1 1 45 `傳承 : 神圣的戰爭女神墨鋼肩甲` `` 11302
15297 4 1 1 1 1 1 1 1 1 1 1 1 50 `傳承 : 控魂女神的紋鋼斗蓬` `` 11302
15307 0 1 1 1 1 1 1 1 1 1 1 1 60 `破舊的复合式肩甲` `` 11302
15310 2 1 1 1 1 1 1 1 1 1 1 1 55 `赤煉肩甲` `` 11302
15308 1 1 1 1 1 1 1 1 1 1 1 1 60 `复合式肩甲` `` 11302
15309 2 1 1 1 1 1 1 1 1 1 1 1 55 `巨武器破坏者護肩` `` 11302
15315 2 1 1 1 1 1 1 1 1 1 1 1 60 `后街之王護肩` `` 11302
15314 2 1 1 1 1 1 1 1 1 1 1 1 60 `惊魂之厄運護肩` `` 11302
15316 2 1 1 1 1 1 1 1 1 1 1 1 60 `蒼狼戰士護肩` `` 11302
15311 2 1 1 1 1 1 1 1 1 1 1 1 55 `血之結界護肩` `` 11302
15317 4 1 1 1 1 1 1 1 1 1 1 1 55 `傳承 : 神圣的控魂女神鈦銀護肩` `` 11302
15318 4 1 1 1 1 1 1 1 1 1 1 1 60 `傳承 : 摩羯守護神的鉑金護肩` `` 11302
15321 2 1 1 1 1 1 1 1 1 1 1 1 57 `真 ‧ 巨武器破坏者護肩` `` 11302
15322 2 1 1 1 1 1 1 1 1 1 1 1 57 `真 ‧ 赤煉肩甲` `` 11302
15324 2 1 1 1 1 1 1 1 1 1 1 1 62 `真 ‧ 惊魂之厄運護肩` `` 11302
15326 2 1 1 1 1 1 1 1 1 1 1 1 62 `真 ‧ 蒼狼戰士護肩` `` 11302
15323 2 1 1 1 1 1 1 1 1 1 1 1 57 `真 ‧ 血之結界護肩` `` 11302
15325 2 1 1 1 1 1 1 1 1 1 1 1 62 `真 ‧ 后街之王護肩` `` 11302
15350 1 1 1 1 1 1 1 1 1 1 1 1 70 `精銳肩甲` `` 11302
15349 0 1 1 1 1 1 1 1 1 1 1 1 70 `磨損的精銳肩甲` `` 11302
15351 2 1 1 1 1 1 1 1 1 1 1 1 65 `鋼鐵意志肩甲` `` 11302
15352 2 1 1 1 1 1 1 1 1 1 1 1 65 `迅襲肩甲` `` 11302
15353 2 1 1 1 1 1 1 1 1 1 1 1 65 `凶神之煞護肩` `` 11302
15642 0 1 1 1 1 1 1 1 1 1 1 1 50 `損坏的鈦護肩` `` 11402
15354 2 1 1 1 1 1 1 1 1 1 1 1 65 `罪惡制裁護肩` `` 11302
15643 1 1 1 1 1 1 1 1 1 1 1 1 50 `鈦護肩` `` 11402
15650 4 1 1 1 1 1 1 1 1 1 1 1 45 `傳承 : 神圣的戰爭女神鈦鋼肩甲` `` 11402
15664 4 1 1 1 1 1 1 1 1 1 1 1 50 `傳承 : 控魂女神的鈦鋼護肩` `` 11402
15671 0 1 1 1 1 1 1 1 1 1 1 1 60 `古老的戰地護肩` `` 11402
15674 2 1 1 1 1 1 1 1 1 1 1 1 55 `守護者的獻祭護肩` `` 11402
15673 2 1 1 1 1 1 1 1 1 1 1 1 55 `光之流影護肩` `` 11402
15672 1 1 1 1 1 1 1 1 1 1 1 1 60 `戰地護肩` `` 11402
15675 2 1 1 1 1 1 1 1 1 1 1 1 55 `暮光信徒護肩` `` 11402
15678 2 1 1 1 1 1 1 1 1 1 1 1 60 `絕地武士護肩` `` 11402
15679 2 1 1 1 1 1 1 1 1 1 1 1 60 `重生之靈魂護肩` `` 11402
15680 2 1 1 1 1 1 1 1 1 1 1 1 60 `邪惡之擊護肩` `` 11402
15681 4 1 1 1 1 1 1 1 1 1 1 1 55 `傳承 : 神圣的控魂女神的鈦鋼護肩` `` 11402
15682 4 1 1 1 1 1 1 1 1 1 1 1 60 `傳承 : 摩羯守護神的鈦鋼護肩` `` 11402
15686 2 1 1 1 1 1 1 1 1 1 1 1 57 `真 ‧ 守護者的獻祭護肩` `` 11402
15690 2 1 1 1 1 1 1 1 1 1 1 1 62 `真 ‧ 邪惡之擊護肩` `` 11402
15705 2 1 1 1 1 1 1 1 1 1 1 1 65 `意念之守護肩甲` `` 11402
15689 2 1 1 1 1 1 1 1 1 1 1 1 62 `真 ‧ 重生之靈魂護肩` `` 11402
15688 2 1 1 1 1 1 1 1 1 1 1 1 62 `真 ‧ 絕地武士護肩` `` 11402
15687 2 1 1 1 1 1 1 1 1 1 1 1 57 `真 ‧ 暮光信徒護肩` `` 11402
15704 2 1 1 1 1 1 1 1 1 1 1 1 65 `波動奧義護肩` `` 11402
15703 1 1 1 1 1 1 1 1 1 1 1 1 70 `鉑銅護肩` `` 11402
15685 2 1 1 1 1 1 1 1 1 1 1 1 57 `真 ‧ 光之流影護肩` `` 11402
15702 0 1 1 1 1 1 1 1 1 1 1 1 70 `生鏽的鉑銅護肩` `` 11402
15706 2 1 1 1 1 1 1 1 1 1 1 1 65 `金屬風暴護肩` `` 11402
16065 0 1 1 1 1 1 1 1 1 1 1 1 50 `破舊的薄紗腰帶` `` 11006
16066 1 1 1 1 1 1 1 1 1 1 1 1 50 `薄紗腰帶` `` 11006
16087 4 1 1 1 1 1 1 1 1 1 1 1 45 `傳承 : 神圣的戰爭女神薄紗腰帶` `` 11006
16121 0 1 1 1 1 1 1 1 1 1 1 1 60 `破舊的蚕紗腰帶` `` 11006
16122 1 1 1 1 1 1 1 1 1 1 1 1 60 `蚕紗腰帶` `` 11006
16123 2 1 1 1 1 1 1 1 1 1 1 1 55 `瘋狂工程師的腰帶` `` 11006
16109 4 1 1 1 1 1 1 1 1 1 1 1 50 `傳承 : 控魂女神的絹絲護腰` `` 11006
16124 2 1 1 1 1 1 1 1 1 1 1 1 55 `歸隱的武士腰帶` `` 11006
16125 2 1 1 1 1 1 1 1 1 1 1 1 55 `流云惊月腰帶` `` 11006
16126 2 1 1 1 1 1 1 1 1 1 1 1 55 `無盡的元素之力腰帶` `` 11006
16127 2 1 1 1 1 1 1 1 1 1 1 1 55 `契約支配者腰帶` `` 11006
16131 2 1 1 1 1 1 1 1 1 1 1 1 60 `碧波印月腰帶` `` 11006
16128 2 1 1 1 1 1 1 1 1 1 1 1 55 `靈魂之信仰腰帶` `` 11006
16132 2 1 1 1 1 1 1 1 1 1 1 1 60 `懲戒之反擊腰帶` `` 11006
16133 2 1 1 1 1 1 1 1 1 1 1 1 60 `陣法之奧秘腰帶` `` 11006
16134 2 1 1 1 1 1 1 1 1 1 1 1 60 `自然之和諧腰帶` `` 11006
16135 2 1 1 1 1 1 1 1 1 1 1 1 60 `天空之翼腰帶` `` 11006
16136 2 1 1 1 1 1 1 1 1 1 1 1 60 `傲慢的祭祀者腰帶` `` 11006
16137 4 1 1 1 1 1 1 1 1 1 1 1 55 `傳承 : 神圣的控魂女神的絹絲護腰` `` 11006
16138 4 1 1 1 1 1 1 1 1 1 1 1 60 `傳承 : 摩羯守護神的薄紗腰帶` `` 11006
16143 2 1 1 1 1 1 1 1 1 1 1 1 57 `真 ‧ 流云惊月腰帶` `` 11006
16142 2 1 1 1 1 1 1 1 1 1 1 1 57 `真 ‧ 歸隱的武士腰帶` `` 11006
16141 2 1 1 1 1 1 1 1 1 1 1 1 57 `真 ‧ 瘋狂工程師的腰帶` `` 11006
16145 2 1 1 1 1 1 1 1 1 1 1 1 57 `真 ‧ 契約支配者腰帶` `` 11006
16144 2 1 1 1 1 1 1 1 1 1 1 1 57 `真 ‧ 無盡的元素之力腰帶` `` 11006
16147 2 1 1 1 1 1 1 1 1 1 1 1 62 `真 ‧ 碧波印月腰帶` `` 11006
16146 2 1 1 1 1 1 1 1 1 1 1 1 57 `真 ‧ 靈魂之信仰腰帶` `` 11006
16148 2 1 1 1 1 1 1 1 1 1 1 1 62 `真 ‧ 懲戒之反擊腰帶` `` 11006
16149 2 1 1 1 1 1 1 1 1 1 1 1 62 `真 ‧ 陣法之奧秘腰帶` `` 11006
16150 2 1 1 1 1 1 1 1 1 1 1 1 62 `真 ‧ 自然之和諧腰帶` `` 11006
16151 2 1 1 1 1 1 1 1 1 1 1 1 62 `真 ‧ 天空之翼腰帶` `` 11006
16153 0 1 1 1 1 1 1 1 1 1 1 1 60 `銀勺團員的條紋腰帶` `` 11006
16152 2 1 1 1 1 1 1 1 1 1 1 1 62 `真 ‧ 傲慢的祭祀者腰帶` `` 11006
16167 0 1 1 1 1 1 1 1 1 1 1 1 70 `破舊的錦絲腰帶` `` 11006
16171 2 1 1 1 1 1 1 1 1 1 1 1 65 `無盡之魂腰帶` `` 11006
16168 1 1 1 1 1 1 1 1 1 1 1 1 70 `錦絲腰帶` `` 11006
16169 2 1 1 1 1 1 1 1 1 1 1 1 65 `机械工程師腰帶` `` 11006
16170 2 1 1 1 1 1 1 1 1 1 1 1 65 `古巴比倫腰帶` `` 11006
16464 0 1 1 1 1 1 1 1 1 1 1 1 50 `破舊的狼皮腰甲` `` 11105
16174 2 1 1 1 1 1 1 1 1 1 1 1 65 `泣靈之紗腰帶` `` 11006
16173 2 1 1 1 1 1 1 1 1 1 1 1 65 `王之威嚴腰帶` `` 11006
16172 2 1 1 1 1 1 1 1 1 1 1 1 65 `王者之尊腰帶` `` 11006
16465 1 1 1 1 1 1 1 1 1 1 1 1 50 `狼皮腰甲` `` 11105
16479 4 1 1 1 1 1 1 1 1 1 1 1 45 `傳承 : 神圣的戰爭女神狼皮腰帶` `` 11105
16496 4 1 1 1 1 1 1 1 1 1 1 1 50 `傳承 : 控魂女神的狼皮腰帶` `` 11105
16508 0 1 1 1 1 1 1 1 1 1 1 1 60 `古老的蟒皮腰帶` `` 11105
16501 3 1 1 1 1 1 1 1 1 1 1 1 64 `极限之襲腰帶` `` 11105
16509 1 1 1 1 1 1 1 1 1 1 1 1 60 `蟒皮腰帶` `` 11105
16510 2 1 1 1 1 1 1 1 1 1 1 1 55 `西部槍手腰帶` `` 11105
16512 2 1 1 1 1 1 1 1 1 1 1 1 55 `暮星腰帶` `` 11105
16511 2 1 1 1 1 1 1 1 1 1 1 1 55 `巨鯨之王腰帶` `` 11105
16514 2 1 1 1 1 1 1 1 1 1 1 1 55 `精靈的智慧腰帶` `` 11105
16517 2 1 1 1 1 1 1 1 1 1 1 1 60 `槍之煙霧腰帶` `` 11105
16513 2 1 1 1 1 1 1 1 1 1 1 1 55 `慈悲之心腰帶` `` 11105
16518 2 1 1 1 1 1 1 1 1 1 1 1 60 `王族戰士腰帶` `` 11105
16519 2 1 1 1 1 1 1 1 1 1 1 1 60 `公會守護者腰帶` `` 11105
16520 2 1 1 1 1 1 1 1 1 1 1 1 60 `戰爭預言家腰帶` `` 11105
16521 2 1 1 1 1 1 1 1 1 1 1 1 60 `輝煌之祈愿腰帶` `` 11105
16522 4 1 1 1 1 1 1 1 1 1 1 1 55 `傳承 : 神圣的控魂女神狼皮腰帶` `` 11105
16526 2 1 1 1 1 1 1 1 1 1 1 1 57 `真 ‧ 西部槍手腰帶` `` 11105
16527 2 1 1 1 1 1 1 1 1 1 1 1 57 `真 ‧ 巨鯨之王腰帶` `` 11105
16523 4 1 1 1 1 1 1 1 1 1 1 1 60 `傳承 : 摩羯守護神的狼皮腰帶` `` 11105
16532 2 1 1 1 1 1 1 1 1 1 1 1 62 `真 ‧ 王族戰士腰帶` `` 11105
16533 2 1 1 1 1 1 1 1 1 1 1 1 62 `真 ‧ 公會守護者腰帶` `` 11105
16528 2 1 1 1 1 1 1 1 1 1 1 1 57 `真 ‧ 暮星腰帶` `` 11105
16529 2 1 1 1 1 1 1 1 1 1 1 1 57 `真 ‧ 慈悲之心腰帶` `` 11105
16534 2 1 1 1 1 1 1 1 1 1 1 1 62 `真 ‧ 戰爭預言家腰帶` `` 11105
16530 2 1 1 1 1 1 1 1 1 1 1 1 57 `真 ‧ 精靈的智慧腰帶` `` 11105
16531 2 1 1 1 1 1 1 1 1 1 1 1 62 `真 ‧ 槍之煙霧腰帶` `` 11105
16535 2 1 1 1 1 1 1 1 1 1 1 1 62 `真 ‧ 輝煌之祈愿腰帶` `` 11105
16551 0 1 1 1 1 1 1 1 1 1 1 1 70 `破舊的貂皮腰帶` `` 11105
16552 1 1 1 1 1 1 1 1 1 1 1 1 70 `貂皮腰帶` `` 11105
16554 2 1 1 1 1 1 1 1 1 1 1 1 65 `軍事狂潮腰帶` `` 11105
16556 2 1 1 1 1 1 1 1 1 1 1 1 65 `獵豹冥紋腰帶` `` 11105
16557 2 1 1 1 1 1 1 1 1 1 1 1 65 `魔幻精靈腰帶` `` 11105
16555 2 1 1 1 1 1 1 1 1 1 1 1 65 `鋼鐵亡靈腰帶` `` 11105
16864 1 1 1 1 1 1 1 1 1 1 1 1 50 `黑陶腰帶` `` 11205
16863 0 1 1 1 1 1 1 1 1 1 1 1 50 `破舊的黑陶腰帶` `` 11205
16553 2 1 1 1 1 1 1 1 1 1 1 1 65 `西部奇兵腰帶` `` 11105
16877 4 1 1 1 1 1 1 1 1 1 1 1 45 `傳承 : 神圣的戰爭女神黑陶腰帶` `` 11205
16896 4 1 1 1 1 1 1 1 1 1 1 1 50 `傳承 : 控魂女神的軟陶腰帶` `` 11205
16908 0 1 1 1 1 1 1 1 1 1 1 1 60 `古老的角斗士腰帶` `` 11205
16909 1 1 1 1 1 1 1 1 1 1 1 1 60 `角斗士腰帶` `` 11205
16913 2 1 1 1 1 1 1 1 1 1 1 1 55 `暗黑之焰腰帶` `` 11205
16910 2 1 1 1 1 1 1 1 1 1 1 1 55 `精武之魂腰帶` `` 11205
16911 2 1 1 1 1 1 1 1 1 1 1 1 55 `米格拉的英雄腰帶` `` 11205
16912 2 1 1 1 1 1 1 1 1 1 1 1 55 `霸權者的智慧腰帶` `` 11205
16914 2 1 1 1 1 1 1 1 1 1 1 1 55 `拳王的獨孤腰帶` `` 11205
16919 2 1 1 1 1 1 1 1 1 1 1 1 60 `戰神的兵戎腰帶` `` 11205
16918 2 1 1 1 1 1 1 1 1 1 1 1 60 `風暴追擊者腰帶` `` 11205
16917 2 1 1 1 1 1 1 1 1 1 1 1 60 `黑豹突擊者腰帶` `` 11205
16920 2 1 1 1 1 1 1 1 1 1 1 1 60 `響尾蛇的誘惑腰帶` `` 11205
16921 2 1 1 1 1 1 1 1 1 1 1 1 60 `白馬之影腰帶` `` 11205
16922 4 1 1 1 1 1 1 1 1 1 1 1 55 `傳承 : 神圣的控魂女神軟陶腰帶` `` 11205
16923 4 1 1 1 1 1 1 1 1 1 1 1 60 `傳承 : 摩羯守護神的橡木腰帶` `` 11205
16926 2 1 1 1 1 1 1 1 1 1 1 1 57 `真 ‧ 精武之魂腰帶` `` 11205
16928 2 1 1 1 1 1 1 1 1 1 1 1 57 `真 ‧ 霸權者的智慧腰帶` `` 11205
16930 2 1 1 1 1 1 1 1 1 1 1 1 57 `真 ‧ 拳王的獨孤腰帶` `` 11205
16927 2 1 1 1 1 1 1 1 1 1 1 1 57 `真 ‧ 米格拉的英雄腰帶` `` 11205
16931 2 1 1 1 1 1 1 1 1 1 1 1 62 `真 ‧ 黑豹突擊者腰帶` `` 11205
16929 2 1 1 1 1 1 1 1 1 1 1 1 57 `真 ‧ 暗黑之焰腰帶` `` 11205
16932 2 1 1 1 1 1 1 1 1 1 1 1 62 `真 ‧ 風暴追擊者腰帶` `` 11205
16933 2 1 1 1 1 1 1 1 1 1 1 1 62 `真 ‧ 戰神的兵戎腰帶` `` 11205
16934 2 1 1 1 1 1 1 1 1 1 1 1 62 `真 ‧ 響尾蛇的誘惑腰帶` `` 11205
16951 1 1 1 1 1 1 1 1 1 1 1 1 70 `纖塵腰帶` `` 11205
16950 0 1 1 1 1 1 1 1 1 1 1 1 70 `破舊的纖塵腰帶` `` 11205
16935 2 1 1 1 1 1 1 1 1 1 1 1 62 `真 ‧ 白馬之影腰帶` `` 11205
16952 2 1 1 1 1 1 1 1 1 1 1 1 65 `冶煉鋼甲腰帶` `` 11205
16953 2 1 1 1 1 1 1 1 1 1 1 1 65 `亡命靈魂腰帶` `` 11205
16954 2 1 1 1 1 1 1 1 1 1 1 1 65 `逐光腰帶` `` 11205
17263 0 1 1 1 1 1 1 1 1 1 1 1 50 `生鏽的墨鋼腰帶` `` 11305
16955 2 1 1 1 1 1 1 1 1 1 1 1 65 `命運逆轉腰帶` `` 11205
16956 2 1 1 1 1 1 1 1 1 1 1 1 65 `聚力之魂腰帶` `` 11205
17264 1 1 1 1 1 1 1 1 1 1 1 1 50 `墨鋼腰帶` `` 11305
17277 4 1 1 1 1 1 1 1 1 1 1 1 45 `傳承 : 神圣的戰爭女神墨鋼腰帶` `` 11305
17302 0 1 1 1 1 1 1 1 1 1 1 1 60 `破舊的复合式腰帶` `` 11305
17295 4 1 1 1 1 1 1 1 1 1 1 1 50 `傳承 : 控魂女神的紋鋼腰帶` `` 11305
17303 1 1 1 1 1 1 1 1 1 1 1 1 60 `复合式腰帶` `` 11305
17309 2 1 1 1 1 1 1 1 1 1 1 1 60 `惊魂之厄運腰帶` `` 11305
17305 2 1 1 1 1 1 1 1 1 1 1 1 55 `赤煉腰帶` `` 11305
17304 2 1 1 1 1 1 1 1 1 1 1 1 55 `巨武器破坏者腰帶` `` 11305
17306 2 1 1 1 1 1 1 1 1 1 1 1 55 `血之結界腰帶` `` 11305
17310 2 1 1 1 1 1 1 1 1 1 1 1 60 `后街之王腰帶` `` 11305
17311 2 1 1 1 1 1 1 1 1 1 1 1 60 `蒼狼戰士腰帶` `` 11305
17312 4 1 1 1 1 1 1 1 1 1 1 1 55 `傳承 : 神圣的控魂女神鈦銀腰帶` `` 11305
17317 2 1 1 1 1 1 1 1 1 1 1 1 57 `真 ‧ 赤煉腰帶` `` 11305
17313 4 1 1 1 1 1 1 1 1 1 1 1 60 `傳承 : 摩羯守護神的鉑金腰帶` `` 11305
17316 2 1 1 1 1 1 1 1 1 1 1 1 57 `真 ‧ 巨武器破坏者腰帶` `` 11305
17343 0 1 1 1 1 1 1 1 1 1 1 1 70 `磨損的精銳腰帶` `` 11305
17318 2 1 1 1 1 1 1 1 1 1 1 1 57 `真 ‧ 血之結界腰帶` `` 11305
17321 2 1 1 1 1 1 1 1 1 1 1 1 62 `真 ‧ 蒼狼戰士腰帶` `` 11305
17320 2 1 1 1 1 1 1 1 1 1 1 1 62 `真 ‧ 后街之王腰帶` `` 11305
17319 2 1 1 1 1 1 1 1 1 1 1 1 62 `真 ‧ 惊魂之厄運腰帶` `` 11305
17344 1 1 1 1 1 1 1 1 1 1 1 1 70 `精銳腰帶` `` 11305
17345 2 1 1 1 1 1 1 1 1 1 1 1 65 `鋼鐵意志腰帶` `` 11305
17347 2 1 1 1 1 1 1 1 1 1 1 1 65 `凶神之煞腰帶` `` 11305
17348 2 1 1 1 1 1 1 1 1 1 1 1 65 `罪惡制裁腰帶` `` 11305
17642 0 1 1 1 1 1 1 1 1 1 1 1 50 `損坏的鈦腰帶` `` 11405
17346 2 1 1 1 1 1 1 1 1 1 1 1 65 `迅襲腰帶` `` 11305
17643 1 1 1 1 1 1 1 1 1 1 1 1 50 `鈦腰帶` `` 11405
17650 4 1 1 1 1 1 1 1 1 1 1 1 45 `傳承 : 神圣的戰爭女神鈦鋼護腰` `` 11405
17666 0 1 1 1 1 1 1 1 1 1 1 1 60 `古老的戰地腰帶` `` 11405
17667 1 1 1 1 1 1 1 1 1 1 1 1 60 `戰地腰帶` `` 11405
17662 4 1 1 1 1 1 1 1 1 1 1 1 50 `傳承 : 控魂女神的鈦鋼腰帶` `` 11405
17668 2 1 1 1 1 1 1 1 1 1 1 1 55 `光之流影腰帶` `` 11405
17673 2 1 1 1 1 1 1 1 1 1 1 1 60 `絕地武士腰帶` `` 11405
17670 2 1 1 1 1 1 1 1 1 1 1 1 55 `暮光信徒腰帶` `` 11405
17669 2 1 1 1 1 1 1 1 1 1 1 1 55 `守護者的獻祭腰帶` `` 11405
17674 2 1 1 1 1 1 1 1 1 1 1 1 60 `重生之靈魂腰帶` `` 11405
17675 2 1 1 1 1 1 1 1 1 1 1 1 60 `邪惡之擊腰帶` `` 11405
17676 4 1 1 1 1 1 1 1 1 1 1 1 55 `傳承 : 神圣的控魂女神的鈦鋼腰帶` `` 11405
17677 4 1 1 1 1 1 1 1 1 1 1 1 60 `傳承 : 摩羯守護神的鈦鋼腰帶` `` 11405
17680 2 1 1 1 1 1 1 1 1 1 1 1 57 `真 ‧ 光之流影腰帶` `` 11405
17681 2 1 1 1 1 1 1 1 1 1 1 1 57 `真 ‧ 守護者的獻祭腰帶` `` 11405
17683 2 1 1 1 1 1 1 1 1 1 1 1 62 `真 ‧ 絕地武士腰帶` `` 11405
17699 0 1 1 1 1 1 1 1 1 1 1 1 70 `生鏽的鉑銅腰帶` `` 11405
17682 2 1 1 1 1 1 1 1 1 1 1 1 57 `真 ‧ 暮光信徒腰帶` `` 11405
17684 2 1 1 1 1 1 1 1 1 1 1 1 62 `真 ‧ 重生之靈魂腰帶` `` 11405
17700 1 1 1 1 1 1 1 1 1 1 1 1 70 `鉑銅腰帶` `` 11405
17685 2 1 1 1 1 1 1 1 1 1 1 1 62 `真 ‧ 邪惡之擊腰帶` `` 11405
17701 2 1 1 1 1 1 1 1 1 1 1 1 65 `波動奧義腰帶` `` 11405
17703 2 1 1 1 1 1 1 1 1 1 1 1 65 `金屬風暴腰帶` `` 11405
17702 2 1 1 1 1 1 1 1 1 1 1 1 65 `意念之守護腰帶` `` 11405
18066 0 1 1 1 1 1 1 1 1 1 1 1 50 `破舊的薄紗短靴` `` 11005
18067 1 1 1 1 1 1 1 1 1 1 1 1 50 `薄紗短靴` `` 11005
18092 4 1 1 1 1 1 1 1 1 1 1 1 45 `傳承 : 神圣的戰爭女神薄紗短靴` `` 11005
18116 4 1 1 1 1 1 1 1 1 1 1 1 50 `傳承 : 控魂女神的絹絲短靴` `` 11005
18129 0 1 1 1 1 1 1 1 1 1 1 1 60 `破舊的蚕紗短靴` `` 11005
18130 1 1 1 1 1 1 1 1 1 1 1 1 60 `蚕紗短靴` `` 11005
18145 4 1 1 1 1 1 1 1 1 1 1 1 55 `傳承 : 神圣的控魂女神的絹絲短靴` `` 11005
18149 0 1 1 1 1 1 1 1 1 1 1 1 60 `銀勺團員的戰靴` `` 11005
18146 4 1 1 1 1 1 1 1 1 1 1 1 60 `傳承 : 摩羯守護神的薄紗短靴` `` 11005
18176 0 1 1 1 1 1 1 1 1 1 1 1 70 `破舊的錦絲短靴` `` 11005
18465 0 1 1 1 1 1 1 1 1 1 1 1 50 `破舊的狼皮短靴` `` 11104
18177 1 1 1 1 1 1 1 1 1 1 1 1 70 `錦絲短靴` `` 11005
18466 1 1 1 1 1 1 1 1 1 1 1 1 50 `絨面扣帶皮鞋` `` 11104
18504 4 1 1 1 1 1 1 1 1 1 1 1 50 `傳承 : 控魂女神的狼皮短靴` `` 11104
18484 4 1 1 1 1 1 1 1 1 1 1 1 45 `傳承 : 神圣的戰爭女神狼皮長靴` `` 11104
18519 1 1 1 1 1 1 1 1 1 1 1 1 60 `蟒皮短靴` `` 11104
18532 4 1 1 1 1 1 1 1 1 1 1 1 55 `傳承 : 神圣的控魂女神狼皮長靴` `` 11104
18518 0 1 1 1 1 1 1 1 1 1 1 1 60 `古老的蟒皮短靴` `` 11104
18864 0 1 1 1 1 1 1 1 1 1 1 1 50 `破舊的黑陶短靴` `` 11204
18533 4 1 1 1 1 1 1 1 1 1 1 1 60 `傳承 : 摩羯守護神的狼皮長靴` `` 11104
18903 4 1 1 1 1 1 1 1 1 1 1 1 50 `傳承 : 控魂女神的軟陶短靴` `` 11204
18865 1 1 1 1 1 1 1 1 1 1 1 1 50 `黑陶短靴` `` 11204
18560 1 1 1 1 1 1 1 1 1 1 1 1 70 `貂皮短靴` `` 11104
18882 4 1 1 1 1 1 1 1 1 1 1 1 45 `傳承 : 神圣的戰爭女神黑陶長靴` `` 11204
18559 0 1 1 1 1 1 1 1 1 1 1 1 70 `破舊的貂皮短靴` `` 11104
18917 0 1 1 1 1 1 1 1 1 1 1 1 60 `古老的角斗士長靴` `` 11204
18918 1 1 1 1 1 1 1 1 1 1 1 1 60 `角斗士長靴` `` 11204
18932 4 1 1 1 1 1 1 1 1 1 1 1 60 `傳承 : 摩羯守護神的楠木短靴` `` 11204
18960 1 1 1 1 1 1 1 1 1 1 1 1 70 `纖塵短靴` `` 11204
18959 0 1 1 1 1 1 1 1 1 1 1 1 70 `破舊的纖塵短靴` `` 11204
19264 0 1 1 1 1 1 1 1 1 1 1 1 50 `生鏽的墨鋼長靴` `` 11304
18931 4 1 1 1 1 1 1 1 1 1 1 1 55 `傳承 : 神圣的控魂女神軟陶短靴` `` 11204
19265 1 1 1 1 1 1 1 1 1 1 1 1 50 `墨鋼長靴` `` 11304
19301 4 1 1 1 1 1 1 1 1 1 1 1 50 `傳承 : 控魂女神的紋鋼短靴` `` 11304
19282 4 1 1 1 1 1 1 1 1 1 1 1 45 `傳承 : 神圣的戰爭女神墨鋼長靴` `` 11304
19309 0 1 1 1 1 1 1 1 1 1 1 1 60 `破舊的复合式長靴` `` 11304
19310 1 1 1 1 1 1 1 1 1 1 1 1 60 `复合式長靴` `` 11304
19319 4 1 1 1 1 1 1 1 1 1 1 1 55 `傳承 : 神圣的控魂女神鈦銀長靴` `` 11304
19320 4 1 1 1 1 1 1 1 1 1 1 1 60 `傳承 : 摩羯守護神的鉑金長靴` `` 11304
19350 0 1 1 1 1 1 1 1 1 1 1 1 70 `磨損的精銳長靴` `` 11304
19642 0 1 1 1 1 1 1 1 1 1 1 1 50 `損坏的鈦長靴` `` 11404
19351 1 1 1 1 1 1 1 1 1 1 1 1 70 `精銳長靴` `` 11304
19643 1 1 1 1 1 1 1 1 1 1 1 1 50 `鈦長靴` `` 11404
19654 4 1 1 1 1 1 1 1 1 1 1 1 45 `傳承 : 神圣的戰爭女神鈦鋼長靴` `` 11404
19668 4 1 1 1 1 1 1 1 1 1 1 1 50 `傳承 : 控魂女神的鈦鋼短靴` `` 11404
19674 0 1 1 1 1 1 1 1 1 1 1 1 60 `古老的戰地短靴` `` 11404
19675 1 1 1 1 1 1 1 1 1 1 1 1 60 `戰地短靴` `` 11404
19684 4 1 1 1 1 1 1 1 1 1 1 1 55 `傳承 : 神圣的控魂女神的鈦鋼短靴` `` 11404
19685 4 1 1 1 1 1 1 1 1 1 1 1 60 `傳承 : 摩羯守護神的黑鋼短靴` `` 11404
19706 0 1 1 1 1 1 1 1 1 1 1 1 70 `生鏽的鉑銅戰靴` `` 11404
20084 0 1 1 1 1 1 1 1 1 1 1 1 50 `褪色的黃玉胸墜` `` 12001
20085 1 1 1 1 1 1 1 1 1 1 1 1 50 `黃玉胸墜` `` 12001
19707 1 1 1 1 1 1 1 1 1 1 1 1 70 `鉑銅戰靴` `` 11404
20088 0 1 1 1 1 1 1 1 1 1 1 1 60 `磨損的翡翠胸針` `` 12001
20093 3 1 1 1 1 1 1 1 1 1 1 1 50 `王者之星` `` 12001
20089 1 1 1 1 1 1 1 1 1 1 1 1 60 `翡翠胸針` `` 12001
20103 4 1 1 1 1 1 1 1 1 1 1 1 50 `傳承 : 神圣的斗魔命運胸墜` `` 12001
20132 3 1 1 1 1 1 1 1 1 1 1 1 58 `牛頭械王的召喚芯片` `` 12001
20129 3 1 1 1 1 1 1 1 1 1 1 1 55 `守護者之魂` `` 12001
20127 4 1 1 1 1 1 1 1 1 1 1 1 55 `傳承 : 幻魔精靈胸墜` `` 12001
20134 3 1 1 1 1 1 1 1 1 1 1 1 64 `狂亂之核` `` 12001
20130 3 1 1 1 1 1 1 1 1 1 1 1 55 `閃耀者之魂` `` 12001
20135 3 1 1 1 1 1 1 1 1 1 1 1 64 `墮落之血項鏈` `` 12001
20131 3 1 1 1 1 1 1 1 1 1 1 1 58 `牛頭械王的護心鏡` `` 12001
20152 3 1 1 1 1 1 1 1 1 1 1 1 60 `靜寂之閃耀項鏈` `` 12001
22086 0 1 1 1 1 1 1 1 1 1 1 1 60 `磨損的翡翠手鐲` `` 12003
22082 0 1 1 1 1 1 1 1 1 1 1 1 50 `褪色的黃玉手鐲` `` 12003
20147 4 1 1 1 1 1 1 1 1 1 1 1 60 `傳承 : 神圣的幻魔精靈胸墜` `` 12001
22083 1 1 1 1 1 1 1 1 1 1 1 1 50 `黃玉手鐲` `` 12003
20151 4 1 1 1 1 1 1 1 1 1 1 1 65 `傳承 : 伽藍智者胸針` `` 12001
22087 1 1 1 1 1 1 1 1 1 1 1 1 60 `翡翠手鐲` `` 12003
22092 3 1 1 1 1 1 1 1 1 1 1 1 50 `羅杰的金表` `` 12003
22102 4 1 1 1 1 1 1 1 1 1 1 1 50 `傳承 : 神圣的斗魔命運手鏈` `` 12003
22122 4 1 1 1 1 1 1 1 1 1 1 1 55 `傳承 : 幻魔精靈手鏈` `` 12003
22124 3 1 1 1 1 1 1 1 1 1 1 1 55 `燃燒者之魂` `` 12003
22125 3 1 1 1 1 1 1 1 1 1 1 1 55 `冰凍者之魂` `` 12003
22126 3 1 1 1 1 1 1 1 1 1 1 1 58 `哈尼克之牙` `` 12003
22127 3 1 1 1 1 1 1 1 1 1 1 1 58 `哈尼克的護面` `` 12003
22129 3 1 1 1 1 1 1 1 1 1 1 1 64 `幻影之靈` `` 12003
22143 4 1 1 1 1 1 1 1 1 1 1 1 65 `傳承 : 伽藍智者手鐲` `` 12003
22139 4 1 1 1 1 1 1 1 1 1 1 1 60 `傳承 : 神圣的幻魔精靈手鐲` `` 12003
22144 3 1 1 1 1 1 1 1 1 1 1 1 60 `狂獅之吼` `` 12003
24084 0 1 1 1 1 1 1 1 1 1 1 1 50 `磨損的翡翠戒指` `` 12002
24088 0 1 1 1 1 1 1 1 1 1 1 1 60 `磨損的紅寶石戒指` `` 12002
24085 1 1 1 1 1 1 1 1 1 1 1 1 50 `翡翠戒指` `` 12002
24089 1 1 1 1 1 1 1 1 1 1 1 1 60 `紅寶石戒指` `` 12002
24104 4 1 1 1 1 1 1 1 1 1 1 1 50 `傳承 : 神圣的斗魔命運之戒` `` 12002
24094 3 1 1 1 1 1 1 1 1 1 1 1 50 `天帷巨獸之眼` `` 12002
24131 4 1 1 1 1 1 1 1 1 1 1 1 55 `傳承 : 幻魔精靈之戒` `` 12002
24136 3 1 1 1 1 1 1 1 1 1 1 1 58 `瘋狂伊凡的避火裝置` `` 12002
24135 3 1 1 1 1 1 1 1 1 1 1 1 58 `瘋狂伊凡的炸藥包` `` 12002
24134 3 1 1 1 1 1 1 1 1 1 1 1 55 `悸動者之魂` `` 12002
24138 3 1 1 1 1 1 1 1 1 1 1 1 64 `幽暗迷淵之戒` `` 12002
24133 3 1 1 1 1 1 1 1 1 1 1 1 55 `漩渦者之魂` `` 12002
24158 3 1 1 1 1 1 1 1 1 1 1 1 60 `燃燒之烈焰` `` 12002
24157 4 1 1 1 1 1 1 1 1 1 1 1 65 `傳承 : 伽藍智者戒指` `` 12002
24153 4 1 1 1 1 1 1 1 1 1 1 1 60 `傳承 : 神圣的幻魔精靈戒指` `` 12002
24211 3 1 1 1 1 1 1 1 1 1 1 1 60 `泰坦的強化戒指` `` 12002
29074 0 1 1 1 1 1 1 1 1 1 1 1 50 `殘破的格斗手套` `` 10202
29075 1 1 1 1 1 1 1 1 1 1 1 1 50 `格斗手套` `` 10202
29078 3 1 1 1 1 1 1 1 1 1 1 1 50 `冥日手套` `` 10202
29107 2 1 1 1 1 1 1 1 1 1 1 1 55 `遠古逆襲之戰爭手套` `` 10202
29092 4 1 1 1 1 1 1 1 1 1 1 1 50 `傳承 : 暗影精靈之格斗手套` `` 10202
29122 0 1 1 1 1 1 1 1 1 1 1 1 60 `破舊的強力手套` `` 10202
29123 1 1 1 1 1 1 1 1 1 1 1 1 60 `強力手套` `` 10202
29109 4 1 1 1 1 1 1 1 1 1 1 1 55 `傳承 : 雷譴精靈之紗絨手套` `` 10202
29125 2 1 1 1 1 1 1 1 1 1 1 1 60 `合气之組合手套` `` 10202
29126 4 1 1 1 1 1 1 1 1 1 1 1 60 `傳承 : 暴風天使的搏擊手套` `` 10202
29132 3 1 1 1 1 1 1 1 1 1 1 1 60 `天堂之號角` `` 10202
29130 2 1 1 1 1 1 1 1 1 1 1 1 65 `毒龍手套` `` 10202
29131 4 1 1 1 1 1 1 1 1 1 1 1 65 `傳承 : 圣光精靈的強力手套` `` 10202
29142 3 1 1 1 1 1 1 1 1 1 1 1 60 `怒龍之鱗` `` 10202
29165 0 1 1 1 1 1 1 1 1 1 1 1 70 `生鏽的軍用鐵指虎` `` 10202
29166 1 1 1 1 1 1 1 1 1 1 1 1 70 `軍用鐵指虎` `` 10202
39374 0 1 1 1 1 1 1 1 1 1 1 1 50 `粗糙的玄鐵臂鎧` `` 10203
29355 2 1 1 1 1 1 1 1 1 1 1 1 55 `遠古逆襲之戰爭臂鎧` `` 10203
39375 1 1 1 1 1 1 1 1 1 1 1 1 50 `玄鐵臂鎧` `` 10203
29357 4 1 1 1 1 1 1 1 1 1 1 1 55 `傳承 : 憤怒精靈之戰爭臂鎧` `` 10203
39378 3 1 1 1 1 1 1 1 1 1 1 1 50 `血之魂臂鎧` `` 10203
29360 3 1 1 1 1 1 1 1 1 1 1 1 58 `牛頭械王的臂鎧` `` 10203
39392 4 1 1 1 1 1 1 1 1 1 1 1 50 `傳承 : 玄月精靈之玄鐵臂鎧` `` 10203
29160 3 1 1 1 1 1 1 1 1 1 1 1 65 `戰爭英雄之無雙手套` `` 10202
29366 0 1 1 1 1 1 1 1 1 1 1 1 60 `破舊的凱芙拉臂鎧` `` 10203
29367 1 1 1 1 1 1 1 1 1 1 1 1 60 `凱芙拉臂鎧` `` 10203
29373 2 1 1 1 1 1 1 1 1 1 1 1 65 `冬之逝臂鎧` `` 10203
29368 2 1 1 1 1 1 1 1 1 1 1 1 60 `千足臂鎧` `` 10203
29370 4 1 1 1 1 1 1 1 1 1 1 1 60 `傳承 : 雷霆天使的戰爭臂鎧` `` 10203
29376 3 1 1 1 1 1 1 1 1 1 1 1 60 `OP臂鎧` `` 10203
29375 4 1 1 1 1 1 1 1 1 1 1 1 65 `傳承 : 玄冥精靈的凱芙拉臂鎧` `` 10203
29407 1 1 1 1 1 1 1 1 1 1 1 1 70 `异能臂鎧` `` 10203
29406 0 1 1 1 1 1 1 1 1 1 1 1 70 `殘破的异能臂鎧` `` 10203
29671 0 1 1 1 1 1 1 1 1 1 1 1 50 `古舊的格斗爪` `` 10204
29672 1 1 1 1 1 1 1 1 1 1 1 1 50 `格斗爪` `` 10204
29386 3 1 1 1 1 1 1 1 1 1 1 1 60 `眾神之錘臂鎧` `` 10203
29675 3 1 1 1 1 1 1 1 1 1 1 1 50 `摩根之爪` `` 10204
29705 2 1 1 1 1 1 1 1 1 1 1 1 55 `遠古逆襲之釘頭爪` `` 10204
29689 4 1 1 1 1 1 1 1 1 1 1 1 50 `傳承 : 玄冰精靈之尖爪` `` 10204
29707 4 1 1 1 1 1 1 1 1 1 1 1 55 `傳承 : 极炎精靈之野人骨爪` `` 10204
29710 3 1 1 1 1 1 1 1 1 1 1 1 64 `痛苦之釘` `` 10204
29717 0 1 1 1 1 1 1 1 1 1 1 1 60 `殘破的野蠻之爪` `` 10204
29718 1 1 1 1 1 1 1 1 1 1 1 1 60 `野蠻之爪` `` 10204
29401 3 1 1 1 1 1 1 1 1 1 1 1 65 `戰爭英雄之無雙臂鎧` `` 10203
29719 2 1 1 1 1 1 1 1 1 1 1 1 60 `戰栗之爪` `` 10204
29724 2 1 1 1 1 1 1 1 1 1 1 1 65 `赤影烈焰爪` `` 10204
29721 4 1 1 1 1 1 1 1 1 1 1 1 60 `傳承 : 守望天使的釘頭爪` `` 10204
29727 3 1 1 1 1 1 1 1 1 1 1 1 60 `千足蜈蚣爪` `` 10204
29726 4 1 1 1 1 1 1 1 1 1 1 1 65 `傳承 : 洛水精靈的蠻荒骨爪` `` 10204
29758 0 1 1 1 1 1 1 1 1 1 1 1 70 `生鏽的天鷹之爪` `` 10204
29737 3 1 1 1 1 1 1 1 1 1 1 1 60 `死神的嗜魂爪` `` 10204
29759 1 1 1 1 1 1 1 1 1 1 1 1 70 `天鷹之爪` `` 10204
29972 0 1 1 1 1 1 1 1 1 1 1 1 50 `古老的格斗東方棍` `` 10206
29973 1 1 1 1 1 1 1 1 1 1 1 1 50 `格斗東方棍` `` 10206
29976 3 1 1 1 1 1 1 1 1 1 1 1 50 `龍旋破軍棍` `` 10206
29990 4 1 1 1 1 1 1 1 1 1 1 1 50 `傳承 : 玄冰精靈之格斗東方棍` `` 10206
30003 2 1 1 1 1 1 1 1 1 1 1 1 55 `遠古逆襲之黃霧東方棍` `` 10206
30005 4 1 1 1 1 1 1 1 1 1 1 1 55 `傳承 : 恐懼精靈之釘頭東方棍` `` 10206
30013 0 1 1 1 1 1 1 1 1 1 1 1 60 `古老的橡木東方棍` `` 10206
30014 1 1 1 1 1 1 1 1 1 1 1 1 60 `橡木東方棍` `` 10206
30016 2 1 1 1 1 1 1 1 1 1 1 1 60 `天襲東方棍` `` 10206
29753 3 1 1 1 1 1 1 1 1 1 1 1 65 `戰爭英雄之無雙利爪` `` 10204
30021 2 1 1 1 1 1 1 1 1 1 1 1 65 `裂波東方棍` `` 10206
30023 3 1 1 1 1 1 1 1 1 1 1 1 60 `勇士之戰歌` `` 10206
30017 4 1 1 1 1 1 1 1 1 1 1 1 60 `傳承 : 破坏天使的黃霧東方棍` `` 10206
30022 4 1 1 1 1 1 1 1 1 1 1 1 65 `傳承 : 炎魔精靈的橡木東方棍` `` 10206
30053 0 1 1 1 1 1 1 1 1 1 1 1 70 `生鏽的玄鐵東方棍` `` 10206
30054 1 1 1 1 1 1 1 1 1 1 1 1 70 `玄鐵東方棍` `` 10206
30033 3 1 1 1 1 1 1 1 1 1 1 1 60 `暗影之痕` `` 10206
30252 3 1 1 1 1 1 1 1 1 1 1 1 50 `海妖散月拳套` `` 10205
30250 1 1 1 1 1 1 1 1 1 1 1 1 50 `玄鐵拳套` `` 10205
30254 0 1 1 1 1 1 1 1 1 1 1 1 50 `古老的玄鐵拳套` `` 10205
30273 2 1 1 1 1 1 1 1 1 1 1 1 55 `遠古逆襲之卡其布拳套` `` 10205
30261 4 1 1 1 1 1 1 1 1 1 1 1 50 `傳承 ﹕冥火精靈之雄獅拳套` `` 10205
30275 4 1 1 1 1 1 1 1 1 1 1 1 55 `傳承 : 雷譴精靈之青龍拳套` `` 10205
30281 0 1 1 1 1 1 1 1 1 1 1 1 60 `殘破的搏擊拳套` `` 10205
30282 1 1 1 1 1 1 1 1 1 1 1 1 60 `搏擊拳套` `` 10205
30048 3 1 1 1 1 1 1 1 1 1 1 1 65 `戰爭英雄之無雙棍` `` 10206
30288 2 1 1 1 1 1 1 1 1 1 1 1 65 `冰霜拳套` `` 10205
30284 2 1 1 1 1 1 1 1 1 1 1 1 60 `霉菌拳套` `` 10205
30285 4 1 1 1 1 1 1 1 1 1 1 1 60 `傳承 : 雷霆天使的的赫恩斯拳套` `` 10205
30290 4 1 1 1 1 1 1 1 1 1 1 1 65 `傳承 : 圣光精靈的搏擊拳套` `` 10205
30291 3 1 1 1 1 1 1 1 1 1 1 1 60 `极炎地獄` `` 10205
30320 0 1 1 1 1 1 1 1 1 1 1 1 70 `磨破的裂岩拳套` `` 10205
31073 0 1 1 1 1 1 1 1 1 1 1 1 50 `舊式窄口左輪槍` `` 10302
30321 1 1 1 1 1 1 1 1 1 1 1 1 70 `裂岩拳套` `` 10205
31074 1 1 1 1 1 1 1 1 1 1 1 1 50 `窄口左輪槍` `` 10302
31091 4 1 1 1 1 1 1 1 1 1 1 1 50 `傳承 : 玄冰精靈之窄口左輪槍` `` 10302
30301 3 1 1 1 1 1 1 1 1 1 1 1 60 `极寒地獄` `` 10205
31118 1 1 1 1 1 1 1 1 1 1 1 1 60 `弗雷克左輪槍` `` 10302
31117 0 1 1 1 1 1 1 1 1 1 1 1 60 `殘破的弗雷克左輪槍` `` 10302
31107 2 1 1 1 1 1 1 1 1 1 1 1 55 `遠古逆襲之威洛左輪槍` `` 10302
31077 3 1 1 1 1 1 1 1 1 1 1 1 50 `死亡舞步` `` 10302
31109 4 1 1 1 1 1 1 1 1 1 1 1 55 `傳承 : 雷譴精靈之德克左輪槍` `` 10302
31120 2 1 1 1 1 1 1 1 1 1 1 1 60 `海之女神左輪槍` `` 10302
31124 2 1 1 1 1 1 1 1 1 1 1 1 65 `破甲左輪槍` `` 10302
31121 4 1 1 1 1 1 1 1 1 1 1 1 60 `傳承 : 寒冰天使的威洛左輪槍` `` 10302
30315 3 1 1 1 1 1 1 1 1 1 1 1 65 `戰爭英雄之無雙拳套` `` 10205
31126 4 1 1 1 1 1 1 1 1 1 1 1 65 `傳承 : 玄冥精靈的弗雷克左輪槍` `` 10302
31140 3 1 1 1 1 1 1 1 1 1 1 1 60 `死亡之喘息` `` 10302
31127 3 1 1 1 1 1 1 1 1 1 1 1 60 `橫掃千軍` `` 10302
31372 1 1 1 1 1 1 1 1 1 1 1 1 50 `阿提手槍` `` 10303
31161 0 1 1 1 1 1 1 1 1 1 1 1 70 `磨損的袖珍左輪` `` 10302
31371 0 1 1 1 1 1 1 1 1 1 1 1 50 `古老的阿提手槍` `` 10303
31162 1 1 1 1 1 1 1 1 1 1 1 1 70 `袖珍左輪` `` 10302
31375 3 1 1 1 1 1 1 1 1 1 1 1 50 `爆裂者 - 血鷹` `` 10303
31389 4 1 1 1 1 1 1 1 1 1 1 1 50 `傳承 : 暗影精靈之阿提手槍` `` 10303
31403 2 1 1 1 1 1 1 1 1 1 1 1 55 `遠古逆襲之冰感手槍` `` 10303
31414 0 1 1 1 1 1 1 1 1 1 1 1 60 `古老的毛瑟槍 - T` `` 10303
31415 1 1 1 1 1 1 1 1 1 1 1 1 60 `毛瑟槍 - T` `` 10303
31155 3 1 1 1 1 1 1 1 1 1 1 1 65 `戰爭英雄之無雙左輪` `` 10302
31405 4 1 1 1 1 1 1 1 1 1 1 1 55 `傳承 : 极炎精靈之自動手槍` `` 10303
31417 2 1 1 1 1 1 1 1 1 1 1 1 60 `戰神之子手槍` `` 10303
31421 2 1 1 1 1 1 1 1 1 1 1 1 65 `异界艦隊手槍` `` 10303
31418 4 1 1 1 1 1 1 1 1 1 1 1 60 `傳承 : 禁錮天使的冰感手槍` `` 10303
31424 3 1 1 1 1 1 1 1 1 1 1 1 60 `天籟之音` `` 10303
31423 4 1 1 1 1 1 1 1 1 1 1 1 65 `傳承 : 圣光精靈的毛瑟槍 - T` `` 10303
31434 3 1 1 1 1 1 1 1 1 1 1 1 60 `釘射之嘯手槍` `` 10303
31451 0 1 1 1 1 1 1 1 1 1 1 1 70 `生鏽的沙塵手槍` `` 10303
31452 1 1 1 1 1 1 1 1 1 1 1 1 70 `沙塵手槍` `` 10303
31675 1 1 1 1 1 1 1 1 1 1 1 1 50 `強風短弩` `` 10306
31672 3 1 1 1 1 1 1 1 1 1 1 1 50 `幽靈手弩` `` 10306
31688 0 1 1 1 1 1 1 1 1 1 1 1 50 `古老的強風短弩` `` 10306
31687 4 1 1 1 1 1 1 1 1 1 1 1 50 `傳承 : 玄月精靈之斯卡手弩` `` 10306
31701 2 1 1 1 1 1 1 1 1 1 1 1 55 `遠古逆襲之黑雀弩` `` 10306
31703 4 1 1 1 1 1 1 1 1 1 1 1 55 `傳承 : 雷譴精靈之速射弩` `` 10306
31706 3 1 1 1 1 1 1 1 1 1 1 1 64 `野戰隊長的奇襲手弩` `` 10306
31711 0 1 1 1 1 1 1 1 1 1 1 1 60 `破舊的誘捕手弩` `` 10306
31712 1 1 1 1 1 1 1 1 1 1 1 1 60 `誘捕手弩` `` 10306
31445 3 1 1 1 1 1 1 1 1 1 1 1 65 `戰爭英雄之無雙手槍` `` 10303
31714 2 1 1 1 1 1 1 1 1 1 1 1 60 `海神之子手弩` `` 10306
31718 2 1 1 1 1 1 1 1 1 1 1 1 65 `水澤女神之弩` `` 10306
31721 3 1 1 1 1 1 1 1 1 1 1 1 60 `遠古射手的秘技` `` 10306
31715 4 1 1 1 1 1 1 1 1 1 1 1 60 `傳承 : 守望天使的黑雀弩` `` 10306
31720 4 1 1 1 1 1 1 1 1 1 1 1 65 `傳承 : 玄冥精靈的誘捕手弩` `` 10306
31749 1 1 1 1 1 1 1 1 1 1 1 1 70 `沙塵戰弩` `` 10306
31748 0 1 1 1 1 1 1 1 1 1 1 1 70 `破舊的沙塵戰弩` `` 10306
31979 0 1 1 1 1 1 1 1 1 1 1 1 50 `古老的复合式手槍` `` 10304
31976 1 1 1 1 1 1 1 1 1 1 1 1 50 `复合式手槍` `` 10304
31973 3 1 1 1 1 1 1 1 1 1 1 1 50 `暗夜潛行者` `` 10304
31989 4 1 1 1 1 1 1 1 1 1 1 1 50 `傳承 : 玄冰精靈之軍用步槍` `` 10304
31731 3 1 1 1 1 1 1 1 1 1 1 1 60 `冰冷的微笑` `` 10306
31998 2 1 1 1 1 1 1 1 1 1 1 1 55 `遠古逆襲之火統` `` 10304
32008 0 1 1 1 1 1 1 1 1 1 1 1 60 `破舊的錐形步槍` `` 10304
32009 1 1 1 1 1 1 1 1 1 1 1 1 60 `錐形步槍` `` 10304
32000 4 1 1 1 1 1 1 1 1 1 1 1 55 `傳承 : 憤怒精靈之燧發槍` `` 10304
32011 2 1 1 1 1 1 1 1 1 1 1 1 60 `亥伯龍神` `` 10304
32012 4 1 1 1 1 1 1 1 1 1 1 1 60 `傳承 : 圣擊天使的火統` `` 10304
31743 3 1 1 1 1 1 1 1 1 1 1 1 65 `戰爭英雄之無雙手弩` `` 10306
32015 2 1 1 1 1 1 1 1 1 1 1 1 65 `黑暗之煙霧` `` 10304
32018 3 1 1 1 1 1 1 1 1 1 1 1 60 `不朽之戰士` `` 10304
32017 4 1 1 1 1 1 1 1 1 1 1 1 65 `傳承 : 洛水精靈的錐形步槍` `` 10304
32028 3 1 1 1 1 1 1 1 1 1 1 1 60 `守護之雙子` `` 10304
32046 0 1 1 1 1 1 1 1 1 1 1 1 70 `生鏽的突擊步槍` `` 10304
32047 1 1 1 1 1 1 1 1 1 1 1 1 70 `突擊步槍` `` 10304
32270 0 1 1 1 1 1 1 1 1 1 1 1 50 `舊式火焰噴射器` `` 10305
32271 1 1 1 1 1 1 1 1 1 1 1 1 50 `火焰噴射器` `` 10305
32274 3 1 1 1 1 1 1 1 1 1 1 1 50 `白焰翼龍` `` 10305
32288 4 1 1 1 1 1 1 1 1 1 1 1 50 `傳承 : 暗影精靈之火焰噴射器` `` 10305
32302 4 1 1 1 1 1 1 1 1 1 1 1 55 `傳承 : 恐懼精靈之合金手炮` `` 10305
32300 2 1 1 1 1 1 1 1 1 1 1 1 55 `遠古逆襲之火焰噴射器` `` 10305
32313 0 1 1 1 1 1 1 1 1 1 1 1 60 `破舊的曼諾克手炮` `` 10305
32314 1 1 1 1 1 1 1 1 1 1 1 1 60 `曼諾克手炮` `` 10305
32305 3 1 1 1 1 1 1 1 1 1 1 1 61 `戮蠱的哀鳴炮` `` 10305
32039 3 1 1 1 1 1 1 1 1 1 1 1 65 `戰爭英雄之無雙步槍` `` 10304
32320 2 1 1 1 1 1 1 1 1 1 1 1 65 `強化手炮` `` 10305
32315 2 1 1 1 1 1 1 1 1 1 1 1 60 `癱瘓手炮` `` 10305
32317 4 1 1 1 1 1 1 1 1 1 1 1 60 `傳承 : 守望天使的袖珍手炮` `` 10305
32322 4 1 1 1 1 1 1 1 1 1 1 1 65 `傳承 : 炎魔精靈的曼諾克手炮` `` 10305
32323 3 1 1 1 1 1 1 1 1 1 1 1 60 `達達尼爾的便攜手炮` `` 10305
32356 0 1 1 1 1 1 1 1 1 1 1 1 70 `老式的爆炎手炮` `` 10305
32357 1 1 1 1 1 1 1 1 1 1 1 1 70 `爆炎手炮` `` 10305
33040 1 1 1 1 1 1 1 1 1 1 1 1 50 `紫刃長矛` `` 10402
32335 3 1 1 1 1 1 1 1 1 1 1 1 60 `叛軍之首領` `` 10305
33054 0 1 1 1 1 1 1 1 1 1 1 1 50 `彎曲的紫刃長矛` `` 10402
33053 4 1 1 1 1 1 1 1 1 1 1 1 50 `傳承 : 玄冰精靈之戰戟` `` 10402
33042 3 1 1 1 1 1 1 1 1 1 1 1 50 `冰龍掩日矛` `` 10402
33067 2 1 1 1 1 1 1 1 1 1 1 1 55 `遠古逆襲之蝎子長矛` `` 10402
33081 0 1 1 1 1 1 1 1 1 1 1 1 60 `破舊的哈斯特長矛` `` 10402
33072 3 1 1 1 1 1 1 1 1 1 1 1 61 `戮蠱的骨矛` `` 10402
33069 4 1 1 1 1 1 1 1 1 1 1 1 55 `傳承 : 恐懼精靈之逐日戟` `` 10402
33082 1 1 1 1 1 1 1 1 1 1 1 1 60 `哈斯特長矛` `` 10402
32351 3 1 1 1 1 1 1 1 1 1 1 1 65 `戰爭英雄之無雙加農炮` `` 10305
33085 4 1 1 1 1 1 1 1 1 1 1 1 60 `傳承 : 破坏天使的蝎尾矛` `` 10402
33088 2 1 1 1 1 1 1 1 1 1 1 1 65 `极刃蛇矛` `` 10402
33083 2 1 1 1 1 1 1 1 1 1 1 1 60 `冰河之矛` `` 10402
33090 4 1 1 1 1 1 1 1 1 1 1 1 65 `傳承 : 圣光精靈的哈斯特長矛` `` 10402
33091 3 1 1 1 1 1 1 1 1 1 1 1 60 `极炎之星` `` 10402
33101 3 1 1 1 1 1 1 1 1 1 1 1 60 `藍色幽靈` `` 10402
33120 1 1 1 1 1 1 1 1 1 1 1 1 70 `云影長矛` `` 10402
33344 0 1 1 1 1 1 1 1 1 1 1 1 50 `破損的秘銀長棍` `` 10403
33119 0 1 1 1 1 1 1 1 1 1 1 1 70 `破舊的云影長矛` `` 10402
33340 1 1 1 1 1 1 1 1 1 1 1 1 50 `秘銀長棍` `` 10403
33354 4 1 1 1 1 1 1 1 1 1 1 1 50 `傳承 : 玄月精靈之水晶長棍` `` 10403
33342 3 1 1 1 1 1 1 1 1 1 1 1 50 `玉龍奔雷棍` `` 10403
33371 2 1 1 1 1 1 1 1 1 1 1 1 55 `遠古逆襲之厄特爾長棍` `` 10403
33386 0 1 1 1 1 1 1 1 1 1 1 1 60 `破舊的維卡長棍` `` 10403
33387 1 1 1 1 1 1 1 1 1 1 1 1 60 `維卡長棍` `` 10403
33373 4 1 1 1 1 1 1 1 1 1 1 1 55 `傳承 : 极炎精靈之秘銀長棍` `` 10403
33389 2 1 1 1 1 1 1 1 1 1 1 1 60 `青玉戰棍` `` 10403
33390 4 1 1 1 1 1 1 1 1 1 1 1 60 `傳承 : 毒獄天使的厄特爾棍` `` 10403
33394 2 1 1 1 1 1 1 1 1 1 1 1 65 `藍雪冰晶長棍` `` 10403
33114 3 1 1 1 1 1 1 1 1 1 1 1 65 `戰爭英雄之無雙戰矛` `` 10402
33395 4 1 1 1 1 1 1 1 1 1 1 1 65 `傳承 : 炎魔精靈的維卡長棍` `` 10403
33396 3 1 1 1 1 1 1 1 1 1 1 1 60 `鞭策之寶石` `` 10403
33424 0 1 1 1 1 1 1 1 1 1 1 1 70 `生鏽的鋼鐵玫瑰長棍` `` 10403
33425 1 1 1 1 1 1 1 1 1 1 1 1 70 `鋼鐵玫瑰長棍` `` 10403
33640 1 1 1 1 1 1 1 1 1 1 1 1 50 `秘銀魔杖` `` 10404
33406 3 1 1 1 1 1 1 1 1 1 1 1 60 `元素戰棍` `` 10403
33644 0 1 1 1 1 1 1 1 1 1 1 1 50 `古老的秘銀魔杖` `` 10404
33642 3 1 1 1 1 1 1 1 1 1 1 1 50 `魔音護魂魔杖` `` 10404
33654 4 1 1 1 1 1 1 1 1 1 1 1 50 `傳承 : 暗影精靈之水晶魔杖` `` 10404
33667 2 1 1 1 1 1 1 1 1 1 1 1 55 `遠古逆襲之厄特爾魔杖` `` 10404
33669 4 1 1 1 1 1 1 1 1 1 1 1 55 `傳承 : 雷譴精靈之白金魔杖` `` 10404
33681 0 1 1 1 1 1 1 1 1 1 1 1 60 `破舊的艾利婭魔杖` `` 10404
33682 1 1 1 1 1 1 1 1 1 1 1 1 60 `艾利婭魔杖` `` 10404
33684 2 1 1 1 1 1 1 1 1 1 1 1 60 `變形魔杖` `` 10404
33419 3 1 1 1 1 1 1 1 1 1 1 1 65 `戰爭英雄之無雙長棍` `` 10403
33690 4 1 1 1 1 1 1 1 1 1 1 1 65 `傳承 : 洛水精靈的艾利婭魔杖` `` 10404
33691 3 1 1 1 1 1 1 1 1 1 1 1 60 `黑貓魔杖` `` 10404
33685 4 1 1 1 1 1 1 1 1 1 1 1 60 `傳承 : 圣擊天使的厄特爾魔杖` `` 10404
33688 2 1 1 1 1 1 1 1 1 1 1 1 65 `毒菌棒棒糖` `` 10404
33720 0 1 1 1 1 1 1 1 1 1 1 1 70 `破舊的暗域魔杖` `` 10404
33701 3 1 1 1 1 1 1 1 1 1 1 1 60 `赤貓魔杖` `` 10404
33721 1 1 1 1 1 1 1 1 1 1 1 1 70 `暗域魔杖` `` 10404
33941 1 1 1 1 1 1 1 1 1 1 1 1 50 `秘銀法杖` `` 10405
33945 0 1 1 1 1 1 1 1 1 1 1 1 50 `古老的秘銀法杖` `` 10405
33943 3 1 1 1 1 1 1 1 1 1 1 1 50 `末日君主的法杖` `` 10405
33955 4 1 1 1 1 1 1 1 1 1 1 1 50 `傳承 : 冥火精靈之水晶法杖` `` 10405
33969 2 1 1 1 1 1 1 1 1 1 1 1 55 `遠古逆襲之厄特爾法杖` `` 10405
33979 0 1 1 1 1 1 1 1 1 1 1 1 60 `殘破的阿羅那法杖` `` 10405
33980 1 1 1 1 1 1 1 1 1 1 1 1 60 `阿羅那法杖` `` 10405
33971 4 1 1 1 1 1 1 1 1 1 1 1 55 `傳承 : 憤怒精靈之秘銀法杖` `` 10405
33983 2 1 1 1 1 1 1 1 1 1 1 1 60 `帕菲斯兄弟之杖` `` 10405
33984 4 1 1 1 1 1 1 1 1 1 1 1 60 `傳承 : 雷霆天使的厄特爾法杖` `` 10405
33715 3 1 1 1 1 1 1 1 1 1 1 1 65 `戰爭英雄之無雙魔杖` `` 10404
33981 2 1 1 1 1 1 1 1 1 1 1 1 60 `鐵鋁石法杖` `` 10405
33989 4 1 1 1 1 1 1 1 1 1 1 1 65 `傳承 : 玄冥精靈的阿羅那法杖` `` 10405
33988 2 1 1 1 1 1 1 1 1 1 1 1 65 `常春藤之纏繞法杖` `` 10405
33990 3 1 1 1 1 1 1 1 1 1 1 1 60 `魔力汲取者` `` 10405
34000 3 1 1 1 1 1 1 1 1 1 1 1 60 `伊伽貝拉之歌` `` 10405
34003 3 1 1 1 1 1 1 1 1 1 1 1 61 `琳恩的第二個法杖` `` 10405
34022 0 1 1 1 1 1 1 1 1 1 1 1 70 `破舊的閃靈法杖` `` 10405
34212 0 1 1 1 1 1 1 1 1 1 1 1 50 `普通的魔女掃把` `` 10406
34023 1 1 1 1 1 1 1 1 1 1 1 1 70 `閃靈法杖` `` 10405
34213 1 1 1 1 1 1 1 1 1 1 1 1 50 `魔女掃把` `` 10406
34245 2 1 1 1 1 1 1 1 1 1 1 1 55 `遠古逆襲之飛行掃把` `` 10406
34241 4 1 1 1 1 1 1 1 1 1 1 1 50 `傳承 : 玄冰精靈之魔女掃把` `` 10406
34247 4 1 1 1 1 1 1 1 1 1 1 1 55 `傳承 : 雷譴精靈之長柄掃把` `` 10406
34258 3 1 1 1 1 1 1 1 1 1 1 1 50 `古納的急襲` `` 10406
34260 0 1 1 1 1 1 1 1 1 1 1 1 60 `破舊的禁用掃把` `` 10406
34261 1 1 1 1 1 1 1 1 1 1 1 1 60 `禁用掃把` `` 10406
34259 3 1 1 1 1 1 1 1 1 1 1 1 50 `神圣的學識` `` 10406
34268 2 1 1 1 1 1 1 1 1 1 1 1 65 `克里斯的電擊掃把` `` 10406
34015 3 1 1 1 1 1 1 1 1 1 1 1 65 `戰爭英雄之無雙法杖` `` 10405
34262 2 1 1 1 1 1 1 1 1 1 1 1 60 `千絲掃把` `` 10406
34264 4 1 1 1 1 1 1 1 1 1 1 1 60 `傳承 : 守望天使的飛行掃把` `` 10406
34270 3 1 1 1 1 1 1 1 1 1 1 1 60 `華麗的輾壓者` `` 10406
34269 4 1 1 1 1 1 1 1 1 1 1 1 65 `傳承 : 洛水精靈的禁斷掃把` `` 10406
35022 1 1 1 1 1 1 1 1 1 1 1 1 50 `白金十字架` `` 10502
35021 0 1 1 1 1 1 1 1 1 1 1 1 50 `破舊的白金十字架` `` 10502
34296 0 1 1 1 1 1 1 1 1 1 1 1 70 `破損的彗星掃把` `` 10406
34280 3 1 1 1 1 1 1 1 1 1 1 1 60 `魔力滾筒刷` `` 10406
35039 2 1 1 1 1 1 1 1 1 1 1 1 50 `圣洁天使十字架` `` 10502
34297 1 1 1 1 1 1 1 1 1 1 1 1 70 `彗星掃把` `` 10406
35052 4 1 1 1 1 1 1 1 1 1 1 1 50 `傳承 : 暗影精靈之十字架` `` 10502
35066 2 1 1 1 1 1 1 1 1 1 1 1 55 `遠古逆襲之厄特爾十字架` `` 10502
35040 3 1 1 1 1 1 1 1 1 1 1 1 50 `歐貝斯的藍龍十字架` `` 10502
35078 0 1 1 1 1 1 1 1 1 1 1 1 60 `破舊的預言十字架` `` 10502
35068 4 1 1 1 1 1 1 1 1 1 1 1 55 `傳承 : 极炎精靈之白金十字架` `` 10502
35079 1 1 1 1 1 1 1 1 1 1 1 1 60 `預言十字架` `` 10502
35071 3 1 1 1 1 1 1 1 1 1 1 1 64 `燃燒之血十字架` `` 10502
35085 2 1 1 1 1 1 1 1 1 1 1 1 65 `藍血十字架` `` 10502
35081 2 1 1 1 1 1 1 1 1 1 1 1 60 `光澤十字架` `` 10502
35082 4 1 1 1 1 1 1 1 1 1 1 1 60 `傳承 : 寒冰天使的厄特爾十字架` `` 10502
35087 4 1 1 1 1 1 1 1 1 1 1 1 65 `傳承 : 圣光精靈的預言十字架` `` 10502
35088 3 1 1 1 1 1 1 1 1 1 1 1 60 `祭司的禱告` `` 10502
34295 3 1 1 1 1 1 1 1 1 1 1 1 65 `戰爭英雄之無雙掃把` `` 10406
35119 0 1 1 1 1 1 1 1 1 1 1 1 70 `破舊的幻影十字架` `` 10502
35098 3 1 1 1 1 1 1 1 1 1 1 1 60 `菲德里斯` `` 10502
35120 1 1 1 1 1 1 1 1 1 1 1 1 70 `幻影十字架` `` 10502
35320 0 1 1 1 1 1 1 1 1 1 1 1 50 `損坏的白金念珠` `` 10503
35321 1 1 1 1 1 1 1 1 1 1 1 1 50 `白金念珠` `` 10503
35338 2 1 1 1 1 1 1 1 1 1 1 1 50 `鳳凰之眼` `` 10503
35350 4 1 1 1 1 1 1 1 1 1 1 1 50 `傳承 : 玄月精靈之念珠` `` 10503
35339 3 1 1 1 1 1 1 1 1 1 1 1 50 `信奘的念珠` `` 10503
35362 2 1 1 1 1 1 1 1 1 1 1 1 55 `遠古逆襲之厄特爾念珠` `` 10503
35364 4 1 1 1 1 1 1 1 1 1 1 1 55 `傳承 : 雷譴精靈之白金念珠` `` 10503
35374 1 1 1 1 1 1 1 1 1 1 1 1 60 `鋼鐵念珠` `` 10503
35376 2 1 1 1 1 1 1 1 1 1 1 1 60 `祈禱念珠` `` 10503
35373 0 1 1 1 1 1 1 1 1 1 1 1 60 `古老的鋼鐵念珠` `` 10503
35377 4 1 1 1 1 1 1 1 1 1 1 1 60 `傳承 : 毒獄天使的厄特爾念珠` `` 10503
35380 2 1 1 1 1 1 1 1 1 1 1 1 65 `黑水晶念珠` `` 10503
35382 4 1 1 1 1 1 1 1 1 1 1 1 65 `傳承 : 洛水精靈的鋼鐵念珠` `` 10503
35114 3 1 1 1 1 1 1 1 1 1 1 1 65 `戰爭英雄之無雙十字` `` 10502
35383 3 1 1 1 1 1 1 1 1 1 1 1 60 `食人魔的骷髏念珠` `` 10503
35411 0 1 1 1 1 1 1 1 1 1 1 1 70 `褪色的赤虎念珠` `` 10503
35393 3 1 1 1 1 1 1 1 1 1 1 1 60 `慈悲之念珠` `` 10503
35621 1 1 1 1 1 1 1 1 1 1 1 1 50 `沃克族圖騰` `` 10504
35412 1 1 1 1 1 1 1 1 1 1 1 1 70 `赤虎念珠` `` 10503
35620 0 1 1 1 1 1 1 1 1 1 1 1 50 `損坏的沃克族圖騰` `` 10504
35638 2 1 1 1 1 1 1 1 1 1 1 1 50 `暴風雨神圖騰` `` 10504
35639 3 1 1 1 1 1 1 1 1 1 1 1 50 `奧爾卡的黑狼圖騰` `` 10504
35650 4 1 1 1 1 1 1 1 1 1 1 1 50 `傳承 : 暗影精靈之圖騰` `` 10504
35662 2 1 1 1 1 1 1 1 1 1 1 1 55 `遠古逆襲之天兔圖騰` `` 10504
35664 4 1 1 1 1 1 1 1 1 1 1 1 55 `傳承 : 憤怒精靈之沃克族圖騰` `` 10504
35675 0 1 1 1 1 1 1 1 1 1 1 1 60 `殘破的桃木圖騰` `` 10504
35676 1 1 1 1 1 1 1 1 1 1 1 1 60 `桃木圖騰` `` 10504
35679 4 1 1 1 1 1 1 1 1 1 1 1 60 `傳承 : 雷霆天使的天兔圖騰` `` 10504
35677 2 1 1 1 1 1 1 1 1 1 1 1 60 `极限之力圖騰` `` 10504
35406 3 1 1 1 1 1 1 1 1 1 1 1 65 `戰爭英雄之無雙念珠` `` 10503
35685 3 1 1 1 1 1 1 1 1 1 1 1 60 `部族的榮譽` `` 10504
35684 4 1 1 1 1 1 1 1 1 1 1 1 65 `傳承 : 玄冥精靈的桃木圖騰` `` 10504
35682 2 1 1 1 1 1 1 1 1 1 1 1 65 `神秘的古樹圖騰` `` 10504
35713 0 1 1 1 1 1 1 1 1 1 1 1 70 `磨損的遠古石像圖騰` `` 10504
35920 0 1 1 1 1 1 1 1 1 1 1 1 50 `損坏的紫銅鶴嘴鐮` `` 10505
35714 1 1 1 1 1 1 1 1 1 1 1 1 70 `遠古石像圖騰` `` 10504
35921 1 1 1 1 1 1 1 1 1 1 1 1 50 `紫銅鶴嘴鐮` `` 10505
35695 3 1 1 1 1 1 1 1 1 1 1 1 60 `金沙圖騰 ` `` 10504
35970 0 1 1 1 1 1 1 1 1 1 1 1 60 `破舊的波伊斯戰鐮` `` 10505
35961 4 1 1 1 1 1 1 1 1 1 1 1 50 `傳承 : 玄冰精靈之寬刃鉤鐮` `` 10505
35948 2 1 1 1 1 1 1 1 1 1 1 1 55 `遠古逆襲之斬首鐮 ` `` 10505
35962 4 1 1 1 1 1 1 1 1 1 1 1 55 `傳承 : 雷譴精靈之紫銅鉤鐮` `` 10505
35971 1 1 1 1 1 1 1 1 1 1 1 1 60 `波伊斯戰鐮` `` 10505
35974 4 1 1 1 1 1 1 1 1 1 1 1 60 `傳承 : 守望天使的斬首鐮` `` 10505
35972 2 1 1 1 1 1 1 1 1 1 1 1 60 `菲西斯大師之鐮` `` 10505
35978 2 1 1 1 1 1 1 1 1 1 1 1 65 `冥日戰鐮` `` 10505
35708 3 1 1 1 1 1 1 1 1 1 1 1 65 `戰爭英雄之無雙圖騰` `` 10504
35979 4 1 1 1 1 1 1 1 1 1 1 1 65 `傳承 : 炎魔精靈的波伊斯戰鐮` `` 10505
35980 3 1 1 1 1 1 1 1 1 1 1 1 60 `惡魔的殘暴戰鐮` `` 10505
36008 0 1 1 1 1 1 1 1 1 1 1 1 70 `生鏽的審判之鐮` `` 10505
36220 0 1 1 1 1 1 1 1 1 1 1 1 50 `生鏽的玄鐵巨斧` `` 10506
36009 1 1 1 1 1 1 1 1 1 1 1 1 70 `審判之鐮` `` 10505
36221 1 1 1 1 1 1 1 1 1 1 1 1 50 `玄鐵巨斧` `` 10506
36238 2 1 1 1 1 1 1 1 1 1 1 1 50 `暴龍戰斧` `` 10506
36239 3 1 1 1 1 1 1 1 1 1 1 1 50 `泰坦的黃金戰斧` `` 10506
35990 3 1 1 1 1 1 1 1 1 1 1 1 60 `虛空之鐮` `` 10505
36250 4 1 1 1 1 1 1 1 1 1 1 1 50 `傳承 : 冥火精靈之戰斧` `` 10506
36266 3 1 1 1 1 1 1 1 1 1 1 1 58 `牛頭械王的戰斧` `` 10506
36263 4 1 1 1 1 1 1 1 1 1 1 1 55 `傳承 : 恐懼精靈之月耀斧` `` 10506
36261 2 1 1 1 1 1 1 1 1 1 1 1 55 `遠古逆襲之斬首斧` `` 10506
36275 1 1 1 1 1 1 1 1 1 1 1 1 60 `合金戰斧` `` 10506
36274 0 1 1 1 1 1 1 1 1 1 1 1 60 `生鏽的合金戰斧` `` 10506
36002 3 1 1 1 1 1 1 1 1 1 1 1 65 `戰爭英雄之無雙戰鐮` `` 10505
36278 4 1 1 1 1 1 1 1 1 1 1 1 60 `傳承 : 岩石天使的斬首斧` `` 10506
36281 2 1 1 1 1 1 1 1 1 1 1 1 65 `雙刃戰斧` `` 10506
36284 3 1 1 1 1 1 1 1 1 1 1 1 60 `圣戰士的巨斧` `` 10506
36276 2 1 1 1 1 1 1 1 1 1 1 1 60 `混沌之戰斧` `` 10506
36283 4 1 1 1 1 1 1 1 1 1 1 1 65 `傳承 : 洛水精靈的合金戰斧` `` 10506
36315 0 1 1 1 1 1 1 1 1 1 1 1 70 `生鏽的蠻荒戰斧` `` 10506
36316 1 1 1 1 1 1 1 1 1 1 1 1 70 `蠻荒戰斧` `` 10506
37031 0 1 1 1 1 1 1 1 1 1 1 1 50 `破損的精銅匕首` `` 10602
36295 3 1 1 1 1 1 1 1 1 1 1 1 60 `慈悲之斧` `` 10506
37032 1 1 1 1 1 1 1 1 1 1 1 1 50 `精銅匕首` `` 10602
37041 3 1 1 1 1 1 1 1 1 1 1 1 50 `殘忍的慈悲` `` 10602
37042 3 1 1 1 1 1 1 1 1 1 1 1 50 `御蛇之殘` `` 10602
37058 4 1 1 1 1 1 1 1 1 1 1 1 50 `傳承 : 暗影精靈的精銅匕首` `` 10602
37059 4 1 1 1 1 1 1 1 1 1 1 1 55 `傳承 : 极光精靈的玄石匕首` `` 10602
37070 0 1 1 1 1 1 1 1 1 1 1 1 60 `生鏽的尼坦匕首` `` 10602
37071 1 1 1 1 1 1 1 1 1 1 1 1 60 `尼坦匕首` `` 10602
37077 2 1 1 1 1 1 1 1 1 1 1 1 65 `希梅利亞毒匕首` `` 10602
37072 2 1 1 1 1 1 1 1 1 1 1 1 60 `弗里斯匕首` `` 10602
37079 4 1 1 1 1 1 1 1 1 1 1 1 65 `傳承 : 圣光精靈的尼坦匕首` `` 10602
37074 4 1 1 1 1 1 1 1 1 1 1 1 60 `傳承 : 禁錮天使的玄石匕首` `` 10602
37080 3 1 1 1 1 1 1 1 1 1 1 1 60 `風影刃` `` 10602
36310 3 1 1 1 1 1 1 1 1 1 1 1 65 `戰爭英雄之無雙戰斧` `` 10506
37084 1 1 1 1 1 1 1 1 1 1 1 1 60 `銀勺團員的匕首` `` 10602
37329 0 1 1 1 1 1 1 1 1 1 1 1 50 `破損的合金雙劍` `` 10603
37116 1 1 1 1 1 1 1 1 1 1 1 1 70 `玄武匕首` `` 10602
37115 0 1 1 1 1 1 1 1 1 1 1 1 70 `磨損的玄武匕首` `` 10602
37330 1 1 1 1 1 1 1 1 1 1 1 1 50 `合金雙劍` `` 10603
37093 3 1 1 1 1 1 1 1 1 1 1 1 60 `暗殺者的問候` `` 10602
37340 3 1 1 1 1 1 1 1 1 1 1 1 50 `雙明劍 - 暴風` `` 10603
37339 3 1 1 1 1 1 1 1 1 1 1 1 50 `斯帕多納的犀刃` `` 10603
37356 4 1 1 1 1 1 1 1 1 1 1 1 50 `傳承 : 玄月精靈的合金雙劍` `` 10603
37364 0 1 1 1 1 1 1 1 1 1 1 1 60 `破損的骷髏雙劍` `` 10603
37365 1 1 1 1 1 1 1 1 1 1 1 1 60 `骷髏雙劍` `` 10603
37357 4 1 1 1 1 1 1 1 1 1 1 1 55 `傳承 : 憤怒精靈的黃金雙劍` `` 10603
37367 2 1 1 1 1 1 1 1 1 1 1 1 60 `克魯迪亞` `` 10603
37368 4 1 1 1 1 1 1 1 1 1 1 1 60 `傳承 : 寒冰天使的黃金雙劍` `` 10603
37373 4 1 1 1 1 1 1 1 1 1 1 1 65 `傳承 : 玄冥精靈的骷髏雙劍` `` 10603
37374 3 1 1 1 1 1 1 1 1 1 1 1 60 `惡魔獵手` `` 10603
37371 2 1 1 1 1 1 1 1 1 1 1 1 65 `古埃及迪瑪爾雙劍` `` 10603
37110 3 1 1 1 1 1 1 1 1 1 1 1 65 `戰爭英雄之無雙匕首` `` 10602
37384 3 1 1 1 1 1 1 1 1 1 1 1 60 `浮光掠影` `` 10603
37403 0 1 1 1 1 1 1 1 1 1 1 1 70 `古老的碧岩雙劍` `` 10603
37387 3 1 1 1 1 1 1 1 1 1 1 1 64 `民兵隊長的血影劍` `` 10603
37404 1 1 1 1 1 1 1 1 1 1 1 1 70 `碧岩雙劍` `` 10603
37629 0 1 1 1 1 1 1 1 1 1 1 1 50 `破損的羅格納手杖` `` 10604
37630 1 1 1 1 1 1 1 1 1 1 1 1 50 `羅格納手杖` `` 10604
37639 3 1 1 1 1 1 1 1 1 1 1 1 50 `深淵催眠曲` `` 10604
37656 4 1 1 1 1 1 1 1 1 1 1 1 50 `傳承 : 暗影精靈的羅格納手杖` `` 10604
37665 0 1 1 1 1 1 1 1 1 1 1 1 60 `破損的祭祀手杖` `` 10604
37640 3 1 1 1 1 1 1 1 1 1 1 1 50 `獻祭之咒手杖` `` 10604
37666 1 1 1 1 1 1 1 1 1 1 1 1 60 `祭祀手杖` `` 10604
37667 2 1 1 1 1 1 1 1 1 1 1 1 60 `布拉格蒂特` `` 10604
37657 4 1 1 1 1 1 1 1 1 1 1 1 55 `傳承 : 憤怒精靈的阿摩司手杖` `` 10604
37669 4 1 1 1 1 1 1 1 1 1 1 1 60 `傳承 : 毒獄天使的阿摩司手杖` `` 10604
37672 2 1 1 1 1 1 1 1 1 1 1 1 65 `藍錐石手杖` `` 10604
37674 4 1 1 1 1 1 1 1 1 1 1 1 65 `傳承 : 炎魔精靈的祭祀手杖` `` 10604
37398 3 1 1 1 1 1 1 1 1 1 1 1 65 `戰爭英雄之無雙劍` `` 10603
37675 3 1 1 1 1 1 1 1 1 1 1 1 60 `巫師的鈴鐺` `` 10604
37705 1 1 1 1 1 1 1 1 1 1 1 1 70 `碳合金手杖` `` 10604
37704 0 1 1 1 1 1 1 1 1 1 1 1 70 `生鏽的碳合金手杖` `` 10604
440193 3 1 1 1 1 1 1 1 1 1 1 1 60 `泰達的酒杯` `` 32001
37685 3 1 1 1 1 1 1 1 1 1 1 1 60 `黑色契約` `` 10604
2200110 2 1 1 1 1 1 1 1 1 1 1 1 50 `狂獅左輪` `` 10302
2200111 2 1 1 1 1 1 1 1 1 1 1 1 55 `獵鷹者左輪` `` 10302
2200112 2 1 1 1 1 1 1 1 1 1 1 1 60 `赤炎火鳳` `` 10302
2200113 2 1 1 1 1 1 1 1 1 1 1 1 65 `魅惑之眼` `` 10302
2201110 2 1 1 1 1 1 1 1 1 1 1 1 50 `經典舊式手槍` `` 10303
2200114 2 1 1 1 1 1 1 1 1 1 1 1 70 `逐夢之左輪` `` 10302
2201111 2 1 1 1 1 1 1 1 1 1 1 1 55 `專業射擊手` `` 10303
2201112 2 1 1 1 1 1 1 1 1 1 1 1 60 `墮落之魂手槍` `` 10303
2201113 2 1 1 1 1 1 1 1 1 1 1 1 65 `獵魔手槍` `` 10303
2201114 2 1 1 1 1 1 1 1 1 1 1 1 70 `彈雨閃擊手槍` `` 10303
2202110 2 1 1 1 1 1 1 1 1 1 1 1 50 `信耶戰弩` `` 10306
2202111 2 1 1 1 1 1 1 1 1 1 1 1 55 `兵戎戰弩` `` 10306
2202113 2 1 1 1 1 1 1 1 1 1 1 1 65 `象牙手弩` `` 10306
2202112 2 1 1 1 1 1 1 1 1 1 1 1 60 `孔雀翎` `` 10306
37699 3 1 1 1 1 1 1 1 1 1 1 1 65 `戰爭英雄之無雙手杖` `` 10604
2203110 2 1 1 1 1 1 1 1 1 1 1 1 50 `惊塵步槍` `` 10304
2202114 2 1 1 1 1 1 1 1 1 1 1 1 70 `烈日戰弩` `` 10306
2203111 2 1 1 1 1 1 1 1 1 1 1 1 55 `龍騎兵 XI` `` 10304
2203112 2 1 1 1 1 1 1 1 1 1 1 1 60 `巴拿馬步槍` `` 10304
2203113 2 1 1 1 1 1 1 1 1 1 1 1 65 `弗勒斯 - 火眼` `` 10304
2203114 2 1 1 1 1 1 1 1 1 1 1 1 70 `迷蹤步槍` `` 10304
2204110 2 1 1 1 1 1 1 1 1 1 1 1 50 `流星追月手炮` `` 10305
2204111 2 1 1 1 1 1 1 1 1 1 1 1 55 `射擊之星` `` 10305
2204112 2 1 1 1 1 1 1 1 1 1 1 1 60 `SSA - 16` `` 10305
2204114 2 1 1 1 1 1 1 1 1 1 1 1 70 `V型噴射炮` `` 10305
2204113 2 1 1 1 1 1 1 1 1 1 1 1 65 `孤獨獵手` `` 10305
2240111 2 1 1 1 1 1 1 1 1 1 1 1 55 `珠玉雷光戰矛` `` 10402
2240110 2 1 1 1 1 1 1 1 1 1 1 1 50 `無极戰矛` `` 10402
2240112 2 1 1 1 1 1 1 1 1 1 1 1 60 `亂石穿云長矛` `` 10402
2240114 2 1 1 1 1 1 1 1 1 1 1 1 70 `螺旋刺矛` `` 10402
2240113 2 1 1 1 1 1 1 1 1 1 1 1 65 `尖兵長矛` `` 10402
2242110 2 1 1 1 1 1 1 1 1 1 1 1 50 `鬼谷長棍` `` 10403
2242112 2 1 1 1 1 1 1 1 1 1 1 1 60 `神鬼之木` `` 10403
2242111 2 1 1 1 1 1 1 1 1 1 1 1 55 `五芒星長棍` `` 10403
2242114 2 1 1 1 1 1 1 1 1 1 1 1 70 `百厄惊魂棍` `` 10403
2242113 2 1 1 1 1 1 1 1 1 1 1 1 65 `清靈之木` `` 10403
2241110 2 1 1 1 1 1 1 1 1 1 1 1 50 `圣擊魔杖` `` 10404
2241112 2 1 1 1 1 1 1 1 1 1 1 1 60 `碧血魔杖` `` 10404
2241111 2 1 1 1 1 1 1 1 1 1 1 1 55 `沼澤之心魔杖` `` 10404
2241113 2 1 1 1 1 1 1 1 1 1 1 1 65 `黑提棒棒糖` `` 10404
2243111 2 1 1 1 1 1 1 1 1 1 1 1 55 `紫羽法杖` `` 10405
2243114 2 1 1 1 1 1 1 1 1 1 1 1 70 `御影法杖` `` 10405
2244106 2 1 1 1 1 1 1 1 1 1 1 1 50 `火狐掃把` `` 10406
2243110 2 1 1 1 1 1 1 1 1 1 1 1 50 `逐日之杖` `` 10405
2243112 2 1 1 1 1 1 1 1 1 1 1 1 60 `新月法杖` `` 10405
2243113 2 1 1 1 1 1 1 1 1 1 1 1 65 `枯萎之藤` `` 10405
2244107 2 1 1 1 1 1 1 1 1 1 1 1 55 `多功能清洁掃把` `` 10406
2241114 2 1 1 1 1 1 1 1 1 1 1 1 70 `鋼之意念魔杖` `` 10404
2244108 2 1 1 1 1 1 1 1 1 1 1 1 60 `清韻之音掃把` `` 10406
2244110 2 1 1 1 1 1 1 1 1 1 1 1 70 `魔巫掃把` `` 10406
2244109 2 1 1 1 1 1 1 1 1 1 1 1 65 `磐石掃把` `` 10406
2250111 2 1 1 1 1 1 1 1 1 1 1 1 55 `神圣之錫金十字架` `` 10502
2250110 2 1 1 1 1 1 1 1 1 1 1 1 50 `封魔十字架` `` 10502
2250112 2 1 1 1 1 1 1 1 1 1 1 1 60 `神圣之伺` `` 10502
2244111 2 1 1 1 1 1 1 1 1 1 1 1 10 `浮光掃把` `` 10406
2250114 2 1 1 1 1 1 1 1 1 1 1 1 70 `神權之審判` `` 10502
2251110 2 1 1 1 1 1 1 1 1 1 1 1 50 `淨化之青云珠` `` 10503
2250113 2 1 1 1 1 1 1 1 1 1 1 1 65 `閃靈十字架` `` 10502
2251111 2 1 1 1 1 1 1 1 1 1 1 1 55 `縛靈者念珠` `` 10503
2251112 2 1 1 1 1 1 1 1 1 1 1 1 60 `守墓者念珠` `` 10503
2251113 2 1 1 1 1 1 1 1 1 1 1 1 65 `极樂之淨土` `` 10503
2251114 2 1 1 1 1 1 1 1 1 1 1 1 70 `南瓜念珠` `` 10503
2252110 2 1 1 1 1 1 1 1 1 1 1 1 50 `逆行圖騰` `` 10504
2252112 2 1 1 1 1 1 1 1 1 1 1 1 60 `血煉圖騰` `` 10504
2252111 2 1 1 1 1 1 1 1 1 1 1 1 55 `惡鬼圖騰` `` 10504
2252114 2 1 1 1 1 1 1 1 1 1 1 1 70 `獸蠻圖騰` `` 10504
2252113 2 1 1 1 1 1 1 1 1 1 1 1 65 `苦海之木圖騰` `` 10504
2254110 2 1 1 1 1 1 1 1 1 1 1 1 50 `悲苦之鐮` `` 10505
2254111 2 1 1 1 1 1 1 1 1 1 1 1 55 `惡魔之脊` `` 10505
2254112 2 1 1 1 1 1 1 1 1 1 1 1 60 `冥月之寂` `` 10505
2254113 2 1 1 1 1 1 1 1 1 1 1 1 65 `帝國黃金戰鐮` `` 10505
2254114 2 1 1 1 1 1 1 1 1 1 1 1 70 `剜心之鐮` `` 10505
2253113 2 1 1 1 1 1 1 1 1 1 1 1 65 `帝國黃金戰斧` `` 10506
2253111 2 1 1 1 1 1 1 1 1 1 1 1 55 `三重利刃戰斧` `` 10506
2253112 2 1 1 1 1 1 1 1 1 1 1 1 60 `黃金圖紋戰斧` `` 10506
2253110 2 1 1 1 1 1 1 1 1 1 1 1 50 `碧影戰斧` `` 10506
2230114 2 1 1 1 1 1 1 1 1 1 1 1 70 `回天劍舞刃` `` 10602
2230112 2 1 1 1 1 1 1 1 1 1 1 1 60 `冰之尼坦匕首` `` 10602
2230113 2 1 1 1 1 1 1 1 1 1 1 1 65 `幽冥月` `` 10602
2230110 2 1 1 1 1 1 1 1 1 1 1 1 50 `喋血匕首` `` 10602
2230111 2 1 1 1 1 1 1 1 1 1 1 1 55 `暗黑玄石匕首 ` `` 10602
2231110 2 1 1 1 1 1 1 1 1 1 1 1 50 `暗影雙劍` `` 10603
2253114 2 1 1 1 1 1 1 1 1 1 1 1 70 `紫月戰斧` `` 10506
2231112 2 1 1 1 1 1 1 1 1 1 1 1 60 `喋血之骷髏雙劍` `` 10603
2231111 2 1 1 1 1 1 1 1 1 1 1 1 55 `紫金雙劍` `` 10603
2231113 2 1 1 1 1 1 1 1 1 1 1 1 65 `黃金杰弗斯雙劍` `` 10603
2231114 2 1 1 1 1 1 1 1 1 1 1 1 70 `汲血雙刃` `` 10603
2232110 2 1 1 1 1 1 1 1 1 1 1 1 50 `金蟬手杖` `` 10604
2232112 2 1 1 1 1 1 1 1 1 1 1 1 60 `青峰手杖` `` 10604
2232113 2 1 1 1 1 1 1 1 1 1 1 1 65 `大地之拉瑪手杖` `` 10604
2232114 2 1 1 1 1 1 1 1 1 1 1 1 70 `玫瑰手杖` `` 10604
2232111 2 1 1 1 1 1 1 1 1 1 1 1 55 `橙月手杖` `` 10604
2214106 2 1 1 1 1 1 1 1 1 1 1 1 50 `奇襲拳套` `` 10205
2214107 2 1 1 1 1 1 1 1 1 1 1 1 55 `追風拳套` `` 10205
2213110 2 1 1 1 1 1 1 1 1 1 1 1 50 `墮落之塵` `` 10206
2214108 2 1 1 1 1 1 1 1 1 1 1 1 60 `鱗紋拳套` `` 10205
2214109 2 1 1 1 1 1 1 1 1 1 1 1 65 `机甲拳套` `` 10205
2213111 2 1 1 1 1 1 1 1 1 1 1 1 55 `龍紋東方棍` `` 10206
2213112 2 1 1 1 1 1 1 1 1 1 1 1 60 `金絲旋舞` `` 10206
2213113 2 1 1 1 1 1 1 1 1 1 1 1 65 `榮耀之錘` `` 10206
2212110 2 1 1 1 1 1 1 1 1 1 1 1 50 `克里斯之爪` `` 10204
2214110 2 1 1 1 1 1 1 1 1 1 1 1 70 `御武拳套` `` 10205
2212111 2 1 1 1 1 1 1 1 1 1 1 1 55 `金紋雙刃` `` 10204
2213114 2 1 1 1 1 1 1 1 1 1 1 1 70 `龍吟東方棍` `` 10206
2212112 2 1 1 1 1 1 1 1 1 1 1 1 60 `雀翎鋼爪` `` 10204
2211114 2 1 1 1 1 1 1 1 1 1 1 1 70 `蠻王臂鎧` `` 10203
2210110 2 1 1 1 1 1 1 1 1 1 1 1 50 `赤麟拳套` `` 10202
2210111 2 1 1 1 1 1 1 1 1 1 1 1 55 `新月之刃` `` 10202
2212114 2 1 1 1 1 1 1 1 1 1 1 1 70 `尖峰之爪` `` 10204
2211112 2 1 1 1 1 1 1 1 1 1 1 1 60 `七彩星魂臂鎧` `` 10203
2211111 2 1 1 1 1 1 1 1 1 1 1 1 55 `鱗光臂鎧` `` 10203
2211113 2 1 1 1 1 1 1 1 1 1 1 1 65 `秘銀臂鎧` `` 10203
2211110 2 1 1 1 1 1 1 1 1 1 1 1 50 `戰狼臂鎧` `` 10203
2212113 2 1 1 1 1 1 1 1 1 1 1 1 65 `千蛛刺` `` 10204
2210112 2 1 1 1 1 1 1 1 1 1 1 1 60 `赤凰拳套` `` 10202
2261112 2 1 1 1 1 1 1 1 1 1 1 1 60 `歌劇魅影長褲` `` 11004
2261113 2 1 1 1 1 1 1 1 1 1 1 1 65 `禁錮之光長褲` `` 11004
2261111 2 1 1 1 1 1 1 1 1 1 1 1 55 `執權者長褲` `` 11004
2261110 2 1 1 1 1 1 1 1 1 1 1 1 50 `紫隕長褲` `` 11004
2260113 2 1 1 1 1 1 1 1 1 1 1 1 65 `禁錮之光上衣` `` 11002
2260114 2 1 1 1 1 1 1 1 1 1 1 1 70 `翠影之殤長袍` `` 11002
2260111 2 1 1 1 1 1 1 1 1 1 1 1 55 `執權者上衣` `` 11002
2260112 2 1 1 1 1 1 1 1 1 1 1 1 60 `歌劇魅影上衣` `` 11002
2260110 2 1 1 1 1 1 1 1 1 1 1 1 50 `紫隕長袍` `` 11002
2210114 2 1 1 1 1 1 1 1 1 1 1 1 70 `聚力暴擊拳套` `` 10202
2210113 2 1 1 1 1 1 1 1 1 1 1 1 65 `泰坦的地獄拳套` `` 10202
2261114 2 1 1 1 1 1 1 1 1 1 1 1 70 `翠影之殤長褲` `` 11004
2262109 2 1 1 1 1 1 1 1 1 1 1 1 45 `紫隕護肩` `` 11003
2262111 2 1 1 1 1 1 1 1 1 1 1 1 55 `歌劇魅影護肩` `` 11003
2262112 2 1 1 1 1 1 1 1 1 1 1 1 60 `禁錮之光斗篷` `` 11003
2262110 2 1 1 1 1 1 1 1 1 1 1 1 50 `執權者護肩` `` 11003
2262113 2 1 1 1 1 1 1 1 1 1 1 1 65 `翠影之殤護肩` `` 11003
2263110 2 1 1 1 1 1 1 1 1 1 1 1 50 `執權者腰帶` `` 11006
2263109 2 1 1 1 1 1 1 1 1 1 1 1 45 `紫隕腰帶` `` 11006
2263112 2 1 1 1 1 1 1 1 1 1 1 1 60 `禁錮之光腰帶` `` 11006
2263111 2 1 1 1 1 1 1 1 1 1 1 1 55 `歌劇魅影腰帶` `` 11006
2263113 2 1 1 1 1 1 1 1 1 1 1 1 65 `翠影之殤腰帶` `` 11006
2264109 2 1 1 1 1 1 1 1 1 1 1 1 45 `紫隕長靴` `` 11005
2264111 2 1 1 1 1 1 1 1 1 1 1 1 55 `歌劇魅影短靴` `` 11005
2264110 2 1 1 1 1 1 1 1 1 1 1 1 50 `執權者短靴` `` 11005
2264112 2 1 1 1 1 1 1 1 1 1 1 1 60 `禁錮之光短靴` `` 11005
2264113 2 1 1 1 1 1 1 1 1 1 1 1 65 `翠影之殤短靴` `` 11005
2270110 2 1 1 1 1 1 1 1 1 1 1 1 50 `銀騎士上衣` `` 11101
2270113 2 1 1 1 1 1 1 1 1 1 1 1 65 `普雷斯頓夾克` `` 11101
2270112 2 1 1 1 1 1 1 1 1 1 1 1 60 `泥污之泞夾克` `` 11101
2270111 2 1 1 1 1 1 1 1 1 1 1 1 55 `魔雷者絲綢上衣` `` 11101
2270114 2 1 1 1 1 1 1 1 1 1 1 1 70 `獨行獵者夾克` `` 11101
2271110 2 1 1 1 1 1 1 1 1 1 1 1 50 `銀騎士長褲` `` 11103
2271111 2 1 1 1 1 1 1 1 1 1 1 1 55 `魔雷者絲綢長褲` `` 11103
2271113 2 1 1 1 1 1 1 1 1 1 1 1 65 `普雷斯頓長褲` `` 11103
2271114 2 1 1 1 1 1 1 1 1 1 1 1 70 `獨行獵者短褲` `` 11103
2271112 2 1 1 1 1 1 1 1 1 1 1 1 60 `泥污之泞長褲` `` 11103
2272109 2 1 1 1 1 1 1 1 1 1 1 1 45 `銀騎士護肩` `` 11102
2272110 2 1 1 1 1 1 1 1 1 1 1 1 50 `魔雷者絲綢護肩` `` 11102
2272111 2 1 1 1 1 1 1 1 1 1 1 1 55 `泥污之泞斗篷` `` 11102
2272113 2 1 1 1 1 1 1 1 1 1 1 1 65 `獨行獵者護肩` `` 11102
2272112 2 1 1 1 1 1 1 1 1 1 1 1 60 `普雷斯頓斗篷` `` 11102
2273109 2 1 1 1 1 1 1 1 1 1 1 1 45 `銀騎士腰帶` `` 11105
2273110 2 1 1 1 1 1 1 1 1 1 1 1 50 `魔雷者絲綢腰帶` `` 11105
2273112 2 1 1 1 1 1 1 1 1 1 1 1 60 `普雷斯頓腰帶` `` 11105
2273111 2 1 1 1 1 1 1 1 1 1 1 1 55 `泥污之泞腰帶` `` 11105
2274109 2 1 1 1 1 1 1 1 1 1 1 1 45 `銀騎士短靴` `` 11104
2274110 2 1 1 1 1 1 1 1 1 1 1 1 50 `魔雷者絲綢短靴` `` 11104
2273113 2 1 1 1 1 1 1 1 1 1 1 1 65 `獨行獵者腰帶` `` 11105
2274111 2 1 1 1 1 1 1 1 1 1 1 1 55 `泥污之泞長靴` `` 11104
2274112 2 1 1 1 1 1 1 1 1 1 1 1 60 `普雷斯頓長靴` `` 11104
2274113 2 1 1 1 1 1 1 1 1 1 1 1 65 `獨行獵者長靴` `` 11104
2280110 2 1 1 1 1 1 1 1 1 1 1 1 50 `盤龍之脊胸甲` `` 11201
2280111 2 1 1 1 1 1 1 1 1 1 1 1 55 `蒼木之靈鏈甲` `` 11201
2280112 2 1 1 1 1 1 1 1 1 1 1 1 60 `武之奧義胸甲` `` 11201
2280113 2 1 1 1 1 1 1 1 1 1 1 1 65 `神鬼之泣胸甲` `` 11201
2280114 2 1 1 1 1 1 1 1 1 1 1 1 70 `冥神之怒胸甲` `` 11201
2281111 2 1 1 1 1 1 1 1 1 1 1 1 55 `蒼木之靈護腿` `` 11203
2281110 2 1 1 1 1 1 1 1 1 1 1 1 50 `盤龍之脊長褲` `` 11203
2281112 2 1 1 1 1 1 1 1 1 1 1 1 60 `武之奧義腿甲` `` 11203
2281113 2 1 1 1 1 1 1 1 1 1 1 1 65 `神鬼之泣長褲` `` 11203
2281114 2 1 1 1 1 1 1 1 1 1 1 1 70 `冥神之怒脛甲` `` 11203
2282109 2 1 1 1 1 1 1 1 1 1 1 1 45 `盤龍之脊肩甲` `` 11202
2282111 2 1 1 1 1 1 1 1 1 1 1 1 55 `武之奧義肩甲` `` 11202
2282110 2 1 1 1 1 1 1 1 1 1 1 1 50 `蒼木之靈護肩` `` 11202
2282112 2 1 1 1 1 1 1 1 1 1 1 1 60 `神鬼之泣護肩` `` 11202
2282113 2 1 1 1 1 1 1 1 1 1 1 1 65 `冥神之怒肩甲` `` 11202
2283109 2 1 1 1 1 1 1 1 1 1 1 1 45 `盤龍之脊腰帶` `` 11205
2283110 2 1 1 1 1 1 1 1 1 1 1 1 50 `蒼木之靈腰帶` `` 11205
2283112 2 1 1 1 1 1 1 1 1 1 1 1 60 `神鬼之泣腰帶` `` 11205
2283113 2 1 1 1 1 1 1 1 1 1 1 1 65 `冥神之怒腰帶` `` 11205
2283111 2 1 1 1 1 1 1 1 1 1 1 1 55 `武之奧義腰帶` `` 11205
2284109 2 1 1 1 1 1 1 1 1 1 1 1 45 `盤龍之脊長靴` `` 11204
2284111 2 1 1 1 1 1 1 1 1 1 1 1 55 `武之奧義長靴` `` 11204
2284110 2 1 1 1 1 1 1 1 1 1 1 1 50 `蒼木之靈長靴` `` 11204
2284112 2 1 1 1 1 1 1 1 1 1 1 1 60 `神鬼之泣長靴` `` 11204
2284113 2 1 1 1 1 1 1 1 1 1 1 1 65 `冥神之怒短靴` `` 11204
2290110 2 1 1 1 1 1 1 1 1 1 1 1 50 `野蠻逆擊胸甲` `` 11301
2290111 2 1 1 1 1 1 1 1 1 1 1 1 55 `純白之戰鏈甲` `` 11301
2290113 2 1 1 1 1 1 1 1 1 1 1 1 65 `欲望燃燒鏈甲` `` 11301
2291112 2 1 1 1 1 1 1 1 1 1 1 1 60 `庇佑之圣十字護腿` `` 11303
2290112 2 1 1 1 1 1 1 1 1 1 1 1 60 `庇佑之圣十字鏈甲` `` 11301
2291111 2 1 1 1 1 1 1 1 1 1 1 1 55 `純白之戰護腿` `` 11303
2291110 2 1 1 1 1 1 1 1 1 1 1 1 50 `野蠻逆擊脛甲` `` 11303
2292109 2 1 1 1 1 1 1 1 1 1 1 1 45 `野蠻逆擊護肩` `` 11302
2291113 2 1 1 1 1 1 1 1 1 1 1 1 65 `欲望燃燒護腿` `` 11303
2290114 2 1 1 1 1 1 1 1 1 1 1 1 70 `救贖者鎖甲` `` 11301
2291114 2 1 1 1 1 1 1 1 1 1 1 1 70 `救贖者護腿` `` 11303
2292110 2 1 1 1 1 1 1 1 1 1 1 1 50 `純白之戰肩甲` `` 11302
2292111 2 1 1 1 1 1 1 1 1 1 1 1 55 `庇佑之圣十字肩甲` `` 11302
2292113 2 1 1 1 1 1 1 1 1 1 1 1 65 `救贖者護肩` `` 11302
2292112 2 1 1 1 1 1 1 1 1 1 1 1 60 `欲望燃燒護肩` `` 11302
2293110 2 1 1 1 1 1 1 1 1 1 1 1 50 `純白之戰腰帶` `` 11305
2293111 2 1 1 1 1 1 1 1 1 1 1 1 55 `庇佑之圣十字腰帶` `` 11305
2293109 2 1 1 1 1 1 1 1 1 1 1 1 45 `野蠻逆擊腰帶` `` 11305
2293112 2 1 1 1 1 1 1 1 1 1 1 1 60 `欲望燃燒腰帶` `` 11305
2293113 2 1 1 1 1 1 1 1 1 1 1 1 65 `救贖者腰帶` `` 11305
2294109 2 1 1 1 1 1 1 1 1 1 1 1 45 `野蠻逆擊戰靴` `` 11304
2294110 2 1 1 1 1 1 1 1 1 1 1 1 50 `純白之戰長靴` `` 11304
2294111 2 1 1 1 1 1 1 1 1 1 1 1 55 `庇佑之圣十字長靴` `` 11304
2294112 2 1 1 1 1 1 1 1 1 1 1 1 60 `欲望燃燒長靴` `` 11304
2300106 2 1 1 1 1 1 1 1 1 1 1 1 50 `鋸齒合金鏈甲` `` 11401
2294113 2 1 1 1 1 1 1 1 1 1 1 1 65 `救贖者長靴` `` 11304
2300107 2 1 1 1 1 1 1 1 1 1 1 1 55 `云之競技盔甲` `` 11401
2300111 2 1 1 1 1 1 1 1 1 1 1 1 10 `碾碎者盔甲` `` 11401
2300108 2 1 1 1 1 1 1 1 1 1 1 1 60 `藍楓鏈甲` `` 11401
2300110 2 1 1 1 1 1 1 1 1 1 1 1 70 `光隕龍鱗胸甲` `` 11401
2300109 2 1 1 1 1 1 1 1 1 1 1 1 65 `黑澤靈音鏈甲` `` 11401
2301106 2 1 1 1 1 1 1 1 1 1 1 1 50 `鋸齒合金護腿` `` 11403
2301107 2 1 1 1 1 1 1 1 1 1 1 1 55 `云之競技護腿` `` 11403
2301108 2 1 1 1 1 1 1 1 1 1 1 1 60 `藍楓腿甲` `` 11403
2301109 2 1 1 1 1 1 1 1 1 1 1 1 65 `黑澤靈音護腿` `` 11403
2301110 2 1 1 1 1 1 1 1 1 1 1 1 70 `光隕龍鱗脛甲` `` 11403
2301111 2 1 1 1 1 1 1 1 1 1 1 1 10 `碾碎者護腿` `` 11403
2302106 2 1 1 1 1 1 1 1 1 1 1 1 45 `鋸齒合金護肩` `` 11402
2302109 2 1 1 1 1 1 1 1 1 1 1 1 60 `黑澤靈音護肩` `` 11402
2302108 2 1 1 1 1 1 1 1 1 1 1 1 55 `藍楓肩甲` `` 11402
2302107 2 1 1 1 1 1 1 1 1 1 1 1 50 `云之競技肩甲` `` 11402
2302111 2 1 1 1 1 1 1 1 1 1 1 1 10 `碾碎者斗蓬` `` 11402
2302110 2 1 1 1 1 1 1 1 1 1 1 1 65 `光隕龍鱗肩甲` `` 11402
2303106 2 1 1 1 1 1 1 1 1 1 1 1 45 `鋸齒合金腰帶` `` 11405
2303107 2 1 1 1 1 1 1 1 1 1 1 1 50 `云之競技腰帶` `` 11405
2303108 2 1 1 1 1 1 1 1 1 1 1 1 55 `藍楓腰帶` `` 11405
2303110 2 1 1 1 1 1 1 1 1 1 1 1 65 `光隕龍鱗腰帶` `` 11405
2303109 2 1 1 1 1 1 1 1 1 1 1 1 60 `黑澤靈音腰帶` `` 11405
2304107 2 1 1 1 1 1 1 1 1 1 1 1 50 `云之競技長靴` `` 11404
2304106 2 1 1 1 1 1 1 1 1 1 1 1 45 `鋸齒合金長靴` `` 11404
2304108 2 1 1 1 1 1 1 1 1 1 1 1 55 `藍楓長靴` `` 11404
2303111 2 1 1 1 1 1 1 1 1 1 1 1 10 `碾碎者腰帶` `` 11405
2304111 2 1 1 1 1 1 1 1 1 1 1 1 10 `碾碎者短靴` `` 11404
2304109 2 1 1 1 1 1 1 1 1 1 1 1 60 `黑澤靈音長靴` `` 11404
2304110 2 1 1 1 1 1 1 1 1 1 1 1 65 `光隕龍鱗長靴` `` 11404
20204 2 1 1 1 1 1 1 1 1 1 1 1 55 `圣光恩澤項鏈` `` 12001
20203 2 1 1 1 1 1 1 1 1 1 1 1 50 `銀波石項鏈` `` 12001
20205 2 1 1 1 1 1 1 1 1 1 1 1 60 `血鋒石項鏈` `` 12001
20206 2 1 1 1 1 1 1 1 1 1 1 1 65 `清靈石項鏈` `` 12001
20261 0 1 1 1 1 1 1 1 1 1 1 1 70 `風化的貓眼石項墜` `` 12001
20264 2 1 1 1 1 1 1 1 1 1 1 1 70 `藍色珊瑚珠項鏈` `` 12001
20262 1 1 1 1 1 1 1 1 1 1 1 1 70 `貓眼石項墜` `` 12001
22194 2 1 1 1 1 1 1 1 1 1 1 1 50 `金輝石手鐲` `` 12003
22195 2 1 1 1 1 1 1 1 1 1 1 1 55 `圣光恩澤手鐲` `` 12003
22196 2 1 1 1 1 1 1 1 1 1 1 1 60 `藍靈石手鐲` `` 12003
22197 2 1 1 1 1 1 1 1 1 1 1 1 65 `清云石手鐲` `` 12003
22253 0 1 1 1 1 1 1 1 1 1 1 1 70 `風化的殘影手鐲` `` 12003
22254 1 1 1 1 1 1 1 1 1 1 1 1 70 `殘影手鐲` `` 12003
22256 2 1 1 1 1 1 1 1 1 1 1 1 70 `孔雀石手鐲` `` 12003
24224 2 1 1 1 1 1 1 1 1 1 1 1 50 `藍色玻璃石戒指` `` 12002
24226 2 1 1 1 1 1 1 1 1 1 1 1 60 `藍靈石戒指` `` 12002
24225 2 1 1 1 1 1 1 1 1 1 1 1 55 `圣光恩澤戒指` `` 12002
24227 2 1 1 1 1 1 1 1 1 1 1 1 65 `清云石戒指` `` 12002
24283 0 1 1 1 1 1 1 1 1 1 1 1 70 `風化的紫羅蘭戒指` `` 12002
24286 2 1 1 1 1 1 1 1 1 1 1 1 70 `碧晶光華指輪` `` 12002
24284 1 1 1 1 1 1 1 1 1 1 1 1 70 `紫羅蘭戒指` `` 12002
15347 2 1 1 1 1 1 1 1 1 1 1 1 55 `血色禁忌護肩` `` 11302
17341 2 1 1 1 1 1 1 1 1 1 1 1 55 `血色禁忌腰帶` `` 11305
15348 2 1 1 1 1 1 1 1 1 1 1 1 60 `惡魔戰魂護肩` `` 11302
17342 2 1 1 1 1 1 1 1 1 1 1 1 60 `惡魔戰魂腰帶` `` 11305
22162 3 1 1 1 1 1 1 1 1 1 1 1 68 `巫師的靈珠` `` 12003
37686 3 1 1 1 1 1 1 1 1 1 1 1 68 `巫師的詛咒` `` 10604
37094 3 1 1 1 1 1 1 1 1 1 1 1 68 `刺殺者之心` `` 10602
29387 3 1 1 1 1 1 1 1 1 1 1 1 68 `暗黑血之碎云` `` 10203
30302 3 1 1 1 1 1 1 1 1 1 1 1 68 `血之裂痕` `` 10205
34281 3 1 1 1 1 1 1 1 1 1 1 1 68 `暗黑血之無痕` `` 10406
33702 3 1 1 1 1 1 1 1 1 1 1 1 68 `精靈之號角` `` 10404
31141 3 1 1 1 1 1 1 1 1 1 1 1 68 `暗黑血之毀傷` `` 10302
63119 2 1 1 1 1 1 1 1 1 1 1 1 1 `小巴卡爾的蛋` `` 14001
450114 5 1 1 1 1 1 1 1 1 1 1 1 65 `抗魔石` `` 32100
440343 5 1 1 1 1 1 1 1 1 1 1 1 1 `太陽神之臂章` `` 32001
10001 0 1 1 1 1 1 1 1 1 1 1 1 3 `殘破的粗布襯衫` `` 11002
10005 0 1 1 1 1 1 1 1 1 1 1 1 8 `破舊的棉布背心` `` 11002
10004 1 1 1 1 1 1 1 1 1 1 1 1 7 `精紡的棉布襯衫` `` 11002
10009 1 1 1 1 1 1 1 1 1 1 1 1 11 `亞麻上衣` `` 11002
10006 1 1 1 1 1 1 1 1 1 1 1 1 8 `棉布背心` `` 11002
10011 0 1 1 1 1 1 1 1 1 1 1 1 14 `破舊的棉布長袍` `` 11002
10010 1 1 1 1 1 1 1 1 1 1 1 1 13 `精紡的亞麻上衣` `` 11002
10008 0 1 1 1 1 1 1 1 1 1 1 1 11 `破舊的亞麻上衣` `` 11002
10013 1 1 1 1 1 1 1 1 1 1 1 1 16 `精紡的棉布長袍` `` 11002
10014 0 1 1 1 1 1 1 1 1 1 1 1 17 `破舊的羊毛襯衫` `` 11002
10012 1 1 1 1 1 1 1 1 1 1 1 1 14 `棉布長袍` `` 11002
10015 1 1 1 1 1 1 1 1 1 1 1 1 17 `羊毛襯衫` `` 11002
10017 1 1 1 1 1 1 1 1 1 1 1 1 19 `精紡的羊毛襯衫` `` 11002
10062 0 1 1 1 1 1 1 1 1 1 1 1 25 `舊式絲綢背心` `` 11002
10071 0 1 1 1 1 1 1 1 1 1 1 1 35 `破舊的絹絲襯衫` `` 11002
10063 1 1 1 1 1 1 1 1 1 1 1 1 25 `絲綢背心` `` 11002
10055 0 1 1 1 1 1 1 1 1 1 1 1 6 `紗絨襯衫` `` 11002
10053 3 1 1 1 1 1 1 1 1 1 1 1 13 `梵風衣` `` 11002
10072 1 1 1 1 1 1 1 1 1 1 1 1 35 `絹絲襯衫` `` 11002
10078 0 1 1 1 1 1 1 1 1 1 1 1 45 `破舊的綾羅襯衫` `` 11002
10401 0 1 1 1 1 1 1 1 1 1 1 1 3 `磨損的牛皮背心` `` 11101
10079 1 1 1 1 1 1 1 1 1 1 1 1 45 `綾羅襯衫` `` 11002
10404 1 1 1 1 1 1 1 1 1 1 1 1 7 `堅韌的牛皮背心` `` 11101
10408 0 1 1 1 1 1 1 1 1 1 1 1 11 `舊式熊皮夾克` `` 11101
10410 1 1 1 1 1 1 1 1 1 1 1 1 13 `堅韌的熊皮夾克` `` 11101
10406 1 1 1 1 1 1 1 1 1 1 1 1 8 `羊皮長袍` `` 11101
10409 1 1 1 1 1 1 1 1 1 1 1 1 11 `熊皮夾克` `` 11101
10411 0 1 1 1 1 1 1 1 1 1 1 1 14 `破舊的皮護甲` `` 11101
10414 0 1 1 1 1 1 1 1 1 1 1 1 17 `破舊的鹿皮背心` `` 11101
10412 1 1 1 1 1 1 1 1 1 1 1 1 14 `皮護甲` `` 11101
10413 1 1 1 1 1 1 1 1 1 1 1 1 16 `堅韌的皮護甲` `` 11101
10415 1 1 1 1 1 1 1 1 1 1 1 1 17 `鹿皮背心` `` 11101
10446 0 1 1 1 1 1 1 1 1 1 1 1 6 `赤虎胸甲` `` 11101
10453 1 1 1 1 1 1 1 1 1 1 1 1 25 `虎皮夾克` `` 11101
10458 0 1 1 1 1 1 1 1 1 1 1 1 35 `破舊的狼皮背心` `` 11101
10459 1 1 1 1 1 1 1 1 1 1 1 1 35 `狼皮背心` `` 11101
10452 0 1 1 1 1 1 1 1 1 1 1 1 25 `舊式虎皮夾克` `` 11101
10463 0 1 1 1 1 1 1 1 1 1 1 1 45 `舊式狼皮夾克` `` 11101
10808 0 1 1 1 1 1 1 1 1 1 1 1 11 `舊式枯藤胸甲` `` 11201
10806 1 1 1 1 1 1 1 1 1 1 1 1 8 `橡木胸甲` `` 11201
10804 1 1 1 1 1 1 1 1 1 1 1 1 7 `堅硬的蒔芽胸甲` `` 11201
10801 0 1 1 1 1 1 1 1 1 1 1 1 3 `殘破的蒔芽胸甲` `` 11201
10805 0 1 1 1 1 1 1 1 1 1 1 1 8 `古老的橡木胸甲` `` 11201
10464 1 1 1 1 1 1 1 1 1 1 1 1 45 `狼皮夾克` `` 11101
10809 1 1 1 1 1 1 1 1 1 1 1 1 11 `枯藤胸甲` `` 11201
10811 0 1 1 1 1 1 1 1 1 1 1 1 14 `破舊的木蓮胸甲` `` 11201
10810 1 1 1 1 1 1 1 1 1 1 1 1 13 `堅固的枯藤胸甲` `` 11201
10812 1 1 1 1 1 1 1 1 1 1 1 1 14 `木蓮胸甲` `` 11201
10813 1 1 1 1 1 1 1 1 1 1 1 1 16 `堅固的木蓮胸甲` `` 11201
10814 0 1 1 1 1 1 1 1 1 1 1 1 17 `腐蝕的牛骨胸甲` `` 11201
10815 1 1 1 1 1 1 1 1 1 1 1 1 17 `牛骨胸甲` `` 11201
10845 0 1 1 1 1 1 1 1 1 1 1 1 6 `紫藤胸甲` `` 11201
10851 0 1 1 1 1 1 1 1 1 1 1 1 25 `古老的狼骨胸甲` `` 11201
10817 1 1 1 1 1 1 1 1 1 1 1 1 19 `堅硬的牛骨胸甲` `` 11201
10852 1 1 1 1 1 1 1 1 1 1 1 1 25 `狼骨胸甲` `` 11201
10857 0 1 1 1 1 1 1 1 1 1 1 1 35 `殘破的陶瓷胸甲` `` 11201
10862 0 1 1 1 1 1 1 1 1 1 1 1 45 `舊式軟陶胸甲` `` 11201
10858 1 1 1 1 1 1 1 1 1 1 1 1 35 `陶瓷胸甲` `` 11201
10863 1 1 1 1 1 1 1 1 1 1 1 1 45 `軟陶胸甲` `` 11201
11201 0 1 1 1 1 1 1 1 1 1 1 1 3 `磨損的青銅鏈甲` `` 11301
11204 1 1 1 1 1 1 1 1 1 1 1 1 7 `堅韌的青銅鏈甲` `` 11301
11205 0 1 1 1 1 1 1 1 1 1 1 1 8 `生鏽的粗鐵鏈甲` `` 11301
11206 1 1 1 1 1 1 1 1 1 1 1 1 8 `粗鐵鏈甲` `` 11301
11208 0 1 1 1 1 1 1 1 1 1 1 1 11 `舊式赤鐵鏈甲` `` 11301
11209 1 1 1 1 1 1 1 1 1 1 1 1 11 `赤鐵鏈甲` `` 11301
11211 0 1 1 1 1 1 1 1 1 1 1 1 14 `生鏽的黃銅鏈甲` `` 11301
11210 1 1 1 1 1 1 1 1 1 1 1 1 13 `堅固的赤鐵鏈甲` `` 11301
11214 0 1 1 1 1 1 1 1 1 1 1 1 17 `生鏽的黑鐵鎖甲` `` 11301
11212 1 1 1 1 1 1 1 1 1 1 1 1 14 `黃銅鏈甲` `` 11301
11213 1 1 1 1 1 1 1 1 1 1 1 1 16 `堅韌的黃銅鏈甲` `` 11301
11215 1 1 1 1 1 1 1 1 1 1 1 1 17 `黑鐵鎖甲` `` 11301
11217 1 1 1 1 1 1 1 1 1 1 1 1 19 `堅韌黑鐵鎖甲` `` 11301
11245 0 1 1 1 1 1 1 1 1 1 1 1 6 `石英胸甲` `` 11301
11251 0 1 1 1 1 1 1 1 1 1 1 1 25 `破舊的青銅鎖甲` `` 11301
11252 1 1 1 1 1 1 1 1 1 1 1 1 25 `青銅鎖甲` `` 11301
11257 0 1 1 1 1 1 1 1 1 1 1 1 35 `生鏽的鐵合金鏈甲` `` 11301
11262 0 1 1 1 1 1 1 1 1 1 1 1 45 `磨損的鈦銀鏈甲` `` 11301
11258 1 1 1 1 1 1 1 1 1 1 1 1 35 `鐵合金鏈甲` `` 11301
11600 0 1 1 1 1 1 1 1 1 1 1 1 18 `生鏽的鋼鐵胸甲` `` 11401
11263 1 1 1 1 1 1 1 1 1 1 1 1 45 `鈦銀鏈甲` `` 11301
11603 0 1 1 1 1 1 1 1 1 1 1 1 21 `損坏的青銅胸鎧` `` 11401
11601 1 1 1 1 1 1 1 1 1 1 1 1 18 `鋼鐵胸甲` `` 11401
11604 1 1 1 1 1 1 1 1 1 1 1 1 21 `青銅胸鎧` `` 11401
11629 0 1 1 1 1 1 1 1 1 1 1 1 25 `生鏽的鐵鎧甲` `` 11401
11606 1 1 1 1 1 1 1 1 1 1 1 1 23 `堅固的青銅胸鎧` `` 11401
11630 1 1 1 1 1 1 1 1 1 1 1 1 25 `鐵鎧甲` `` 11401
11635 0 1 1 1 1 1 1 1 1 1 1 1 35 `生鏽的鈦合金胸甲` `` 11401
11640 0 1 1 1 1 1 1 1 1 1 1 1 45 `破舊的黑鋼胸甲` `` 11401
11636 1 1 1 1 1 1 1 1 1 1 1 1 35 `鈦合金胸甲` `` 11401
12001 0 1 1 1 1 1 1 1 1 1 1 1 3 `殘破的粗布短褲` `` 11004
11641 1 1 1 1 1 1 1 1 1 1 1 1 45 `黑鋼胸甲` `` 11401
12005 0 1 1 1 1 1 1 1 1 1 1 1 8 `破舊的棉布長褲` `` 11004
12006 1 1 1 1 1 1 1 1 1 1 1 1 8 `棉布長褲` `` 11004
12004 1 1 1 1 1 1 1 1 1 1 1 1 7 `精紡的棉布短褲` `` 11004
12008 0 1 1 1 1 1 1 1 1 1 1 1 11 `破舊的亞麻綁腿` `` 11004
12009 1 1 1 1 1 1 1 1 1 1 1 1 11 `亞麻綁腿` `` 11004
12010 1 1 1 1 1 1 1 1 1 1 1 1 13 `精紡的亞麻綁腿` `` 11004
12011 0 1 1 1 1 1 1 1 1 1 1 1 14 `破舊的棉布護腿` `` 11004
12012 1 1 1 1 1 1 1 1 1 1 1 1 14 `棉布護腿` `` 11004
12014 0 1 1 1 1 1 1 1 1 1 1 1 17 `破舊的羊毛短褲` `` 11004
12013 1 1 1 1 1 1 1 1 1 1 1 1 16 `精紡的棉布護腿` `` 11004
12015 1 1 1 1 1 1 1 1 1 1 1 1 17 `羊毛短褲` `` 11004
12017 1 1 1 1 1 1 1 1 1 1 1 1 19 `精紡的羊毛短褲` `` 11004
12054 0 1 1 1 1 1 1 1 1 1 1 1 6 `紗絨長褲` `` 11004
12052 3 1 1 1 1 1 1 1 1 1 1 1 12 `狂舞短褲` `` 11004
12061 0 1 1 1 1 1 1 1 1 1 1 1 25 `舊式絲綢綁腿` `` 11004
12062 1 1 1 1 1 1 1 1 1 1 1 1 25 `絲綢綁腿` `` 11004
12070 0 1 1 1 1 1 1 1 1 1 1 1 35 `破舊的絹絲短褲` `` 11004
12071 1 1 1 1 1 1 1 1 1 1 1 1 35 `絹絲短褲` `` 11004
12077 0 1 1 1 1 1 1 1 1 1 1 1 45 `破舊的綾羅綁腿` `` 11004
12078 1 1 1 1 1 1 1 1 1 1 1 1 45 `綾羅綁腿` `` 11004
12406 1 1 1 1 1 1 1 1 1 1 1 1 8 `羊皮長褲` `` 11103
12408 0 1 1 1 1 1 1 1 1 1 1 1 11 `舊式熊皮綁腿` `` 11103
12404 1 1 1 1 1 1 1 1 1 1 1 1 7 `堅韌的牛皮短褲` `` 11103
12401 0 1 1 1 1 1 1 1 1 1 1 1 3 `磨損的牛皮短褲` `` 11103
12409 1 1 1 1 1 1 1 1 1 1 1 1 11 `熊皮綁腿` `` 11103
12411 0 1 1 1 1 1 1 1 1 1 1 1 14 `破舊的皮短褲` `` 11103
12410 1 1 1 1 1 1 1 1 1 1 1 1 13 `堅韌的熊皮綁腿` `` 11103
12412 1 1 1 1 1 1 1 1 1 1 1 1 14 `皮短褲` `` 11103
12413 1 1 1 1 1 1 1 1 1 1 1 1 16 `堅韌的皮短褲` `` 11103
12414 0 1 1 1 1 1 1 1 1 1 1 1 16 `破舊的鹿皮短褲` `` 11103
12458 0 1 1 1 1 1 1 1 1 1 1 1 35 `破舊的狼皮短褲` `` 11103
12415 1 1 1 1 1 1 1 1 1 1 1 1 16 `鹿皮短褲` `` 11103
12417 1 1 1 1 1 1 1 1 1 1 1 1 19 `堅韌的鹿皮短褲` `` 11103
12452 0 1 1 1 1 1 1 1 1 1 1 1 25 `舊式虎皮綁腿` `` 11103
12453 1 1 1 1 1 1 1 1 1 1 1 1 25 `虎皮綁腿` `` 11103
12446 0 1 1 1 1 1 1 1 1 1 1 1 6 `赤虎短褲` `` 11103
12801 0 1 1 1 1 1 1 1 1 1 1 1 3 `殘破的蒔芽綁腿` `` 11203
12463 0 1 1 1 1 1 1 1 1 1 1 1 45 `舊式狼皮綁腿` `` 11103
12464 1 1 1 1 1 1 1 1 1 1 1 1 45 `狼皮綁腿` `` 11103
12804 1 1 1 1 1 1 1 1 1 1 1 1 7 `堅硬的蒔芽綁腿` `` 11203
12459 1 1 1 1 1 1 1 1 1 1 1 1 35 `狼皮短褲` `` 11103
12805 0 1 1 1 1 1 1 1 1 1 1 1 8 `古老的橡木綁腿` `` 11203
12808 0 1 1 1 1 1 1 1 1 1 1 1 11 `舊式枯藤綁腿` `` 11203
12806 1 1 1 1 1 1 1 1 1 1 1 1 8 `橡木綁腿` `` 11203
12809 1 1 1 1 1 1 1 1 1 1 1 1 11 `枯藤綁腿` `` 11203
12811 0 1 1 1 1 1 1 1 1 1 1 1 14 `破舊的木蓮綁腿` `` 11203
12810 1 1 1 1 1 1 1 1 1 1 1 1 13 `堅固的枯藤綁腿` `` 11203
12812 1 1 1 1 1 1 1 1 1 1 1 1 14 `木蓮綁腿` `` 11203
12813 1 1 1 1 1 1 1 1 1 1 1 1 16 `堅固的木蓮綁腿` `` 11203
12815 1 1 1 1 1 1 1 1 1 1 1 1 17 `牛骨綁腿` `` 11203
12814 0 1 1 1 1 1 1 1 1 1 1 1 17 `腐蝕的牛骨綁腿` `` 11203
12817 1 1 1 1 1 1 1 1 1 1 1 1 19 `堅硬的牛骨綁腿` `` 11203
12845 0 1 1 1 1 1 1 1 1 1 1 1 6 `紫藤綁腿` `` 11203
12851 0 1 1 1 1 1 1 1 1 1 1 1 25 `古老的狼骨綁腿` `` 11203
12852 1 1 1 1 1 1 1 1 1 1 1 1 25 `狼骨綁腿` `` 11203
12857 0 1 1 1 1 1 1 1 1 1 1 1 35 `殘破的陶瓷綁腿` `` 11203
12858 1 1 1 1 1 1 1 1 1 1 1 1 35 `陶瓷綁腿` `` 11203
12862 0 1 1 1 1 1 1 1 1 1 1 1 45 `舊式軟陶綁腿` `` 11203
13201 0 1 1 1 1 1 1 1 1 1 1 1 3 `磨損的青銅脛甲` `` 11303
12863 1 1 1 1 1 1 1 1 1 1 1 1 45 `軟陶綁腿` `` 11203
13205 0 1 1 1 1 1 1 1 1 1 1 1 8 `生鏽的粗鐵護腿` `` 11303
13208 0 1 1 1 1 1 1 1 1 1 1 1 11 `舊式赤鐵護腿` `` 11303
13204 1 1 1 1 1 1 1 1 1 1 1 1 7 `堅韌的青銅脛甲` `` 11303
13206 1 1 1 1 1 1 1 1 1 1 1 1 8 `粗鐵護腿` `` 11303
13209 1 1 1 1 1 1 1 1 1 1 1 1 11 `赤鐵護腿` `` 11303
13210 1 1 1 1 1 1 1 1 1 1 1 1 13 `堅固的赤鐵護腿` `` 11303
13211 0 1 1 1 1 1 1 1 1 1 1 1 14 `生鏽的黃銅護腿` `` 11303
13212 1 1 1 1 1 1 1 1 1 1 1 1 14 `黃銅護腿` `` 11303
13213 1 1 1 1 1 1 1 1 1 1 1 1 16 `堅韌的黃銅護腿` `` 11303
13214 0 1 1 1 1 1 1 1 1 1 1 1 17 `生鏽的黑鐵護腿` `` 11303
13215 1 1 1 1 1 1 1 1 1 1 1 1 17 `黑鐵護腿` `` 11303
13251 0 1 1 1 1 1 1 1 1 1 1 1 25 `破舊的青銅綁腿` `` 11303
13245 0 1 1 1 1 1 1 1 1 1 1 1 6 `石英護腿` `` 11303
13257 0 1 1 1 1 1 1 1 1 1 1 1 35 `生鏽的鐵合金脛甲` `` 11303
13252 1 1 1 1 1 1 1 1 1 1 1 1 25 `青銅綁腿` `` 11303
13217 1 1 1 1 1 1 1 1 1 1 1 1 19 `堅韌黑鐵護腿` `` 11303
13262 0 1 1 1 1 1 1 1 1 1 1 1 45 `磨損的鈦銀腿甲` `` 11303
13600 0 1 1 1 1 1 1 1 1 1 1 1 18 `生鏽的鋼鐵護腿` `` 11403
13263 1 1 1 1 1 1 1 1 1 1 1 1 45 `鈦銀腿甲` `` 11303
13258 1 1 1 1 1 1 1 1 1 1 1 1 35 `鐵合金脛甲` `` 11303
13601 1 1 1 1 1 1 1 1 1 1 1 1 18 `鋼鐵護腿` `` 11403
13603 0 1 1 1 1 1 1 1 1 1 1 1 21 `損坏的青銅護腿` `` 11403
13604 1 1 1 1 1 1 1 1 1 1 1 1 21 `青銅護腿` `` 11403
13606 1 1 1 1 1 1 1 1 1 1 1 1 23 `堅固的青銅護腿` `` 11403
13629 0 1 1 1 1 1 1 1 1 1 1 1 25 `生鏽的鐵護腿` `` 11403
13635 0 1 1 1 1 1 1 1 1 1 1 1 35 `生鏽的鈦合金護腿` `` 11403
13630 1 1 1 1 1 1 1 1 1 1 1 1 25 `鐵護腿` `` 11403
13636 1 1 1 1 1 1 1 1 1 1 1 1 35 `鈦合金護腿` `` 11403
13640 0 1 1 1 1 1 1 1 1 1 1 1 45 `破舊的黑鋼護腿` `` 11403
13641 1 1 1 1 1 1 1 1 1 1 1 1 45 `黑鋼護腿` `` 11403
14001 0 1 1 1 1 1 1 1 1 1 1 1 3 `殘破的粗布護肩` `` 11003
14004 1 1 1 1 1 1 1 1 1 1 1 1 7 `精紡的棉布護肩` `` 11003
14005 0 1 1 1 1 1 1 1 1 1 1 1 8 `破舊的棉布肩甲` `` 11003
14006 1 1 1 1 1 1 1 1 1 1 1 1 8 `棉布肩甲` `` 11003
14010 1 1 1 1 1 1 1 1 1 1 1 1 13 `精紡的亞麻披肩` `` 11003
14009 1 1 1 1 1 1 1 1 1 1 1 1 11 `亞麻披肩` `` 11003
14008 0 1 1 1 1 1 1 1 1 1 1 1 11 `破舊的亞麻披肩` `` 11003
14011 0 1 1 1 1 1 1 1 1 1 1 1 14 `破舊的棉布斗蓬` `` 11003
14012 1 1 1 1 1 1 1 1 1 1 1 1 14 `棉布斗蓬` `` 11003
14015 0 1 1 1 1 1 1 1 1 1 1 1 17 `破舊的羊毛護肩` `` 11003
14013 1 1 1 1 1 1 1 1 1 1 1 1 16 `精紡的棉布斗蓬` `` 11003
14016 1 1 1 1 1 1 1 1 1 1 1 1 17 `羊毛護肩` `` 11003
14051 3 1 1 1 1 1 1 1 1 1 1 1 11 `賢者肩甲` `` 11003
14017 1 1 1 1 1 1 1 1 1 1 1 1 19 `精紡的羊毛護肩` `` 11003
14061 0 1 1 1 1 1 1 1 1 1 1 1 25 `舊式絲綢披肩` `` 11003
14062 1 1 1 1 1 1 1 1 1 1 1 1 25 `絲綢披肩` `` 11003
14071 1 1 1 1 1 1 1 1 1 1 1 1 35 `絹絲護肩` `` 11003
14070 0 1 1 1 1 1 1 1 1 1 1 1 35 `破舊的絹絲護肩` `` 11003
14401 0 1 1 1 1 1 1 1 1 1 1 1 3 `磨損的牛皮護肩` `` 11102
14404 1 1 1 1 1 1 1 1 1 1 1 1 7 `堅韌的牛皮護肩` `` 11102
14406 1 1 1 1 1 1 1 1 1 1 1 1 8 `羊皮護肩` `` 11102
14408 0 1 1 1 1 1 1 1 1 1 1 1 11 `舊式熊皮護肩` `` 11102
14409 1 1 1 1 1 1 1 1 1 1 1 1 11 `熊皮護肩` `` 11102
14411 0 1 1 1 1 1 1 1 1 1 1 1 14 `破舊的皮護肩` `` 11102
14410 1 1 1 1 1 1 1 1 1 1 1 1 13 `堅韌的熊皮護肩` `` 11102
14412 1 1 1 1 1 1 1 1 1 1 1 1 14 `皮護肩` `` 11102
14414 1 1 1 1 1 1 1 1 1 1 1 1 16 `堅韌的皮護肩` `` 11102
14415 0 1 1 1 1 1 1 1 1 1 1 1 17 `破舊的鹿皮護肩` `` 11102
14452 0 1 1 1 1 1 1 1 1 1 1 1 25 `舊式虎皮護肩` `` 11102
14418 1 1 1 1 1 1 1 1 1 1 1 1 19 `堅韌的鹿皮護肩` `` 11102
14453 1 1 1 1 1 1 1 1 1 1 1 1 25 `虎皮護肩` `` 11102
14458 0 1 1 1 1 1 1 1 1 1 1 1 35 `破舊的狼皮肩鎧` `` 11102
14416 1 1 1 1 1 1 1 1 1 1 1 1 17 `鹿皮護肩` `` 11102
14801 0 1 1 1 1 1 1 1 1 1 1 1 3 `殘破的蒔芽護肩` `` 11202
14459 1 1 1 1 1 1 1 1 1 1 1 1 35 `狼皮肩鎧` `` 11102
14810 1 1 1 1 1 1 1 1 1 1 1 1 13 `堅固的枯藤護肩` `` 11202
14813 1 1 1 1 1 1 1 1 1 1 1 1 16 `堅固的木蓮護肩` `` 11202
14808 0 1 1 1 1 1 1 1 1 1 1 1 11 `舊式枯藤護肩` `` 11202
14809 1 1 1 1 1 1 1 1 1 1 1 1 11 `枯藤護肩` `` 11202
14811 0 1 1 1 1 1 1 1 1 1 1 1 14 `破舊的木蓮護肩` `` 11202
14805 0 1 1 1 1 1 1 1 1 1 1 1 8 `古老的橡木護肩` `` 11202
14806 1 1 1 1 1 1 1 1 1 1 1 1 8 `橡木護肩` `` 11202
14812 1 1 1 1 1 1 1 1 1 1 1 1 14 `木蓮護肩` `` 11202
14804 1 1 1 1 1 1 1 1 1 1 1 1 7 `堅硬的蒔芽護肩` `` 11202
14815 0 1 1 1 1 1 1 1 1 1 1 1 17 `腐蝕的牛骨護肩` `` 11202
14816 1 1 1 1 1 1 1 1 1 1 1 1 17 `牛骨護肩` `` 11202
14851 0 1 1 1 1 1 1 1 1 1 1 1 25 `古老的狼骨護肩` `` 11202
14817 1 1 1 1 1 1 1 1 1 1 1 1 19 `堅硬的牛骨護肩` `` 11202
14857 0 1 1 1 1 1 1 1 1 1 1 1 35 `殘破的陶瓷護肩` `` 11202
15201 0 1 1 1 1 1 1 1 1 1 1 1 3 `磨損的青銅肩甲` `` 11302
14858 1 1 1 1 1 1 1 1 1 1 1 1 35 `陶瓷護肩` `` 11202
14852 1 1 1 1 1 1 1 1 1 1 1 1 25 `狼骨護肩` `` 11202
15205 0 1 1 1 1 1 1 1 1 1 1 1 8 `生鏽的粗鐵護肩` `` 11302
15204 1 1 1 1 1 1 1 1 1 1 1 1 7 `堅韌的青銅肩甲` `` 11302
15206 1 1 1 1 1 1 1 1 1 1 1 1 8 `粗鐵護肩` `` 11302
15208 0 1 1 1 1 1 1 1 1 1 1 1 11 `舊式赤鐵護肩` `` 11302
15209 1 1 1 1 1 1 1 1 1 1 1 1 11 `赤鐵護肩` `` 11302
15210 1 1 1 1 1 1 1 1 1 1 1 1 13 `堅固的赤鐵護肩` `` 11302
15211 0 1 1 1 1 1 1 1 1 1 1 1 14 `生鏽的黃銅護肩` `` 11302
15215 0 1 1 1 1 1 1 1 1 1 1 1 17 `生鏽的黑鐵肩甲` `` 11302
15213 1 1 1 1 1 1 1 1 1 1 1 1 16 `堅韌的黃銅護肩` `` 11302
15212 1 1 1 1 1 1 1 1 1 1 1 1 14 `黃銅護肩` `` 11302
15251 0 1 1 1 1 1 1 1 1 1 1 1 25 `破舊的青銅肩鎧` `` 11302
15257 0 1 1 1 1 1 1 1 1 1 1 1 35 `生鏽的鐵合金肩甲` `` 11302
15217 1 1 1 1 1 1 1 1 1 1 1 1 19 `堅韌黑鐵肩甲` `` 11302
15252 1 1 1 1 1 1 1 1 1 1 1 1 25 `青銅肩鎧` `` 11302
15600 0 1 1 1 1 1 1 1 1 1 1 1 18 `生鏽的鋼鐵護肩` `` 11402
15604 0 1 1 1 1 1 1 1 1 1 1 1 21 `損坏的青銅護肩` `` 11402
15258 1 1 1 1 1 1 1 1 1 1 1 1 35 `鐵合金肩甲` `` 11302
15601 1 1 1 1 1 1 1 1 1 1 1 1 18 `鋼鐵護肩` `` 11402
15630 0 1 1 1 1 1 1 1 1 1 1 1 25 `生鏽的鐵護肩` `` 11402
15605 1 1 1 1 1 1 1 1 1 1 1 1 21 `青銅護肩` `` 11402
15636 0 1 1 1 1 1 1 1 1 1 1 1 35 `生鏽的鈦合金護肩` `` 11402
15631 1 1 1 1 1 1 1 1 1 1 1 1 25 `鐵護肩` `` 11402
15606 1 1 1 1 1 1 1 1 1 1 1 1 23 `堅固的青銅護肩` `` 11402
16001 0 1 1 1 1 1 1 1 1 1 1 1 3 `殘破的粗布腰帶` `` 11006
15637 1 1 1 1 1 1 1 1 1 1 1 1 35 `鈦合金護肩` `` 11402
16005 0 1 1 1 1 1 1 1 1 1 1 1 8 `破舊的棉布護腰` `` 11006
16004 1 1 1 1 1 1 1 1 1 1 1 1 7 `精紡的棉布腰帶` `` 11006
16008 0 1 1 1 1 1 1 1 1 1 1 1 11 `破舊的亞麻腰帶` `` 11006
16006 1 1 1 1 1 1 1 1 1 1 1 1 8 `棉布護腰` `` 11006
16009 1 1 1 1 1 1 1 1 1 1 1 1 11 `亞麻腰帶` `` 11006
16011 0 1 1 1 1 1 1 1 1 1 1 1 14 `破舊的棉布束腰` `` 11006
16010 1 1 1 1 1 1 1 1 1 1 1 1 13 `精紡的亞麻腰帶` `` 11006
16013 1 1 1 1 1 1 1 1 1 1 1 1 16 `精紡的棉布束腰` `` 11006
16012 1 1 1 1 1 1 1 1 1 1 1 1 14 `棉布束腰` `` 11006
16014 0 1 1 1 1 1 1 1 1 1 1 1 17 `破舊的羊毛腰帶` `` 11006
16015 1 1 1 1 1 1 1 1 1 1 1 1 17 `羊毛腰帶` `` 11006
16017 1 1 1 1 1 1 1 1 1 1 1 1 19 `精紡的羊毛腰帶` `` 11006
16054 1 1 1 1 1 1 1 1 1 1 1 1 25 `絲綢腰帶` `` 11006
16053 0 1 1 1 1 1 1 1 1 1 1 1 25 `舊式絲綢腰帶` `` 11006
16059 0 1 1 1 1 1 1 1 1 1 1 1 35 `破舊的絹絲腰帶` `` 11006
16401 0 1 1 1 1 1 1 1 1 1 1 1 3 `磨損的牛皮腰帶` `` 11105
16060 1 1 1 1 1 1 1 1 1 1 1 1 35 `絹絲腰帶` `` 11006
16406 1 1 1 1 1 1 1 1 1 1 1 1 8 `羊皮腰帶` `` 11105
16404 1 1 1 1 1 1 1 1 1 1 1 1 7 `堅韌的牛皮腰帶` `` 11105
16408 0 1 1 1 1 1 1 1 1 1 1 1 11 `舊式熊皮腰帶` `` 11105
16409 1 1 1 1 1 1 1 1 1 1 1 1 11 `熊皮腰帶` `` 11105
16410 1 1 1 1 1 1 1 1 1 1 1 1 13 `堅韌的熊皮腰帶` `` 11105
16411 0 1 1 1 1 1 1 1 1 1 1 1 14 `破舊的皮腰帶` `` 11105
16412 1 1 1 1 1 1 1 1 1 1 1 1 14 `皮腰帶` `` 11105
16415 0 1 1 1 1 1 1 1 1 1 1 1 17 `破舊的鹿皮腰帶` `` 11105
16414 1 1 1 1 1 1 1 1 1 1 1 1 16 `堅韌的皮腰帶` `` 11105
16418 1 1 1 1 1 1 1 1 1 1 1 1 19 `堅韌的鹿皮腰帶` `` 11105
16452 0 1 1 1 1 1 1 1 1 1 1 1 25 `舊式虎皮腰帶` `` 11105
16416 1 1 1 1 1 1 1 1 1 1 1 1 17 `鹿皮腰帶` `` 11105
16453 1 1 1 1 1 1 1 1 1 1 1 1 25 `虎皮腰帶` `` 11105
16458 0 1 1 1 1 1 1 1 1 1 1 1 35 `破舊的狼皮束腰` `` 11105
16459 1 1 1 1 1 1 1 1 1 1 1 1 35 `狼皮束腰` `` 11105
16801 0 1 1 1 1 1 1 1 1 1 1 1 3 `殘破的蒔芽腰帶` `` 11205
16804 1 1 1 1 1 1 1 1 1 1 1 1 7 `堅硬的蒔芽腰帶` `` 11205
16805 0 1 1 1 1 1 1 1 1 1 1 1 8 `古老的橡木腰帶` `` 11205
16808 0 1 1 1 1 1 1 1 1 1 1 1 11 `舊式枯藤腰帶` `` 11205
16806 1 1 1 1 1 1 1 1 1 1 1 1 8 `橡木腰帶` `` 11205
16809 1 1 1 1 1 1 1 1 1 1 1 1 11 `枯藤腰帶` `` 11205
16811 0 1 1 1 1 1 1 1 1 1 1 1 14 `破舊的木蓮腰帶` `` 11205
16810 1 1 1 1 1 1 1 1 1 1 1 1 13 `堅固的枯藤腰帶` `` 11205
16812 1 1 1 1 1 1 1 1 1 1 1 1 14 `木蓮腰帶` `` 11205
16814 1 1 1 1 1 1 1 1 1 1 1 1 16 `堅固的木蓮腰帶` `` 11205
16815 0 1 1 1 1 1 1 1 1 1 1 1 17 `腐蝕的牛骨腰帶` `` 11205
16816 1 1 1 1 1 1 1 1 1 1 1 1 17 `牛骨腰帶` `` 11205
16851 0 1 1 1 1 1 1 1 1 1 1 1 25 `古老的狼骨腰帶` `` 11205
16818 1 1 1 1 1 1 1 1 1 1 1 1 19 `堅硬的牛骨腰帶` `` 11205
16852 1 1 1 1 1 1 1 1 1 1 1 1 25 `狼骨腰帶` `` 11205
17206 1 1 1 1 1 1 1 1 1 1 1 1 8 `粗鐵腰帶` `` 11305
17208 0 1 1 1 1 1 1 1 1 1 1 1 11 `舊式赤鐵腰帶` `` 11305
17205 0 1 1 1 1 1 1 1 1 1 1 1 8 `生鏽的粗鐵腰帶` `` 11305
17204 1 1 1 1 1 1 1 1 1 1 1 1 7 `堅韌的青銅護腰` `` 11305
17201 0 1 1 1 1 1 1 1 1 1 1 1 3 `磨損的青銅護腰` `` 11305
16857 0 1 1 1 1 1 1 1 1 1 1 1 35 `殘破的陶瓷腰帶` `` 11205
17209 1 1 1 1 1 1 1 1 1 1 1 1 11 `赤鐵腰帶` `` 11305
16858 1 1 1 1 1 1 1 1 1 1 1 1 35 `陶瓷腰帶` `` 11205
17211 0 1 1 1 1 1 1 1 1 1 1 1 14 `生鏽的黃銅腰帶` `` 11305
17210 1 1 1 1 1 1 1 1 1 1 1 1 13 `堅固的赤鐵腰帶` `` 11305
17214 1 1 1 1 1 1 1 1 1 1 1 1 16 `堅韌的黃銅腰帶` `` 11305
17212 1 1 1 1 1 1 1 1 1 1 1 1 14 `黃銅腰帶` `` 11305
17251 0 1 1 1 1 1 1 1 1 1 1 1 25 `破舊的青銅腰甲` `` 11305
17257 0 1 1 1 1 1 1 1 1 1 1 1 35 `生鏽的鐵合金護腰` `` 11305
17258 1 1 1 1 1 1 1 1 1 1 1 1 35 `鐵合金護腰` `` 11305
17252 1 1 1 1 1 1 1 1 1 1 1 1 25 `青銅腰甲` `` 11305
17218 1 1 1 1 1 1 1 1 1 1 1 1 19 `堅韌黑鐵護腰` `` 11305
17216 1 1 1 1 1 1 1 1 1 1 1 1 17 `黑鐵護腰` `` 11305
17215 0 1 1 1 1 1 1 1 1 1 1 1 17 `生鏽的黑鐵護腰` `` 11305
17600 0 1 1 1 1 1 1 1 1 1 1 1 18 `生鏽的鋼鐵腰帶` `` 11405
17601 1 1 1 1 1 1 1 1 1 1 1 1 18 `鋼鐵腰帶` `` 11405
17604 0 1 1 1 1 1 1 1 1 1 1 1 21 `損坏的青銅腰帶` `` 11405
17605 1 1 1 1 1 1 1 1 1 1 1 1 21 `青銅腰帶` `` 11405
17630 0 1 1 1 1 1 1 1 1 1 1 1 25 `生鏽的鐵腰帶` `` 11405
17606 1 1 1 1 1 1 1 1 1 1 1 1 23 `堅固的青銅腰帶` `` 11405
17631 1 1 1 1 1 1 1 1 1 1 1 1 25 `鐵腰帶` `` 11405
17636 0 1 1 1 1 1 1 1 1 1 1 1 35 `生鏽的鈦合金腰帶` `` 11405
18001 0 1 1 1 1 1 1 1 1 1 1 1 3 `殘破的粗布拖鞋` `` 11005
18004 1 1 1 1 1 1 1 1 1 1 1 1 7 `精紡的棉布拖鞋` `` 11005
17637 1 1 1 1 1 1 1 1 1 1 1 1 35 `鈦合金腰帶` `` 11405
18005 0 1 1 1 1 1 1 1 1 1 1 1 8 `破舊的棉布涼鞋` `` 11005
18006 1 1 1 1 1 1 1 1 1 1 1 1 8 `棉布涼鞋` `` 11005
18008 0 1 1 1 1 1 1 1 1 1 1 1 11 `破舊的亞麻短靴` `` 11005
18009 1 1 1 1 1 1 1 1 1 1 1 1 11 `亞麻短靴` `` 11005
18010 1 1 1 1 1 1 1 1 1 1 1 1 13 `精紡的亞麻短靴` `` 11005
18012 1 1 1 1 1 1 1 1 1 1 1 1 14 `棉布短靴` `` 11005
18011 0 1 1 1 1 1 1 1 1 1 1 1 14 `破舊的棉布短靴` `` 11005
18013 1 1 1 1 1 1 1 1 1 1 1 1 16 `精紡的棉布短靴` `` 11005
18014 0 1 1 1 1 1 1 1 1 1 1 1 17 `破舊的羊毛短靴` `` 11005
18015 1 1 1 1 1 1 1 1 1 1 1 1 17 `羊毛短靴` `` 11005
18017 1 1 1 1 1 1 1 1 1 1 1 1 19 `精紡的羊毛短靴` `` 11005
18045 3 1 1 1 1 1 1 1 1 1 1 1 11 `匠人的幽紋短鞋` `` 11005
18046 0 1 1 1 1 1 1 1 1 1 1 1 3 `紗絨短靴` `` 11005
18054 0 1 1 1 1 1 1 1 1 1 1 1 25 `舊式絲綢短靴` `` 11005
18060 0 1 1 1 1 1 1 1 1 1 1 1 35 `破舊的絹絲短靴` `` 11005
18055 1 1 1 1 1 1 1 1 1 1 1 1 25 `絲綢短靴` `` 11005
18061 1 1 1 1 1 1 1 1 1 1 1 1 35 `絹絲短靴` `` 11005
18404 1 1 1 1 1 1 1 1 1 1 1 1 7 `堅韌的牛皮拖鞋` `` 11104
18401 0 1 1 1 1 1 1 1 1 1 1 1 3 `磨損的牛皮拖鞋` `` 11104
18406 1 1 1 1 1 1 1 1 1 1 1 1 8 `羊皮涼鞋` `` 11104
18408 0 1 1 1 1 1 1 1 1 1 1 1 11 `舊式熊皮短靴` `` 11104
18409 1 1 1 1 1 1 1 1 1 1 1 1 11 `熊皮短靴` `` 11104
18411 0 1 1 1 1 1 1 1 1 1 1 1 14 `破舊的長皮靴` `` 11104
18410 1 1 1 1 1 1 1 1 1 1 1 1 13 `堅韌的熊皮短靴` `` 11104
18412 1 1 1 1 1 1 1 1 1 1 1 1 14 `長皮靴` `` 11104
18414 1 1 1 1 1 1 1 1 1 1 1 1 16 `堅韌的長皮靴` `` 11104
18415 0 1 1 1 1 1 1 1 1 1 1 1 17 `破舊的鹿皮拖靴` `` 11104
18416 1 1 1 1 1 1 1 1 1 1 1 1 17 `鹿皮拖靴` `` 11104
18446 0 1 1 1 1 1 1 1 1 1 1 1 4 `赤虎皮靴` `` 11104
18418 1 1 1 1 1 1 1 1 1 1 1 1 19 `堅韌的鹿皮拖靴` `` 11104
18453 0 1 1 1 1 1 1 1 1 1 1 1 25 `舊式虎皮短靴` `` 11104
18459 0 1 1 1 1 1 1 1 1 1 1 1 35 `破舊的狼皮拖鞋` `` 11104
18454 1 1 1 1 1 1 1 1 1 1 1 1 25 `虎皮短靴` `` 11104
18801 0 1 1 1 1 1 1 1 1 1 1 1 3 `殘破的蒔芽短靴` `` 11204
18460 1 1 1 1 1 1 1 1 1 1 1 1 35 `狼皮拖鞋` `` 11104
18804 1 1 1 1 1 1 1 1 1 1 1 1 7 `堅硬的蒔芽短靴` `` 11204
18805 0 1 1 1 1 1 1 1 1 1 1 1 8 `古老的橡木短靴` `` 11204
18808 0 1 1 1 1 1 1 1 1 1 1 1 11 `舊式枯藤短靴` `` 11204
18806 1 1 1 1 1 1 1 1 1 1 1 1 8 `橡木短靴` `` 11204
18811 0 1 1 1 1 1 1 1 1 1 1 1 14 `破舊的木蓮短靴` `` 11204
18809 1 1 1 1 1 1 1 1 1 1 1 1 11 `枯藤短靴` `` 11204
18810 1 1 1 1 1 1 1 1 1 1 1 1 13 `堅固的枯藤短靴` `` 11204
18814 1 1 1 1 1 1 1 1 1 1 1 1 16 `堅固的木蓮短靴` `` 11204
18812 1 1 1 1 1 1 1 1 1 1 1 1 14 `木蓮短靴` `` 11204
18815 0 1 1 1 1 1 1 1 1 1 1 1 17 `腐蝕的牛骨短靴` `` 11204
18818 1 1 1 1 1 1 1 1 1 1 1 1 19 `堅硬的牛骨短靴` `` 11204
18845 0 1 1 1 1 1 1 1 1 1 1 1 4 `紫藤長靴` `` 11204
18816 1 1 1 1 1 1 1 1 1 1 1 1 17 `牛骨短靴` `` 11204
18852 0 1 1 1 1 1 1 1 1 1 1 1 25 `古老的狼骨短靴` `` 11204
18853 1 1 1 1 1 1 1 1 1 1 1 1 25 `狼骨短靴` `` 11204
18858 0 1 1 1 1 1 1 1 1 1 1 1 35 `殘破的陶瓷短靴` `` 11204
18859 1 1 1 1 1 1 1 1 1 1 1 1 35 `陶瓷短靴` `` 11204
19201 0 1 1 1 1 1 1 1 1 1 1 1 3 `磨損的青銅長靴` `` 11304
19205 0 1 1 1 1 1 1 1 1 1 1 1 8 `生鏽的粗鐵長靴` `` 11304
19204 1 1 1 1 1 1 1 1 1 1 1 1 7 `堅韌的青銅長靴` `` 11304
19208 0 1 1 1 1 1 1 1 1 1 1 1 11 `舊式赤鐵長靴` `` 11304
19206 1 1 1 1 1 1 1 1 1 1 1 1 8 `粗鐵長靴` `` 11304
19209 1 1 1 1 1 1 1 1 1 1 1 1 11 `赤鐵長靴` `` 11304
19215 0 1 1 1 1 1 1 1 1 1 1 1 17 `生鏽的黑鐵長靴` `` 11304
19210 1 1 1 1 1 1 1 1 1 1 1 1 13 `堅固的赤鐵長靴` `` 11304
19214 1 1 1 1 1 1 1 1 1 1 1 1 16 `堅韌的黃銅長靴` `` 11304
19212 1 1 1 1 1 1 1 1 1 1 1 1 14 `黃銅長靴` `` 11304
19211 0 1 1 1 1 1 1 1 1 1 1 1 14 `生鏽的黃銅長靴` `` 11304
19218 1 1 1 1 1 1 1 1 1 1 1 1 19 `堅韌黑鐵長靴` `` 11304
19216 1 1 1 1 1 1 1 1 1 1 1 1 17 `黑鐵長靴` `` 11304
19245 0 1 1 1 1 1 1 1 1 1 1 1 4 `石英長靴` `` 11304
19252 0 1 1 1 1 1 1 1 1 1 1 1 25 `破舊的青銅馬靴` `` 11304
19253 1 1 1 1 1 1 1 1 1 1 1 1 25 `青銅馬靴` `` 11304
19258 0 1 1 1 1 1 1 1 1 1 1 1 35 `生鏽的鐵合金長靴` `` 11304
19600 0 1 1 1 1 1 1 1 1 1 1 1 18 `生鏽的鋼鐵短靴` `` 11404
19259 1 1 1 1 1 1 1 1 1 1 1 1 35 `鐵合金長靴` `` 11304
19604 0 1 1 1 1 1 1 1 1 1 1 1 21 `損坏的青銅短靴` `` 11404
19601 1 1 1 1 1 1 1 1 1 1 1 1 18 `鋼鐵短靴` `` 11404
19605 1 1 1 1 1 1 1 1 1 1 1 1 21 `青銅短靴` `` 11404
19606 1 1 1 1 1 1 1 1 1 1 1 1 23 `堅固的青銅短靴` `` 11404
19630 0 1 1 1 1 1 1 1 1 1 1 1 25 `生鏽的鐵胄靴` `` 11404
19631 1 1 1 1 1 1 1 1 1 1 1 1 25 `鐵胄靴` `` 11404
19636 0 1 1 1 1 1 1 1 1 1 1 1 35 `生鏽的鈦合金短靴` `` 11404
19637 1 1 1 1 1 1 1 1 1 1 1 1 35 `鈦合金短靴` `` 11404
20000 0 1 1 1 1 1 1 1 1 1 1 1 2 `破爛的棉布項圈` `` 12001
20003 0 1 1 1 1 1 1 1 1 1 1 1 6 `殘破的稻草項鏈` `` 12001
20001 0 1 1 1 1 1 1 1 1 1 1 1 4 `磨損的棉布項圈` `` 12001
20004 1 1 1 1 1 1 1 1 1 1 1 1 6 `魚骨項鏈` `` 12001
20006 1 1 1 1 1 1 1 1 1 1 1 1 8 `強韌的稻草項鏈` `` 12001
20005 1 1 1 1 1 1 1 1 1 1 1 1 7 `稻草項鏈` `` 12001
20007 0 1 1 1 1 1 1 1 1 1 1 1 9 `破損的牛皮項圈` `` 12001
20009 1 1 1 1 1 1 1 1 1 1 1 1 11 `精致的牛皮項圈` `` 12001
20008 1 1 1 1 1 1 1 1 1 1 1 1 9 `牛皮項圈` `` 12001
20010 0 1 1 1 1 1 1 1 1 1 1 1 12 `生鏽的項鏈` `` 12001
20012 1 1 1 1 1 1 1 1 1 1 1 1 14 `黑鐵項鏈` `` 12001
20011 1 1 1 1 1 1 1 1 1 1 1 1 12 `精鐵項鏈` `` 12001
20058 0 1 1 1 1 1 1 1 1 1 1 1 15 `褪色的青銅項鏈` `` 12001
20065 0 1 1 1 1 1 1 1 1 1 1 1 25 `粗糙的銀項鏈` `` 12001
20059 1 1 1 1 1 1 1 1 1 1 1 1 15 `青銅項鏈` `` 12001
20066 1 1 1 1 1 1 1 1 1 1 1 1 25 `白銀腰鏈` `` 12001
20072 0 1 1 1 1 1 1 1 1 1 1 1 35 `破舊的藍寶石項墜` `` 12001
20073 1 1 1 1 1 1 1 1 1 1 1 1 35 `藍寶石項墜` `` 12001
20082 0 1 1 1 1 1 1 1 1 1 1 1 45 `碎裂的水晶胸墜` `` 12001
20083 1 1 1 1 1 1 1 1 1 1 1 1 45 `水晶胸墜` `` 12001
22000 0 1 1 1 1 1 1 1 1 1 1 1 2 `殘破的棉布護腕` `` 12003
22001 0 1 1 1 1 1 1 1 1 1 1 1 4 `破舊的棉布護腕` `` 12003
22003 1 1 1 1 1 1 1 1 1 1 1 1 7 `厚絨棉布護腕` `` 12003
22004 0 1 1 1 1 1 1 1 1 1 1 1 8 `破舊的絲綢護腕` `` 12003
22056 0 1 1 1 1 1 1 1 1 1 1 1 15 `破裂的白瓷手鐲` `` 12003
22005 1 1 1 1 1 1 1 1 1 1 1 1 8 `絲綢護腕` `` 12003
22007 0 1 1 1 1 1 1 1 1 1 1 1 11 `破舊的牛皮護腕` `` 12003
22008 1 1 1 1 1 1 1 1 1 1 1 1 11 `牛皮護腕` `` 12003
22009 1 1 1 1 1 1 1 1 1 1 1 1 13 `精致的牛皮護腕` `` 12003
22057 1 1 1 1 1 1 1 1 1 1 1 1 15 `白瓷手鐲` `` 12003
22063 0 1 1 1 1 1 1 1 1 1 1 1 25 `磨損的鍍銀手鐲` `` 12003
22064 1 1 1 1 1 1 1 1 1 1 1 1 25 `鍍銀手鐲` `` 12003
22070 0 1 1 1 1 1 1 1 1 1 1 1 35 `劣質的鈦銀手鐲` `` 12003
22080 0 1 1 1 1 1 1 1 1 1 1 1 45 `破裂的石英手鐲` `` 12003
22071 1 1 1 1 1 1 1 1 1 1 1 1 35 `鈦銀手鐲` `` 12003
24000 0 1 1 1 1 1 1 1 1 1 1 1 2 `腐爛的稻草戒指` `` 12002
22081 1 1 1 1 1 1 1 1 1 1 1 1 45 `石英手鐲` `` 12003
24001 0 1 1 1 1 1 1 1 1 1 1 1 4 `破舊的草戒` `` 12002
24003 0 1 1 1 1 1 1 1 1 1 1 1 6 `破舊的車前草戒指` `` 12002
24005 1 1 1 1 1 1 1 1 1 1 1 1 7 `堅韌的車前草戒指` `` 12002
24006 0 1 1 1 1 1 1 1 1 1 1 1 9 `古老的蓮花戒指` `` 12002
24004 1 1 1 1 1 1 1 1 1 1 1 1 6 `車前草戒指` `` 12002
24007 1 1 1 1 1 1 1 1 1 1 1 1 9 `蓮花戒指` `` 12002
24008 1 1 1 1 1 1 1 1 1 1 1 1 11 `精巧的蓮花戒指` `` 12002
24009 0 1 1 1 1 1 1 1 1 1 1 1 12 `腐蝕的骨戒` `` 12002
24011 1 1 1 1 1 1 1 1 1 1 1 1 14 `堅硬的骨戒` `` 12002
24010 1 1 1 1 1 1 1 1 1 1 1 1 12 `骨戒` `` 12002
24058 0 1 1 1 1 1 1 1 1 1 1 1 15 `褪色的青銅戒指` `` 12002
24072 0 1 1 1 1 1 1 1 1 1 1 1 35 `破裂的石英戒指` `` 12002
24073 1 1 1 1 1 1 1 1 1 1 1 1 35 `石英戒指` `` 12002
24059 1 1 1 1 1 1 1 1 1 1 1 1 15 `青銅戒指` `` 12002
24066 1 1 1 1 1 1 1 1 1 1 1 1 25 `鍍銀戒指` `` 12002
24065 0 1 1 1 1 1 1 1 1 1 1 1 25 `磨損的鍍銀戒指` `` 12002
24082 0 1 1 1 1 1 1 1 1 1 1 1 45 `劣質的月石戒指` `` 12002
24083 1 1 1 1 1 1 1 1 1 1 1 1 45 `月石戒指` `` 12002
29002 0 1 1 1 1 1 1 1 1 1 1 1 2 `破爛的手套` `` 10202
29003 0 1 1 1 1 1 1 1 1 1 1 1 4 `殘破的手套` `` 10202
29005 1 1 1 1 1 1 1 1 1 1 1 1 6 `粗布手套` `` 10202
29006 0 1 1 1 1 1 1 1 1 1 1 1 7 `破舊的牛皮手套` `` 10202
29007 1 1 1 1 1 1 1 1 1 1 1 1 7 `牛皮手套` `` 10202
29011 1 1 1 1 1 1 1 1 1 1 1 1 12 `堅韌的鏈甲手套` `` 10202
29012 0 1 1 1 1 1 1 1 1 1 1 1 15 `生鏽的鐵指虎` `` 10202
29010 1 1 1 1 1 1 1 1 1 1 1 1 11 `鏈甲手套` `` 10202
29009 0 1 1 1 1 1 1 1 1 1 1 1 11 `古老的鏈甲手套` `` 10202
29008 1 1 1 1 1 1 1 1 1 1 1 1 8 `堅韌的牛皮手套` `` 10202
29013 1 1 1 1 1 1 1 1 1 1 1 1 15 `鐵指虎` `` 10202
29014 1 1 1 1 1 1 1 1 1 1 1 1 16 `黑鐵指虎` `` 10202
29056 1 1 1 1 1 1 1 1 1 1 1 1 25 `碎骨手套` `` 10202
29055 0 1 1 1 1 1 1 1 1 1 1 1 25 `磨損的碎骨手套` `` 10202
29063 1 1 1 1 1 1 1 1 1 1 1 1 35 `鎖甲手套` `` 10202
29062 0 1 1 1 1 1 1 1 1 1 1 1 35 `生鏽的鎖甲手套` `` 10202
29072 0 1 1 1 1 1 1 1 1 1 1 1 45 `古老的紫銅手套` `` 10202
29073 1 1 1 1 1 1 1 1 1 1 1 1 45 `紫銅手套` `` 10202
29300 0 1 1 1 1 1 1 1 1 1 1 1 2 `損坏的臂鎧` `` 10203
29301 0 1 1 1 1 1 1 1 1 1 1 1 4 `生鏽的臂鎧` `` 10203
29305 0 1 1 1 1 1 1 1 1 1 1 1 7 `褪色的青銅臂鎧` `` 10203
29304 1 1 1 1 1 1 1 1 1 1 1 1 6 `堅固的鏈甲臂鎧` `` 10203
29306 1 1 1 1 1 1 1 1 1 1 1 1 7 `青銅臂鎧` `` 10203
29309 1 1 1 1 1 1 1 1 1 1 1 1 11 `鐵臂鎧` `` 10203
29308 0 1 1 1 1 1 1 1 1 1 1 1 11 `生鏽的鐵臂鎧` `` 10203
29307 1 1 1 1 1 1 1 1 1 1 1 1 8 `紫銅臂鎧` `` 10203
29311 0 1 1 1 1 1 1 1 1 1 1 1 15 `舊式格斗臂鎧` `` 10203
29310 1 1 1 1 1 1 1 1 1 1 1 1 12 `新式鐵臂鎧` `` 10203
29312 1 1 1 1 1 1 1 1 1 1 1 1 15 `格斗臂鎧` `` 10203
39354 0 1 1 1 1 1 1 1 1 1 1 1 25 `破舊的鐵皮臂鎧` `` 10203
29314 1 1 1 1 1 1 1 1 1 1 1 1 16 `堅固的格斗臂鎧` `` 10203
39355 1 1 1 1 1 1 1 1 1 1 1 1 25 `鐵皮臂鎧` `` 10203
39362 0 1 1 1 1 1 1 1 1 1 1 1 35 `生鏽的机械臂鎧` `` 10203
39363 1 1 1 1 1 1 1 1 1 1 1 1 35 `新式机械臂鎧` `` 10203
39372 0 1 1 1 1 1 1 1 1 1 1 1 45 `破舊的強力臂鎧` `` 10203
39373 1 1 1 1 1 1 1 1 1 1 1 1 45 `強力臂鎧` `` 10203
29601 0 1 1 1 1 1 1 1 1 1 1 1 4 `腐爛的骨爪` `` 10204
29600 0 1 1 1 1 1 1 1 1 1 1 1 2 `彎曲的骨爪` `` 10204
29603 1 1 1 1 1 1 1 1 1 1 1 1 6 `鋒利的骨爪` `` 10204
29604 0 1 1 1 1 1 1 1 1 1 1 1 7 `褪色的青銅爪` `` 10204
29607 0 1 1 1 1 1 1 1 1 1 1 1 11 `破損的鋼爪` `` 10204
29605 1 1 1 1 1 1 1 1 1 1 1 1 7 `青銅爪` `` 10204
29606 1 1 1 1 1 1 1 1 1 1 1 1 8 `鋒利的青銅爪` `` 10204
29608 1 1 1 1 1 1 1 1 1 1 1 1 11 `鋼爪` `` 10204
29610 0 1 1 1 1 1 1 1 1 1 1 1 15 `舊式鐵皮爪` `` 10204
29609 1 1 1 1 1 1 1 1 1 1 1 1 12 `精煉的鋼爪` `` 10204
29652 0 1 1 1 1 1 1 1 1 1 1 1 25 `破舊的野人骨爪` `` 10204
29611 1 1 1 1 1 1 1 1 1 1 1 1 15 `鐵皮爪` `` 10204
29659 0 1 1 1 1 1 1 1 1 1 1 1 35 `生鏽的獵人之爪` `` 10204
29612 1 1 1 1 1 1 1 1 1 1 1 1 16 `鋒利的鐵皮爪` `` 10204
29653 1 1 1 1 1 1 1 1 1 1 1 1 25 `野人骨爪` `` 10204
29660 1 1 1 1 1 1 1 1 1 1 1 1 35 `獵人之爪` `` 10204
29669 0 1 1 1 1 1 1 1 1 1 1 1 45 `腐蝕的尖爪` `` 10204
29670 1 1 1 1 1 1 1 1 1 1 1 1 45 `尖爪` `` 10204
29901 0 1 1 1 1 1 1 1 1 1 1 1 3 `古舊的木制東方棍` `` 10206
29905 1 1 1 1 1 1 1 1 1 1 1 1 7 `青銅東方棍` `` 10206
29903 1 1 1 1 1 1 1 1 1 1 1 1 6 `堅硬的木制東方棍` `` 10206
29906 1 1 1 1 1 1 1 1 1 1 1 1 8 `閃光的青銅東方棍` `` 10206
29910 0 1 1 1 1 1 1 1 1 1 1 1 15 `破舊的東方棍` `` 10206
29911 1 1 1 1 1 1 1 1 1 1 1 1 15 `普通東方棍` `` 10206
29912 1 1 1 1 1 1 1 1 1 1 1 1 16 `堅硬的東方棍` `` 10206
29909 1 1 1 1 1 1 1 1 1 1 1 1 12 `堅硬的鋼制東方棍` `` 10206
29953 0 1 1 1 1 1 1 1 1 1 1 1 25 `破損的匠人東方棍` `` 10206
29960 0 1 1 1 1 1 1 1 1 1 1 1 35 `破舊的耐熱東方棍` `` 10206
29954 1 1 1 1 1 1 1 1 1 1 1 1 25 `匠人東方棍` `` 10206
29961 1 1 1 1 1 1 1 1 1 1 1 1 35 `耐熱東方棍` `` 10206
29970 0 1 1 1 1 1 1 1 1 1 1 1 45 `破舊的釘頭東方棍` `` 10206
30228 0 1 1 1 1 1 1 1 1 1 1 1 25 `破損的格斗拳套` `` 10205
30200 0 1 1 1 1 1 1 1 1 1 1 1 18 `殘破的練習拳套` `` 10205
29971 1 1 1 1 1 1 1 1 1 1 1 1 45 `釘頭東方棍` `` 10206
30229 1 1 1 1 1 1 1 1 1 1 1 1 25 `格斗拳套` `` 10205
31002 0 1 1 1 1 1 1 1 1 1 1 1 3 `破舊的左輪槍` `` 10302
30242 0 1 1 1 1 1 1 1 1 1 1 1 45 `古老的雄獅拳套` `` 10205
30243 1 1 1 1 1 1 1 1 1 1 1 1 45 `雄獅拳套` `` 10205
30236 1 1 1 1 1 1 1 1 1 1 1 1 35 `墨石拳套` `` 10205
30235 0 1 1 1 1 1 1 1 1 1 1 1 35 `粗糙的墨石拳套` `` 10205
30230 3 1 1 1 1 1 1 1 1 1 1 1 25 `地獄獵者` `` 10205
31004 0 1 1 1 1 1 1 1 1 1 1 1 6 `損坏的睨視左輪槍` `` 10302
31005 1 1 1 1 1 1 1 1 1 1 1 1 6 `睨視左輪槍` `` 10302
31007 1 1 1 1 1 1 1 1 1 1 1 1 9 `精准的睨視左輪槍` `` 10302
31006 1 1 1 1 1 1 1 1 1 1 1 1 7 `堅固的袖珍左輪槍` `` 10302
31010 1 1 1 1 1 1 1 1 1 1 1 1 11 `新式精准左輪槍` `` 10302
31011 0 1 1 1 1 1 1 1 1 1 1 1 14 `破舊的騎兵左輪槍` `` 10302
31012 1 1 1 1 1 1 1 1 1 1 1 1 14 `騎兵左輪槍` `` 10302
31013 1 1 1 1 1 1 1 1 1 1 1 1 15 `新式騎兵左輪槍` `` 10302
31054 0 1 1 1 1 1 1 1 1 1 1 1 25 `破舊的伊頓左輪槍` `` 10302
31055 1 1 1 1 1 1 1 1 1 1 1 1 25 `伊頓左輪槍` `` 10302
31061 0 1 1 1 1 1 1 1 1 1 1 1 35 `破舊的老式左輪槍` `` 10302
31046 3 1 1 1 1 1 1 1 1 1 1 1 9 `西部射手` `` 10302
31062 1 1 1 1 1 1 1 1 1 1 1 1 35 `老式左輪槍` `` 10302
31071 0 1 1 1 1 1 1 1 1 1 1 1 45 `老式轉輪手槍` `` 10302
31072 1 1 1 1 1 1 1 1 1 1 1 1 45 `轉輪手槍` `` 10302
31304 1 1 1 1 1 1 1 1 1 1 1 1 6 `堅固的手槍` `` 10303
31301 0 1 1 1 1 1 1 1 1 1 1 1 3 `破舊的手槍` `` 10303
31305 1 1 1 1 1 1 1 1 1 1 1 1 7 `自動裝填手槍` `` 10303
31306 1 1 1 1 1 1 1 1 1 1 1 1 8 `堅固的自動裝填手槍` `` 10303
31309 1 1 1 1 1 1 1 1 1 1 1 1 12 `新式裝填手槍` `` 10303
31310 0 1 1 1 1 1 1 1 1 1 1 1 14 `破舊的騎兵手槍` `` 10303
31311 1 1 1 1 1 1 1 1 1 1 1 1 15 `騎兵手槍` `` 10303
31312 1 1 1 1 1 1 1 1 1 1 1 1 16 `新式騎兵手槍` `` 10303
31352 0 1 1 1 1 1 1 1 1 1 1 1 25 `老式伊頓手槍` `` 10303
31353 1 1 1 1 1 1 1 1 1 1 1 1 25 `伊頓手槍` `` 10303
31359 0 1 1 1 1 1 1 1 1 1 1 1 35 `古老的飛翼手槍` `` 10303
31360 1 1 1 1 1 1 1 1 1 1 1 1 35 `飛翼手槍` `` 10303
31369 0 1 1 1 1 1 1 1 1 1 1 1 45 `破舊的防震手槍` `` 10303
31370 1 1 1 1 1 1 1 1 1 1 1 1 45 `防震手槍` `` 10303
31601 0 1 1 1 1 1 1 1 1 1 1 1 4 `破舊的長弩` `` 10306
31603 1 1 1 1 1 1 1 1 1 1 1 1 6 `長弩` `` 10306
31604 1 1 1 1 1 1 1 1 1 1 1 1 6 `改良的短弩` `` 10306
31606 0 1 1 1 1 1 1 1 1 1 1 1 8 `破舊的十字短弩` `` 10306
31605 1 1 1 1 1 1 1 1 1 1 1 1 7 `堅固的長弩` `` 10306
31607 1 1 1 1 1 1 1 1 1 1 1 1 8 `十字短弩` `` 10306
31608 1 1 1 1 1 1 1 1 1 1 1 1 9 `改良的十字弩` `` 10306
31609 0 1 1 1 1 1 1 1 1 1 1 1 12 `老式光弩` `` 10306
31611 1 1 1 1 1 1 1 1 1 1 1 1 13 `改良的輕弩` `` 10306
31610 1 1 1 1 1 1 1 1 1 1 1 1 12 `輕弩` `` 10306
31613 1 1 1 1 1 1 1 1 1 1 1 1 16 `重弩` `` 10306
31612 0 1 1 1 1 1 1 1 1 1 1 1 16 `破舊的重弩` `` 10306
31614 1 1 1 1 1 1 1 1 1 1 1 1 17 `堅固的重弩` `` 10306
31651 0 1 1 1 1 1 1 1 1 1 1 1 25 `破舊的速射手弩` `` 10306
31652 1 1 1 1 1 1 1 1 1 1 1 1 25 `速射手弩` `` 10306
31658 0 1 1 1 1 1 1 1 1 1 1 1 35 `古老的土著手弩` `` 10306
31659 1 1 1 1 1 1 1 1 1 1 1 1 35 `土著手弩` `` 10306
31668 0 1 1 1 1 1 1 1 1 1 1 1 45 `破舊的斯卡手弩` `` 10306
31669 1 1 1 1 1 1 1 1 1 1 1 1 45 `斯卡手弩` `` 10306
31901 0 1 1 1 1 1 1 1 1 1 1 1 3 `破舊的燧發槍` `` 10304
31905 1 1 1 1 1 1 1 1 1 1 1 1 8 `火繩槍` `` 10304
31904 1 1 1 1 1 1 1 1 1 1 1 1 6 `新式燧發槍` `` 10304
31906 0 1 1 1 1 1 1 1 1 1 1 1 9 `舊式步槍` `` 10304
31907 1 1 1 1 1 1 1 1 1 1 1 1 9 `堅固的火繩槍` `` 10304
31910 0 1 1 1 1 1 1 1 1 1 1 1 13 `老式虛祖步槍` `` 10304
31911 1 1 1 1 1 1 1 1 1 1 1 1 13 `虛祖步槍` `` 10304
31909 1 1 1 1 1 1 1 1 1 1 1 1 11 `新式步槍` `` 10304
31915 1 1 1 1 1 1 1 1 1 1 1 1 18 `改良的舊式手槍` `` 10304
31912 1 1 1 1 1 1 1 1 1 1 1 1 14 `新式虛祖步槍` `` 10304
31913 0 1 1 1 1 1 1 1 1 1 1 1 17 `損坏的舊式手槍` `` 10304
31914 1 1 1 1 1 1 1 1 1 1 1 1 17 `舊式手槍` `` 10304
31952 0 1 1 1 1 1 1 1 1 1 1 1 25 `破舊的天界衛兵步槍` `` 10304
31953 1 1 1 1 1 1 1 1 1 1 1 1 25 `天界衛兵步槍` `` 10304
31959 0 1 1 1 1 1 1 1 1 1 1 1 35 `破舊的老式獵槍` `` 10304
31945 3 1 1 1 1 1 1 1 1 1 1 1 12 `愛國者` `` 10304
31960 1 1 1 1 1 1 1 1 1 1 1 1 35 `老式獵槍` `` 10304
31969 0 1 1 1 1 1 1 1 1 1 1 1 45 `破舊的軍用步槍` `` 10304
31962 3 1 1 1 1 1 1 1 1 1 1 1 35 `狂龍咆哮` `` 10304
31970 1 1 1 1 1 1 1 1 1 1 1 1 45 `軍用步槍` `` 10304
32200 0 1 1 1 1 1 1 1 1 1 1 1 3 `損坏的迷你手炮` `` 10305
32202 0 1 1 1 1 1 1 1 1 1 1 1 7 `損坏的重手炮` `` 10305
32205 1 1 1 1 1 1 1 1 1 1 1 1 9 `改良的重手炮` `` 10305
32204 1 1 1 1 1 1 1 1 1 1 1 1 8 `改良的迷你手炮` `` 10305
32203 1 1 1 1 1 1 1 1 1 1 1 1 7 `重手炮` `` 10305
32206 0 1 1 1 1 1 1 1 1 1 1 1 11 `舊式小鬼炮` `` 10305
32207 1 1 1 1 1 1 1 1 1 1 1 1 11 `小鬼炮` `` 10305
32208 1 1 1 1 1 1 1 1 1 1 1 1 12 `改良的小鬼炮` `` 10305
32209 0 1 1 1 1 1 1 1 1 1 1 1 15 `古老的虛祖手炮` `` 10305
32210 1 1 1 1 1 1 1 1 1 1 1 1 15 `虛祖手炮` `` 10305
32211 1 1 1 1 1 1 1 1 1 1 1 1 16 `改良的虛祖手炮` `` 10305
32251 0 1 1 1 1 1 1 1 1 1 1 1 25 `破舊的伊頓手炮` `` 10305
32252 1 1 1 1 1 1 1 1 1 1 1 1 25 `伊頓手炮` `` 10305
32244 3 1 1 1 1 1 1 1 1 1 1 1 14 `炫炎手炮` `` 10305
32259 1 1 1 1 1 1 1 1 1 1 1 1 35 `巨型手炮` `` 10305
32258 0 1 1 1 1 1 1 1 1 1 1 1 35 `破舊的巨型手炮` `` 10305
32268 0 1 1 1 1 1 1 1 1 1 1 1 45 `古老的合金手炮` `` 10305
32269 1 1 1 1 1 1 1 1 1 1 1 1 45 `合金手炮` `` 10305
33000 0 1 1 1 1 1 1 1 1 1 1 1 2 `練習長矛` `` 10402
33001 0 1 1 1 1 1 1 1 1 1 1 1 3 `木質長矛` `` 10402
33002 0 1 1 1 1 1 1 1 1 1 1 1 6 `破舊的長矛` `` 10402
33005 1 1 1 1 1 1 1 1 1 1 1 1 9 `鐵矛` `` 10402
33003 1 1 1 1 1 1 1 1 1 1 1 1 6 `精鐵長矛` `` 10402
33004 0 1 1 1 1 1 1 1 1 1 1 1 9 `生鏽的鐵矛` `` 10402
33006 0 1 1 1 1 1 1 1 1 1 1 1 12 `舊式狩獵矛` `` 10402
33009 1 1 1 1 1 1 1 1 1 1 1 1 15 `戰矛` `` 10402
33007 1 1 1 1 1 1 1 1 1 1 1 1 12 `狩獵矛` `` 10402
33008 0 1 1 1 1 1 1 1 1 1 1 1 15 `古老的戰矛` `` 10402
33012 0 1 1 1 1 1 1 1 1 1 1 1 25 `古老的三叉戰戟` `` 10402
33013 1 1 1 1 1 1 1 1 1 1 1 1 25 `三叉戰戟` `` 10402
33016 0 1 1 1 1 1 1 1 1 1 1 1 35 `普通的蛇矛` `` 10402
33021 1 1 1 1 1 1 1 1 1 1 1 1 45 `戰戟` `` 10402
33302 0 1 1 1 1 1 1 1 1 1 1 1 6 `古老的木棍` `` 10403
33017 1 1 1 1 1 1 1 1 1 1 1 1 35 `鋒利的蛇矛` `` 10402
33301 0 1 1 1 1 1 1 1 1 1 1 1 3 `釘頭長棍` `` 10403
33020 0 1 1 1 1 1 1 1 1 1 1 1 45 `古老的戰戟` `` 10402
33303 1 1 1 1 1 1 1 1 1 1 1 1 6 `天空木棍` `` 10403
33304 0 1 1 1 1 1 1 1 1 1 1 1 9 `破裂的蒔芽木棍` `` 10403
33305 1 1 1 1 1 1 1 1 1 1 1 1 9 `蒔芽木棍` `` 10403
33306 0 1 1 1 1 1 1 1 1 1 1 1 12 `殘破的骨制長棍` `` 10403
33308 0 1 1 1 1 1 1 1 1 1 1 1 15 `破裂的琥珀長棍` `` 10403
33313 1 1 1 1 1 1 1 1 1 1 1 1 25 `玄鐵棍` `` 10403
33309 1 1 1 1 1 1 1 1 1 1 1 1 15 `琥珀長棍` `` 10403
33312 0 1 1 1 1 1 1 1 1 1 1 1 25 `生鏽的玄鐵棍` `` 10403
33307 1 1 1 1 1 1 1 1 1 1 1 1 12 `骨制長棍` `` 10403
33317 1 1 1 1 1 1 1 1 1 1 1 1 35 `黃金長棍` `` 10403
33316 0 1 1 1 1 1 1 1 1 1 1 1 35 `破舊的黃金長棍` `` 10403
33320 0 1 1 1 1 1 1 1 1 1 1 1 45 `古老的水晶長棍` `` 10403
33601 0 1 1 1 1 1 1 1 1 1 1 1 3 `普通魔杖` `` 10404
33321 1 1 1 1 1 1 1 1 1 1 1 1 45 `水晶長棍` `` 10403
33606 0 1 1 1 1 1 1 1 1 1 1 1 12 `腐蝕的骨制魔杖` `` 10404
33607 1 1 1 1 1 1 1 1 1 1 1 1 12 `骨制魔杖` `` 10404
33608 0 1 1 1 1 1 1 1 1 1 1 1 15 `破裂的琥珀魔杖` `` 10404
33613 1 1 1 1 1 1 1 1 1 1 1 1 25 `玄鐵魔杖` `` 10404
33612 0 1 1 1 1 1 1 1 1 1 1 1 25 `生鏽的玄鐵魔杖` `` 10404
33609 1 1 1 1 1 1 1 1 1 1 1 1 15 `琥珀魔杖` `` 10404
33617 1 1 1 1 1 1 1 1 1 1 1 1 35 `黃金魔杖` `` 10404
33616 0 1 1 1 1 1 1 1 1 1 1 1 35 `破舊的黃金魔杖` `` 10404
33902 0 1 1 1 1 1 1 1 1 1 1 1 3 `古老的法杖` `` 10405
33621 1 1 1 1 1 1 1 1 1 1 1 1 45 `水晶魔杖` `` 10404
33620 0 1 1 1 1 1 1 1 1 1 1 1 45 `古老的水晶魔杖` `` 10404
33904 1 1 1 1 1 1 1 1 1 1 1 1 6 `木制法杖` `` 10405
33903 0 1 1 1 1 1 1 1 1 1 1 1 6 `古老的木制法杖` `` 10405
33905 0 1 1 1 1 1 1 1 1 1 1 1 9 `腐蝕的蒔芽法杖` `` 10405
33906 1 1 1 1 1 1 1 1 1 1 1 1 9 `蒔芽法杖` `` 10405
33909 0 1 1 1 1 1 1 1 1 1 1 1 15 `殘破的法杖` `` 10405
33907 0 1 1 1 1 1 1 1 1 1 1 1 12 `破舊的檀木法杖` `` 10405
33908 1 1 1 1 1 1 1 1 1 1 1 1 12 `檀木法杖` `` 10405
33910 1 1 1 1 1 1 1 1 1 1 1 1 15 `精巧的法杖` `` 10405
33914 1 1 1 1 1 1 1 1 1 1 1 1 25 `玄鐵法杖` `` 10405
33913 0 1 1 1 1 1 1 1 1 1 1 1 25 `生鏽的玄鐵法杖` `` 10405
33917 0 1 1 1 1 1 1 1 1 1 1 1 35 `破舊的黃金法杖` `` 10405
33918 1 1 1 1 1 1 1 1 1 1 1 1 35 `黃金法杖` `` 10405
33921 0 1 1 1 1 1 1 1 1 1 1 1 45 `古老的水晶法杖` `` 10405
33922 1 1 1 1 1 1 1 1 1 1 1 1 45 `水晶法杖` `` 10405
34202 0 1 1 1 1 1 1 1 1 1 1 1 25 `古老的魔法掃把` `` 10406
34200 0 1 1 1 1 1 1 1 1 1 1 1 18 `破裂的玉竹掃把` `` 10406
34206 0 1 1 1 1 1 1 1 1 1 1 1 35 `殘破的羽絨掃把` `` 10406
34207 1 1 1 1 1 1 1 1 1 1 1 1 35 `羽絨掃把` `` 10406
34203 1 1 1 1 1 1 1 1 1 1 1 1 25 `魔法掃把` `` 10406
35002 0 1 1 1 1 1 1 1 1 1 1 1 3 `木制十字架` `` 10502
34210 0 1 1 1 1 1 1 1 1 1 1 1 45 `破舊的強風掃把` `` 10406
34211 1 1 1 1 1 1 1 1 1 1 1 1 45 `強風掃把` `` 10406
35007 0 1 1 1 1 1 1 1 1 1 1 1 15 `古老的黑檀十字架` `` 10502
35008 1 1 1 1 1 1 1 1 1 1 1 1 15 `黑檀十字架` `` 10502
35011 0 1 1 1 1 1 1 1 1 1 1 1 25 `古老的牛骨十字架` `` 10502
35015 0 1 1 1 1 1 1 1 1 1 1 1 35 `損坏的青銅十字架` `` 10502
35019 0 1 1 1 1 1 1 1 1 1 1 1 45 `損坏的銀制十字架` `` 10502
35012 1 1 1 1 1 1 1 1 1 1 1 1 25 `牛骨十字架` `` 10502
35020 1 1 1 1 1 1 1 1 1 1 1 1 45 `銀制十字架` `` 10502
35016 1 1 1 1 1 1 1 1 1 1 1 1 35 `青銅十字架` `` 10502
35306 0 1 1 1 1 1 1 1 1 1 1 1 15 `古老的桃木念珠` `` 10503
35301 0 1 1 1 1 1 1 1 1 1 1 1 3 `木質念珠` `` 10503
35037 3 1 1 1 1 1 1 1 1 1 1 1 45 `歌蘭蒂斯的圣銀十字架` `` 10502
35031 3 1 1 1 1 1 1 1 1 1 1 1 35 `酒神的龍骨十字架` `` 10502
35310 0 1 1 1 1 1 1 1 1 1 1 1 25 `古老的黑檀念珠` `` 10503
35307 1 1 1 1 1 1 1 1 1 1 1 1 15 `桃木念珠` `` 10503
35311 1 1 1 1 1 1 1 1 1 1 1 1 25 `黑檀念珠` `` 10503
35314 0 1 1 1 1 1 1 1 1 1 1 1 35 `生鏽的青銅念珠` `` 10503
35315 1 1 1 1 1 1 1 1 1 1 1 1 35 `青銅念珠` `` 10503
35318 0 1 1 1 1 1 1 1 1 1 1 1 45 `古老的銀制念珠` `` 10503
35319 1 1 1 1 1 1 1 1 1 1 1 1 45 `銀制念珠` `` 10503
35606 0 1 1 1 1 1 1 1 1 1 1 1 15 `古老的庫尼族狩獵圖騰` `` 10504
35330 3 1 1 1 1 1 1 1 1 1 1 1 35 `赤鸞念珠` `` 10503
35601 0 1 1 1 1 1 1 1 1 1 1 1 3 `木質圖騰` `` 10504
35607 1 1 1 1 1 1 1 1 1 1 1 1 15 `庫尼族狩獵圖騰` `` 10504
35610 0 1 1 1 1 1 1 1 1 1 1 1 25 `古老的圖盧斯族圖騰` `` 10504
35614 0 1 1 1 1 1 1 1 1 1 1 1 35 `古老的圖盧斯族狩獵圖騰` `` 10504
35611 1 1 1 1 1 1 1 1 1 1 1 1 25 `圖盧斯族圖騰` `` 10504
35615 1 1 1 1 1 1 1 1 1 1 1 1 35 `圖盧斯族狩獵圖騰` `` 10504
35618 0 1 1 1 1 1 1 1 1 1 1 1 45 `古老的圖盧斯族戰爭圖騰` `` 10504
35336 3 1 1 1 1 1 1 1 1 1 1 1 45 `万年冰珠` `` 10503
35619 1 1 1 1 1 1 1 1 1 1 1 1 45 `圖盧斯族戰爭圖騰` `` 10504
35911 1 1 1 1 1 1 1 1 1 1 1 1 25 `寬刃鉤鐮` `` 10505
35636 3 1 1 1 1 1 1 1 1 1 1 1 45 `精靈的紫色圖騰` `` 10504
35914 0 1 1 1 1 1 1 1 1 1 1 1 35 `生鏽的玄鐵戰鐮` `` 10505
35630 3 1 1 1 1 1 1 1 1 1 1 1 35 `酒神的圣祭圖騰` `` 10504
35906 0 1 1 1 1 1 1 1 1 1 1 1 15 `古老的青銅鐮刀` `` 10505
35918 0 1 1 1 1 1 1 1 1 1 1 1 45 `生鏽的玄鐵寬刃鉤鐮` `` 10505
35919 1 1 1 1 1 1 1 1 1 1 1 1 45 `玄鐵寬刃鉤鐮` `` 10505
35915 1 1 1 1 1 1 1 1 1 1 1 1 35 `玄鐵戰鐮` `` 10505
35901 0 1 1 1 1 1 1 1 1 1 1 1 3 `鋒利的鐮刀` `` 10505
35907 1 1 1 1 1 1 1 1 1 1 1 1 15 `青銅鐮刀` `` 10505
35910 0 1 1 1 1 1 1 1 1 1 1 1 25 `古老的寬刃鉤鐮` `` 10505
36210 0 1 1 1 1 1 1 1 1 1 1 1 25 `古老的月牙斧` `` 10506
36214 0 1 1 1 1 1 1 1 1 1 1 1 35 `生鏽的玄鐵鋸齒斧` `` 10506
36215 1 1 1 1 1 1 1 1 1 1 1 1 35 `玄鐵鋸齒斧` `` 10506
36211 1 1 1 1 1 1 1 1 1 1 1 1 25 `月牙斧` `` 10506
36207 1 1 1 1 1 1 1 1 1 1 1 1 15 `鋸齒斧` `` 10506
36219 1 1 1 1 1 1 1 1 1 1 1 1 45 `青銅戰斧` `` 10506
36218 0 1 1 1 1 1 1 1 1 1 1 1 45 `古老的青銅戰斧` `` 10506
36201 0 1 1 1 1 1 1 1 1 1 1 1 3 `普通戰斧` `` 10506
36206 0 1 1 1 1 1 1 1 1 1 1 1 15 `古老的鋸齒斧` `` 10506
35930 3 1 1 1 1 1 1 1 1 1 1 1 35 `酒神的戰鐮` `` 10505
35936 3 1 1 1 1 1 1 1 1 1 1 1 45 `末日浩劫之鐮` `` 10505
37003 0 1 1 1 1 1 1 1 1 1 1 1 3 `匕首` `` 10602
37016 0 1 1 1 1 1 1 1 1 1 1 1 25 `生鏽的精鐵匕首` `` 10602
37017 1 1 1 1 1 1 1 1 1 1 1 1 25 `精鐵匕首` `` 10602
37022 0 1 1 1 1 1 1 1 1 1 1 1 35 `古老的玄鐵匕首` `` 10602
37011 1 1 1 1 1 1 1 1 1 1 1 1 15 `青銅匕首` `` 10602
37023 1 1 1 1 1 1 1 1 1 1 1 1 35 `玄鐵匕首` `` 10602
37010 0 1 1 1 1 1 1 1 1 1 1 1 15 `破損的青銅匕首` `` 10602
36230 3 1 1 1 1 1 1 1 1 1 1 1 35 `酒神的戰斧` `` 10506
36236 3 1 1 1 1 1 1 1 1 1 1 1 45 `天啟戰斧` `` 10506
37028 0 1 1 1 1 1 1 1 1 1 1 1 45 `古朴的艾巴倫匕首` `` 10602
37029 1 1 1 1 1 1 1 1 1 1 1 1 45 `艾巴倫匕首` `` 10602
37301 0 1 1 1 1 1 1 1 1 1 1 1 3 `雙劍` `` 10603
37308 0 1 1 1 1 1 1 1 1 1 1 1 15 `破舊的青銅雙劍` `` 10603
37314 0 1 1 1 1 1 1 1 1 1 1 1 25 `生鏽的黑鐵雙劍` `` 10603
37309 1 1 1 1 1 1 1 1 1 1 1 1 15 `青銅雙劍` `` 10603
37320 0 1 1 1 1 1 1 1 1 1 1 1 35 `古老的玄鐵雙劍` `` 10603
37321 1 1 1 1 1 1 1 1 1 1 1 1 35 `玄鐵雙劍` `` 10603
37315 1 1 1 1 1 1 1 1 1 1 1 1 25 `黑鐵雙劍` `` 10603
37326 0 1 1 1 1 1 1 1 1 1 1 1 45 `古老的艾扎克雙劍` `` 10603
37608 0 1 1 1 1 1 1 1 1 1 1 1 15 `古老的樹根手杖` `` 10604
37601 0 1 1 1 1 1 1 1 1 1 1 1 3 `手杖` `` 10604
37327 1 1 1 1 1 1 1 1 1 1 1 1 45 `艾扎克雙劍` `` 10603
37609 1 1 1 1 1 1 1 1 1 1 1 1 15 `樹根手杖` `` 10604
37615 1 1 1 1 1 1 1 1 1 1 1 1 25 `杰卡拉手杖` `` 10604
37614 0 1 1 1 1 1 1 1 1 1 1 1 25 `破損的杰卡拉手杖` `` 10604
440006 1 1 1 1 1 1 1 1 1 1 1 1 65 `沒落貴族臂章` `` 32001
37620 0 1 1 1 1 1 1 1 1 1 1 1 35 `古老的獸骨手杖` `` 10604
37621 1 1 1 1 1 1 1 1 1 1 1 1 35 `獸骨手杖` `` 10604
440005 0 1 1 1 1 1 1 1 1 1 1 1 65 `古老的沒落貴族臂章` `` 32001
440008 3 1 1 1 1 1 1 1 1 1 1 1 65 `哈因里希家族臂章` `` 32001
37626 0 1 1 1 1 1 1 1 1 1 1 1 45 `古老的黃昏手杖` `` 10604
37627 1 1 1 1 1 1 1 1 1 1 1 1 45 `黃昏手杖` `` 10604
440037 3 1 1 1 1 1 1 1 1 1 1 1 65 `凱恩的刺殺手套` `` 32002
440038 3 1 1 1 1 1 1 1 1 1 1 1 65 `風神手套` `` 32004
440039 3 1 1 1 1 1 1 1 1 1 1 1 65 `碎心手套` `` 32006
440041 3 1 1 1 1 1 1 1 1 1 1 1 65 `卡圖的決斗` `` 32005
440043 3 1 1 1 1 1 1 1 1 1 1 1 65 `重生者之魂` `` 32011
440040 3 1 1 1 1 1 1 1 1 1 1 1 65 `泰達之屠殺` `` 32009
440042 3 1 1 1 1 1 1 1 1 1 1 1 65 `死亡凝視者` `` 32010
440077 3 1 1 1 1 1 1 1 1 1 1 1 65 `希泊的寶藏 : 古代護符 - 鬼泣` `` 32002
440048 3 1 1 1 1 1 1 1 1 1 1 1 65 `皇女庭院臂章` `` 32001
440079 3 1 1 1 1 1 1 1 1 1 1 1 65 `希泊的寶藏 : 古代護符 - 阿修羅` `` 32002
440078 3 1 1 1 1 1 1 1 1 1 1 1 65 `希泊的寶藏 : 古代護符 - 狂戰士` `` 32002
440080 3 1 1 1 1 1 1 1 1 1 1 1 65 `希泊的寶藏 : 古代護符 - 气功師` `` 32004
440081 3 1 1 1 1 1 1 1 1 1 1 1 65 `希泊的寶藏 : 古代護符 - 散打` `` 32004
440156 3 1 1 1 1 1 1 1 1 1 1 1 65 `遠古奇跡 - 獄血魔神` `` 32002
440154 3 1 1 1 1 1 1 1 1 1 1 1 65 `遠古奇跡 - 弒魂` `` 32002
440082 3 1 1 1 1 1 1 1 1 1 1 1 65 `希泊的寶藏 : 古代護符 - 街霸` `` 32004
440083 3 1 1 1 1 1 1 1 1 1 1 1 65 `希泊的寶藏 : 古代護符 - 柔道家` `` 32004
440157 3 1 1 1 1 1 1 1 1 1 1 1 65 `遠古奇跡 - 大暗黑天` `` 32002
440155 3 1 1 1 1 1 1 1 1 1 1 1 65 `遠古奇跡 - 劍圣` `` 32002
440159 3 1 1 1 1 1 1 1 1 1 1 1 65 `遠古奇跡 - 武神` `` 32004
440158 3 1 1 1 1 1 1 1 1 1 1 1 65 `遠古奇跡 - 百花繚亂` `` 32004
440160 3 1 1 1 1 1 1 1 1 1 1 1 65 `遠古奇跡 - 暴風眼` `` 32004
440161 3 1 1 1 1 1 1 1 1 1 1 1 65 `遠古奇跡 - 毒王` `` 32004
440162 3 1 1 1 1 1 1 1 1 1 1 1 65 `遠古奇跡 - 槍神` `` 32005
440163 3 1 1 1 1 1 1 1 1 1 1 1 65 `遠古奇跡 - 大將軍` `` 32005
440165 3 1 1 1 1 1 1 1 1 1 1 1 65 `遠古奇跡 - 狂暴者` `` 32005
440167 3 1 1 1 1 1 1 1 1 1 1 1 65 `遠古奇跡 - 大魔導師 (光)` `` 32006
440166 3 1 1 1 1 1 1 1 1 1 1 1 65 `遠古奇跡 - 大魔導師 (火)` `` 32006
440164 3 1 1 1 1 1 1 1 1 1 1 1 65 `遠古奇跡 - 机械戰神` `` 32005
440169 3 1 1 1 1 1 1 1 1 1 1 1 65 `遠古奇跡 - 大魔導師 (暗)` `` 32006
440168 3 1 1 1 1 1 1 1 1 1 1 1 65 `遠古奇跡 - 大魔導師 (冰)` `` 32006
440170 3 1 1 1 1 1 1 1 1 1 1 1 65 `遠古奇跡 - 月之女皇 (契約)` `` 32006
440171 3 1 1 1 1 1 1 1 1 1 1 1 65 `遠古奇跡 - 月之女皇 (精靈)` `` 32006
440172 3 1 1 1 1 1 1 1 1 1 1 1 65 `遠古奇跡 - 貝亞娜斗神` `` 32006
440173 3 1 1 1 1 1 1 1 1 1 1 1 65 `遠古奇跡 - 魔術師 (火)` `` 32006
440174 3 1 1 1 1 1 1 1 1 1 1 1 65 `遠古奇跡 - 魔術師 (暗)` `` 32006
440176 3 1 1 1 1 1 1 1 1 1 1 1 65 `遠古奇跡 - 魔術師 (冰)` `` 32006
440175 3 1 1 1 1 1 1 1 1 1 1 1 65 `遠古奇跡 - 魔術師 (光)` `` 32006
440177 3 1 1 1 1 1 1 1 1 1 1 1 65 `遠古奇跡 - 天啟者` `` 32009
440179 3 1 1 1 1 1 1 1 1 1 1 1 65 `遠古奇跡 - 龍斗士 (物理)` `` 32009
440178 3 1 1 1 1 1 1 1 1 1 1 1 65 `遠古奇跡 - 神之手` `` 32009
440181 3 1 1 1 1 1 1 1 1 1 1 1 65 `遠古奇跡 - 沾血薔薇` `` 32010
440180 3 1 1 1 1 1 1 1 1 1 1 1 65 `遠古奇跡 - 龍斗士 (魔法)` `` 32009
440182 3 1 1 1 1 1 1 1 1 1 1 1 65 `遠古奇跡 - 戰爭女神` `` 32010
440183 3 1 1 1 1 1 1 1 1 1 1 1 65 `遠古奇跡 - 机械之心` `` 32010
440184 3 1 1 1 1 1 1 1 1 1 1 1 65 `遠古奇跡 - 重炮掌控者` `` 32010
440186 3 1 1 1 1 1 1 1 1 1 1 1 65 `遠古奇跡 - 靈魂收割者` `` 32011
440185 3 1 1 1 1 1 1 1 1 1 1 1 65 `遠古奇跡 - 銀月` `` 32011
440191 3 1 1 1 1 1 1 1 1 1 1 1 65 `恐懼幽靈` `` 32001
440247 3 1 1 1 1 1 1 1 1 1 1 1 65 `希泊的寶藏 : 古代護符 - 漫游槍手 (男)` `` 32005
440248 3 1 1 1 1 1 1 1 1 1 1 1 65 `希泊的寶藏 : 古代護符 - 槍炮師 (男)` `` 32005
440252 3 1 1 1 1 1 1 1 1 1 1 1 65 `希泊的寶藏 : 古代護符 - 槍炮師 (女)` `` 32010
440251 3 1 1 1 1 1 1 1 1 1 1 1 65 `希泊的寶藏 : 古代護符 - 漫游槍手 (女)` `` 32010
440250 3 1 1 1 1 1 1 1 1 1 1 1 65 `希泊的寶藏 : 古代護符 - 彈藥專家 (男)` `` 32005
440249 3 1 1 1 1 1 1 1 1 1 1 1 65 `希泊的寶藏 : 古代護符 - 机械師 (男)` `` 32005
440253 3 1 1 1 1 1 1 1 1 1 1 1 65 `希泊的寶藏 : 古代護符 - 机械師 (女)` `` 32010
440255 3 1 1 1 1 1 1 1 1 1 1 1 65 `希泊的寶藏 : 古代護符 - 召喚師` `` 32006
440254 3 1 1 1 1 1 1 1 1 1 1 1 65 `希泊的寶藏 : 古代護符 - 彈藥專家 (女)` `` 32010
440257 3 1 1 1 1 1 1 1 1 1 1 1 65 `希泊的寶藏 : 古代護符 - 魔道學者` `` 32006
440258 3 1 1 1 1 1 1 1 1 1 1 1 65 `希泊的寶藏 : 古代護符 - 圣騎士` `` 32009
440256 3 1 1 1 1 1 1 1 1 1 1 1 65 `希泊的寶藏 : 古代護符 - 戰斗法師` `` 32006
440273 3 1 1 1 1 1 1 1 1 1 1 1 65 `希泊的寶藏 : 古代護符 - 刺客` `` 32011
440271 3 1 1 1 1 1 1 1 1 1 1 1 65 `希泊的寶藏 : 古代護符 - 藍拳圣使` `` 32009
440272 3 1 1 1 1 1 1 1 1 1 1 1 65 `希泊的寶藏 : 古代護符 - 驅魔師` `` 32009
440326 3 1 1 1 1 1 1 1 1 1 1 1 65 `希泊的寶藏 : 遠古護符 - 气功師(男)` `` 32012
440274 3 1 1 1 1 1 1 1 1 1 1 1 65 `希泊的寶藏 : 古代護符 - 死靈術士` `` 32011
440309 3 1 1 1 1 1 1 1 1 1 1 1 65 `風之火舞` `` 32012
440327 3 1 1 1 1 1 1 1 1 1 1 1 65 `希泊的寶藏 : 遠古護符 - 散打(男)` `` 32012
440328 3 1 1 1 1 1 1 1 1 1 1 1 65 `希泊的寶藏 : 遠古護符 - 街霸(男)` `` 32012
440329 3 1 1 1 1 1 1 1 1 1 1 1 65 `希泊的寶藏 : 遠古護符 - 柔道家(男)` `` 32012
440339 3 1 1 1 1 1 1 1 1 1 1 1 65 `遠古奇跡 - 狂虎帝` `` 32012
440340 3 1 1 1 1 1 1 1 1 1 1 1 65 `遠古奇跡 - 武极` `` 32012
440341 3 1 1 1 1 1 1 1 1 1 1 1 65 `遠古奇跡 - 風林火山` `` 32012
440360 3 1 1 1 1 1 1 1 1 1 1 1 65 `希泊的寶藏 : 古代護符 - 复仇者` `` 32009
440342 3 1 1 1 1 1 1 1 1 1 1 1 65 `遠古奇跡 - 千手羅漢` `` 32012
440363 3 1 1 1 1 1 1 1 1 1 1 1 65 `遠古奇跡 - 末日審判者` `` 32009
440439 3 1 1 1 1 1 1 1 1 1 1 1 65 `希泊的寶藏 : 古代護符 - 元素爆破師` `` 32008
440370 3 1 1 1 1 1 1 1 1 1 1 1 65 `深淵巨魔手套` `` 32008
440440 3 1 1 1 1 1 1 1 1 1 1 1 65 `希泊的寶藏 : 古代護符 - 冰結師` `` 32008
440448 3 1 1 1 1 1 1 1 1 1 1 1 65 `遠古奇跡 - 魔皇 (火)` `` 32008
440451 3 1 1 1 1 1 1 1 1 1 1 1 65 `遠古奇跡 - 魔皇 (暗)` `` 32008
440450 3 1 1 1 1 1 1 1 1 1 1 1 65 `遠古奇跡 - 魔皇 (光)` `` 32008
440452 3 1 1 1 1 1 1 1 1 1 1 1 65 `遠古奇跡 - 冰凍之心` `` 32008
450126 0 1 1 1 1 1 1 1 1 1 1 1 70 `風化的守護石` `` 32100
440449 3 1 1 1 1 1 1 1 1 1 1 1 65 `遠古奇跡 - 魔皇 (冰)` `` 32008
450127 1 1 1 1 1 1 1 1 1 1 1 1 70 `守護石` `` 32100
10060 2 1 1 1 1 1 1 1 1 1 1 1 20 `炎麻長袍` `` 11002
10068 2 1 1 1 1 1 1 1 1 1 1 1 30 `賢者的訓練上衣` `` 11002
10069 2 1 1 1 1 1 1 1 1 1 1 1 30 `冰凌長袍` `` 11002
10085 2 1 1 1 1 1 1 1 1 1 1 1 40 `七星長袍` `` 11002
10086 2 1 1 1 1 1 1 1 1 1 1 1 40 `青龍渡海上衣` `` 11002
10089 2 1 1 1 1 1 1 1 1 1 1 1 10 `初級魔法師長袍` `` 11002
10092 2 1 1 1 1 1 1 1 1 1 1 1 40 `羽靈長袍` `` 11002
10090 2 1 1 1 1 1 1 1 1 1 1 1 20 `伽畢斯的皓月上衣` `` 11002
10091 2 1 1 1 1 1 1 1 1 1 1 1 30 `引魔長袍` `` 11002
10120 2 1 1 1 1 1 1 1 1 1 1 1 30 `圣日雷影長袍` `` 11002
10101 2 1 1 1 1 1 1 1 1 1 1 1 40 `自然親和長袍` `` 11002
10119 2 1 1 1 1 1 1 1 1 1 1 1 20 `初級修行者長袍` `` 11002
10121 2 1 1 1 1 1 1 1 1 1 1 1 40 `暗黑戰印長袍` `` 11002
10124 2 1 1 1 1 1 1 1 1 1 1 1 30 `天帷巨獸 : 破曦布甲長袍` `` 11002
10123 2 1 1 1 1 1 1 1 1 1 1 1 30 `天帷巨獸 : 逆翎布甲長袍` `` 11002
10127 2 1 1 1 1 1 1 1 1 1 1 1 40 `暗黑城 : 逆翎布甲長袍` `` 11002
10128 2 1 1 1 1 1 1 1 1 1 1 1 40 `暗黑城 : 破曦布甲長袍` `` 11002
10457 2 1 1 1 1 1 1 1 1 1 1 1 30 `炎蟒胸甲` `` 11101
10451 2 1 1 1 1 1 1 1 1 1 1 1 20 `罪惡布法羅胸甲` `` 11101
10442 2 1 1 1 1 1 1 1 1 1 1 1 10 `哥布林皮衣` `` 11101
10470 2 1 1 1 1 1 1 1 1 1 1 1 40 `聚冥胸甲` `` 11101
10469 2 1 1 1 1 1 1 1 1 1 1 1 40 `暗襲胸甲` `` 11101
10471 2 1 1 1 1 1 1 1 1 1 1 1 10 `逐風胸甲` `` 11101
10472 2 1 1 1 1 1 1 1 1 1 1 1 20 `赤星胸甲` `` 11101
10495 2 1 1 1 1 1 1 1 1 1 1 1 30 `天帷巨獸 : 斬影皮甲上衣` `` 11101
10494 2 1 1 1 1 1 1 1 1 1 1 1 30 `天帷巨獸 : 赤龍皮甲上衣` `` 11101
10498 2 1 1 1 1 1 1 1 1 1 1 1 40 `暗黑城 : 赤龍皮甲上衣` `` 11101
10473 2 1 1 1 1 1 1 1 1 1 1 1 40 `翼影胸甲` `` 11101
10499 2 1 1 1 1 1 1 1 1 1 1 1 40 `暗黑城 : 斬影皮甲上衣` `` 11101
10507 2 1 1 1 1 1 1 1 1 1 1 1 40 `恐懼女巫的羊皮上衣` `` 11101
10518 2 1 1 1 1 1 1 1 1 1 1 1 40 `卡諾凡恩上衣` `` 11101
10850 2 1 1 1 1 1 1 1 1 1 1 1 20 `血靈暗咒胸甲` `` 11201
10869 2 1 1 1 1 1 1 1 1 1 1 1 40 `紫金守護胸甲` `` 11201
10870 2 1 1 1 1 1 1 1 1 1 1 1 40 `幽靈結晶胸甲` `` 11201
10856 2 1 1 1 1 1 1 1 1 1 1 1 30 `玄武岩胸甲` `` 11201
10893 2 1 1 1 1 1 1 1 1 1 1 1 20 `云鐵胸甲` `` 11201
10894 2 1 1 1 1 1 1 1 1 1 1 1 30 `獅鷲胸甲` `` 11201
10895 2 1 1 1 1 1 1 1 1 1 1 1 40 `破魔胸甲` `` 11201
10897 2 1 1 1 1 1 1 1 1 1 1 1 30 `天帷巨獸 : 戾龍輕甲胸鎧` `` 11201
10901 2 1 1 1 1 1 1 1 1 1 1 1 40 `暗黑城 : 戾龍輕甲胸甲` `` 11201
10898 2 1 1 1 1 1 1 1 1 1 1 1 30 `天帷巨獸 : 斬影輕甲胸鎧` `` 11201
10902 2 1 1 1 1 1 1 1 1 1 1 1 40 `暗黑城 : 斬影輕甲胸甲` `` 11201
10921 2 1 1 1 1 1 1 1 1 1 1 1 40 `拉馬斯胸甲` `` 11201
11256 2 1 1 1 1 1 1 1 1 1 1 1 30 `閃靈兜甲` `` 11301
11270 2 1 1 1 1 1 1 1 1 1 1 1 40 `鱗岩胸甲` `` 11301
11269 2 1 1 1 1 1 1 1 1 1 1 1 40 `赤霞胸甲` `` 11301
11292 2 1 1 1 1 1 1 1 1 1 1 1 20 `伏魔胸甲` `` 11401
11294 2 1 1 1 1 1 1 1 1 1 1 1 40 `黎明七星胸甲` `` 11401
11296 2 1 1 1 1 1 1 1 1 1 1 1 30 `天帷巨獸 : 戾龍重甲胸鎧` `` 11301
11301 2 1 1 1 1 1 1 1 1 1 1 1 40 `暗黑城 : 斬影重甲胸鎧` `` 11301
11300 2 1 1 1 1 1 1 1 1 1 1 1 40 `暗黑城 : 戾龍重甲胸鎧` `` 11301
11297 2 1 1 1 1 1 1 1 1 1 1 1 30 `天帷巨獸 : 斬影重甲胸鎧` `` 11301
11293 2 1 1 1 1 1 1 1 1 1 1 1 30 `正義守護胸甲` `` 11401
11658 2 1 1 1 1 1 1 1 1 1 1 1 20 `赤云璧月胸甲` `` 11401
11659 2 1 1 1 1 1 1 1 1 1 1 1 30 `卡露亞的希望 - 圣日胸甲` `` 11401
11660 2 1 1 1 1 1 1 1 1 1 1 1 40 `純白之甲 - 諧音胸甲` `` 11401
11662 2 1 1 1 1 1 1 1 1 1 1 1 30 `天帷巨獸 : 赤龍板甲胸鎧` `` 11401
11664 2 1 1 1 1 1 1 1 1 1 1 1 40 `暗黑城 : 地夕板甲胸鎧` `` 11401
12051 2 1 1 1 1 1 1 1 1 1 1 1 10 `格朗布林的蚕絲護腿` `` 11004
12068 2 1 1 1 1 1 1 1 1 1 1 1 30 `圣神長褲` `` 11004
12059 2 1 1 1 1 1 1 1 1 1 1 1 20 `炎麻長褲` `` 11004
12067 2 1 1 1 1 1 1 1 1 1 1 1 30 `賢者的訓練短褲` `` 11004
12084 2 1 1 1 1 1 1 1 1 1 1 1 40 `七星護腿` `` 11004
12085 2 1 1 1 1 1 1 1 1 1 1 1 40 `青龍渡海綁腿` `` 11004
12086 2 1 1 1 1 1 1 1 1 1 1 1 40 `紫羽定魂護腿` `` 11004
12087 2 1 1 1 1 1 1 1 1 1 1 1 10 `初級魔法師長褲` `` 11004
12088 2 1 1 1 1 1 1 1 1 1 1 1 20 `伽畢斯的皓月短褲` `` 11004
12089 2 1 1 1 1 1 1 1 1 1 1 1 30 `引魔護腿` `` 11004
12090 2 1 1 1 1 1 1 1 1 1 1 1 40 `羽靈護腿` `` 11004
12099 2 1 1 1 1 1 1 1 1 1 1 1 40 `自然親和長褲` `` 11004
12118 2 1 1 1 1 1 1 1 1 1 1 1 30 `圣日雷影護腿` `` 11004
12117 2 1 1 1 1 1 1 1 1 1 1 1 20 `初級修行者綁腿` `` 11004
12121 2 1 1 1 1 1 1 1 1 1 1 1 30 `天帷巨獸 : 逆翎布甲綁腿` `` 11004
12119 2 1 1 1 1 1 1 1 1 1 1 1 40 `暗黑戰印護腿` `` 11004
12122 2 1 1 1 1 1 1 1 1 1 1 1 30 `天帷巨獸 : 破曦布甲綁腿` `` 11004
12125 2 1 1 1 1 1 1 1 1 1 1 1 40 `暗黑城 : 逆翎布甲綁腿` `` 11004
12442 2 1 1 1 1 1 1 1 1 1 1 1 10 `哥布林短褲` `` 11103
12126 2 1 1 1 1 1 1 1 1 1 1 1 40 `暗黑城 : 破曦布甲綁腿` `` 11004
12469 2 1 1 1 1 1 1 1 1 1 1 1 40 `暗襲護腿` `` 11103
12451 2 1 1 1 1 1 1 1 1 1 1 1 20 `罪惡布法羅綁腿` `` 11103
12457 2 1 1 1 1 1 1 1 1 1 1 1 30 `炎蟒綁腿` `` 11103
12470 2 1 1 1 1 1 1 1 1 1 1 1 40 `聚冥綁腿` `` 11103
12471 2 1 1 1 1 1 1 1 1 1 1 1 10 `逐風綁腿` `` 11103
12472 2 1 1 1 1 1 1 1 1 1 1 1 20 `赤星綁腿` `` 11103
12473 2 1 1 1 1 1 1 1 1 1 1 1 40 `翼影綁腿` `` 11103
12494 2 1 1 1 1 1 1 1 1 1 1 1 30 `天帷巨獸 : 斬影皮甲護腿` `` 11103
12493 2 1 1 1 1 1 1 1 1 1 1 1 30 `天帷巨獸 : 赤龍皮甲護腿` `` 11103
12850 2 1 1 1 1 1 1 1 1 1 1 1 20 `血靈暗咒綁腿` `` 11203
12868 2 1 1 1 1 1 1 1 1 1 1 1 40 `瑪爾的天權綁腿` `` 11203
12505 2 1 1 1 1 1 1 1 1 1 1 1 40 `恐懼女巫的羊皮下裝` `` 11103
12856 2 1 1 1 1 1 1 1 1 1 1 1 30 `玄武岩綁腿` `` 11203
12497 2 1 1 1 1 1 1 1 1 1 1 1 40 `暗黑城 : 赤龍皮甲護腿` `` 11103
12498 2 1 1 1 1 1 1 1 1 1 1 1 40 `暗黑城 : 斬影皮甲護腿` `` 11103
12515 2 1 1 1 1 1 1 1 1 1 1 1 40 `卡諾凡恩皮短褲` `` 11103
12869 2 1 1 1 1 1 1 1 1 1 1 1 40 `紫金守護綁腿` `` 11203
12870 2 1 1 1 1 1 1 1 1 1 1 1 40 `幽靈結晶綁腿` `` 11203
12891 2 1 1 1 1 1 1 1 1 1 1 1 20 `云鐵綁腿` `` 11203
12892 2 1 1 1 1 1 1 1 1 1 1 1 30 `獅鷲脛甲` `` 11203
12915 2 1 1 1 1 1 1 1 1 1 1 1 40 `拉馬斯脛甲` `` 11203
12896 2 1 1 1 1 1 1 1 1 1 1 1 30 `天帷巨獸 : 斬影輕甲護腿` `` 11203
13250 2 1 1 1 1 1 1 1 1 1 1 1 20 `暗黑蛇紋護腿` `` 11303
12900 2 1 1 1 1 1 1 1 1 1 1 1 40 `暗黑城 : 斬影輕甲護腿` `` 11203
12893 2 1 1 1 1 1 1 1 1 1 1 1 40 `破魔脛甲` `` 11203
13256 2 1 1 1 1 1 1 1 1 1 1 1 30 `閃靈護腿` `` 11303
12899 2 1 1 1 1 1 1 1 1 1 1 1 40 `暗黑城 : 戾龍輕甲護腿` `` 11203
12895 2 1 1 1 1 1 1 1 1 1 1 1 30 `天帷巨獸 : 戾龍輕甲護腿` `` 11203
13268 2 1 1 1 1 1 1 1 1 1 1 1 40 `血嘯護腿` `` 11303
13269 2 1 1 1 1 1 1 1 1 1 1 1 40 `赤霞護腿` `` 11303
13270 2 1 1 1 1 1 1 1 1 1 1 1 40 `鱗岩護腿` `` 11303
13293 2 1 1 1 1 1 1 1 1 1 1 1 30 `正義守護綁腿` `` 11403
13292 2 1 1 1 1 1 1 1 1 1 1 1 20 `伏魔護腿` `` 11403
13294 2 1 1 1 1 1 1 1 1 1 1 1 40 `黎明七星護腿` `` 11403
13296 2 1 1 1 1 1 1 1 1 1 1 1 30 `天帷巨獸 : 戾龍重甲護腿` `` 11303
13297 2 1 1 1 1 1 1 1 1 1 1 1 30 `天帷巨獸 : 斬影重甲護腿` `` 11303
13300 2 1 1 1 1 1 1 1 1 1 1 1 40 `暗黑城 : 戾龍重甲護腿` `` 11303
13646 2 1 1 1 1 1 1 1 1 1 1 1 40 `寂靜靈魂綁腿` `` 11403
13634 2 1 1 1 1 1 1 1 1 1 1 1 30 `超合金虎嘯脛甲` `` 11403
13301 2 1 1 1 1 1 1 1 1 1 1 1 40 `暗黑城 : 斬影重甲護腿` `` 11303
13657 2 1 1 1 1 1 1 1 1 1 1 1 20 `赤云璧月脛甲` `` 11403
13658 2 1 1 1 1 1 1 1 1 1 1 1 30 `卡露亞的希望 - 圣日脛甲` `` 11403
13659 2 1 1 1 1 1 1 1 1 1 1 1 40 `純白之甲 - 諧音脛甲` `` 11403
14085 2 1 1 1 1 1 1 1 1 1 1 1 10 `初級魔法師護肩` `` 11003
13663 2 1 1 1 1 1 1 1 1 1 1 1 40 `暗黑城 : 地夕板甲護腿` `` 11403
13661 2 1 1 1 1 1 1 1 1 1 1 1 30 `天帷巨獸 : 赤龍板甲護腿` `` 11403
14470 2 1 1 1 1 1 1 1 1 1 1 1 10 `逐風護肩` `` 11102
16043 2 1 1 1 1 1 1 1 1 1 1 1 5 `蚕絲腰帶` `` 11006
17242 2 1 1 1 1 1 1 1 1 1 1 1 5 `守護腰帶` `` 11305
18043 2 1 1 1 1 1 1 1 1 1 1 1 5 `蚕絲短靴` `` 11005
17243 2 1 1 1 1 1 1 1 1 1 1 1 10 `阿拉德腰帶` `` 11305
18044 2 1 1 1 1 1 1 1 1 1 1 1 10 `格朗布林的蚕絲短靴` `` 11005
18052 2 1 1 1 1 1 1 1 1 1 1 1 20 `赫頓瑪爾貴族短靴` `` 11005
18059 2 1 1 1 1 1 1 1 1 1 1 1 30 `精靈祝福短靴` `` 11005
18073 2 1 1 1 1 1 1 1 1 1 1 1 20 `伽畢斯的皓月短靴` `` 11005
18076 2 1 1 1 1 1 1 1 1 1 1 1 40 `夢魘縛靈短靴` `` 11005
18077 2 1 1 1 1 1 1 1 1 1 1 1 40 `瞑想者短靴` `` 11005
18078 2 1 1 1 1 1 1 1 1 1 1 1 40 `錦鱗短靴` `` 11005
18079 2 1 1 1 1 1 1 1 1 1 1 1 40 `星紋短靴` `` 11005
18105 2 1 1 1 1 1 1 1 1 1 1 1 30 `天帷巨獸 : 精靈的雁翎布甲長靴` `` 11005
18085 2 1 1 1 1 1 1 1 1 1 1 1 40 `遠古旋魔短靴` `` 11005
18106 2 1 1 1 1 1 1 1 1 1 1 1 30 `天帷巨獸 : 精靈的隱靈布甲長靴` `` 11005
18109 2 1 1 1 1 1 1 1 1 1 1 1 40 `暗黑城 : 精靈的天脊布甲長靴` `` 11005
18110 2 1 1 1 1 1 1 1 1 1 1 1 40 `暗黑城 : 精靈的隱靈布甲長靴` `` 11005
18452 2 1 1 1 1 1 1 1 1 1 1 1 20 `烈焰騎士長靴` `` 11104
18458 2 1 1 1 1 1 1 1 1 1 1 1 30 `天帷巨獸的皮短靴` `` 11104
18471 2 1 1 1 1 1 1 1 1 1 1 1 20 `赤星皮靴` `` 11104
18473 2 1 1 1 1 1 1 1 1 1 1 1 40 `傲凰皮靴` `` 11104
18475 2 1 1 1 1 1 1 1 1 1 1 1 40 `暴風雨神皮靴` `` 11104
18474 2 1 1 1 1 1 1 1 1 1 1 1 40 `噬龍皮靴` `` 11104
18492 2 1 1 1 1 1 1 1 1 1 1 1 30 `天帷巨獸 : 精靈的夜麟皮甲長靴` `` 11104
18493 2 1 1 1 1 1 1 1 1 1 1 1 30 `天帷巨獸 : 精靈的天襲皮甲長靴` `` 11104
18496 2 1 1 1 1 1 1 1 1 1 1 1 40 `暗黑城 : 精靈的夜麟皮甲長靴` `` 11104
18501 2 1 1 1 1 1 1 1 1 1 1 1 40 `燃燒魔女的南瓜靴子` `` 11104
18497 2 1 1 1 1 1 1 1 1 1 1 1 40 `暗黑城 : 精靈的天襲皮甲長靴` `` 11104
18515 2 1 1 1 1 1 1 1 1 1 1 1 40 `斯匹奧皮鞋` `` 11104
18851 2 1 1 1 1 1 1 1 1 1 1 1 20 `大地祝福長靴` `` 11204
18871 2 1 1 1 1 1 1 1 1 1 1 1 40 `蠱藤長靴` `` 11204
18857 2 1 1 1 1 1 1 1 1 1 1 1 30 `遠古冰銀長靴` `` 11204
18873 2 1 1 1 1 1 1 1 1 1 1 1 40 `蛟紋長靴` `` 11204
18872 2 1 1 1 1 1 1 1 1 1 1 1 40 `黃金戰士長靴` `` 11204
18894 2 1 1 1 1 1 1 1 1 1 1 1 30 `天帷巨獸 : 精靈的奔雷輕甲長靴` `` 11204
18898 2 1 1 1 1 1 1 1 1 1 1 1 40 `暗黑城 : 精靈的奔雷輕甲長靴` `` 11204
18895 2 1 1 1 1 1 1 1 1 1 1 1 30 `天帷巨獸 : 精靈的天襲輕甲長靴` `` 11204
18914 2 1 1 1 1 1 1 1 1 1 1 1 40 `哈勒斯短靴` `` 11204
18899 2 1 1 1 1 1 1 1 1 1 1 1 40 `暗黑城 : 精靈的天襲輕甲長靴` `` 11204
19242 2 1 1 1 1 1 1 1 1 1 1 1 5 `首領長靴` `` 11304
19257 2 1 1 1 1 1 1 1 1 1 1 1 30 `龍鳴長靴` `` 11304
19251 2 1 1 1 1 1 1 1 1 1 1 1 20 `碧玉長靴` `` 11304
19243 2 1 1 1 1 1 1 1 1 1 1 1 10 `异星戰靴` `` 11304
19271 2 1 1 1 1 1 1 1 1 1 1 1 40 `紫金長靴` `` 11304
19272 2 1 1 1 1 1 1 1 1 1 1 1 40 `藍水晶長靴` `` 11304
19296 2 1 1 1 1 1 1 1 1 1 1 1 40 `暗黑城 : 精靈的銀刃重甲長靴` `` 11304
19293 2 1 1 1 1 1 1 1 1 1 1 1 30 `天帷巨獸 : 精靈的蒼蟒重甲長靴` `` 11304
19629 2 1 1 1 1 1 1 1 1 1 1 1 20 `藍色日冕長靴` `` 11404
19292 2 1 1 1 1 1 1 1 1 1 1 1 30 `天帷巨獸 : 精靈的銀刃重甲長靴` `` 11304
19297 2 1 1 1 1 1 1 1 1 1 1 1 40 `暗黑城 : 精靈的蒼蟒重甲長靴` `` 11304
19273 2 1 1 1 1 1 1 1 1 1 1 1 40 `EL-XM25長靴` `` 11304
19647 2 1 1 1 1 1 1 1 1 1 1 1 40 `幻影死神長靴` `` 11404
19663 2 1 1 1 1 1 1 1 1 1 1 1 30 `天帷巨獸 : 精靈的碎魄板甲長靴` `` 11404
19635 2 1 1 1 1 1 1 1 1 1 1 1 30 `黑玉護魂長靴` `` 11404
20063 2 1 1 1 1 1 1 1 1 1 1 1 20 `幽冥黑蓮項墜` `` 12001
19665 2 1 1 1 1 1 1 1 1 1 1 1 40 `暗黑城 : 精靈的碎魄板甲長靴` `` 11404
20070 2 1 1 1 1 1 1 1 1 1 1 1 30 `班圖的冰晶項墜` `` 12001
20078 2 1 1 1 1 1 1 1 1 1 1 1 40 `天空之炎項墜` `` 12001
22068 2 1 1 1 1 1 1 1 1 1 1 1 30 `食人魔之鐲` `` 12003
22061 2 1 1 1 1 1 1 1 1 1 1 1 20 `琥珀手鐲` `` 12003
22076 2 1 1 1 1 1 1 1 1 1 1 1 40 `蒼蟒手鐲` `` 12003
24063 2 1 1 1 1 1 1 1 1 1 1 1 20 `幽冥黑蓮戒指` `` 12002
24070 2 1 1 1 1 1 1 1 1 1 1 1 30 `御魂之戒` `` 12002
29046 2 1 1 1 1 1 1 1 1 1 1 1 5 `祭祀手套` `` 10202
29345 2 1 1 1 1 1 1 1 1 1 1 1 5 `猛虎臂鎧` `` 10203
39369 2 1 1 1 1 1 1 1 1 1 1 1 40 `石巨人的鐵臂鎧` `` 10203
29068 2 1 1 1 1 1 1 1 1 1 1 1 40 `天璇手套` `` 10202
29060 2 1 1 1 1 1 1 1 1 1 1 1 30 `玄鐵手套` `` 10202
39360 2 1 1 1 1 1 1 1 1 1 1 1 30 `蛟龍臂鎧` `` 10203
29943 2 1 1 1 1 1 1 1 1 1 1 1 5 `墨竹東方棍` `` 10206
29666 2 1 1 1 1 1 1 1 1 1 1 1 40 `卑劣的意志` `` 10204
29657 2 1 1 1 1 1 1 1 1 1 1 1 30 `沙暴之影` `` 10204
29958 2 1 1 1 1 1 1 1 1 1 1 1 30 `咆哮者之棍` `` 10206
29966 2 1 1 1 1 1 1 1 1 1 1 1 40 `黑石雷鳴棍` `` 10206
31059 2 1 1 1 1 1 1 1 1 1 1 1 30 `柯爾特MK3 - 騎兵` `` 10302
31068 2 1 1 1 1 1 1 1 1 1 1 1 40 `柯爾特 - 和平悍衛者` `` 10302
30233 2 1 1 1 1 1 1 1 1 1 1 1 30 `圣武幻象拳套` `` 10205
31642 2 1 1 1 1 1 1 1 1 1 1 1 5 `蒼蟒手弩` `` 10306
31365 2 1 1 1 1 1 1 1 1 1 1 1 40 `CZ75` `` 10303
31656 2 1 1 1 1 1 1 1 1 1 1 1 30 `雙翼之弩` `` 10306
30244 2 1 1 1 1 1 1 1 1 1 1 1 40 `圣痕拳套` `` 10205
31357 2 1 1 1 1 1 1 1 1 1 1 1 30 `怨靈 - 22` `` 10303
31943 2 1 1 1 1 1 1 1 1 1 1 1 5 `野戰步槍` `` 10304
31664 2 1 1 1 1 1 1 1 1 1 1 1 40 `七星連射弩` `` 10306
31944 2 1 1 1 1 1 1 1 1 1 1 1 10 `軍官步槍` `` 10304
31957 2 1 1 1 1 1 1 1 1 1 1 1 30 `落星` `` 10304
32264 2 1 1 1 1 1 1 1 1 1 1 1 40 `尼克爾激光手炮` `` 10305
31965 2 1 1 1 1 1 1 1 1 1 1 1 40 `靈狐之火` `` 10304
32256 2 1 1 1 1 1 1 1 1 1 1 1 30 `光電手炮` `` 10305
33323 2 1 1 1 1 1 1 1 1 1 1 1 10 `追風棍` `` 10403
33322 2 1 1 1 1 1 1 1 1 1 1 1 5 `狼牙棍` `` 10403
33023 2 1 1 1 1 1 1 1 1 1 1 1 10 `青銅長矛` `` 10402
33029 2 1 1 1 1 1 1 1 1 1 1 1 30 `赤月長矛` `` 10402
33022 2 1 1 1 1 1 1 1 1 1 1 1 5 `巨蟒長矛` `` 10402
33033 2 1 1 1 1 1 1 1 1 1 1 1 40 `圣光戰矛` `` 10402
33329 2 1 1 1 1 1 1 1 1 1 1 1 30 `血獄戰棍` `` 10403
33629 2 1 1 1 1 1 1 1 1 1 1 1 30 `GBL教的祭祀魔杖` `` 10404
33622 2 1 1 1 1 1 1 1 1 1 1 1 5 `桃木魔杖` `` 10404
33333 2 1 1 1 1 1 1 1 1 1 1 1 40 `疾風棍` `` 10403
33623 2 1 1 1 1 1 1 1 1 1 1 1 10 `銀蛇魔杖` `` 10404
33930 2 1 1 1 1 1 1 1 1 1 1 1 30 `禁錮法杖` `` 10405
33924 2 1 1 1 1 1 1 1 1 1 1 1 10 `紫銅法杖` `` 10405
33923 2 1 1 1 1 1 1 1 1 1 1 1 5 `栗木法杖` `` 10405
33633 2 1 1 1 1 1 1 1 1 1 1 1 40 `雷光魔杖` `` 10404
33935 2 1 1 1 1 1 1 1 1 1 1 1 40 `幽靈法杖` `` 10405
34214 2 1 1 1 1 1 1 1 1 1 1 1 20 `格拉卡的魔法掃把` `` 10406
34216 2 1 1 1 1 1 1 1 1 1 1 1 30 `人偶師的火爐掃把` `` 10406
34219 2 1 1 1 1 1 1 1 1 1 1 1 40 `夜息黑蓮` `` 10406
34233 2 1 1 1 1 1 1 1 1 1 1 1 40 `熾焰黑蓮掃把` `` 10406
35023 2 1 1 1 1 1 1 1 1 1 1 1 5 `黑茶木十字架` `` 10502
34232 2 1 1 1 1 1 1 1 1 1 1 1 40 `晨露黑蓮掃把` `` 10406
35024 2 1 1 1 1 1 1 1 1 1 1 1 10 `藍晶十字架` `` 10502
35028 2 1 1 1 1 1 1 1 1 1 1 1 30 `魔紋十字架` `` 10502
34231 2 1 1 1 1 1 1 1 1 1 1 1 40 `天照黑蓮掃把` `` 10406
35026 2 1 1 1 1 1 1 1 1 1 1 1 20 `火焰十字架` `` 10502
35032 2 1 1 1 1 1 1 1 1 1 1 1 40 `雷米迪亞的十字架` `` 10502
35322 2 1 1 1 1 1 1 1 1 1 1 1 5 `白鷺念珠` `` 10503
35323 2 1 1 1 1 1 1 1 1 1 1 1 10 `佛光念珠` `` 10503
35325 2 1 1 1 1 1 1 1 1 1 1 1 20 `鶴鳴念珠` `` 10503
35331 2 1 1 1 1 1 1 1 1 1 1 1 40 `滅絕之廣目天珠` `` 10503
35622 2 1 1 1 1 1 1 1 1 1 1 1 5 `杏木圖騰` `` 10504
35625 2 1 1 1 1 1 1 1 1 1 1 1 20 `淨風圖騰` `` 10504
35327 2 1 1 1 1 1 1 1 1 1 1 1 30 `守護之治國天珠` `` 10503
35623 2 1 1 1 1 1 1 1 1 1 1 1 10 `暗夜圖騰` `` 10504
35627 2 1 1 1 1 1 1 1 1 1 1 1 40 `落星圖騰` `` 10504
35628 2 1 1 1 1 1 1 1 1 1 1 1 30 `精靈的庇佑圖騰` `` 10504
35922 2 1 1 1 1 1 1 1 1 1 1 1 5 `黑桃木鐮刀` `` 10505
35923 2 1 1 1 1 1 1 1 1 1 1 1 10 `墮落天使戰鐮` `` 10505
36222 2 1 1 1 1 1 1 1 1 1 1 1 5 `月牙戰神斧` `` 10506
35931 2 1 1 1 1 1 1 1 1 1 1 1 40 `獵魂戰鐮` `` 10505
35927 2 1 1 1 1 1 1 1 1 1 1 1 30 `异靈鉤鐮` `` 10505
36225 2 1 1 1 1 1 1 1 1 1 1 1 20 `帝國劊子手之斧` `` 10506
36223 2 1 1 1 1 1 1 1 1 1 1 1 10 `碎骨戰斧` `` 10506
35925 2 1 1 1 1 1 1 1 1 1 1 1 20 `鎮魂鉤鐮` `` 10505
37006 2 1 1 1 1 1 1 1 1 1 1 1 5 `梅斯迪亞匕首` `` 10602
36231 2 1 1 1 1 1 1 1 1 1 1 1 40 `奪命月牙斧` `` 10506
36227 2 1 1 1 1 1 1 1 1 1 1 1 30 `戰鷹神斧` `` 10506
37009 2 1 1 1 1 1 1 1 1 1 1 1 10 `暗夜匕首` `` 10602
37015 2 1 1 1 1 1 1 1 1 1 1 1 20 `暗影之懼` `` 10602
37027 2 1 1 1 1 1 1 1 1 1 1 1 40 `冰舞彎刃` `` 10602
37021 2 1 1 1 1 1 1 1 1 1 1 1 30 `黑暗間諜` `` 10602
37304 2 1 1 1 1 1 1 1 1 1 1 1 5 `飛奴雙劍` `` 10603
37307 2 1 1 1 1 1 1 1 1 1 1 1 10 `火焰雙劍` `` 10603
37604 2 1 1 1 1 1 1 1 1 1 1 1 5 `胡桃木手杖` `` 10604
37313 2 1 1 1 1 1 1 1 1 1 1 1 20 `雙尾劍` `` 10603
37607 2 1 1 1 1 1 1 1 1 1 1 1 10 `不獵者` `` 10604
37325 2 1 1 1 1 1 1 1 1 1 1 1 40 `馬特拉斯` `` 10603
37613 2 1 1 1 1 1 1 1 1 1 1 1 20 `古蘭經手杖` `` 10604
37319 2 1 1 1 1 1 1 1 1 1 1 1 30 `血腥蘇哈姆` `` 10603
37619 2 1 1 1 1 1 1 1 1 1 1 1 30 `銀鉤手杖` `` 10604
37625 2 1 1 1 1 1 1 1 1 1 1 1 40 `統治者的權杖` `` 10604
440002 2 1 1 1 1 1 1 1 1 1 1 1 60 `阿爾伯特的臂章` `` 32001
440009 2 1 1 1 1 1 1 1 1 1 1 1 60 `鬼手封印手套` `` 32002
440011 2 1 1 1 1 1 1 1 1 1 1 1 60 `守護者的戰爭手套` `` 32006
440013 2 1 1 1 1 1 1 1 1 1 1 1 60 `帝國軍士手套` `` 32005
440012 2 1 1 1 1 1 1 1 1 1 1 1 60 `虛祖抗魔手套` `` 32009
440044 2 1 1 1 1 1 1 1 1 1 1 1 60 `班圖族的徽章` `` 32001
440010 2 1 1 1 1 1 1 1 1 1 1 1 60 `素喃道場手套` `` 32004
440014 2 1 1 1 1 1 1 1 1 1 1 1 60 `皇宮護衛團手套` `` 32010
440015 2 1 1 1 1 1 1 1 1 1 1 1 60 `盜賊手套` `` 32011
440049 2 1 1 1 1 1 1 1 1 1 1 1 60 `強化符 - 鬼劍士 (波動)` `` 32002
440050 2 1 1 1 1 1 1 1 1 1 1 1 60 `強化符 - 鬼劍士 (血气)` `` 32002
440051 2 1 1 1 1 1 1 1 1 1 1 1 60 `強化符 - 鬼劍士 (鬼神)` `` 32002
440052 2 1 1 1 1 1 1 1 1 1 1 1 60 `強化符 - 鬼劍士 (劍術)` `` 32002
440053 2 1 1 1 1 1 1 1 1 1 1 1 60 `強化符 - 格斗家 (念气)` `` 32004
440087 2 1 1 1 1 1 1 1 1 1 1 1 60 `覺醒之奧秘 - 魔法師 (女)` `` 32006
440086 2 1 1 1 1 1 1 1 1 1 1 1 60 `覺醒之奧秘 - 神槍手 (男)` `` 32005
440084 2 1 1 1 1 1 1 1 1 1 1 1 60 `覺醒之奧秘 - 鬼劍士` `` 32002
440089 2 1 1 1 1 1 1 1 1 1 1 1 60 `覺醒之奧秘 - 神槍手 (女)` `` 32010
440055 2 1 1 1 1 1 1 1 1 1 1 1 60 `強化符 - 格斗家 (体術)` `` 32004
440088 2 1 1 1 1 1 1 1 1 1 1 1 60 `覺醒之奧秘 - 圣職者` `` 32009
440085 2 1 1 1 1 1 1 1 1 1 1 1 60 `覺醒之奧秘 - 格斗家 (女)` `` 32004
440054 2 1 1 1 1 1 1 1 1 1 1 1 60 `強化符 - 格斗家 (武術)` `` 32004
440090 2 1 1 1 1 1 1 1 1 1 1 1 60 `覺醒之奧秘 - 暗夜使者` `` 32011
440198 2 1 1 1 1 1 1 1 1 1 1 1 60 `強化符 - 格斗家 (狂暴)` `` 32004
440187 2 1 1 1 1 1 1 1 1 1 1 1 60 `貧民窟的珍寶` `` 32001
440199 2 1 1 1 1 1 1 1 1 1 1 1 60 `強化符 - 男神槍手 (机械)` `` 32005
440202 2 1 1 1 1 1 1 1 1 1 1 1 60 `強化符 - 女魔法師 (召喚)` `` 32006
440201 2 1 1 1 1 1 1 1 1 1 1 1 60 `強化符 - 女魔法師 (戰斗魔法)` `` 32006
440203 2 1 1 1 1 1 1 1 1 1 1 1 60 `強化符 - 女魔法師 (魔道)` `` 32006
440200 2 1 1 1 1 1 1 1 1 1 1 1 60 `強化符 - 男神槍手 (彈藥)` `` 32005
440204 2 1 1 1 1 1 1 1 1 1 1 1 60 `強化符 - 圣職者 (啟示)` `` 32009
440205 2 1 1 1 1 1 1 1 1 1 1 1 60 `強化符 - 圣職者 (神擊)` `` 32009
440206 2 1 1 1 1 1 1 1 1 1 1 1 60 `強化符 - 圣職者 (驅魔)` `` 32009
440207 2 1 1 1 1 1 1 1 1 1 1 1 60 `強化符 - 圣職者 (邪術)` `` 32009
440208 2 1 1 1 1 1 1 1 1 1 1 1 60 `強化符 - 暗夜使者 (死靈)` `` 32011
440210 2 1 1 1 1 1 1 1 1 1 1 1 60 `強化符 - 暗夜使者 (迅捷)` `` 32011
440312 2 1 1 1 1 1 1 1 1 1 1 1 60 `強化符 - 男格斗家 (体術)` `` 32012
440259 2 1 1 1 1 1 1 1 1 1 1 1 60 `強化符 - 女神槍手 (机械)` `` 32010
440310 2 1 1 1 1 1 1 1 1 1 1 1 60 `強化符 - 男格斗家 (念气)` `` 32012
440260 2 1 1 1 1 1 1 1 1 1 1 1 60 `強化符 - 女神槍手 (彈藥)` `` 32010
440313 2 1 1 1 1 1 1 1 1 1 1 1 60 `強化符 - 男格斗家 (狂暴)` `` 32012
440209 2 1 1 1 1 1 1 1 1 1 1 1 60 `強化符 - 暗夜使者 (暗殺)` `` 32011
440311 2 1 1 1 1 1 1 1 1 1 1 1 60 `強化符 - 男格斗家 (武術)` `` 32012
440306 2 1 1 1 1 1 1 1 1 1 1 1 60 `黑震團修煉手套` `` 32012
440344 2 1 1 1 1 1 1 1 1 1 1 1 60 `覺醒之奧秘 - 格斗家 (男)` `` 32012
450037 2 1 1 1 1 1 1 1 1 1 1 1 65 `拉澤爾的石珠` `` 32100
440375 2 1 1 1 1 1 1 1 1 1 1 1 70 `皇室警衛隊臂章` `` 32001
450006 2 1 1 1 1 1 1 1 1 1 1 1 65 `冰奈斯之淚` `` 32100
450002 2 1 1 1 1 1 1 1 1 1 1 1 65 `迪拉瑞之石` `` 32100
450007 2 1 1 1 1 1 1 1 1 1 1 1 65 `雷沃斯之淚` `` 32100
440377 2 1 1 1 1 1 1 1 1 1 1 1 70 `鋼煉之護` `` 32001
440380 2 1 1 1 1 1 1 1 1 1 1 1 70 `封印之异手套` `` 32002
450008 2 1 1 1 1 1 1 1 1 1 1 1 65 `瑟冥特克之淚` `` 32100
450005 2 1 1 1 1 1 1 1 1 1 1 1 65 `亞德炎之淚` `` 32100
440378 2 1 1 1 1 1 1 1 1 1 1 1 70 `霜巫之心` `` 32001
440367 2 1 1 1 1 1 1 1 1 1 1 1 60 `深淵斗魂手套` `` 32008
440385 2 1 1 1 1 1 1 1 1 1 1 1 70 `虛祖抗魔手套` `` 32009
440389 2 1 1 1 1 1 1 1 1 1 1 1 70 `悔悟之印 - 劍魂` `` 32002
440384 2 1 1 1 1 1 1 1 1 1 1 1 70 `黑暗之眼幻魔手套` `` 32008
440388 2 1 1 1 1 1 1 1 1 1 1 1 70 `瞬影絕殺手套` `` 32011
440386 2 1 1 1 1 1 1 1 1 1 1 1 70 `帝國近衛隊手套` `` 32005
440390 2 1 1 1 1 1 1 1 1 1 1 1 70 `悔悟之印 - 鬼泣` `` 32002
440383 2 1 1 1 1 1 1 1 1 1 1 1 70 `斗神追擊手套` `` 32006
440381 2 1 1 1 1 1 1 1 1 1 1 1 70 `風拳流武斗手套` `` 32004
440387 2 1 1 1 1 1 1 1 1 1 1 1 70 `卡勒特的戰御手套` `` 32010
440391 2 1 1 1 1 1 1 1 1 1 1 1 70 `悔悟之印 - 狂戰士` `` 32002
440382 2 1 1 1 1 1 1 1 1 1 1 1 70 `虛祖死士手套` `` 32012
440394 2 1 1 1 1 1 1 1 1 1 1 1 70 `悔悟之印 - 散打 (女)` `` 32004
440399 2 1 1 1 1 1 1 1 1 1 1 1 70 `悔悟之印 - 街霸 (男)` `` 32012
440398 2 1 1 1 1 1 1 1 1 1 1 1 70 `悔悟之印 - 散打 (男)` `` 32012
440402 2 1 1 1 1 1 1 1 1 1 1 1 70 `悔悟之印 - 槍炮師 (男)` `` 32005
440400 2 1 1 1 1 1 1 1 1 1 1 1 70 `悔悟之印 - 柔道家 (男)` `` 32012
440393 2 1 1 1 1 1 1 1 1 1 1 1 70 `悔悟之印 - 气功師 (女)` `` 32004
440397 2 1 1 1 1 1 1 1 1 1 1 1 70 `悔悟之印 - 气功師 (男)` `` 32012
440401 2 1 1 1 1 1 1 1 1 1 1 1 70 `悔悟之印 - 漫游槍手 (男)` `` 32005
440396 2 1 1 1 1 1 1 1 1 1 1 1 70 `悔悟之印 - 柔道家 (女)` `` 32004
440395 2 1 1 1 1 1 1 1 1 1 1 1 70 `悔悟之印 - 街霸 (女)` `` 32004
440392 2 1 1 1 1 1 1 1 1 1 1 1 70 `悔悟之印 - 阿修羅` `` 32002
440405 2 1 1 1 1 1 1 1 1 1 1 1 70 `悔悟之印 - 漫游槍手 (女)` `` 32010
440413 2 1 1 1 1 1 1 1 1 1 1 1 70 `悔悟之印 - 圣騎士` `` 32009
440410 2 1 1 1 1 1 1 1 1 1 1 1 70 `悔悟之印 - 召喚師` `` 32006
440411 2 1 1 1 1 1 1 1 1 1 1 1 70 `悔悟之印 - 戰斗法師` `` 32006
440403 2 1 1 1 1 1 1 1 1 1 1 1 70 `悔悟之印 - 机械師 (男)` `` 32005
440408 2 1 1 1 1 1 1 1 1 1 1 1 70 `悔悟之印 - 彈藥專家 (女)` `` 32010
440404 2 1 1 1 1 1 1 1 1 1 1 1 70 `悔悟之印 - 彈藥專家 (男)` `` 32005
440407 2 1 1 1 1 1 1 1 1 1 1 1 70 `悔悟之印 - 机械師 (女)` `` 32010
440409 2 1 1 1 1 1 1 1 1 1 1 1 70 `悔悟之印 - 元素師` `` 32006
440406 2 1 1 1 1 1 1 1 1 1 1 1 70 `悔悟之印 - 槍炮師 (女)` `` 32010
440412 2 1 1 1 1 1 1 1 1 1 1 1 70 `悔悟之印 - 魔道學者` `` 32006
440419 2 1 1 1 1 1 1 1 1 1 1 1 70 `悔悟之印 - 死靈術士` `` 32011
440414 2 1 1 1 1 1 1 1 1 1 1 1 70 `悔悟之印 - 藍拳圣使` `` 32009
440420 2 1 1 1 1 1 1 1 1 1 1 1 70 `智慧的凝念 - 鬼劍士` `` 32002
440421 2 1 1 1 1 1 1 1 1 1 1 1 70 `智慧的凝念 - 格斗家 (女)` `` 32004
440422 2 1 1 1 1 1 1 1 1 1 1 1 70 `智慧的凝念 - 格斗家 (男)` `` 32012
440418 2 1 1 1 1 1 1 1 1 1 1 1 70 `悔悟之印 - 刺客` `` 32011
440425 2 1 1 1 1 1 1 1 1 1 1 1 70 `智慧的凝念 - 魔法師 (女)` `` 32006
440416 2 1 1 1 1 1 1 1 1 1 1 1 70 `悔悟之印 - 驅魔師` `` 32009
440417 2 1 1 1 1 1 1 1 1 1 1 1 70 `悔悟之印 - 复仇者` `` 32009
440424 2 1 1 1 1 1 1 1 1 1 1 1 70 `智慧的凝念 - 神槍手 (女)` `` 32010
440423 2 1 1 1 1 1 1 1 1 1 1 1 70 `智慧的凝念 - 神槍手 (男)` `` 32005
440426 2 1 1 1 1 1 1 1 1 1 1 1 70 `智慧的凝念 - 圣職者` `` 32009
440428 2 1 1 1 1 1 1 1 1 1 1 1 70 `悔悟之印 - 元素爆破師` `` 32008
440427 2 1 1 1 1 1 1 1 1 1 1 1 70 `智慧的凝念 - 暗夜使者` `` 32011
440429 2 1 1 1 1 1 1 1 1 1 1 1 70 `悔悟之印 - 冰結師` `` 32008
440430 2 1 1 1 1 1 1 1 1 1 1 1 70 `智慧的凝念 - 魔法師 (男)` `` 32008
440431 2 1 1 1 1 1 1 1 1 1 1 1 60 `強化符 - 男魔法師 (元素)` `` 32008
440432 2 1 1 1 1 1 1 1 1 1 1 1 60 `強化符 - 男魔法師 (戰斗魔法)` `` 32008
11356 2 1 1 1 1 1 1 1 1 1 1 1 20 `惡靈騎士戰甲` `` 11301
440441 2 1 1 1 1 1 1 1 1 1 1 1 60 `覺醒之奧秘 - 魔法師 (男)` `` 32008
450123 2 1 1 1 1 1 1 1 1 1 1 1 65 `融合之初級精靈的眼淚` `` 32100
11358 2 1 1 1 1 1 1 1 1 1 1 1 30 `地獄天使胸甲` `` 11301
13354 2 1 1 1 1 1 1 1 1 1 1 1 20 `惡靈騎士腿甲` `` 11303
11360 2 1 1 1 1 1 1 1 1 1 1 1 40 `狂魔風舞戰甲` `` 11301
13358 2 1 1 1 1 1 1 1 1 1 1 1 40 `狂魔風舞護腿` `` 11303
13356 2 1 1 1 1 1 1 1 1 1 1 1 30 `地獄天使腿甲` `` 11303
19341 2 1 1 1 1 1 1 1 1 1 1 1 20 `亡者之怒戰靴` `` 11304
19343 2 1 1 1 1 1 1 1 1 1 1 1 30 `惡魔之侍短靴` `` 11304
10016 2 1 1 1 1 1 1 1 1 1 1 1 18 `榮譽者長袍` `` 11002
19345 2 1 1 1 1 1 1 1 1 1 1 1 40 `蒼茫之惡短靴` `` 11304
10051 2 1 1 1 1 1 1 1 1 1 1 1 8 `蚕絲襯衫` `` 11002
10054 2 1 1 1 1 1 1 1 1 1 1 1 14 `防彈背心` `` 11002
10064 2 1 1 1 1 1 1 1 1 1 1 1 25 `赫頓瑪爾貴族長袍` `` 11002
10065 2 1 1 1 1 1 1 1 1 1 1 1 25 `悲鳴草背心` `` 11002
10073 2 1 1 1 1 1 1 1 1 1 1 1 35 `精靈祝福長袍` `` 11002
10074 2 1 1 1 1 1 1 1 1 1 1 1 35 `牛頭怪鬃毛背心` `` 11002
10095 2 1 1 1 1 1 1 1 1 1 1 1 45 `錦鱗上衣` `` 11002
10094 2 1 1 1 1 1 1 1 1 1 1 1 45 `瞑想者長袍` `` 11002
10125 2 1 1 1 1 1 1 1 1 1 1 1 35 `天帷巨獸 : 精靈的雁翎布甲長袍` `` 11002
10102 2 1 1 1 1 1 1 1 1 1 1 1 45 `遠古旋魔長袍` `` 11002
10126 2 1 1 1 1 1 1 1 1 1 1 1 35 `天帷巨獸 : 精靈的隱靈布甲長袍` `` 11002
10096 2 1 1 1 1 1 1 1 1 1 1 1 45 `星紋長袍` `` 11002
10129 2 1 1 1 1 1 1 1 1 1 1 1 45 `暗黑城 : 精靈的天脊布甲長袍` `` 11002
10130 2 1 1 1 1 1 1 1 1 1 1 1 45 `暗黑城 : 精靈的隱靈布甲長袍` `` 11002
10443 2 1 1 1 1 1 1 1 1 1 1 1 7 `鱷魚皮衣` `` 11101
10445 2 1 1 1 1 1 1 1 1 1 1 1 12 `狐皮夾克` `` 11101
10454 2 1 1 1 1 1 1 1 1 1 1 1 25 `烈焰騎士胸甲` `` 11101
10474 2 1 1 1 1 1 1 1 1 1 1 1 45 `傲凰夾克` `` 11101
10497 2 1 1 1 1 1 1 1 1 1 1 1 35 `天帷巨獸 : 精靈的天襲皮甲上衣` `` 11101
10496 2 1 1 1 1 1 1 1 1 1 1 1 35 `天帷巨獸 : 精靈的夜麟皮甲上衣` `` 11101
10475 2 1 1 1 1 1 1 1 1 1 1 1 45 `噬龍夾克` `` 11101
10460 2 1 1 1 1 1 1 1 1 1 1 1 35 `天帷巨獸的皮胸甲` `` 11101
10476 2 1 1 1 1 1 1 1 1 1 1 1 45 `暴風雨神長袍` `` 11101
10500 2 1 1 1 1 1 1 1 1 1 1 1 45 `暗黑城 : 精靈的夜麟皮甲上衣` `` 11101
10501 2 1 1 1 1 1 1 1 1 1 1 1 45 `暗黑城 : 精靈的天襲皮甲上衣` `` 11101
10506 2 1 1 1 1 1 1 1 1 1 1 1 45 `燃燒魔女的南瓜上衣` `` 11101
10519 2 1 1 1 1 1 1 1 1 1 1 1 45 `斯匹奧皮夾克` `` 11101
10842 2 1 1 1 1 1 1 1 1 1 1 1 6 `茱萸胸甲` `` 11201
10844 2 1 1 1 1 1 1 1 1 1 1 1 11 `炎木胸甲` `` 11201
10853 2 1 1 1 1 1 1 1 1 1 1 1 25 `大地祝福胸甲` `` 11201
10859 2 1 1 1 1 1 1 1 1 1 1 1 35 `遠古冰銀胸甲` `` 11201
10900 2 1 1 1 1 1 1 1 1 1 1 1 35 `天帷巨獸 : 精靈的天襲輕甲胸鎧` `` 11201
10899 2 1 1 1 1 1 1 1 1 1 1 1 35 `天帷巨獸 : 精靈的奔雷輕甲胸鎧` `` 11201
10872 2 1 1 1 1 1 1 1 1 1 1 1 45 `黃金戰士胸甲` `` 11201
10873 2 1 1 1 1 1 1 1 1 1 1 1 45 `蛟紋胸甲` `` 11201
10903 2 1 1 1 1 1 1 1 1 1 1 1 45 `暗黑城 : 精靈的奔雷輕甲胸鎧` `` 11201
10904 2 1 1 1 1 1 1 1 1 1 1 1 45 `暗黑城 : 精靈的天襲輕甲胸甲` `` 11201
10922 2 1 1 1 1 1 1 1 1 1 1 1 45 `哈勒斯胸甲` `` 11201
11244 2 1 1 1 1 1 1 1 1 1 1 1 11 `騎士鎖甲` `` 11301
11242 2 1 1 1 1 1 1 1 1 1 1 1 6 `初級戰士胸甲` `` 11301
11253 2 1 1 1 1 1 1 1 1 1 1 1 25 `碧玉鎖甲` `` 11301
11259 2 1 1 1 1 1 1 1 1 1 1 1 35 `龍鳴鏈甲` `` 11301
11302 2 1 1 1 1 1 1 1 1 1 1 1 45 `暗黑城 : 精靈的銀刃重甲胸鎧` `` 11301
11298 2 1 1 1 1 1 1 1 1 1 1 1 35 `天帷巨獸 : 精靈的銀刃重甲胸鎧` `` 11301
11299 2 1 1 1 1 1 1 1 1 1 1 1 35 `天帷巨獸 : 精靈的蒼蟒重甲胸鎧` `` 11301
11273 2 1 1 1 1 1 1 1 1 1 1 1 45 `EL-XM25胸甲` `` 11301
11272 2 1 1 1 1 1 1 1 1 1 1 1 45 `藍水晶胸甲` `` 11301
11303 2 1 1 1 1 1 1 1 1 1 1 1 45 `暗黑城 : 精靈的蒼蟒重甲胸鎧` `` 11301
11637 2 1 1 1 1 1 1 1 1 1 1 1 35 `黑玉護魂胸甲` `` 11401
12072 2 1 1 1 1 1 1 1 1 1 1 1 35 `精靈祝福綁腿` `` 11004
11663 2 1 1 1 1 1 1 1 1 1 1 1 35 `天帷巨獸 : 精靈的碎魄板甲胸鎧` `` 11401
11631 2 1 1 1 1 1 1 1 1 1 1 1 25 `藍色日冕胸甲` `` 11401
12063 2 1 1 1 1 1 1 1 1 1 1 1 25 `赫頓瑪爾貴族綁腿` `` 11004
12064 2 1 1 1 1 1 1 1 1 1 1 1 25 `精靈凱恩之褲` `` 11004
12050 2 1 1 1 1 1 1 1 1 1 1 1 7 `蚕絲短褲` `` 11004
12053 2 1 1 1 1 1 1 1 1 1 1 1 13 `天賦短裙` `` 11004
11665 2 1 1 1 1 1 1 1 1 1 1 1 45 `暗黑城 : 精靈的碎魄板甲胸鎧` `` 11401
12016 2 1 1 1 1 1 1 1 1 1 1 1 18 `修行者短褲` `` 11004
12091 2 1 1 1 1 1 1 1 1 1 1 1 45 `夢魘縛靈長褲` `` 11004
12073 2 1 1 1 1 1 1 1 1 1 1 1 35 `机械師的粗布褲` `` 11004
12093 2 1 1 1 1 1 1 1 1 1 1 1 45 `錦鱗長褲` `` 11004
12094 2 1 1 1 1 1 1 1 1 1 1 1 45 `星紋護腿` `` 11004
12092 2 1 1 1 1 1 1 1 1 1 1 1 45 `瞑想者護腿` `` 11004
12100 2 1 1 1 1 1 1 1 1 1 1 1 45 `遠古旋魔長褲` `` 11004
12123 2 1 1 1 1 1 1 1 1 1 1 1 35 `天帷巨獸 : 精靈的雁翎布甲綁腿` `` 11004
12124 2 1 1 1 1 1 1 1 1 1 1 1 35 `天帷巨獸 : 精靈的隱靈布甲綁腿` `` 11004
12127 2 1 1 1 1 1 1 1 1 1 1 1 45 `暗黑城 : 精靈的天脊布甲綁腿` `` 11004
12128 2 1 1 1 1 1 1 1 1 1 1 1 45 `暗黑城 : 精靈的隱靈布甲綁腿` `` 11004
12443 2 1 1 1 1 1 1 1 1 1 1 1 7 `狐皮短褲` `` 11103
12445 2 1 1 1 1 1 1 1 1 1 1 1 12 `鴕鳥皮褲` `` 11103
12454 2 1 1 1 1 1 1 1 1 1 1 1 25 `烈焰騎士綁腿` `` 11103
12460 2 1 1 1 1 1 1 1 1 1 1 1 35 `天帷巨獸的皮短褲` `` 11103
12474 2 1 1 1 1 1 1 1 1 1 1 1 45 `傲凰護腿` `` 11103
12475 2 1 1 1 1 1 1 1 1 1 1 1 45 `噬龍護腿` `` 11103
12495 2 1 1 1 1 1 1 1 1 1 1 1 35 `天帷巨獸 : 精靈的夜麟皮甲護腿` `` 11103
12476 2 1 1 1 1 1 1 1 1 1 1 1 45 `暴風雨神護腿` `` 11103
12496 2 1 1 1 1 1 1 1 1 1 1 1 35 `天帷巨獸 : 精靈的天襲皮甲護腿` `` 11103
12499 2 1 1 1 1 1 1 1 1 1 1 1 45 `暗黑城 : 精靈的夜麟皮甲護腿` `` 11103
12500 2 1 1 1 1 1 1 1 1 1 1 1 45 `暗黑城 : 精靈的天襲皮甲護腿` `` 11103
12504 2 1 1 1 1 1 1 1 1 1 1 1 45 `燃燒魔女的南瓜下裝` `` 11103
12516 2 1 1 1 1 1 1 1 1 1 1 1 45 `斯匹奧皮長褲` `` 11103
12842 2 1 1 1 1 1 1 1 1 1 1 1 7 `茱萸綁腿` `` 11203
12844 2 1 1 1 1 1 1 1 1 1 1 1 12 `炎木綁腿` `` 11203
12853 2 1 1 1 1 1 1 1 1 1 1 1 25 `大地祝福綁腿` `` 11203
12859 2 1 1 1 1 1 1 1 1 1 1 1 35 `遠古冰銀綁腿` `` 11203
12871 2 1 1 1 1 1 1 1 1 1 1 1 45 `蠱藤綁腿` `` 11203
12873 2 1 1 1 1 1 1 1 1 1 1 1 45 `蛟紋綁腿` `` 11203
12897 2 1 1 1 1 1 1 1 1 1 1 1 35 `天帷巨獸 : 精靈的奔雷輕甲護腿` `` 11203
12872 2 1 1 1 1 1 1 1 1 1 1 1 45 `黃金戰士綁腿` `` 11203
12898 2 1 1 1 1 1 1 1 1 1 1 1 35 `天帷巨獸 : 精靈的天襲輕甲護腿` `` 11203
12901 2 1 1 1 1 1 1 1 1 1 1 1 45 `暗黑城 : 精靈的奔雷輕甲護腿` `` 11203
12902 2 1 1 1 1 1 1 1 1 1 1 1 45 `暗黑城 : 精靈的天襲輕甲護腿` `` 11203
12916 2 1 1 1 1 1 1 1 1 1 1 1 45 `哈勒斯脛甲` `` 11203
13242 2 1 1 1 1 1 1 1 1 1 1 1 6 `初級戰士綁腿` `` 11303
13244 2 1 1 1 1 1 1 1 1 1 1 1 11 `明光脛甲` `` 11303
13253 2 1 1 1 1 1 1 1 1 1 1 1 25 `碧玉護腿` `` 11303
13259 2 1 1 1 1 1 1 1 1 1 1 1 35 `龍鳴護腿` `` 11303
13271 2 1 1 1 1 1 1 1 1 1 1 1 45 `紫金護腿` `` 11303
13272 2 1 1 1 1 1 1 1 1 1 1 1 45 `藍水晶護腿` `` 11303
13273 2 1 1 1 1 1 1 1 1 1 1 1 45 `EL-XM25護腿` `` 11303
13298 2 1 1 1 1 1 1 1 1 1 1 1 35 `天帷巨獸 : 精靈的銀刃重甲護腿` `` 11303
13299 2 1 1 1 1 1 1 1 1 1 1 1 35 `天帷巨獸 : 精靈的蒼蟒重甲護腿` `` 11303
13302 2 1 1 1 1 1 1 1 1 1 1 1 45 `暗黑城 : 精靈的銀刃重甲護腿` `` 11303
13303 2 1 1 1 1 1 1 1 1 1 1 1 45 `暗黑城 : 精靈的蒼蟒重甲護腿` `` 11303
13631 2 1 1 1 1 1 1 1 1 1 1 1 25 `藍色日冕脛甲` `` 11403
13637 2 1 1 1 1 1 1 1 1 1 1 1 35 `黑玉護魂脛甲` `` 11403
13647 2 1 1 1 1 1 1 1 1 1 1 1 45 `幻影死神綁腿` `` 11403
13662 2 1 1 1 1 1 1 1 1 1 1 1 35 `天帷巨獸 : 精靈的碎魄板甲護腿` `` 11403
14014 2 1 1 1 1 1 1 1 1 1 1 1 16 `暖陽護肩` `` 11003
13664 2 1 1 1 1 1 1 1 1 1 1 1 45 `暗黑城 : 精靈的碎魄板甲護腿` `` 11403
14050 2 1 1 1 1 1 1 1 1 1 1 1 6 `蚕絲護肩` `` 11003
14052 2 1 1 1 1 1 1 1 1 1 1 1 12 `匠人護肩` `` 11003
14055 2 1 1 1 1 1 1 1 1 1 1 1 15 `炎麻護肩` `` 11003
14104 2 1 1 1 1 1 1 1 1 1 1 1 15 `初級修行者護肩` `` 11003
14442 2 1 1 1 1 1 1 1 1 1 1 1 9 `哥布林護肩` `` 11102
14443 2 1 1 1 1 1 1 1 1 1 1 1 6 `獸皮護肩` `` 11102
14842 2 1 1 1 1 1 1 1 1 1 1 1 6 `菩提護肩` `` 11202
14445 2 1 1 1 1 1 1 1 1 1 1 1 11 `貓妖皮護肩` `` 11102
14844 2 1 1 1 1 1 1 1 1 1 1 1 11 `栗木護肩` `` 11202
14847 2 1 1 1 1 1 1 1 1 1 1 1 15 `血靈暗咒肩甲` `` 11202
14883 2 1 1 1 1 1 1 1 1 1 1 1 15 `云鐵護肩` `` 11202
15242 2 1 1 1 1 1 1 1 1 1 1 1 6 `衛兵護肩` `` 11302
15244 2 1 1 1 1 1 1 1 1 1 1 1 11 `素喃護肩` `` 11302
15247 2 1 1 1 1 1 1 1 1 1 1 1 15 `暗黑蛇紋護肩` `` 11302
15282 2 1 1 1 1 1 1 1 1 1 1 1 15 `伏魔護肩` `` 11402
15654 2 1 1 1 1 1 1 1 1 1 1 1 15 `赤云璧月肩甲` `` 11402
16093 2 1 1 1 1 1 1 1 1 1 1 1 15 `初級修行者腰帶` `` 11006
16045 2 1 1 1 1 1 1 1 1 1 1 1 11 `极凍腰帶` `` 11006
16048 2 1 1 1 1 1 1 1 1 1 1 1 15 `炎麻腰帶` `` 11006
16442 2 1 1 1 1 1 1 1 1 1 1 1 8 `哥布林腰帶` `` 11105
16844 2 1 1 1 1 1 1 1 1 1 1 1 11 `栗木腰帶` `` 11205
16842 2 1 1 1 1 1 1 1 1 1 1 1 6 `菩提腰帶` `` 11205
16445 2 1 1 1 1 1 1 1 1 1 1 1 11 `馴獸師腰帶` `` 11105
16443 2 1 1 1 1 1 1 1 1 1 1 1 6 `羔羊皮帶` `` 11105
16847 2 1 1 1 1 1 1 1 1 1 1 1 15 `血靈暗咒腰帶` `` 11205
17280 2 1 1 1 1 1 1 1 1 1 1 1 15 `伏魔腰帶` `` 11405
16881 2 1 1 1 1 1 1 1 1 1 1 1 15 `云鐵腰帶` `` 11205
17247 2 1 1 1 1 1 1 1 1 1 1 1 15 `暗黑蛇紋腰帶` `` 11305
17652 2 1 1 1 1 1 1 1 1 1 1 1 15 `赤云璧月腰帶` `` 11405
18049 2 1 1 1 1 1 1 1 1 1 1 1 15 `炎麻短靴` `` 11005
18056 2 1 1 1 1 1 1 1 1 1 1 1 25 `賢者的訓練長靴` `` 11005
18071 2 1 1 1 1 1 1 1 1 1 1 1 35 `青龍渡海短靴` `` 11005
18070 2 1 1 1 1 1 1 1 1 1 1 1 35 `七星短靴` `` 11005
18072 2 1 1 1 1 1 1 1 1 1 1 1 35 `紫羽定魂短靴` `` 11005
18074 2 1 1 1 1 1 1 1 1 1 1 1 25 `引魔短靴` `` 11005
18075 2 1 1 1 1 1 1 1 1 1 1 1 35 `羽靈短靴` `` 11005
18084 2 1 1 1 1 1 1 1 1 1 1 1 35 `自然親和短靴` `` 11005
18099 2 1 1 1 1 1 1 1 1 1 1 1 15 `初級修行者長靴` `` 11005
18101 2 1 1 1 1 1 1 1 1 1 1 1 35 `暗黑戰印短靴` `` 11005
18100 2 1 1 1 1 1 1 1 1 1 1 1 25 `圣日雷影短靴` `` 11005
18103 2 1 1 1 1 1 1 1 1 1 1 1 25 `天帷巨獸 : 逆翎布甲長靴` `` 11005
18104 2 1 1 1 1 1 1 1 1 1 1 1 25 `天帷巨獸 : 破曦布甲長靴` `` 11005
18107 2 1 1 1 1 1 1 1 1 1 1 1 35 `暗黑城 : 逆翎布甲長靴` `` 11005
18443 2 1 1 1 1 1 1 1 1 1 1 1 6 `羔羊皮鞋` `` 11104
18108 2 1 1 1 1 1 1 1 1 1 1 1 35 `暗黑城 : 破曦布甲長靴` `` 11005
18442 2 1 1 1 1 1 1 1 1 1 1 1 8 `哥布林皮靴` `` 11104
18445 2 1 1 1 1 1 1 1 1 1 1 1 11 `牛皮長靴` `` 11104
18455 2 1 1 1 1 1 1 1 1 1 1 1 25 `炎蟒長靴` `` 11104
18470 2 1 1 1 1 1 1 1 1 1 1 1 35 `聚冥皮靴` `` 11104
18449 2 1 1 1 1 1 1 1 1 1 1 1 15 `罪惡布法羅長靴` `` 11104
18490 2 1 1 1 1 1 1 1 1 1 1 1 25 `天帷巨獸 : 赤龍皮甲長靴` `` 11104
18469 2 1 1 1 1 1 1 1 1 1 1 1 35 `暗襲皮靴` `` 11104
18472 2 1 1 1 1 1 1 1 1 1 1 1 35 `翼影皮靴` `` 11104
18494 2 1 1 1 1 1 1 1 1 1 1 1 35 `暗黑城 : 赤龍皮甲長靴` `` 11104
18491 2 1 1 1 1 1 1 1 1 1 1 1 25 `天帷巨獸 : 斬影皮甲長靴` `` 11104
18495 2 1 1 1 1 1 1 1 1 1 1 1 35 `暗黑城 : 斬影皮甲長靴` `` 11104
18502 2 1 1 1 1 1 1 1 1 1 1 1 35 `恐懼女巫的羊皮靴子` `` 11104
18514 2 1 1 1 1 1 1 1 1 1 1 1 35 `卡諾凡恩皮鞋` `` 11104
18844 2 1 1 1 1 1 1 1 1 1 1 1 11 `栗木長靴` `` 11204
18848 2 1 1 1 1 1 1 1 1 1 1 1 15 `血靈暗咒長靴` `` 11204
18842 2 1 1 1 1 1 1 1 1 1 1 1 6 `菩提長靴` `` 11204
18854 2 1 1 1 1 1 1 1 1 1 1 1 25 `玄武岩長靴` `` 11204
18869 2 1 1 1 1 1 1 1 1 1 1 1 35 `紫金守護長靴` `` 11204
18868 2 1 1 1 1 1 1 1 1 1 1 1 35 `瑪爾的天權短靴` `` 11204
18870 2 1 1 1 1 1 1 1 1 1 1 1 35 `幽靈結晶長靴` `` 11204
18889 2 1 1 1 1 1 1 1 1 1 1 1 25 `獅鷲長靴` `` 11204
18888 2 1 1 1 1 1 1 1 1 1 1 1 15 `云鐵長靴` `` 11204
18890 2 1 1 1 1 1 1 1 1 1 1 1 35 `破魔長靴` `` 11204
18892 2 1 1 1 1 1 1 1 1 1 1 1 25 `天帷巨獸 : 戾龍輕甲長靴` `` 11204
18893 2 1 1 1 1 1 1 1 1 1 1 1 25 `天帷巨獸 : 斬影輕甲長靴` `` 11204
18897 2 1 1 1 1 1 1 1 1 1 1 1 35 `暗黑城 : 斬影輕甲長靴` `` 11204
18896 2 1 1 1 1 1 1 1 1 1 1 1 35 `暗黑城 : 戾龍輕甲長靴` `` 11204
18913 2 1 1 1 1 1 1 1 1 1 1 1 35 `拉馬斯短靴` `` 11204
19254 2 1 1 1 1 1 1 1 1 1 1 1 25 `閃靈長靴` `` 11304
19248 2 1 1 1 1 1 1 1 1 1 1 1 15 `暗黑蛇紋長靴` `` 11304
19269 2 1 1 1 1 1 1 1 1 1 1 1 35 `赤霞長靴` `` 11304
19268 2 1 1 1 1 1 1 1 1 1 1 1 35 `血嘯長靴` `` 11304
19270 2 1 1 1 1 1 1 1 1 1 1 1 35 `鱗岩長靴` `` 11304
19286 2 1 1 1 1 1 1 1 1 1 1 1 15 `伏魔長靴` `` 11404
19287 2 1 1 1 1 1 1 1 1 1 1 1 25 `正義守護長靴` `` 11404
19288 2 1 1 1 1 1 1 1 1 1 1 1 35 `黎明七星長靴` `` 11404
19290 2 1 1 1 1 1 1 1 1 1 1 1 25 `天帷巨獸 : 戾龍重甲長靴` `` 11304
19294 2 1 1 1 1 1 1 1 1 1 1 1 35 `暗黑城 : 戾龍重甲長靴` `` 11304
19295 2 1 1 1 1 1 1 1 1 1 1 1 35 `暗黑城 : 斬影重甲長靴` `` 11304
19632 2 1 1 1 1 1 1 1 1 1 1 1 25 `超合金虎嘯長靴` `` 11404
19291 2 1 1 1 1 1 1 1 1 1 1 1 25 `天帷巨獸 : 斬影重甲長靴` `` 11304
19646 2 1 1 1 1 1 1 1 1 1 1 1 35 `寂靜靈魂長靴` `` 11404
19658 2 1 1 1 1 1 1 1 1 1 1 1 15 `赤云璧月長靴` `` 11404
19659 2 1 1 1 1 1 1 1 1 1 1 1 25 `卡露亞的希望 - 圣日長靴` `` 11404
19662 2 1 1 1 1 1 1 1 1 1 1 1 25 `天帷巨獸 : 赤龍板甲長靴` `` 11404
19660 2 1 1 1 1 1 1 1 1 1 1 1 35 `純白之甲 - 諧音長靴` `` 11404
20053 2 1 1 1 1 1 1 1 1 1 1 1 6 `暗影之触` `` 12001
19664 2 1 1 1 1 1 1 1 1 1 1 1 35 `暗黑城 : 地夕板甲長靴` `` 11404
20055 2 1 1 1 1 1 1 1 1 1 1 1 11 `亞麻項墜` `` 12001
20067 2 1 1 1 1 1 1 1 1 1 1 1 25 `牛頭巨獸的項墜` `` 12001
20074 2 1 1 1 1 1 1 1 1 1 1 1 35 `艾力斯的星芒項墜` `` 12001
22050 2 1 1 1 1 1 1 1 1 1 1 1 6 `護靈腕套` `` 12003
20060 2 1 1 1 1 1 1 1 1 1 1 1 15 `哥布林冥骨項墜` `` 12001
20091 2 1 1 1 1 1 1 1 1 1 1 1 45 `達芙妮的寒玉胸墜` `` 12001
22052 2 1 1 1 1 1 1 1 1 1 1 1 11 `風蝕護腕` `` 12003
22065 2 1 1 1 1 1 1 1 1 1 1 1 25 `墨竹手鐲` `` 12003
22058 2 1 1 1 1 1 1 1 1 1 1 1 15 `學者腕套` `` 12003
22090 2 1 1 1 1 1 1 1 1 1 1 1 45 `野性手鏈` `` 12003
24067 2 1 1 1 1 1 1 1 1 1 1 1 25 `法羅灣的珍珠戒指` `` 12002
24060 2 1 1 1 1 1 1 1 1 1 1 1 15 `剜心指環` `` 12002
24054 2 1 1 1 1 1 1 1 1 1 1 1 11 `遠古精靈之戒` `` 12002
24074 2 1 1 1 1 1 1 1 1 1 1 1 35 `花影之戒` `` 12002
24052 2 1 1 1 1 1 1 1 1 1 1 1 6 `魔法石之戒` `` 12002
22072 2 1 1 1 1 1 1 1 1 1 1 1 35 `毒蜥之鐲` `` 12003
24092 2 1 1 1 1 1 1 1 1 1 1 1 45 `羅莉安的花戒` `` 12002
29065 2 1 1 1 1 1 1 1 1 1 1 1 35 `熾靈手套` `` 10202
29015 2 1 1 1 1 1 1 1 1 1 1 1 16 `玄光手套` `` 10202
29048 2 1 1 1 1 1 1 1 1 1 1 1 12 `嚙齒手套` `` 10202
29057 2 1 1 1 1 1 1 1 1 1 1 1 25 `潘利爾的皮手套` `` 10202
29076 2 1 1 1 1 1 1 1 1 1 1 1 45 `巨熊指虎` `` 10202
29347 2 1 1 1 1 1 1 1 1 1 1 1 12 `火魔臂鎧` `` 10203
29313 2 1 1 1 1 1 1 1 1 1 1 1 15 `藍綢臂鎧` `` 10203
39364 2 1 1 1 1 1 1 1 1 1 1 1 35 `冰火臂鎧` `` 10203
39356 2 1 1 1 1 1 1 1 1 1 1 1 25 `塞侖的龍骨臂鎧` `` 10203
39357 2 1 1 1 1 1 1 1 1 1 1 1 25 `惡魔臂鎧` `` 10203
39376 2 1 1 1 1 1 1 1 1 1 1 1 45 `超合金M5臂鎧` `` 10203
29613 2 1 1 1 1 1 1 1 1 1 1 1 16 `毒蝎之爪` `` 10204
29643 2 1 1 1 1 1 1 1 1 1 1 1 6 `貓妖骨爪` `` 10204
29645 2 1 1 1 1 1 1 1 1 1 1 1 12 `虎影鐵爪` `` 10204
29654 2 1 1 1 1 1 1 1 1 1 1 1 25 `汲血爪` `` 10204
29948 2 1 1 1 1 1 1 1 1 1 1 1 15 `碧玉東方棍` `` 10206
29673 2 1 1 1 1 1 1 1 1 1 1 1 45 `玄狐之爪` `` 10204
29955 2 1 1 1 1 1 1 1 1 1 1 1 25 `山魂之棍` `` 10206
29661 2 1 1 1 1 1 1 1 1 1 1 1 35 `死神暗影爪` `` 10204
29975 2 1 1 1 1 1 1 1 1 1 1 1 45 `怨靈奪命棍` `` 10206
29962 2 1 1 1 1 1 1 1 1 1 1 1 35 `紫云犀角棍` `` 10206
29945 2 1 1 1 1 1 1 1 1 1 1 1 12 `巨人東方棍` `` 10206
30238 2 1 1 1 1 1 1 1 1 1 1 1 35 `狂沙侵襲拳套` `` 10205
30249 2 1 1 1 1 1 1 1 1 1 1 1 45 `极光拳套` `` 10205
31032 2 1 1 1 1 1 1 1 1 1 1 1 15 `柯爾特No3 - 大口徑左輪` `` 10302
31045 2 1 1 1 1 1 1 1 1 1 1 1 6 `懲罰者` `` 10302
31331 2 1 1 1 1 1 1 1 1 1 1 1 15 `伯格曼 - 1897` `` 10303
31343 2 1 1 1 1 1 1 1 1 1 1 1 7 `极速手槍` `` 10303
31345 2 1 1 1 1 1 1 1 1 1 1 1 11 `柯爾特自動手槍` `` 10303
31063 2 1 1 1 1 1 1 1 1 1 1 1 35 `柯爾特 - 獵鷹` `` 10302
31075 2 1 1 1 1 1 1 1 1 1 1 1 45 `速射左輪槍` `` 10302
31047 2 1 1 1 1 1 1 1 1 1 1 1 11 `柯爾特軍用左輪槍` `` 10302
31056 2 1 1 1 1 1 1 1 1 1 1 1 25 `柯爾特 - 黑鑽玄芒` `` 10302
31354 2 1 1 1 1 1 1 1 1 1 1 1 25 `毛瑟槍 - C96` `` 10303
31361 2 1 1 1 1 1 1 1 1 1 1 1 35 `毛瑟槍 - 77` `` 10303
31373 2 1 1 1 1 1 1 1 1 1 1 1 45 `沙漠風暴` `` 10303
31630 2 1 1 1 1 1 1 1 1 1 1 1 16 `雙影手弩` `` 10306
31643 2 1 1 1 1 1 1 1 1 1 1 1 9 `警備手弩` `` 10306
31660 2 1 1 1 1 1 1 1 1 1 1 1 35 `鷹眼短弩` `` 10306
31931 2 1 1 1 1 1 1 1 1 1 1 1 17 `軍用小口徑步槍` `` 10304
31954 2 1 1 1 1 1 1 1 1 1 1 1 25 `青龍` `` 10304
31653 2 1 1 1 1 1 1 1 1 1 1 1 25 `神賜十字弩` `` 10306
31671 2 1 1 1 1 1 1 1 1 1 1 1 45 `毒咒手弩` `` 10306
31961 2 1 1 1 1 1 1 1 1 1 1 1 35 `煙霧突擊步槍` `` 10304
32230 2 1 1 1 1 1 1 1 1 1 1 1 15 `勇士戰炮` `` 10305
31971 2 1 1 1 1 1 1 1 1 1 1 1 45 `异域護衛步槍` `` 10304
32242 2 1 1 1 1 1 1 1 1 1 1 1 7 `強力手炮` `` 10305
32243 2 1 1 1 1 1 1 1 1 1 1 1 11 `奇襲小鬼炮` `` 10305
32261 2 1 1 1 1 1 1 1 1 1 1 1 35 `君威手炮` `` 10305
32253 2 1 1 1 1 1 1 1 1 1 1 1 25 `炙炎手炮` `` 10305
33025 2 1 1 1 1 1 1 1 1 1 1 1 15 `銀光長矛` `` 10402
33028 2 1 1 1 1 1 1 1 1 1 1 1 25 `彎月蛇矛` `` 10402
32273 2 1 1 1 1 1 1 1 1 1 1 1 45 `夢魘汲魂手炮` `` 10305
33332 2 1 1 1 1 1 1 1 1 1 1 1 35 `殘月棍` `` 10403
33339 2 1 1 1 1 1 1 1 1 1 1 1 45 `修多棍` `` 10403
33039 2 1 1 1 1 1 1 1 1 1 1 1 45 `斷魂戰矛` `` 10402
33328 2 1 1 1 1 1 1 1 1 1 1 1 25 `裂空棍` `` 10403
33325 2 1 1 1 1 1 1 1 1 1 1 1 15 `逆風棍` `` 10403
33032 2 1 1 1 1 1 1 1 1 1 1 1 35 `玄光雙刃戟` `` 10402
33625 2 1 1 1 1 1 1 1 1 1 1 1 15 `塞侖的龍骨魔杖` `` 10404
33628 2 1 1 1 1 1 1 1 1 1 1 1 25 `花神魔杖` `` 10404
33929 2 1 1 1 1 1 1 1 1 1 1 1 25 `懲惡法杖` `` 10405
33631 2 1 1 1 1 1 1 1 1 1 1 1 35 `玄水魔杖` `` 10404
33639 2 1 1 1 1 1 1 1 1 1 1 1 45 `冰靈魔杖` `` 10404
33933 2 1 1 1 1 1 1 1 1 1 1 1 35 `葡萄藤法杖` `` 10405
33940 2 1 1 1 1 1 1 1 1 1 1 1 45 `邪念法杖` `` 10405
34215 2 1 1 1 1 1 1 1 1 1 1 1 25 `人偶師的清洁掃把` `` 10406
33926 2 1 1 1 1 1 1 1 1 1 1 1 15 `喚靈法杖` `` 10405
34218 2 1 1 1 1 1 1 1 1 1 1 1 35 `偉大的藍色掃把` `` 10406
34221 2 1 1 1 1 1 1 1 1 1 1 1 45 `班圖的淨雪掃把` `` 10406
34220 2 1 1 1 1 1 1 1 1 1 1 1 45 `羅丁的触須` `` 10406
34217 2 1 1 1 1 1 1 1 1 1 1 1 35 `汲血掃把` `` 10406
35027 2 1 1 1 1 1 1 1 1 1 1 1 25 `冰晶十字架` `` 10502
34228 2 1 1 1 1 1 1 1 1 1 1 1 25 `人偶師的地下室清洁掃把` `` 10406
34227 2 1 1 1 1 1 1 1 1 1 1 1 25 `人偶師的屋頂清洁掃把` `` 10406
35025 2 1 1 1 1 1 1 1 1 1 1 1 15 `圣光十字架` `` 10502
35029 2 1 1 1 1 1 1 1 1 1 1 1 35 `正義守護十字架` `` 10502
35324 2 1 1 1 1 1 1 1 1 1 1 1 15 `辟邪念珠` `` 10503
34229 2 1 1 1 1 1 1 1 1 1 1 1 35 `暗影汲血掃把` `` 10406
34230 2 1 1 1 1 1 1 1 1 1 1 1 35 `偉大的藍色真理掃把` `` 10406
35326 2 1 1 1 1 1 1 1 1 1 1 1 25 `水月念珠` `` 10503
35328 2 1 1 1 1 1 1 1 1 1 1 1 35 `正義之多聞天珠` `` 10503
35035 2 1 1 1 1 1 1 1 1 1 1 1 45 `神賜十字架` `` 10502
35624 2 1 1 1 1 1 1 1 1 1 1 1 15 `狼神圖騰` `` 10504
35334 2 1 1 1 1 1 1 1 1 1 1 1 45 `蘇醒之僧奘天珠` `` 10503
35626 2 1 1 1 1 1 1 1 1 1 1 1 25 `地精靈圖騰` `` 10504
35634 2 1 1 1 1 1 1 1 1 1 1 1 45 `颶風圖騰` `` 10504
35631 2 1 1 1 1 1 1 1 1 1 1 1 35 `冰凌圖騰` `` 10504
35924 2 1 1 1 1 1 1 1 1 1 1 1 15 `惡毒之鐮` `` 10505
35926 2 1 1 1 1 1 1 1 1 1 1 1 25 `死神之鐮` `` 10505
35928 2 1 1 1 1 1 1 1 1 1 1 1 35 `獻祭戰鐮` `` 10505
36224 2 1 1 1 1 1 1 1 1 1 1 1 15 `巨鷹戰斧` `` 10506
36226 2 1 1 1 1 1 1 1 1 1 1 1 25 `炎影戰斧` `` 10506
36234 2 1 1 1 1 1 1 1 1 1 1 1 45 `狂獅戰斧` `` 10506
35934 2 1 1 1 1 1 1 1 1 1 1 1 45 `暗王戰鐮` `` 10505
36228 2 1 1 1 1 1 1 1 1 1 1 1 35 `神罰戰斧` `` 10506
37012 2 1 1 1 1 1 1 1 1 1 1 1 15 `奧格維安的破空匕` `` 10602
37018 2 1 1 1 1 1 1 1 1 1 1 1 25 `致命的炎刃` `` 10602
37024 2 1 1 1 1 1 1 1 1 1 1 1 35 `細葉刺刃` `` 10602
37310 2 1 1 1 1 1 1 1 1 1 1 1 15 `蒼雷雙劍` `` 10603
37030 2 1 1 1 1 1 1 1 1 1 1 1 45 `維奧萊塔的毒匕首` `` 10602
37316 2 1 1 1 1 1 1 1 1 1 1 1 25 `雪怒之提拉納` `` 10603
37322 2 1 1 1 1 1 1 1 1 1 1 1 35 `致命旋風` `` 10603
37328 2 1 1 1 1 1 1 1 1 1 1 1 45 `雙龍影` `` 10603
37616 2 1 1 1 1 1 1 1 1 1 1 1 25 `凱拉祖瑪` `` 10604
37610 2 1 1 1 1 1 1 1 1 1 1 1 15 `猛毒樹根手杖` `` 10604
440007 2 1 1 1 1 1 1 1 1 1 1 1 65 `貝爾瑪爾王室臂章` `` 32001
37622 2 1 1 1 1 1 1 1 1 1 1 1 35 `惡魔之手` `` 10604
37628 2 1 1 1 1 1 1 1 1 1 1 1 45 `納瓦德手杖` `` 10604
440030 2 1 1 1 1 1 1 1 1 1 1 1 65 `暗影迷霧手套` `` 32002
440071 2 1 1 1 1 1 1 1 1 1 1 1 65 `背邇王室的遺物 - 鬼泣` `` 32002
440070 2 1 1 1 1 1 1 1 1 1 1 1 65 `背邇王室的遺物 - 劍魂` `` 32002
440073 2 1 1 1 1 1 1 1 1 1 1 1 65 `背邇王室的遺物 - 阿修羅` `` 32002
440036 2 1 1 1 1 1 1 1 1 1 1 1 65 `GTA手套` `` 32011
440072 2 1 1 1 1 1 1 1 1 1 1 1 65 `背邇王室的遺物 - 狂戰士` `` 32002
440047 2 1 1 1 1 1 1 1 1 1 1 1 65 `神獸之石` `` 32001
440031 2 1 1 1 1 1 1 1 1 1 1 1 65 `虛祖修行團的暗殺手套` `` 32004
440034 2 1 1 1 1 1 1 1 1 1 1 1 65 `卡勒特的武裝手套` `` 32005
440032 2 1 1 1 1 1 1 1 1 1 1 1 65 `佧修派的暗黑手套` `` 32006
440033 2 1 1 1 1 1 1 1 1 1 1 1 65 `血之反噬詛咒` `` 32009
440035 2 1 1 1 1 1 1 1 1 1 1 1 65 `皇女玫瑰` `` 32010
440075 2 1 1 1 1 1 1 1 1 1 1 1 65 `背邇王室的遺物 - 散打` `` 32004
440074 2 1 1 1 1 1 1 1 1 1 1 1 65 `背邇王室的遺物 - 气功師` `` 32004
440148 2 1 1 1 1 1 1 1 1 1 1 1 65 `空白之書 - 格斗家` `` 32004
440149 2 1 1 1 1 1 1 1 1 1 1 1 65 `空白之書 - 神槍手 (男)` `` 32005
440150 2 1 1 1 1 1 1 1 1 1 1 1 65 `空白之書 - 魔法師 (女)` `` 32006
440147 2 1 1 1 1 1 1 1 1 1 1 1 65 `空白之書 - 鬼劍士` `` 32002
440153 2 1 1 1 1 1 1 1 1 1 1 1 65 `空白之書 - 暗夜使者` `` 32011
440151 2 1 1 1 1 1 1 1 1 1 1 1 65 `空白之書 - 圣職者` `` 32009
440152 2 1 1 1 1 1 1 1 1 1 1 1 65 `空白之書 - 神槍手 (女)` `` 32010
440076 2 1 1 1 1 1 1 1 1 1 1 1 65 `背邇王室的遺物 - 街霸` `` 32004
440190 2 1 1 1 1 1 1 1 1 1 1 1 65 `三重疤痕` `` 32001
440243 2 1 1 1 1 1 1 1 1 1 1 1 65 `背邇王室的遺物 - 彈藥專家 (女)` `` 32010
440236 2 1 1 1 1 1 1 1 1 1 1 1 65 `背邇王室的遺物 - 漫游槍手 (男)` `` 32005
440238 2 1 1 1 1 1 1 1 1 1 1 1 65 `背邇王室的遺物 - 机械師 (男)` `` 32005
440244 2 1 1 1 1 1 1 1 1 1 1 1 65 `背邇王室的遺物 - 元素師` `` 32006
440237 2 1 1 1 1 1 1 1 1 1 1 1 65 `背邇王室的遺物 - 槍炮師 (男)` `` 32005
440241 2 1 1 1 1 1 1 1 1 1 1 1 65 `背邇王室的遺物 - 槍炮師 (女)` `` 32010
440245 2 1 1 1 1 1 1 1 1 1 1 1 65 `背邇王室的遺物 - 魔道學者` `` 32006
440242 2 1 1 1 1 1 1 1 1 1 1 1 65 `背邇王室的遺物 - 机械師 (女)` `` 32010
440235 2 1 1 1 1 1 1 1 1 1 1 1 65 `背邇王室的遺物 - 柔道家` `` 32004
440239 2 1 1 1 1 1 1 1 1 1 1 1 65 `背邇王室的遺物 - 彈藥專家 (男)` `` 32005
440240 2 1 1 1 1 1 1 1 1 1 1 1 65 `背邇王室的遺物 - 漫游槍手 (女)` `` 32010
440268 2 1 1 1 1 1 1 1 1 1 1 1 65 `背邇王室的遺物 - 驅魔師` `` 32009
440322 2 1 1 1 1 1 1 1 1 1 1 1 65 `背邇王室的遺物 - 气功師 (男)` `` 32012
440246 2 1 1 1 1 1 1 1 1 1 1 1 65 `背邇王室的遺物 - 圣騎士` `` 32009
440270 2 1 1 1 1 1 1 1 1 1 1 1 65 `背邇王室的遺物 - 死靈術士` `` 32011
440323 2 1 1 1 1 1 1 1 1 1 1 1 65 `背邇王室的遺物 - 散打 (男)` `` 32012
440324 2 1 1 1 1 1 1 1 1 1 1 1 65 `背邇王室的遺物 - 街霸 (男)` `` 32012
440267 2 1 1 1 1 1 1 1 1 1 1 1 65 `背邇王室的遺物 - 藍拳圣使` `` 32009
440325 2 1 1 1 1 1 1 1 1 1 1 1 65 `背邇王室的遺物 - 柔道家 (男)` `` 32012
440269 2 1 1 1 1 1 1 1 1 1 1 1 65 `背邇王室的遺物 - 刺客` `` 32011
440308 2 1 1 1 1 1 1 1 1 1 1 1 65 `虛祖死士手套` `` 32012
440338 2 1 1 1 1 1 1 1 1 1 1 1 65 `空白之書 - 格斗家 (男)` `` 32012
450128 2 1 1 1 1 1 1 1 1 1 1 1 70 `沉碧石` `` 32100
440446 2 1 1 1 1 1 1 1 1 1 1 1 65 `空白之書 - 魔法師 (男)` `` 32008
450133 2 1 1 1 1 1 1 1 1 1 1 1 70 `暗影夜貓的結晶石` `` 32100
450131 2 1 1 1 1 1 1 1 1 1 1 1 70 `冰霜雪人的結晶石` `` 32100
450132 2 1 1 1 1 1 1 1 1 1 1 1 70 `光電鰻的結晶石` `` 32100
450134 2 1 1 1 1 1 1 1 1 1 1 1 70 `初級精靈的精煉寶石` `` 32100
440359 2 1 1 1 1 1 1 1 1 1 1 1 65 `背邇王室的遺物 - 复仇者` `` 32009
440437 2 1 1 1 1 1 1 1 1 1 1 1 65 `背邇王室的遺物 - 元素爆破師` `` 32008
440438 2 1 1 1 1 1 1 1 1 1 1 1 65 `背邇王室的遺物 - 冰結師` `` 32008
450130 2 1 1 1 1 1 1 1 1 1 1 1 70 `杰克爆彈的結晶石` `` 32100
440368 2 1 1 1 1 1 1 1 1 1 1 1 65 `血魔手套` `` 32008
19342 2 1 1 1 1 1 1 1 1 1 1 1 25 `地獄天使短靴` `` 11304
13357 2 1 1 1 1 1 1 1 1 1 1 1 35 `惡魔之侍綁腿` `` 11303
13359 2 1 1 1 1 1 1 1 1 1 1 1 45 `蒼茫之惡腿甲` `` 11303
13355 2 1 1 1 1 1 1 1 1 1 1 1 25 `亡者之怒腿甲` `` 11303
109000039 1 1 1 1 1 1 1 1 1 1 1 1 8 `鋼鐵匕首` `` 10602
19344 2 1 1 1 1 1 1 1 1 1 1 1 35 `狂魔風舞戰靴` `` 11304
19340 2 1 1 1 1 1 1 1 1 1 1 1 15 `惡靈騎士戰靴` `` 11304
11361 2 1 1 1 1 1 1 1 1 1 1 1 45 `蒼茫之惡胸甲` `` 11301
11359 2 1 1 1 1 1 1 1 1 1 1 1 35 `惡魔之侍胸甲` `` 11301
11357 2 1 1 1 1 1 1 1 1 1 1 1 25 `亡者之怒戰甲` `` 11301
106010038 1 1 1 1 1 1 1 1 1 1 1 1 8 `橡木魔杖` `` 10404
10084 1 1 1 1 1 1 1 1 1 1 1 1 55 `天鵝絨襯衫` `` 11002
10157 1 1 1 1 1 1 1 1 1 1 1 1 65 `提花長袍` `` 11002
10468 1 1 1 1 1 1 1 1 1 1 1 1 55 `豹皮胸甲` `` 11101
10529 0 1 1 1 1 1 1 1 1 1 1 1 65 `破舊的漆皮長袍` `` 11101
10156 0 1 1 1 1 1 1 1 1 1 1 1 65 `古老的提花長袍` `` 11002
10530 1 1 1 1 1 1 1 1 1 1 1 1 65 `漆皮長袍` `` 11101
10866 0 1 1 1 1 1 1 1 1 1 1 1 55 `殘破的紫榆胸甲` `` 11201
10083 0 1 1 1 1 1 1 1 1 1 1 1 55 `古老的天鵝絨襯衫` `` 11002
10867 1 1 1 1 1 1 1 1 1 1 1 1 55 `紫榆胸甲` `` 11201
10467 0 1 1 1 1 1 1 1 1 1 1 1 55 `破舊的豹皮胸甲` `` 11101
108000040 1 1 1 1 1 1 1 1 1 1 1 1 8 `橡木十字架` `` 10502
11644 0 1 1 1 1 1 1 1 1 1 1 1 55 `生鏽的合金胸甲` `` 11401
10932 0 1 1 1 1 1 1 1 1 1 1 1 65 `殘破的神木胸甲` `` 11201
11266 0 1 1 1 1 1 1 1 1 1 1 1 55 `生鏽的科堡胸甲` `` 11301
11645 1 1 1 1 1 1 1 1 1 1 1 1 55 `合金胸甲` `` 11401
10933 1 1 1 1 1 1 1 1 1 1 1 1 65 `神木胸甲` `` 11201
11680 1 1 1 1 1 1 1 1 1 1 1 1 65 `銅綠胸甲` `` 11401
12082 0 1 1 1 1 1 1 1 1 1 1 1 55 `古老的天鵝絨短褲` `` 11004
11323 0 1 1 1 1 1 1 1 1 1 1 1 65 `磨損的秘銀胸甲` `` 11301
11324 1 1 1 1 1 1 1 1 1 1 1 1 65 `秘銀胸甲` `` 11301
11267 1 1 1 1 1 1 1 1 1 1 1 1 55 `科堡胸甲` `` 11301
11679 0 1 1 1 1 1 1 1 1 1 1 1 65 `古老的銅綠胸甲` `` 11401
12083 1 1 1 1 1 1 1 1 1 1 1 1 55 `天鵝絨短褲` `` 11004
12153 0 1 1 1 1 1 1 1 1 1 1 1 65 `古老的提花長褲` `` 11004
12154 1 1 1 1 1 1 1 1 1 1 1 1 65 `提花長褲` `` 11004
12467 0 1 1 1 1 1 1 1 1 1 1 1 55 `破舊的豹皮綁腿` `` 11103
12526 0 1 1 1 1 1 1 1 1 1 1 1 65 `破舊的漆皮護腿` `` 11103
12527 1 1 1 1 1 1 1 1 1 1 1 1 65 `漆皮護腿` `` 11103
12468 1 1 1 1 1 1 1 1 1 1 1 1 55 `豹皮綁腿` `` 11103
12866 0 1 1 1 1 1 1 1 1 1 1 1 55 `殘破的紫榆綁腿` `` 11203
12926 0 1 1 1 1 1 1 1 1 1 1 1 65 `殘破的神木護腿` `` 11203
12867 1 1 1 1 1 1 1 1 1 1 1 1 55 `紫榆綁腿` `` 11203
12927 1 1 1 1 1 1 1 1 1 1 1 1 65 `神木護腿` `` 11203
13266 0 1 1 1 1 1 1 1 1 1 1 1 55 `生鏽的科堡綁腿` `` 11303
13267 1 1 1 1 1 1 1 1 1 1 1 1 55 `科堡綁腿` `` 11303
13322 0 1 1 1 1 1 1 1 1 1 1 1 65 `磨損的秘銀護腿` `` 11303
13323 1 1 1 1 1 1 1 1 1 1 1 1 65 `秘銀護腿` `` 11303
13644 0 1 1 1 1 1 1 1 1 1 1 1 55 `生鏽的合金護腿` `` 11403
13677 0 1 1 1 1 1 1 1 1 1 1 1 65 `古老的銅綠護腿` `` 11403
13645 1 1 1 1 1 1 1 1 1 1 1 1 55 `合金護腿` `` 11403
14075 0 1 1 1 1 1 1 1 1 1 1 1 45 `破舊的綾羅披肩` `` 11003
13685 1 1 1 1 1 1 1 1 1 1 1 1 65 `銅綠護腿` `` 11403
14080 0 1 1 1 1 1 1 1 1 1 1 1 55 `古老的天鵝絨護肩` `` 11003
14076 1 1 1 1 1 1 1 1 1 1 1 1 45 `綾羅披肩` `` 11003
14081 1 1 1 1 1 1 1 1 1 1 1 1 55 `天鵝絨護肩` `` 11003
14137 0 1 1 1 1 1 1 1 1 1 1 1 65 `古老的提花護肩` `` 11003
14138 1 1 1 1 1 1 1 1 1 1 1 1 65 `提花護肩` `` 11003
14462 0 1 1 1 1 1 1 1 1 1 1 1 45 `舊式狼皮肩甲` `` 11102
14463 1 1 1 1 1 1 1 1 1 1 1 1 45 `狼皮肩甲` `` 11102
14466 0 1 1 1 1 1 1 1 1 1 1 1 55 `破舊的豹皮護肩` `` 11102
14516 0 1 1 1 1 1 1 1 1 1 1 1 65 `破舊的漆皮護肩` `` 11102
14467 1 1 1 1 1 1 1 1 1 1 1 1 55 `豹皮護肩` `` 11102
14517 1 1 1 1 1 1 1 1 1 1 1 1 65 `漆皮護肩` `` 11102
14861 0 1 1 1 1 1 1 1 1 1 1 1 45 `舊式軟陶護肩` `` 11202
14862 1 1 1 1 1 1 1 1 1 1 1 1 45 `軟陶護肩` `` 11202
14865 0 1 1 1 1 1 1 1 1 1 1 1 55 `殘破的紫榆護肩` `` 11202
14866 1 1 1 1 1 1 1 1 1 1 1 1 55 `紫榆護肩` `` 11202
14921 0 1 1 1 1 1 1 1 1 1 1 1 65 `殘破的神木護肩` `` 11202
14922 1 1 1 1 1 1 1 1 1 1 1 1 65 `神木護肩` `` 11202
15261 0 1 1 1 1 1 1 1 1 1 1 1 45 `磨損的鈦銀護肩` `` 11302
15265 0 1 1 1 1 1 1 1 1 1 1 1 55 `生鏽的科堡護肩` `` 11302
15266 1 1 1 1 1 1 1 1 1 1 1 1 55 `科堡護肩` `` 11302
15312 0 1 1 1 1 1 1 1 1 1 1 1 65 `磨損的秘銀護肩` `` 11302
15262 1 1 1 1 1 1 1 1 1 1 1 1 45 `鈦銀護肩` `` 11302
15640 0 1 1 1 1 1 1 1 1 1 1 1 45 `破舊的黑鋼護肩` `` 11402
15313 1 1 1 1 1 1 1 1 1 1 1 1 65 `秘銀護肩` `` 11302
15641 1 1 1 1 1 1 1 1 1 1 1 1 45 `黑鋼護肩` `` 11402
15644 0 1 1 1 1 1 1 1 1 1 1 1 55 `生鏽的合金護肩` `` 11402
15645 1 1 1 1 1 1 1 1 1 1 1 1 55 `合金護肩` `` 11402
15676 0 1 1 1 1 1 1 1 1 1 1 1 65 `古老的銅綠護肩` `` 11402
15677 1 1 1 1 1 1 1 1 1 1 1 1 65 `銅綠護肩` `` 11402
16063 0 1 1 1 1 1 1 1 1 1 1 1 45 `破舊的綾羅腰帶` `` 11006
16067 0 1 1 1 1 1 1 1 1 1 1 1 55 `古老的天鵝絨腰帶` `` 11006
16064 1 1 1 1 1 1 1 1 1 1 1 1 45 `綾羅腰帶` `` 11006
16129 0 1 1 1 1 1 1 1 1 1 1 1 65 `古老的提花腰帶` `` 11006
16068 1 1 1 1 1 1 1 1 1 1 1 1 55 `天鵝絨腰帶` `` 11006
16130 1 1 1 1 1 1 1 1 1 1 1 1 65 `提花腰帶` `` 11006
16462 0 1 1 1 1 1 1 1 1 1 1 1 45 `舊式狼皮腰帶` `` 11105
16463 1 1 1 1 1 1 1 1 1 1 1 1 45 `狼皮腰帶` `` 11105
16466 0 1 1 1 1 1 1 1 1 1 1 1 55 `破舊的豹皮腰帶` `` 11105
16467 1 1 1 1 1 1 1 1 1 1 1 1 55 `豹皮腰帶` `` 11105
16515 0 1 1 1 1 1 1 1 1 1 1 1 65 `破舊的漆皮腰帶` `` 11105
16516 1 1 1 1 1 1 1 1 1 1 1 1 65 `漆皮腰帶` `` 11105
16861 0 1 1 1 1 1 1 1 1 1 1 1 45 `舊式軟陶腰帶` `` 11205
16862 1 1 1 1 1 1 1 1 1 1 1 1 45 `軟陶腰帶` `` 11205
16865 0 1 1 1 1 1 1 1 1 1 1 1 55 `殘破的紫榆腰帶` `` 11205
16915 0 1 1 1 1 1 1 1 1 1 1 1 65 `殘破的神木腰帶` `` 11205
16866 1 1 1 1 1 1 1 1 1 1 1 1 55 `紫榆腰帶` `` 11205
16916 1 1 1 1 1 1 1 1 1 1 1 1 65 `神木腰帶` `` 11205
17261 0 1 1 1 1 1 1 1 1 1 1 1 45 `磨損的鈦銀腰帶` `` 11305
17262 1 1 1 1 1 1 1 1 1 1 1 1 45 `鈦銀腰帶` `` 11305
17265 0 1 1 1 1 1 1 1 1 1 1 1 55 `生鏽的科堡腰帶` `` 11305
17266 1 1 1 1 1 1 1 1 1 1 1 1 55 `科堡腰帶` `` 11305
17307 0 1 1 1 1 1 1 1 1 1 1 1 65 `磨損的秘銀腰帶` `` 11305
17640 0 1 1 1 1 1 1 1 1 1 1 1 45 `破舊的黑鋼腰帶` `` 11405
17308 1 1 1 1 1 1 1 1 1 1 1 1 65 `秘銀腰帶` `` 11305
17641 1 1 1 1 1 1 1 1 1 1 1 1 45 `黑鋼腰帶` `` 11405
17644 0 1 1 1 1 1 1 1 1 1 1 1 55 `生鏽的合金腰帶` `` 11405
18064 0 1 1 1 1 1 1 1 1 1 1 1 45 `破舊的綾羅短靴` `` 11005
17672 1 1 1 1 1 1 1 1 1 1 1 1 65 `銅綠腰帶` `` 11405
17671 0 1 1 1 1 1 1 1 1 1 1 1 65 `古老的銅綠腰帶` `` 11405
17645 1 1 1 1 1 1 1 1 1 1 1 1 55 `合金腰帶` `` 11405
18065 1 1 1 1 1 1 1 1 1 1 1 1 45 `綾羅短靴` `` 11005
18069 1 1 1 1 1 1 1 1 1 1 1 1 55 `天鵝絨短靴` `` 11005
18137 0 1 1 1 1 1 1 1 1 1 1 1 65 `古老的提花短靴` `` 11005
18068 0 1 1 1 1 1 1 1 1 1 1 1 55 `古老的天鵝絨短靴` `` 11005
18138 1 1 1 1 1 1 1 1 1 1 1 1 65 `提花短靴` `` 11005
18463 0 1 1 1 1 1 1 1 1 1 1 1 45 `舊式狼皮便鞋` `` 11104
18464 1 1 1 1 1 1 1 1 1 1 1 1 45 `狼皮便鞋` `` 11104
18468 1 1 1 1 1 1 1 1 1 1 1 1 55 `豹皮短靴` `` 11104
18467 0 1 1 1 1 1 1 1 1 1 1 1 55 `破舊的豹皮短靴` `` 11104
18526 1 1 1 1 1 1 1 1 1 1 1 1 65 `漆皮短靴` `` 11104
18525 0 1 1 1 1 1 1 1 1 1 1 1 65 `破舊的漆皮短靴` `` 11104
18863 1 1 1 1 1 1 1 1 1 1 1 1 45 `軟陶短靴` `` 11204
18862 0 1 1 1 1 1 1 1 1 1 1 1 45 `舊式軟陶短靴` `` 11204
18866 0 1 1 1 1 1 1 1 1 1 1 1 55 `殘破的紫榆短靴` `` 11204
18867 1 1 1 1 1 1 1 1 1 1 1 1 55 `紫榆短靴` `` 11204
18924 0 1 1 1 1 1 1 1 1 1 1 1 65 `殘破的神木短靴` `` 11204
18925 1 1 1 1 1 1 1 1 1 1 1 1 65 `神木短靴` `` 11204
19262 0 1 1 1 1 1 1 1 1 1 1 1 45 `磨損的鈦銀長靴` `` 11304
19266 0 1 1 1 1 1 1 1 1 1 1 1 55 `生鏽的科堡長靴` `` 11304
19263 1 1 1 1 1 1 1 1 1 1 1 1 45 `鈦銀長靴` `` 11304
19314 0 1 1 1 1 1 1 1 1 1 1 1 65 `磨損的秘銀長靴` `` 11304
19267 1 1 1 1 1 1 1 1 1 1 1 1 55 `科堡長靴` `` 11304
19315 1 1 1 1 1 1 1 1 1 1 1 1 65 `秘銀長靴` `` 11304
19640 0 1 1 1 1 1 1 1 1 1 1 1 45 `破舊的黑鋼短靴` `` 11404
19641 1 1 1 1 1 1 1 1 1 1 1 1 45 `黑鋼短靴` `` 11404
19644 0 1 1 1 1 1 1 1 1 1 1 1 55 `生鏽的合金長靴` `` 11404
19645 1 1 1 1 1 1 1 1 1 1 1 1 55 `合金長靴` `` 11404
19679 0 1 1 1 1 1 1 1 1 1 1 1 65 `古老的銅綠戰靴` `` 11404
19680 1 1 1 1 1 1 1 1 1 1 1 1 65 `銅綠戰靴` `` 11404
20086 0 1 1 1 1 1 1 1 1 1 1 1 55 `劣質的紫瑪瑙胸墜` `` 12001
20087 1 1 1 1 1 1 1 1 1 1 1 1 55 `紫瑪瑙胸墜` `` 12001
20137 3 1 1 1 1 1 1 1 1 1 1 1 55 `希泊之力作 - 意念` `` 12001
20148 0 1 1 1 1 1 1 1 1 1 1 1 65 `褪色的血玉石項墜` `` 12001
20149 1 1 1 1 1 1 1 1 1 1 1 1 65 `血玉石項墜` `` 12001
20153 3 1 1 1 1 1 1 1 1 1 1 1 65 `藍色暴風雪` `` 12001
20190 3 1 1 1 1 1 1 1 1 1 1 1 65 `泰坦的強化項鏈` `` 12001
22084 0 1 1 1 1 1 1 1 1 1 1 1 55 `劣質的紫瑪瑙手鐲` `` 12003
22085 1 1 1 1 1 1 1 1 1 1 1 1 55 `紫瑪瑙手鐲` `` 12003
22130 3 1 1 1 1 1 1 1 1 1 1 1 55 `羅烏的血玉手鐲` `` 12003
22140 0 1 1 1 1 1 1 1 1 1 1 1 65 `古老的藍寶石手鐲` `` 12003
22141 1 1 1 1 1 1 1 1 1 1 1 1 65 `藍寶石手鐲` `` 12003
22131 3 1 1 1 1 1 1 1 1 1 1 1 55 `神圣秘銀的遺跡` `` 12003
22145 3 1 1 1 1 1 1 1 1 1 1 1 65 `凱恩的骷髏手鐲` `` 12003
24086 0 1 1 1 1 1 1 1 1 1 1 1 55 `碎裂的藍寶石戒指` `` 12002
24087 1 1 1 1 1 1 1 1 1 1 1 1 55 `藍寶石戒指` `` 12002
24139 3 1 1 1 1 1 1 1 1 1 1 1 55 `黑珍珠 - 米斯特` `` 12002
24154 0 1 1 1 1 1 1 1 1 1 1 1 65 `碎裂的黃玉戒指` `` 12002
24155 1 1 1 1 1 1 1 1 1 1 1 1 65 `黃玉戒指` `` 12002
24159 3 1 1 1 1 1 1 1 1 1 1 1 65 `自然的恩澤` `` 12002
29110 0 1 1 1 1 1 1 1 1 1 1 1 55 `破舊的戰爭手套` `` 10202
29111 1 1 1 1 1 1 1 1 1 1 1 1 55 `戰爭手套` `` 10202
29128 1 1 1 1 1 1 1 1 1 1 1 1 65 `塞特斯手套` `` 10202
29127 0 1 1 1 1 1 1 1 1 1 1 1 65 `破舊的塞特斯手套` `` 10202
29144 3 1 1 1 1 1 1 1 1 1 1 1 65 `碎岩之鎖鏈` `` 10202
29112 3 1 1 1 1 1 1 1 1 1 1 1 55 `猙獰之綠` `` 10202
29146 3 1 1 1 1 1 1 1 1 1 1 1 65 `冥日之恩賜` `` 10202
29359 1 1 1 1 1 1 1 1 1 1 1 1 55 `戰爭臂鎧` `` 10203
29358 0 1 1 1 1 1 1 1 1 1 1 1 55 `破舊的戰爭臂鎧` `` 10203
29361 3 1 1 1 1 1 1 1 1 1 1 1 55 `混沌支配者` `` 10203
29372 1 1 1 1 1 1 1 1 1 1 1 1 65 `厄運金屬臂鎧` `` 10203
29371 0 1 1 1 1 1 1 1 1 1 1 1 65 `古老的厄運金屬臂鎧` `` 10203
29391 3 1 1 1 1 1 1 1 1 1 1 1 65 `泰坦的戰爭臂鎧` `` 10203
29708 0 1 1 1 1 1 1 1 1 1 1 1 55 `生鏽的釘頭爪` `` 10204
29388 3 1 1 1 1 1 1 1 1 1 1 1 65 `墮天使之手` `` 10203
29709 1 1 1 1 1 1 1 1 1 1 1 1 55 `釘頭爪` `` 10204
29722 0 1 1 1 1 1 1 1 1 1 1 1 65 `破舊的盧拉之爪` `` 10204
29711 3 1 1 1 1 1 1 1 1 1 1 1 55 `亂斬之襲` `` 10204
29723 1 1 1 1 1 1 1 1 1 1 1 1 65 `盧拉之爪` `` 10204
29739 3 1 1 1 1 1 1 1 1 1 1 1 65 `妖精獵人 - 毒龍` `` 10204
30006 0 1 1 1 1 1 1 1 1 1 1 1 55 `破舊的黃霧東方棍` `` 10206
30007 1 1 1 1 1 1 1 1 1 1 1 1 55 `黃霧東方棍` `` 10206
30018 0 1 1 1 1 1 1 1 1 1 1 1 65 `破舊的武道東方棍` `` 10206
30019 1 1 1 1 1 1 1 1 1 1 1 1 65 `武道東方棍` `` 10206
30037 3 1 1 1 1 1 1 1 1 1 1 1 65 `泰坦的黃霧東方棍` `` 10206
30277 1 1 1 1 1 1 1 1 1 1 1 1 55 `卡其布拳套` `` 10205
30276 0 1 1 1 1 1 1 1 1 1 1 1 55 `破舊的卡其布拳套` `` 10205
30008 3 1 1 1 1 1 1 1 1 1 1 1 55 `撒旦的墮落之塵` `` 10206
30286 0 1 1 1 1 1 1 1 1 1 1 1 65 `破舊的騎兵拳套` `` 10205
30287 1 1 1 1 1 1 1 1 1 1 1 1 65 `騎兵拳套` `` 10205
30034 3 1 1 1 1 1 1 1 1 1 1 1 65 `血蝶之蛹` `` 10206
31111 1 1 1 1 1 1 1 1 1 1 1 1 55 `威洛左輪槍` `` 10302
30278 3 1 1 1 1 1 1 1 1 1 1 1 55 `喬的云煙鐵拳` `` 10205
31110 0 1 1 1 1 1 1 1 1 1 1 1 55 `古老的威洛左輪槍` `` 10302
30303 3 1 1 1 1 1 1 1 1 1 1 1 65 `冥域之咒怨` `` 10205
31122 0 1 1 1 1 1 1 1 1 1 1 1 65 `破舊的克洛斯左輪槍` `` 10302
31123 1 1 1 1 1 1 1 1 1 1 1 1 65 `克洛斯左輪槍` `` 10302
31406 0 1 1 1 1 1 1 1 1 1 1 1 55 `古老的冰感手槍` `` 10303
31407 1 1 1 1 1 1 1 1 1 1 1 1 55 `冰感手槍` `` 10303
31408 3 1 1 1 1 1 1 1 1 1 1 1 55 `庫里歐的傳承` `` 10303
31142 3 1 1 1 1 1 1 1 1 1 1 1 65 `柯爾特 - 咆哮者` `` 10302
31420 1 1 1 1 1 1 1 1 1 1 1 1 65 `艦隊手槍` `` 10303
31419 0 1 1 1 1 1 1 1 1 1 1 1 65 `破舊的艦隊手槍` `` 10303
31112 3 1 1 1 1 1 1 1 1 1 1 1 55 `毀滅公爵` `` 10302
31704 0 1 1 1 1 1 1 1 1 1 1 1 55 `破舊的黑雀弩` `` 10306
31705 1 1 1 1 1 1 1 1 1 1 1 1 55 `黑雀弩` `` 10306
31435 3 1 1 1 1 1 1 1 1 1 1 1 65 `雷克斯暴龍` `` 10303
31716 0 1 1 1 1 1 1 1 1 1 1 1 65 `殘破的德洛手弩` `` 10306
31717 1 1 1 1 1 1 1 1 1 1 1 1 65 `德洛手弩` `` 10306
31707 3 1 1 1 1 1 1 1 1 1 1 1 55 `血之審判者` `` 10306
32001 0 1 1 1 1 1 1 1 1 1 1 1 55 `古老的火統` `` 10304
32002 1 1 1 1 1 1 1 1 1 1 1 1 55 `火統` `` 10304
31732 3 1 1 1 1 1 1 1 1 1 1 1 65 `霸權之賢者` `` 10306
32014 1 1 1 1 1 1 1 1 1 1 1 1 65 `雇佣兵步槍` `` 10304
32013 0 1 1 1 1 1 1 1 1 1 1 1 65 `破舊的雇佣兵步槍` `` 10304
32304 1 1 1 1 1 1 1 1 1 1 1 1 55 `袖珍手炮` `` 10305
32303 0 1 1 1 1 1 1 1 1 1 1 1 55 `舊式袖珍手炮` `` 10305
32003 3 1 1 1 1 1 1 1 1 1 1 1 55 `黎明之眼` `` 10304
32029 3 1 1 1 1 1 1 1 1 1 1 1 65 `朗基亞斯槍` `` 10304
32306 3 1 1 1 1 1 1 1 1 1 1 1 55 `暴戾冥思者` `` 10305
32318 0 1 1 1 1 1 1 1 1 1 1 1 65 `古老的异族手炮` `` 10305
32319 1 1 1 1 1 1 1 1 1 1 1 1 65 `异族手炮` `` 10305
32339 3 1 1 1 1 1 1 1 1 1 1 1 65 `泰坦的強化手炮` `` 10305
32336 3 1 1 1 1 1 1 1 1 1 1 1 65 `時空之主宰者` `` 10305
33070 0 1 1 1 1 1 1 1 1 1 1 1 55 `古老的蝎子長矛` `` 10402
33071 1 1 1 1 1 1 1 1 1 1 1 1 55 `蝎子長矛` `` 10402
33074 3 1 1 1 1 1 1 1 1 1 1 1 55 `雷神的永恒戰矛` `` 10402
33086 0 1 1 1 1 1 1 1 1 1 1 1 65 `破舊的螺紋蛇矛` `` 10402
33087 1 1 1 1 1 1 1 1 1 1 1 1 65 `螺紋蛇矛` `` 10402
33374 0 1 1 1 1 1 1 1 1 1 1 1 55 `破舊的厄特爾長棍` `` 10403
33375 1 1 1 1 1 1 1 1 1 1 1 1 55 `厄特爾長棍` `` 10403
33103 3 1 1 1 1 1 1 1 1 1 1 1 65 `燃燒的魯莽戰矛` `` 10402
33378 3 1 1 1 1 1 1 1 1 1 1 1 55 `万波息笛` `` 10403
33391 0 1 1 1 1 1 1 1 1 1 1 1 65 `破舊的夢想長棍` `` 10403
33392 1 1 1 1 1 1 1 1 1 1 1 1 65 `夢想長棍` `` 10403
33671 1 1 1 1 1 1 1 1 1 1 1 1 55 `厄特爾魔杖` `` 10404
33670 0 1 1 1 1 1 1 1 1 1 1 1 55 `古老的厄特爾魔杖` `` 10404
33407 3 1 1 1 1 1 1 1 1 1 1 1 65 `大地守護` `` 10403
33672 3 1 1 1 1 1 1 1 1 1 1 1 55 `黎明之息` `` 10404
33686 0 1 1 1 1 1 1 1 1 1 1 1 65 `古老的棒棒糖` `` 10404
33687 1 1 1 1 1 1 1 1 1 1 1 1 65 `棒棒糖` `` 10404
33973 1 1 1 1 1 1 1 1 1 1 1 1 55 `厄特爾法杖` `` 10405
33972 0 1 1 1 1 1 1 1 1 1 1 1 55 `劣質的厄特爾法杖` `` 10405
33975 3 1 1 1 1 1 1 1 1 1 1 1 55 `元素諧音` `` 10405
33985 0 1 1 1 1 1 1 1 1 1 1 1 65 `破舊的榴石法杖` `` 10405
33986 1 1 1 1 1 1 1 1 1 1 1 1 65 `榴石法杖` `` 10405
33703 3 1 1 1 1 1 1 1 1 1 1 1 65 `卡斯帕魔杖` `` 10404
34001 3 1 1 1 1 1 1 1 1 1 1 1 65 `無盡的華爾茲` `` 10405
34248 0 1 1 1 1 1 1 1 1 1 1 1 55 `劣質的飛行掃把` `` 10406
34249 1 1 1 1 1 1 1 1 1 1 1 1 55 `飛行掃把` `` 10406
34265 0 1 1 1 1 1 1 1 1 1 1 1 65 `殘破的維利亞掃把` `` 10406
34266 1 1 1 1 1 1 1 1 1 1 1 1 65 `維利亞掃把` `` 10406
35069 0 1 1 1 1 1 1 1 1 1 1 1 55 `古老的厄特爾十字架` `` 10502
34282 3 1 1 1 1 1 1 1 1 1 1 1 65 `暗黑魔女的掃把` `` 10406
34285 3 1 1 1 1 1 1 1 1 1 1 1 65 `泰坦的飛行掃把` `` 10406
35070 1 1 1 1 1 1 1 1 1 1 1 1 55 `厄特爾十字架` `` 10502
35083 0 1 1 1 1 1 1 1 1 1 1 1 65 `殘破的御夫座十字架` `` 10502
34250 3 1 1 1 1 1 1 1 1 1 1 1 55 `永恒的骨彈掃把` `` 10406
35072 3 1 1 1 1 1 1 1 1 1 1 1 55 `馬杰洛的祈禱` `` 10502
35084 1 1 1 1 1 1 1 1 1 1 1 1 65 `御夫座十字架` `` 10502
35100 3 1 1 1 1 1 1 1 1 1 1 1 65 `生命之复蘇` `` 10502
35103 3 1 1 1 1 1 1 1 1 1 1 1 65 `泰坦的厄特爾十字架` `` 10502
35365 0 1 1 1 1 1 1 1 1 1 1 1 55 `劣質的厄特爾念珠` `` 10503
35366 1 1 1 1 1 1 1 1 1 1 1 1 55 `厄特爾念珠` `` 10503
35367 3 1 1 1 1 1 1 1 1 1 1 1 55 `信奘的天資` `` 10503
35378 0 1 1 1 1 1 1 1 1 1 1 1 65 `殘破的克拉爾念珠` `` 10503
35379 1 1 1 1 1 1 1 1 1 1 1 1 65 `克拉爾念珠` `` 10503
35666 1 1 1 1 1 1 1 1 1 1 1 1 55 `天兔圖騰` `` 10504
35665 0 1 1 1 1 1 1 1 1 1 1 1 55 `遠古的天兔圖騰` `` 10504
35680 0 1 1 1 1 1 1 1 1 1 1 1 65 `古老的樺木圖騰` `` 10504
35681 1 1 1 1 1 1 1 1 1 1 1 1 65 `樺木圖騰` `` 10504
35394 3 1 1 1 1 1 1 1 1 1 1 1 65 `魔力之精髓` `` 10503
35669 3 1 1 1 1 1 1 1 1 1 1 1 55 `沃夫甘的意志` `` 10504
35697 3 1 1 1 1 1 1 1 1 1 1 1 65 `天下大將軍` `` 10504
35950 1 1 1 1 1 1 1 1 1 1 1 1 55 `斬首鐮  ` `` 10505
35949 0 1 1 1 1 1 1 1 1 1 1 1 55 `破舊的斬首鐮 ` `` 10505
35964 3 1 1 1 1 1 1 1 1 1 1 1 55 `圣光戰鐮` `` 10505
35975 0 1 1 1 1 1 1 1 1 1 1 1 65 `殘破的鎳鉻合金戰鐮` `` 10505
35976 1 1 1 1 1 1 1 1 1 1 1 1 65 `鎳鉻合金戰鐮` `` 10505
36264 0 1 1 1 1 1 1 1 1 1 1 1 55 `古老的斬首斧` `` 10506
36265 1 1 1 1 1 1 1 1 1 1 1 1 55 `斬首斧` `` 10506
35991 3 1 1 1 1 1 1 1 1 1 1 1 65 `汲血之鐮` `` 10505
36280 1 1 1 1 1 1 1 1 1 1 1 1 65 `綠松石戰斧` `` 10506
36279 0 1 1 1 1 1 1 1 1 1 1 1 65 `殘破的綠松石戰斧` `` 10506
36297 3 1 1 1 1 1 1 1 1 1 1 1 65 `源力操控者` `` 10506
36267 3 1 1 1 1 1 1 1 1 1 1 1 55 `夏皮羅的正義` `` 10506
37035 1 1 1 1 1 1 1 1 1 1 1 1 55 `玄石匕首` `` 10602
37034 0 1 1 1 1 1 1 1 1 1 1 1 55 `生鏽的玄石匕首` `` 10602
37043 3 1 1 1 1 1 1 1 1 1 1 1 55 `斯凱瑪的噬傷` `` 10602
37075 0 1 1 1 1 1 1 1 1 1 1 1 65 `古老的犬齒匕首` `` 10602
37076 1 1 1 1 1 1 1 1 1 1 1 1 65 `犬齒匕首` `` 10602
37332 0 1 1 1 1 1 1 1 1 1 1 1 55 `古老的黃金雙劍` `` 10603
37095 3 1 1 1 1 1 1 1 1 1 1 1 65 `冰靈之怨` `` 10602
37333 1 1 1 1 1 1 1 1 1 1 1 1 55 `黃金雙劍` `` 10603
37369 0 1 1 1 1 1 1 1 1 1 1 1 65 `古老的杰弗斯雙劍` `` 10603
37341 3 1 1 1 1 1 1 1 1 1 1 1 55 `霸權之艾佛爾劍` `` 10603
37633 1 1 1 1 1 1 1 1 1 1 1 1 55 `阿摩司手杖` `` 10604
37632 0 1 1 1 1 1 1 1 1 1 1 1 55 `古老的阿摩司手杖` `` 10604
37370 1 1 1 1 1 1 1 1 1 1 1 1 65 `杰弗斯雙劍` `` 10603
37670 0 1 1 1 1 1 1 1 1 1 1 1 65 `殘破的拉瑪手杖` `` 10604
37641 3 1 1 1 1 1 1 1 1 1 1 1 55 `審判之斷頭台` `` 10604
37671 1 1 1 1 1 1 1 1 1 1 1 1 65 `拉瑪手杖` `` 10604
37385 3 1 1 1 1 1 1 1 1 1 1 1 65 `黃金閃電` `` 10603
24266 3 1 1 1 1 1 1 1 1 1 1 1 65 `武神萊奇的骨戒` `` 12002
440196 3 1 1 1 1 1 1 1 1 1 1 1 65 `先知的木杯` `` 32001
37687 3 1 1 1 1 1 1 1 1 1 1 1 65 `巫師的殘骸` `` 10604
10098 2 1 1 1 1 1 1 1 1 1 1 1 50 `寂魂祈日長袍` `` 11002
10099 2 1 1 1 1 1 1 1 1 1 1 1 50 `玄武鳴天長袍` `` 11002
10131 2 1 1 1 1 1 1 1 1 1 1 1 50 `諾斯瑪爾 : 逆翎布甲長袍` `` 11002
10122 2 1 1 1 1 1 1 1 1 1 1 1 50 `蒼穹之主長袍` `` 11002
10132 2 1 1 1 1 1 1 1 1 1 1 1 50 `諾斯瑪爾 : 破曦布甲長袍` `` 11002
10100 2 1 1 1 1 1 1 1 1 1 1 1 50 `月海碧魔長袍` `` 11002
10103 2 1 1 1 1 1 1 1 1 1 1 1 50 `迷月玄羽長袍` `` 11002
10150 2 1 1 1 1 1 1 1 1 1 1 1 60 `瘋狂工程師的上衣` `` 11002
10151 2 1 1 1 1 1 1 1 1 1 1 1 60 `歸隱的武士上衣` `` 11002
10154 2 1 1 1 1 1 1 1 1 1 1 1 60 `契約支配者長袍` `` 11002
10153 2 1 1 1 1 1 1 1 1 1 1 1 60 `無盡的元素之力長袍` `` 11002
10155 2 1 1 1 1 1 1 1 1 1 1 1 60 `靈魂之信仰長袍` `` 11002
10208 2 1 1 1 1 1 1 1 1 1 1 1 70 `机械工程師長袍` `` 11002
10212 2 1 1 1 1 1 1 1 1 1 1 1 70 `王之威嚴長袍` `` 11002
10209 2 1 1 1 1 1 1 1 1 1 1 1 70 `古巴比倫長袍` `` 11002
10213 2 1 1 1 1 1 1 1 1 1 1 1 70 `泣靈之紗長袍` `` 11002
10211 2 1 1 1 1 1 1 1 1 1 1 1 70 `王者之尊長袍` `` 11002
10478 2 1 1 1 1 1 1 1 1 1 1 1 50 `爆麟夾克` `` 11101
10477 2 1 1 1 1 1 1 1 1 1 1 1 50 `流光夾克` `` 11101
10502 2 1 1 1 1 1 1 1 1 1 1 1 50 `諾斯瑪爾 : 赤龍皮甲上衣` `` 11101
10503 2 1 1 1 1 1 1 1 1 1 1 1 50 `諾斯瑪爾 : 斬影皮甲上衣` `` 11101
10479 2 1 1 1 1 1 1 1 1 1 1 1 50 `黑月長袍` `` 11101
10508 2 1 1 1 1 1 1 1 1 1 1 1 50 `遠古圖書館的管理員之衣` `` 11101
10520 2 1 1 1 1 1 1 1 1 1 1 1 50 `阿瓦利亞的迅捷上衣` `` 11101
10524 2 1 1 1 1 1 1 1 1 1 1 1 60 `西部槍手夾克` `` 11101
10527 2 1 1 1 1 1 1 1 1 1 1 1 60 `慈悲之心長袍` `` 11101
10525 2 1 1 1 1 1 1 1 1 1 1 1 60 `巨鯨之王胸甲` `` 11101
10526 2 1 1 1 1 1 1 1 1 1 1 1 60 `暮星長袍` `` 11101
10575 2 1 1 1 1 1 1 1 1 1 1 1 70 `西部奇兵夾克` `` 11101
10528 2 1 1 1 1 1 1 1 1 1 1 1 60 `精靈的智慧長袍` `` 11101
10576 2 1 1 1 1 1 1 1 1 1 1 1 70 `軍事狂潮胸甲` `` 11101
10578 2 1 1 1 1 1 1 1 1 1 1 1 70 `獵豹冥紋長袍` `` 11101
10577 2 1 1 1 1 1 1 1 1 1 1 1 70 `鋼鐵亡靈長袍` `` 11101
10579 2 1 1 1 1 1 1 1 1 1 1 1 70 `魔幻精靈長袍` `` 11101
10905 2 1 1 1 1 1 1 1 1 1 1 1 50 `諾斯瑪爾 : 戾龍輕甲胸鎧` `` 11201
10875 2 1 1 1 1 1 1 1 1 1 1 1 50 `黑龍汲星胸甲` `` 11201
10906 2 1 1 1 1 1 1 1 1 1 1 1 50 `諾斯瑪爾 : 斬影輕甲胸鎧` `` 11201
10876 2 1 1 1 1 1 1 1 1 1 1 1 50 `星臨胸甲` `` 11201
10896 2 1 1 1 1 1 1 1 1 1 1 1 50 `裁決之甲 - 神鑒胸甲` `` 11201
10923 2 1 1 1 1 1 1 1 1 1 1 1 50 `詛咒之巫師胸甲` `` 11201
10927 2 1 1 1 1 1 1 1 1 1 1 1 60 `精武之魂胸甲` `` 11201
10928 2 1 1 1 1 1 1 1 1 1 1 1 60 `米格拉的英雄戰甲` `` 11201
10977 2 1 1 1 1 1 1 1 1 1 1 1 70 `冶煉鋼甲胸甲` `` 11201
10931 2 1 1 1 1 1 1 1 1 1 1 1 60 `拳王的獨孤戰甲` `` 11201
10978 2 1 1 1 1 1 1 1 1 1 1 1 70 `亡命靈魂胸甲` `` 11201
10930 2 1 1 1 1 1 1 1 1 1 1 1 60 `暗黑之焰胸甲` `` 11201
11276 2 1 1 1 1 1 1 1 1 1 1 1 50 `ES-YL11胸甲` `` 11301
11295 2 1 1 1 1 1 1 1 1 1 1 1 50 `信耶的附靈胸甲` `` 11401
11304 2 1 1 1 1 1 1 1 1 1 1 1 50 `諾斯瑪爾 : 戾龍重甲胸鎧` `` 11301
10981 2 1 1 1 1 1 1 1 1 1 1 1 70 `聚力之魂胸甲` `` 11201
11275 2 1 1 1 1 1 1 1 1 1 1 1 50 `惡雷擒月胸甲` `` 11301
11305 2 1 1 1 1 1 1 1 1 1 1 1 50 `諾斯瑪爾 : 斬影重甲胸鎧` `` 11301
10980 2 1 1 1 1 1 1 1 1 1 1 1 70 `命運逆轉胸甲` `` 11201
11371 2 1 1 1 1 1 1 1 1 1 1 1 70 `罪惡制裁鏈甲` `` 11301
11320 2 1 1 1 1 1 1 1 1 1 1 1 60 `巨武器破坏者胸甲` `` 11301
11369 2 1 1 1 1 1 1 1 1 1 1 1 70 `迅襲胸甲` `` 11301
11666 2 1 1 1 1 1 1 1 1 1 1 1 50 `諾斯瑪爾 : 赤龍板甲胸鎧` `` 11401
11661 2 1 1 1 1 1 1 1 1 1 1 1 50 `守護盔甲 - 薔薇胸甲` `` 11401
11368 2 1 1 1 1 1 1 1 1 1 1 1 70 `鋼鐵意志鎖甲` `` 11301
11321 2 1 1 1 1 1 1 1 1 1 1 1 60 `赤煉胸甲` `` 11301
11677 2 1 1 1 1 1 1 1 1 1 1 1 60 `守護者的獻祭胸甲` `` 11401
11678 2 1 1 1 1 1 1 1 1 1 1 1 60 `暮光信徒胸甲` `` 11401
11713 2 1 1 1 1 1 1 1 1 1 1 1 70 `意念之守護胸甲` `` 11401
11714 2 1 1 1 1 1 1 1 1 1 1 1 70 `金屬風暴鏈甲` `` 11401
12095 2 1 1 1 1 1 1 1 1 1 1 1 50 `神官吉格的祭祀長褲` `` 11004
12097 2 1 1 1 1 1 1 1 1 1 1 1 50 `玄武鳴天護腿` `` 11004
12096 2 1 1 1 1 1 1 1 1 1 1 1 50 `寂魂祈日護腿` `` 11004
12101 2 1 1 1 1 1 1 1 1 1 1 1 50 `迷月玄羽長褲` `` 11004
12098 2 1 1 1 1 1 1 1 1 1 1 1 50 `月海碧魔長褲` `` 11004
12120 2 1 1 1 1 1 1 1 1 1 1 1 50 `蒼穹之主護腿` `` 11004
12130 2 1 1 1 1 1 1 1 1 1 1 1 50 `諾斯瑪爾 : 破曦布甲綁腿` `` 11004
12129 2 1 1 1 1 1 1 1 1 1 1 1 50 `諾斯瑪爾 : 逆翎布甲綁腿` `` 11004
12147 2 1 1 1 1 1 1 1 1 1 1 1 60 `瘋狂工程師的長褲` `` 11004
12148 2 1 1 1 1 1 1 1 1 1 1 1 60 `歸隱的武士護腿` `` 11004
12149 2 1 1 1 1 1 1 1 1 1 1 1 60 `流云惊月護腿` `` 11004
12150 2 1 1 1 1 1 1 1 1 1 1 1 60 `無盡的元素之力綁腿` `` 11004
12151 2 1 1 1 1 1 1 1 1 1 1 1 60 `契約支配者長褲` `` 11004
12152 2 1 1 1 1 1 1 1 1 1 1 1 60 `靈魂之信仰長褲` `` 11004
12200 2 1 1 1 1 1 1 1 1 1 1 1 70 `机械工程師長褲` `` 11004
12201 2 1 1 1 1 1 1 1 1 1 1 1 70 `古巴比倫長褲` `` 11004
12202 2 1 1 1 1 1 1 1 1 1 1 1 70 `無盡之魂長褲` `` 11004
12203 2 1 1 1 1 1 1 1 1 1 1 1 70 `王者之尊長褲` `` 11004
12204 2 1 1 1 1 1 1 1 1 1 1 1 70 `王之威嚴長褲` `` 11004
12205 2 1 1 1 1 1 1 1 1 1 1 1 70 `泣靈之紗長褲` `` 11004
12477 2 1 1 1 1 1 1 1 1 1 1 1 50 `流光長褲` `` 11103
12478 2 1 1 1 1 1 1 1 1 1 1 1 50 `爆麟綁腿` `` 11103
12479 2 1 1 1 1 1 1 1 1 1 1 1 50 `黑月護腿` `` 11103
12506 2 1 1 1 1 1 1 1 1 1 1 1 50 `遠古圖書館的管理員之褲` `` 11103
12501 2 1 1 1 1 1 1 1 1 1 1 1 50 `諾斯瑪爾 : 赤龍皮甲護腿` `` 11103
12502 2 1 1 1 1 1 1 1 1 1 1 1 50 `諾斯瑪爾 : 斬影皮甲護腿` `` 11103
12517 2 1 1 1 1 1 1 1 1 1 1 1 50 `阿瓦利亞的迅捷皮褲` `` 11103
12521 2 1 1 1 1 1 1 1 1 1 1 1 60 `西部槍手護腿` `` 11103
12522 2 1 1 1 1 1 1 1 1 1 1 1 60 `巨鯨之王護腿` `` 11103
12524 2 1 1 1 1 1 1 1 1 1 1 1 60 `慈悲之心長褲` `` 11103
12523 2 1 1 1 1 1 1 1 1 1 1 1 60 `暮星長褲` `` 11103
12525 2 1 1 1 1 1 1 1 1 1 1 1 60 `精靈的智慧護腿` `` 11103
12572 2 1 1 1 1 1 1 1 1 1 1 1 70 `西部奇兵長褲` `` 11103
12573 2 1 1 1 1 1 1 1 1 1 1 1 70 `軍事狂潮長褲` `` 11103
12574 2 1 1 1 1 1 1 1 1 1 1 1 70 `鋼鐵亡靈護腿` `` 11103
12575 2 1 1 1 1 1 1 1 1 1 1 1 70 `獵豹冥紋脛甲` `` 11103
12576 2 1 1 1 1 1 1 1 1 1 1 1 70 `魔幻精靈長褲` `` 11103
12874 2 1 1 1 1 1 1 1 1 1 1 1 50 `龍脊綁腿` `` 11203
12876 2 1 1 1 1 1 1 1 1 1 1 1 50 `星臨綁腿` `` 11203
12875 2 1 1 1 1 1 1 1 1 1 1 1 50 `黑龍汲星綁腿` `` 11203
12894 2 1 1 1 1 1 1 1 1 1 1 1 50 `裁決之甲 - 神鑒綁腿` `` 11203
12903 2 1 1 1 1 1 1 1 1 1 1 1 50 `諾斯瑪爾 : 戾龍輕甲護腿` `` 11203
12904 2 1 1 1 1 1 1 1 1 1 1 1 50 `諾斯瑪爾 : 斬影輕甲護腿` `` 11203
12917 2 1 1 1 1 1 1 1 1 1 1 1 50 `詛咒之巫師脛甲` `` 11203
12921 2 1 1 1 1 1 1 1 1 1 1 1 60 `精武之魂脛甲` `` 11203
12922 2 1 1 1 1 1 1 1 1 1 1 1 60 `米格拉的英雄護腿` `` 11203
12925 2 1 1 1 1 1 1 1 1 1 1 1 60 `拳王的獨孤脛甲` `` 11203
12924 2 1 1 1 1 1 1 1 1 1 1 1 60 `暗黑之焰脛甲` `` 11203
12923 2 1 1 1 1 1 1 1 1 1 1 1 60 `霸權者的智慧脛甲` `` 11203
12971 2 1 1 1 1 1 1 1 1 1 1 1 70 `冶煉鋼甲綁腿` `` 11203
12974 2 1 1 1 1 1 1 1 1 1 1 1 70 `命運逆轉護腿` `` 11203
12973 2 1 1 1 1 1 1 1 1 1 1 1 70 `逐光綁腿` `` 11203
13274 2 1 1 1 1 1 1 1 1 1 1 1 50 `怒靈詛咒護腿` `` 11303
12975 2 1 1 1 1 1 1 1 1 1 1 1 70 `聚力之魂綁腿` `` 11203
12972 2 1 1 1 1 1 1 1 1 1 1 1 70 `亡命靈魂護腿` `` 11203
13275 2 1 1 1 1 1 1 1 1 1 1 1 50 `惡雷擒月護腿` `` 11303
13276 2 1 1 1 1 1 1 1 1 1 1 1 50 `ES-YL11護腿` `` 11303
13295 2 1 1 1 1 1 1 1 1 1 1 1 50 `信耶的附靈脛甲` `` 11403
13305 2 1 1 1 1 1 1 1 1 1 1 1 50 `諾斯瑪爾 : 斬影重甲護腿` `` 11303
13304 2 1 1 1 1 1 1 1 1 1 1 1 50 `諾斯瑪爾 : 戾龍重甲護腿` `` 11303
13319 2 1 1 1 1 1 1 1 1 1 1 1 60 `巨武器破坏者護腿` `` 11303
13366 2 1 1 1 1 1 1 1 1 1 1 1 70 `鋼鐵意志綁腿` `` 11303
13320 2 1 1 1 1 1 1 1 1 1 1 1 60 `赤煉脛甲` `` 11303
13321 2 1 1 1 1 1 1 1 1 1 1 1 60 `血之結界脛甲` `` 11303
13367 2 1 1 1 1 1 1 1 1 1 1 1 70 `迅襲護腿` `` 11303
13368 2 1 1 1 1 1 1 1 1 1 1 1 70 `凶神之煞護腿` `` 11303
13369 2 1 1 1 1 1 1 1 1 1 1 1 70 `罪惡制裁綁腿` `` 11303
13678 2 1 1 1 1 1 1 1 1 1 1 1 50 `英勇守護綁腿` `` 11403
13660 2 1 1 1 1 1 1 1 1 1 1 1 50 `守護盔甲 - 薔薇脛甲` `` 11403
13665 2 1 1 1 1 1 1 1 1 1 1 1 50 `諾斯瑪爾 : 赤龍板甲護腿` `` 11403
13674 2 1 1 1 1 1 1 1 1 1 1 1 60 `光之流影護腿` `` 11403
13675 2 1 1 1 1 1 1 1 1 1 1 1 60 `守護者的獻祭護腿` `` 11403
13676 2 1 1 1 1 1 1 1 1 1 1 1 60 `暮光信徒護腿` `` 11403
13711 2 1 1 1 1 1 1 1 1 1 1 1 70 `波動奧義護腿` `` 11403
13712 2 1 1 1 1 1 1 1 1 1 1 1 70 `意念之守護護腿` `` 11403
13713 2 1 1 1 1 1 1 1 1 1 1 1 70 `金屬風暴綁腿` `` 11403
14121 2 1 1 1 1 1 1 1 1 1 1 1 50 `千層紫紗斗蓬` `` 11003
14120 2 1 1 1 1 1 1 1 1 1 1 1 50 `縛靈螺紋護肩` `` 11003
14122 2 1 1 1 1 1 1 1 1 1 1 1 50 `奢華的网絲護肩` `` 11003
14125 2 1 1 1 1 1 1 1 1 1 1 1 50 `永恒的淨化護肩` `` 11003
14124 2 1 1 1 1 1 1 1 1 1 1 1 50 `精靈支配者斗蓬` `` 11003
14498 2 1 1 1 1 1 1 1 1 1 1 1 50 `裴爾瑪的邪神護肩` `` 11102
14123 2 1 1 1 1 1 1 1 1 1 1 1 50 `賢者斯托拉斯的斗蓬` `` 11003
14499 2 1 1 1 1 1 1 1 1 1 1 1 50 `閃耀之哈根尼斯護肩` `` 11102
14501 2 1 1 1 1 1 1 1 1 1 1 1 50 `無盡之探索護肩` `` 11102
14508 2 1 1 1 1 1 1 1 1 1 1 1 50 `邪惡風行者的皮護肩` `` 11102
14500 2 1 1 1 1 1 1 1 1 1 1 1 50 `混沌之阿加雷斯護肩` `` 11102
14900 2 1 1 1 1 1 1 1 1 1 1 1 50 `墨之旋風護肩` `` 11202
14901 2 1 1 1 1 1 1 1 1 1 1 1 50 `邪惡怒視護肩` `` 11202
14902 2 1 1 1 1 1 1 1 1 1 1 1 50 `頑強的巴羅斯護肩` `` 11202
14903 2 1 1 1 1 1 1 1 1 1 1 1 50 `殘忍的執行者護肩` `` 11202
14913 2 1 1 1 1 1 1 1 1 1 1 1 50 `屠殺之巫師肩甲` `` 11202
15298 2 1 1 1 1 1 1 1 1 1 1 1 50 `血浸黑栗護肩` `` 11302
15300 2 1 1 1 1 1 1 1 1 1 1 1 50 `梅爾文的隨心護肩` `` 11302
15299 2 1 1 1 1 1 1 1 1 1 1 1 50 `暗黑侵略者護肩` `` 11302
15665 2 1 1 1 1 1 1 1 1 1 1 1 50 `熾燃之波護肩` `` 11402
15301 2 1 1 1 1 1 1 1 1 1 1 1 50 `原罪之封印護肩` `` 11402
16111 2 1 1 1 1 1 1 1 1 1 1 1 50 `千層紫紗腰帶` `` 11006
15666 2 1 1 1 1 1 1 1 1 1 1 1 50 `圣洁勛章護肩` `` 11402
16110 2 1 1 1 1 1 1 1 1 1 1 1 50 `縛靈螺紋腰帶` `` 11006
16112 2 1 1 1 1 1 1 1 1 1 1 1 50 `奢華的网絲腰帶` `` 11006
16113 2 1 1 1 1 1 1 1 1 1 1 1 50 `賢者斯托拉斯的護腰` `` 11006
16114 2 1 1 1 1 1 1 1 1 1 1 1 50 `精靈支配者護腰` `` 11006
16115 2 1 1 1 1 1 1 1 1 1 1 1 50 `永恒的淨化腰帶` `` 11006
16497 2 1 1 1 1 1 1 1 1 1 1 1 50 `裴爾瑪的邪神腰帶` `` 11105
16498 2 1 1 1 1 1 1 1 1 1 1 1 50 `閃耀之哈根尼斯腰帶` `` 11105
16499 2 1 1 1 1 1 1 1 1 1 1 1 50 `混沌之阿加雷斯腰帶` `` 11105
16500 2 1 1 1 1 1 1 1 1 1 1 1 50 `無盡之探索腰帶` `` 11105
16507 2 1 1 1 1 1 1 1 1 1 1 1 50 `邪惡風行者的皮腰帶` `` 11105
16898 2 1 1 1 1 1 1 1 1 1 1 1 50 `邪惡怒視腰帶` `` 11205
16897 2 1 1 1 1 1 1 1 1 1 1 1 50 `墨之旋風腰帶` `` 11205
16900 2 1 1 1 1 1 1 1 1 1 1 1 50 `殘忍的執行者腰帶` `` 11205
16899 2 1 1 1 1 1 1 1 1 1 1 1 50 `頑強的巴羅斯腰帶` `` 11205
16907 2 1 1 1 1 1 1 1 1 1 1 1 50 `屠殺之巫師腰帶` `` 11205
17296 2 1 1 1 1 1 1 1 1 1 1 1 50 `血浸黑栗腰帶` `` 11305
17297 2 1 1 1 1 1 1 1 1 1 1 1 50 `暗黑侵略者腰帶` `` 11305
17298 2 1 1 1 1 1 1 1 1 1 1 1 50 `梅爾文的隨心腰帶` `` 11305
17663 2 1 1 1 1 1 1 1 1 1 1 1 50 `熾燃之波腰帶` `` 11405
17299 2 1 1 1 1 1 1 1 1 1 1 1 50 `原罪之封印腰帶` `` 11405
18118 2 1 1 1 1 1 1 1 1 1 1 1 50 `千層紫紗短靴` `` 11005
18117 2 1 1 1 1 1 1 1 1 1 1 1 50 `縛靈螺紋短靴` `` 11005
17664 2 1 1 1 1 1 1 1 1 1 1 1 50 `圣洁勛章腰帶` `` 11405
18119 2 1 1 1 1 1 1 1 1 1 1 1 50 `奢華的网絲短靴` `` 11005
18120 2 1 1 1 1 1 1 1 1 1 1 1 50 `賢者斯托拉斯的短靴` `` 11005
18121 2 1 1 1 1 1 1 1 1 1 1 1 50 `精靈支配者短靴` `` 11005
18122 2 1 1 1 1 1 1 1 1 1 1 1 50 `永恒的淨化短靴` `` 11005
18139 2 1 1 1 1 1 1 1 1 1 1 1 60 `碧波印月短靴` `` 11005
18140 2 1 1 1 1 1 1 1 1 1 1 1 60 `懲戒之反擊戰靴` `` 11005
18141 2 1 1 1 1 1 1 1 1 1 1 1 60 `陣法之奧秘戰靴` `` 11005
18142 2 1 1 1 1 1 1 1 1 1 1 1 60 `自然之和諧短靴` `` 11005
18143 2 1 1 1 1 1 1 1 1 1 1 1 60 `天空之翼戰靴` `` 11005
18506 2 1 1 1 1 1 1 1 1 1 1 1 50 `閃耀之哈根尼斯皮鞋` `` 11104
18144 2 1 1 1 1 1 1 1 1 1 1 1 60 `傲慢的祭祀者戰靴` `` 11005
18508 2 1 1 1 1 1 1 1 1 1 1 1 50 `無盡之探索皮鞋` `` 11104
18507 2 1 1 1 1 1 1 1 1 1 1 1 50 `混沌之阿加雷斯皮鞋` `` 11104
18505 2 1 1 1 1 1 1 1 1 1 1 1 50 `裴爾瑪的邪神皮鞋` `` 11104
18528 2 1 1 1 1 1 1 1 1 1 1 1 60 `王族戰士長靴` `` 11104
18527 2 1 1 1 1 1 1 1 1 1 1 1 60 `槍之煙霧短靴` `` 11104
18517 2 1 1 1 1 1 1 1 1 1 1 1 50 `邪惡風行者的皮鞋` `` 11104
18531 2 1 1 1 1 1 1 1 1 1 1 1 60 `輝煌之祈愿戰靴` `` 11104
18529 2 1 1 1 1 1 1 1 1 1 1 1 60 `公會守護者長靴` `` 11104
18530 2 1 1 1 1 1 1 1 1 1 1 1 60 `戰爭預言家長靴` `` 11104
18904 2 1 1 1 1 1 1 1 1 1 1 1 50 `墨之旋風短靴` `` 11204
18907 2 1 1 1 1 1 1 1 1 1 1 1 50 `殘忍的執行者短靴` `` 11204
18905 2 1 1 1 1 1 1 1 1 1 1 1 50 `邪惡怒視短靴` `` 11204
18906 2 1 1 1 1 1 1 1 1 1 1 1 50 `頑強的巴羅斯短靴` `` 11204
18916 2 1 1 1 1 1 1 1 1 1 1 1 50 `屠殺之巫師短靴` `` 11204
18926 2 1 1 1 1 1 1 1 1 1 1 1 60 `黑豹突擊者戰靴` `` 11204
18927 2 1 1 1 1 1 1 1 1 1 1 1 60 `風暴追擊者長靴` `` 11204
18929 2 1 1 1 1 1 1 1 1 1 1 1 60 `響尾蛇的誘惑戰靴` `` 11204
18928 2 1 1 1 1 1 1 1 1 1 1 1 60 `戰神的兵戎長靴` `` 11204
18930 2 1 1 1 1 1 1 1 1 1 1 1 60 `白馬之影戰靴` `` 11204
19302 2 1 1 1 1 1 1 1 1 1 1 1 50 `血浸黑栗短靴` `` 11304
19303 2 1 1 1 1 1 1 1 1 1 1 1 50 `暗黑侵略者短靴` `` 11304
19304 2 1 1 1 1 1 1 1 1 1 1 1 50 `梅爾文的隨心短靴` `` 11304
19305 2 1 1 1 1 1 1 1 1 1 1 1 50 `原罪之封印長靴` `` 11404
19317 2 1 1 1 1 1 1 1 1 1 1 1 60 `后街之王戰靴` `` 11304
19316 2 1 1 1 1 1 1 1 1 1 1 1 60 `惊魂之厄運長靴` `` 11304
19669 2 1 1 1 1 1 1 1 1 1 1 1 50 `熾燃之波長靴` `` 11404
19318 2 1 1 1 1 1 1 1 1 1 1 1 60 `蒼狼戰士長靴` `` 11304
19670 2 1 1 1 1 1 1 1 1 1 1 1 50 `圣洁勛章長靴` `` 11404
19681 2 1 1 1 1 1 1 1 1 1 1 1 60 `絕地武士戰靴` `` 11404
19683 2 1 1 1 1 1 1 1 1 1 1 1 60 `邪惡之擊戰靴` `` 11404
19682 2 1 1 1 1 1 1 1 1 1 1 1 60 `重生之靈魂戰靴` `` 11404
20092 2 1 1 1 1 1 1 1 1 1 1 1 50 `法羅灣的珍珠項鏈` `` 12001
20146 2 1 1 1 1 1 1 1 1 1 1 1 60 `魯貝斯項鏈` `` 12001
22091 2 1 1 1 1 1 1 1 1 1 1 1 50 `帕麗絲的夜襲護腕` `` 12003
24152 2 1 1 1 1 1 1 1 1 1 1 1 60 `奧比斯戒指` `` 12002
24093 2 1 1 1 1 1 1 1 1 1 1 1 50 `冷月星云戒指` `` 12002
22138 2 1 1 1 1 1 1 1 1 1 1 1 60 `青金石手鐲` `` 12003
29081 2 1 1 1 1 1 1 1 1 1 1 1 50 `蒼蟒手套` `` 10202
29167 2 1 1 1 1 1 1 1 1 1 1 1 70 `爍日鐵指虎` `` 10202
29124 2 1 1 1 1 1 1 1 1 1 1 1 60 `死亡暴風手套` `` 10202
39381 2 1 1 1 1 1 1 1 1 1 1 1 50 `冥獄火靈臂鎧` `` 10203
29369 2 1 1 1 1 1 1 1 1 1 1 1 60 `凱吉斯臂鎧` `` 10203
29408 2 1 1 1 1 1 1 1 1 1 1 1 70 `血之榮耀臂鎧` `` 10203
29678 2 1 1 1 1 1 1 1 1 1 1 1 50 `旋風爪` `` 10204
29720 2 1 1 1 1 1 1 1 1 1 1 1 60 `邪靈狼牙爪` `` 10204
30015 2 1 1 1 1 1 1 1 1 1 1 1 60 `虎鉗東方棍` `` 10206
29760 2 1 1 1 1 1 1 1 1 1 1 1 70 `飛影刺心爪` `` 10204
29979 2 1 1 1 1 1 1 1 1 1 1 1 50 `龍影皓月棍` `` 10206
30251 2 1 1 1 1 1 1 1 1 1 1 1 50 `碧影拳套` `` 10205
31163 2 1 1 1 1 1 1 1 1 1 1 1 70 `珍品左輪槍` `` 10302
30055 2 1 1 1 1 1 1 1 1 1 1 1 70 `東方韻律棍` `` 10206
31080 2 1 1 1 1 1 1 1 1 1 1 1 50 `狩獵之王` `` 10302
30283 2 1 1 1 1 1 1 1 1 1 1 1 60 `毒之凝視拳套` `` 10205
31378 2 1 1 1 1 1 1 1 1 1 1 1 50 `閃靈手槍` `` 10303
30322 2 1 1 1 1 1 1 1 1 1 1 1 70 `碎魂暗殤拳套` `` 10205
31119 2 1 1 1 1 1 1 1 1 1 1 1 60 `冰焰左輪槍` `` 10302
31453 2 1 1 1 1 1 1 1 1 1 1 1 70 `福特槍` `` 10303
31676 2 1 1 1 1 1 1 1 1 1 1 1 50 `悲鳴戰弩` `` 10306
31416 2 1 1 1 1 1 1 1 1 1 1 1 60 `羅斯韋森手槍` `` 10303
31713 2 1 1 1 1 1 1 1 1 1 1 1 60 `不列顛毒弩` `` 10306
32277 2 1 1 1 1 1 1 1 1 1 1 1 50 `致命獵手` `` 10305
32358 2 1 1 1 1 1 1 1 1 1 1 1 70 `原子能發射器` `` 10305
32048 2 1 1 1 1 1 1 1 1 1 1 1 70 `迅捷步槍` `` 10304
31750 2 1 1 1 1 1 1 1 1 1 1 1 70 `虛空之弩` `` 10306
32316 2 1 1 1 1 1 1 1 1 1 1 1 60 `忒提絲手炮` `` 10305
31977 2 1 1 1 1 1 1 1 1 1 1 1 50 `獨眼狂蟒` `` 10304
32010 2 1 1 1 1 1 1 1 1 1 1 1 60 `天王星守護者` `` 10304
33041 2 1 1 1 1 1 1 1 1 1 1 1 50 `落日穿云矛` `` 10402
33084 2 1 1 1 1 1 1 1 1 1 1 1 60 `尖尾蛇矛` `` 10402
33121 2 1 1 1 1 1 1 1 1 1 1 1 70 `暗靈之風長矛` `` 10402
33426 2 1 1 1 1 1 1 1 1 1 1 1 70 `紫羅蘭攝魂長棍` `` 10403
33341 2 1 1 1 1 1 1 1 1 1 1 1 50 `汲魂棍` `` 10403
33388 2 1 1 1 1 1 1 1 1 1 1 1 60 `血幽靈長棍` `` 10403
33722 2 1 1 1 1 1 1 1 1 1 1 1 70 `蠻龍魔杖` `` 10404
33683 2 1 1 1 1 1 1 1 1 1 1 1 60 `守護者魔杖` `` 10404
33641 2 1 1 1 1 1 1 1 1 1 1 1 50 `幽靈魔杖` `` 10404
33982 2 1 1 1 1 1 1 1 1 1 1 1 60 `淺綠之月法杖` `` 10405
34024 2 1 1 1 1 1 1 1 1 1 1 1 70 `星魂法杖` `` 10405
34222 2 1 1 1 1 1 1 1 1 1 1 1 50 `瘋狂盜賊的暗影掃把` `` 10406
33942 2 1 1 1 1 1 1 1 1 1 1 1 50 `混沌法杖` `` 10405
34234 2 1 1 1 1 1 1 1 1 1 1 1 50 `瘋狂盜賊的晨曦掃把` `` 10406
35121 2 1 1 1 1 1 1 1 1 1 1 1 70 `天憫之心` `` 10502
35375 2 1 1 1 1 1 1 1 1 1 1 1 60 `骷髏念珠` `` 10503
35080 2 1 1 1 1 1 1 1 1 1 1 1 60 `榮譽十字架` `` 10502
35413 2 1 1 1 1 1 1 1 1 1 1 1 70 `天龍念珠` `` 10503
35038 2 1 1 1 1 1 1 1 1 1 1 1 50 `夜翼十字架` `` 10502
35337 2 1 1 1 1 1 1 1 1 1 1 1 50 `蒼穹之帝釋天珠` `` 10503
35678 2 1 1 1 1 1 1 1 1 1 1 1 60 `疾風圖騰` `` 10504
35637 2 1 1 1 1 1 1 1 1 1 1 1 50 `大地女神圖騰` `` 10504
34298 2 1 1 1 1 1 1 1 1 1 1 1 70 `魔女的絲竹掃把` `` 10406
34263 2 1 1 1 1 1 1 1 1 1 1 1 60 `蚕絲掃把` `` 10406
35715 2 1 1 1 1 1 1 1 1 1 1 1 70 `岩神之庇佑圖騰` `` 10504
35938 2 1 1 1 1 1 1 1 1 1 1 1 50 `复仇者之鐮` `` 10505
35973 2 1 1 1 1 1 1 1 1 1 1 1 60 `遠古戰神之鐮` `` 10505
35937 2 1 1 1 1 1 1 1 1 1 1 1 50 `雷霆戰鐮` `` 10505
36010 2 1 1 1 1 1 1 1 1 1 1 1 70 `末日戰鐮` `` 10505
36317 2 1 1 1 1 1 1 1 1 1 1 1 70 `十誡審判戰斧` `` 10506
36277 2 1 1 1 1 1 1 1 1 1 1 1 60 `古老的戒紋戰斧` `` 10506
37073 2 1 1 1 1 1 1 1 1 1 1 1 60 `幽暗刃 - 杜伊斯特` `` 10602
37331 2 1 1 1 1 1 1 1 1 1 1 1 50 `瞬獄之奧斯特` `` 10603
36237 2 1 1 1 1 1 1 1 1 1 1 1 50 `惡魔戰斧` `` 10506
37033 2 1 1 1 1 1 1 1 1 1 1 1 50 `血腥迪克里斯` `` 10602
37117 2 1 1 1 1 1 1 1 1 1 1 1 70 `殺戮之心` `` 10602
440192 2 1 1 1 1 1 1 1 1 1 1 1 60 `被污染的銀杯` `` 32001
20263 2 1 1 1 1 1 1 1 1 1 1 1 70 `赤云項鏈` `` 12001
22255 2 1 1 1 1 1 1 1 1 1 1 1 70 `精致的藤蔓手鐲` `` 12003
37366 2 1 1 1 1 1 1 1 1 1 1 1 60 `血之祭者` `` 10603
37631 2 1 1 1 1 1 1 1 1 1 1 1 50 `骸骨惡魔之手杖` `` 10604
37405 2 1 1 1 1 1 1 1 1 1 1 1 70 `暗影之煞魄雙劍` `` 10603
37668 2 1 1 1 1 1 1 1 1 1 1 1 60 `庫塔里奧手杖` `` 10604
11362 2 1 1 1 1 1 1 1 1 1 1 1 50 `末日之殤戰甲` `` 11301
37706 2 1 1 1 1 1 1 1 1 1 1 1 70 `黑暗引領者權杖` `` 10604
24285 2 1 1 1 1 1 1 1 1 1 1 1 70 `圣芒之戒` `` 12002
440379 2 1 1 1 1 1 1 1 1 1 1 1 70 `遠古遺物之金盞` `` 32001
11364 2 1 1 1 1 1 1 1 1 1 1 1 60 `血色禁忌胸甲` `` 11301
13362 2 1 1 1 1 1 1 1 1 1 1 1 60 `血色禁忌腿甲` `` 11303
13360 2 1 1 1 1 1 1 1 1 1 1 1 50 `末日之殤護腿` `` 11303
15346 2 1 1 1 1 1 1 1 1 1 1 1 50 `魔形魅影護肩` `` 11302
19347 2 1 1 1 1 1 1 1 1 1 1 1 50 `魔形魅影短靴` `` 11304
17340 2 1 1 1 1 1 1 1 1 1 1 1 50 `魔形魅影腰帶` `` 11305
19349 2 1 1 1 1 1 1 1 1 1 1 1 60 `惡魔戰魂短靴` `` 11304
10137 2 1 1 1 1 1 1 1 1 1 1 1 55 `千層紫紗大衣` `` 11002
10140 2 1 1 1 1 1 1 1 1 1 1 1 55 `精靈支配者長袍` `` 11002
10139 2 1 1 1 1 1 1 1 1 1 1 1 55 `賢者斯托拉斯的長袍` `` 11002
10138 2 1 1 1 1 1 1 1 1 1 1 1 55 `奢華的网絲大衣` `` 11002
10141 2 1 1 1 1 1 1 1 1 1 1 1 55 `永恒之淨化長袍` `` 11002
10158 2 1 1 1 1 1 1 1 1 1 1 1 65 `碧波印月背心` `` 11002
10159 2 1 1 1 1 1 1 1 1 1 1 1 65 `懲戒之反擊上衣` `` 11002
10161 2 1 1 1 1 1 1 1 1 1 1 1 65 `自然之和諧長袍` `` 11002
10163 2 1 1 1 1 1 1 1 1 1 1 1 65 `傲慢的祭祀者長袍` `` 11002
10162 2 1 1 1 1 1 1 1 1 1 1 1 65 `天空之翼長袍` `` 11002
10169 2 1 1 1 1 1 1 1 1 1 1 1 62 `真 ‧ 瘋狂工程師的上衣` `` 11002
10170 2 1 1 1 1 1 1 1 1 1 1 1 62 `真 ‧ 歸隱的武士上衣` `` 11002
10174 2 1 1 1 1 1 1 1 1 1 1 1 62 `真 ‧ 靈魂之信仰長袍` `` 11002
10173 2 1 1 1 1 1 1 1 1 1 1 1 62 `真 ‧ 契約支配者長袍` `` 11002
10172 2 1 1 1 1 1 1 1 1 1 1 1 62 `真 ‧ 無盡之元素長袍` `` 11002
10175 2 1 1 1 1 1 1 1 1 1 1 1 67 `真 ‧ 碧波印月背心` `` 11002
10176 2 1 1 1 1 1 1 1 1 1 1 1 67 `真 ‧ 懲戒之反擊上衣` `` 11002
10510 2 1 1 1 1 1 1 1 1 1 1 1 55 `裴爾瑪的邪神夾克` `` 11101
10178 2 1 1 1 1 1 1 1 1 1 1 1 67 `真 ‧ 自然之和諧長袍` `` 11002
10511 2 1 1 1 1 1 1 1 1 1 1 1 55 `閃耀之哈根尼斯夾克` `` 11101
10179 2 1 1 1 1 1 1 1 1 1 1 1 67 `真 ‧ 天空之翼長袍` `` 11002
10180 2 1 1 1 1 1 1 1 1 1 1 1 67 `真 ‧ 傲慢的祭祀者長袍` `` 11002
10512 2 1 1 1 1 1 1 1 1 1 1 1 55 `混沌之阿加雷斯長袍` `` 11101
10513 2 1 1 1 1 1 1 1 1 1 1 1 55 `無盡之探索長袍` `` 11101
10531 2 1 1 1 1 1 1 1 1 1 1 1 65 `槍之煙霧夾克` `` 11101
10521 2 1 1 1 1 1 1 1 1 1 1 1 55 `邪惡風行者的緊身衣` `` 11101
10532 2 1 1 1 1 1 1 1 1 1 1 1 65 `王族戰士胸甲` `` 11101
10533 2 1 1 1 1 1 1 1 1 1 1 1 65 `公會守護者長袍` `` 11101
10535 2 1 1 1 1 1 1 1 1 1 1 1 65 `輝煌之祈愿胸甲` `` 11101
10534 2 1 1 1 1 1 1 1 1 1 1 1 65 `戰爭預言家長袍` `` 11101
10540 2 1 1 1 1 1 1 1 1 1 1 1 62 `真 ‧ 西部槍手夾克` `` 11101
10541 2 1 1 1 1 1 1 1 1 1 1 1 62 `真 ‧ 巨鯨之王胸甲` `` 11101
10542 2 1 1 1 1 1 1 1 1 1 1 1 62 `真 ‧ 暮星長袍` `` 11101
10544 2 1 1 1 1 1 1 1 1 1 1 1 62 `真 ‧ 精靈的智慧長袍` `` 11101
10543 2 1 1 1 1 1 1 1 1 1 1 1 62 `真 ‧ 慈悲之心長袍` `` 11101
10545 2 1 1 1 1 1 1 1 1 1 1 1 67 `真 ‧ 槍之煙霧夾克` `` 11101
10546 2 1 1 1 1 1 1 1 1 1 1 1 67 `真 ‧ 王族戰士胸甲` `` 11101
10911 2 1 1 1 1 1 1 1 1 1 1 1 55 `邪惡怒視胸甲` `` 11201
10547 2 1 1 1 1 1 1 1 1 1 1 1 67 `真 ‧ 公會守護者長袍` `` 11101
10549 2 1 1 1 1 1 1 1 1 1 1 1 67 `真 ‧ 輝煌之祈愿胸甲` `` 11101
10548 2 1 1 1 1 1 1 1 1 1 1 1 67 `真 ‧ 戰爭預言家長袍` `` 11101
10912 2 1 1 1 1 1 1 1 1 1 1 1 55 `頑強的巴羅斯胸甲` `` 11201
10913 2 1 1 1 1 1 1 1 1 1 1 1 55 `殘忍的執行者胸甲` `` 11201
10934 2 1 1 1 1 1 1 1 1 1 1 1 65 `黑豹突擊者戰甲` `` 11201
10937 2 1 1 1 1 1 1 1 1 1 1 1 65 `響尾蛇的誘惑戰甲` `` 11201
10938 2 1 1 1 1 1 1 1 1 1 1 1 65 `白馬之影胸甲` `` 11201
10924 2 1 1 1 1 1 1 1 1 1 1 1 55 `屠殺之巫師胸甲` `` 11201
10935 2 1 1 1 1 1 1 1 1 1 1 1 65 `風暴追擊者胸甲` `` 11201
10943 2 1 1 1 1 1 1 1 1 1 1 1 62 `真 ‧ 精武之魂胸甲` `` 11201
10944 2 1 1 1 1 1 1 1 1 1 1 1 62 `真 ‧ 米格拉的英雄戰甲` `` 11201
10946 2 1 1 1 1 1 1 1 1 1 1 1 62 `真 ‧ 暗黑之焰胸甲` `` 11201
10947 2 1 1 1 1 1 1 1 1 1 1 1 62 `真 ‧ 拳王的獨孤戰甲` `` 11201
10948 2 1 1 1 1 1 1 1 1 1 1 1 67 `真 ‧ 黑豹突擊者戰甲` `` 11201
11312 2 1 1 1 1 1 1 1 1 1 1 1 55 `原罪之封印胸甲` `` 11401
11310 2 1 1 1 1 1 1 1 1 1 1 1 55 `暗黑侵略者胸甲` `` 11301
11311 2 1 1 1 1 1 1 1 1 1 1 1 55 `梅爾文的隨心胸甲` `` 11301
10951 2 1 1 1 1 1 1 1 1 1 1 1 67 `真 ‧ 響尾蛇的誘惑戰甲` `` 11201
10949 2 1 1 1 1 1 1 1 1 1 1 1 67 `真 ‧ 風暴追擊者胸甲` `` 11201
10952 2 1 1 1 1 1 1 1 1 1 1 1 67 `真 ‧ 白馬之影胸甲` `` 11201
11325 2 1 1 1 1 1 1 1 1 1 1 1 65 `惊魂之厄運胸甲` `` 11301
11326 2 1 1 1 1 1 1 1 1 1 1 1 65 `后街之王胸甲` `` 11301
11332 2 1 1 1 1 1 1 1 1 1 1 1 62 `真 ‧ 巨武器破坏者胸甲` `` 11301
11683 2 1 1 1 1 1 1 1 1 1 1 1 65 `邪惡之擊胸甲` `` 11401
11333 2 1 1 1 1 1 1 1 1 1 1 1 62 `真 ‧ 赤煉胸甲` `` 11301
11682 2 1 1 1 1 1 1 1 1 1 1 1 65 `重生之靈魂胸甲` `` 11401
11671 2 1 1 1 1 1 1 1 1 1 1 1 55 `圣洁勛章胸甲` `` 11401
11690 2 1 1 1 1 1 1 1 1 1 1 1 62 `真 ‧ 暮光信徒胸甲` `` 11401
11335 2 1 1 1 1 1 1 1 1 1 1 1 67 `真 ‧ 惊魂之厄運胸甲` `` 11301
11689 2 1 1 1 1 1 1 1 1 1 1 1 62 `真 ‧ 守護者的獻祭胸甲` `` 11401
11336 2 1 1 1 1 1 1 1 1 1 1 1 67 `真 ‧ 后街之王胸甲` `` 11301
11692 2 1 1 1 1 1 1 1 1 1 1 1 67 `真 ‧ 重生之靈魂胸甲` `` 11401
11693 2 1 1 1 1 1 1 1 1 1 1 1 67 `真 ‧ 邪惡之擊胸甲` `` 11401
12133 2 1 1 1 1 1 1 1 1 1 1 1 55 `縛靈螺紋護腿` `` 11004
12134 2 1 1 1 1 1 1 1 1 1 1 1 55 `千層紫紗長褲` `` 11004
12135 2 1 1 1 1 1 1 1 1 1 1 1 55 `奢華的网絲長褲` `` 11004
12136 2 1 1 1 1 1 1 1 1 1 1 1 55 `賢者斯托拉斯的長褲` `` 11004
12137 2 1 1 1 1 1 1 1 1 1 1 1 55 `精靈支配者綁腿` `` 11004
12138 2 1 1 1 1 1 1 1 1 1 1 1 55 `永恒之淨化綁腿` `` 11004
12155 2 1 1 1 1 1 1 1 1 1 1 1 65 `碧波印月護腿` `` 11004
12156 2 1 1 1 1 1 1 1 1 1 1 1 65 `懲戒之反擊護腿` `` 11004
12157 2 1 1 1 1 1 1 1 1 1 1 1 65 `陣法之奧秘護腿` `` 11004
12158 2 1 1 1 1 1 1 1 1 1 1 1 65 `自然之和諧長褲` `` 11004
12159 2 1 1 1 1 1 1 1 1 1 1 1 65 `天空之翼護腿` `` 11004
12160 2 1 1 1 1 1 1 1 1 1 1 1 65 `傲慢的祭祀者護腿` `` 11004
12166 2 1 1 1 1 1 1 1 1 1 1 1 62 `真 ‧ 瘋狂工程師的長褲` `` 11004
12167 2 1 1 1 1 1 1 1 1 1 1 1 62 `真 ‧ 歸隱的武士護腿` `` 11004
12168 2 1 1 1 1 1 1 1 1 1 1 1 62 `真 ‧ 流云惊月護腿` `` 11004
12169 2 1 1 1 1 1 1 1 1 1 1 1 62 `真 ‧ 無盡的元素之力綁腿` `` 11004
12171 2 1 1 1 1 1 1 1 1 1 1 1 62 `真 ‧ 靈魂之信仰長褲` `` 11004
12170 2 1 1 1 1 1 1 1 1 1 1 1 62 `真 ‧ 契約支配者長褲` `` 11004
12172 2 1 1 1 1 1 1 1 1 1 1 1 67 `真 ‧ 碧波印月護腿` `` 11004
12173 2 1 1 1 1 1 1 1 1 1 1 1 67 `真 ‧ 懲戒之反擊護腿` `` 11004
12174 2 1 1 1 1 1 1 1 1 1 1 1 67 `真 ‧ 陣法之奧秘護腿` `` 11004
12175 2 1 1 1 1 1 1 1 1 1 1 1 67 `真 ‧ 自然之和諧長褲` `` 11004
12176 2 1 1 1 1 1 1 1 1 1 1 1 67 `真 ‧ 天空之翼護腿` `` 11004
12177 2 1 1 1 1 1 1 1 1 1 1 1 67 `真 ‧ 傲慢的祭祀者護腿` `` 11004
12508 2 1 1 1 1 1 1 1 1 1 1 1 55 `裴爾瑪的邪神護腿` `` 11103
12509 2 1 1 1 1 1 1 1 1 1 1 1 55 `閃耀之哈根尼斯護腿` `` 11103
12510 2 1 1 1 1 1 1 1 1 1 1 1 55 `混沌之阿加雷斯護腿` `` 11103
12511 2 1 1 1 1 1 1 1 1 1 1 1 55 `無盡之探索護腿` `` 11103
12518 2 1 1 1 1 1 1 1 1 1 1 1 55 `邪惡風行者的皮護腿` `` 11103
12528 2 1 1 1 1 1 1 1 1 1 1 1 65 `槍之煙霧長褲` `` 11103
12529 2 1 1 1 1 1 1 1 1 1 1 1 65 `王族戰士護腿` `` 11103
12530 2 1 1 1 1 1 1 1 1 1 1 1 65 `公會守護者長褲` `` 11103
12531 2 1 1 1 1 1 1 1 1 1 1 1 65 `戰爭預言家護腿` `` 11103
12532 2 1 1 1 1 1 1 1 1 1 1 1 65 `輝煌之祈愿長褲` `` 11103
12537 2 1 1 1 1 1 1 1 1 1 1 1 62 `真 ‧ 西部槍手護腿` `` 11103
12538 2 1 1 1 1 1 1 1 1 1 1 1 62 `真 ‧ 巨鯨之王護腿` `` 11103
12539 2 1 1 1 1 1 1 1 1 1 1 1 62 `真 ‧ 暮星長褲` `` 11103
12540 2 1 1 1 1 1 1 1 1 1 1 1 62 `真 ‧ 慈悲之心長褲` `` 11103
12542 2 1 1 1 1 1 1 1 1 1 1 1 67 `真 ‧ 槍之煙霧長褲` `` 11103
12541 2 1 1 1 1 1 1 1 1 1 1 1 62 `真 ‧ 精靈的智慧護腿` `` 11103
12543 2 1 1 1 1 1 1 1 1 1 1 1 67 `真 ‧ 王族戰士護腿` `` 11103
12544 2 1 1 1 1 1 1 1 1 1 1 1 67 `真 ‧ 公會守護者長褲` `` 11103
12545 2 1 1 1 1 1 1 1 1 1 1 1 67 `真 ‧ 戰爭預言家護腿` `` 11103
12907 2 1 1 1 1 1 1 1 1 1 1 1 55 `墨之旋風綁腿` `` 11203
12546 2 1 1 1 1 1 1 1 1 1 1 1 67 `真 ‧ 輝煌之祈愿長褲` `` 11103
12908 2 1 1 1 1 1 1 1 1 1 1 1 55 `邪惡怒視綁腿` `` 11203
12909 2 1 1 1 1 1 1 1 1 1 1 1 55 `頑強的巴羅斯綁腿` `` 11203
12910 2 1 1 1 1 1 1 1 1 1 1 1 55 `殘忍的執行者脛甲` `` 11203
12928 2 1 1 1 1 1 1 1 1 1 1 1 65 `黑豹突擊者護腿` `` 11203
12930 2 1 1 1 1 1 1 1 1 1 1 1 65 `戰神的兵戎護腿` `` 11203
12929 2 1 1 1 1 1 1 1 1 1 1 1 65 `風暴追擊者護腿` `` 11203
12918 2 1 1 1 1 1 1 1 1 1 1 1 55 `屠殺之巫師脛甲` `` 11203
12931 2 1 1 1 1 1 1 1 1 1 1 1 65 `響尾蛇的誘惑護腿` `` 11203
12932 2 1 1 1 1 1 1 1 1 1 1 1 65 `白馬之影護腿` `` 11203
12937 2 1 1 1 1 1 1 1 1 1 1 1 62 `真 ‧ 精武之魂脛甲` `` 11203
12938 2 1 1 1 1 1 1 1 1 1 1 1 62 `真 ‧ 米格拉的英雄護腿` `` 11203
12939 2 1 1 1 1 1 1 1 1 1 1 1 62 `真 ‧ 霸權者的智慧脛甲` `` 11203
12940 2 1 1 1 1 1 1 1 1 1 1 1 62 `真 ‧ 暗黑之焰脛甲` `` 11203
12941 2 1 1 1 1 1 1 1 1 1 1 1 62 `真 ‧ 拳王的獨孤脛甲` `` 11203
12942 2 1 1 1 1 1 1 1 1 1 1 1 67 `真 ‧ 黑豹突擊者護腿` `` 11203
12943 2 1 1 1 1 1 1 1 1 1 1 1 67 `真 ‧ 風暴追擊者護腿` `` 11203
12944 2 1 1 1 1 1 1 1 1 1 1 1 67 `真 ‧ 戰神的兵戎護腿` `` 11203
12945 2 1 1 1 1 1 1 1 1 1 1 1 67 `真 ‧ 響尾蛇的誘惑護腿` `` 11203
13308 2 1 1 1 1 1 1 1 1 1 1 1 55 `血浸黑栗綁腿` `` 11303
12946 2 1 1 1 1 1 1 1 1 1 1 1 67 `真 ‧ 白馬之影護腿` `` 11203
13324 2 1 1 1 1 1 1 1 1 1 1 1 65 `惊魂之厄運護腿` `` 11303
13325 2 1 1 1 1 1 1 1 1 1 1 1 65 `后街之王護腿` `` 11303
13310 2 1 1 1 1 1 1 1 1 1 1 1 55 `梅爾文的隨心綁腿` `` 11303
13311 2 1 1 1 1 1 1 1 1 1 1 1 55 `原罪之封印綁腿` `` 11403
13326 2 1 1 1 1 1 1 1 1 1 1 1 65 `蒼狼戰士脛甲` `` 11303
13309 2 1 1 1 1 1 1 1 1 1 1 1 55 `暗黑侵略者綁腿` `` 11303
13332 2 1 1 1 1 1 1 1 1 1 1 1 62 `真 ‧ 赤煉脛甲` `` 11303
13331 2 1 1 1 1 1 1 1 1 1 1 1 62 `真 ‧ 巨武器破坏者護腿` `` 11303
13333 2 1 1 1 1 1 1 1 1 1 1 1 62 `真 ‧ 血之結界脛甲` `` 11303
13334 2 1 1 1 1 1 1 1 1 1 1 1 67 `真 ‧ 惊魂之厄運護腿` `` 11303
13335 2 1 1 1 1 1 1 1 1 1 1 1 67 `真 ‧ 后街之王護腿` `` 11303
13336 2 1 1 1 1 1 1 1 1 1 1 1 67 `真 ‧ 蒼狼戰士脛甲` `` 11303
13668 2 1 1 1 1 1 1 1 1 1 1 1 55 `熾燃之波綁腿` `` 11403
13679 2 1 1 1 1 1 1 1 1 1 1 1 65 `絕地武士護腿` `` 11403
13669 2 1 1 1 1 1 1 1 1 1 1 1 55 `圣洁勛章綁腿` `` 11403
13680 2 1 1 1 1 1 1 1 1 1 1 1 65 `重生之靈魂護腿` `` 11403
13681 2 1 1 1 1 1 1 1 1 1 1 1 65 `邪惡之擊護腿` `` 11403
13687 2 1 1 1 1 1 1 1 1 1 1 1 62 `真 ‧ 光之流影護腿` `` 11403
13688 2 1 1 1 1 1 1 1 1 1 1 1 62 `真 ‧ 守護者的獻祭護腿` `` 11403
13689 2 1 1 1 1 1 1 1 1 1 1 1 62 `真 ‧ 暮光信徒護腿` `` 11403
13690 2 1 1 1 1 1 1 1 1 1 1 1 67 `真 ‧ 絕地武士護腿` `` 11403
13691 2 1 1 1 1 1 1 1 1 1 1 1 67 `真 ‧ 重生之靈魂護腿` `` 11403
13692 2 1 1 1 1 1 1 1 1 1 1 1 67 `真 ‧ 邪惡之擊護腿` `` 11403
14094 2 1 1 1 1 1 1 1 1 1 1 1 45 `寂魂祈日斗篷` `` 11003
14093 2 1 1 1 1 1 1 1 1 1 1 1 45 `神官吉格的祭祀護肩` `` 11003
14095 2 1 1 1 1 1 1 1 1 1 1 1 45 `玄武鳴天披肩` `` 11003
14099 2 1 1 1 1 1 1 1 1 1 1 1 45 `迷月玄羽斗篷` `` 11003
14096 2 1 1 1 1 1 1 1 1 1 1 1 45 `月海碧魔斗篷` `` 11003
14107 2 1 1 1 1 1 1 1 1 1 1 1 45 `蒼穹之主護肩` `` 11003
14116 2 1 1 1 1 1 1 1 1 1 1 1 45 `諾斯瑪爾 : 逆翎布甲護肩` `` 11003
14117 2 1 1 1 1 1 1 1 1 1 1 1 45 `諾斯瑪爾 : 破曦布甲護肩` `` 11003
14477 2 1 1 1 1 1 1 1 1 1 1 1 45 `爆麟護肩` `` 11102
14476 2 1 1 1 1 1 1 1 1 1 1 1 45 `流光護肩` `` 11102
14478 2 1 1 1 1 1 1 1 1 1 1 1 45 `黑月護肩` `` 11102
14492 2 1 1 1 1 1 1 1 1 1 1 1 45 `諾斯瑪爾 : 斬影皮甲護肩` `` 11102
14491 2 1 1 1 1 1 1 1 1 1 1 1 45 `諾斯瑪爾 : 赤龍皮甲護肩` `` 11102
14496 2 1 1 1 1 1 1 1 1 1 1 1 45 `遠古圖書館的管理員護肩` `` 11102
14873 2 1 1 1 1 1 1 1 1 1 1 1 45 `龍脊護肩` `` 11202
14874 2 1 1 1 1 1 1 1 1 1 1 1 45 `黑龍汲星護肩` `` 11202
14507 2 1 1 1 1 1 1 1 1 1 1 1 45 `阿瓦利亞的迅捷護肩` `` 11102
14875 2 1 1 1 1 1 1 1 1 1 1 1 45 `星臨護肩` `` 11202
14886 2 1 1 1 1 1 1 1 1 1 1 1 45 `裁決之甲 - 神鑒護肩` `` 11202
14895 2 1 1 1 1 1 1 1 1 1 1 1 45 `諾斯瑪爾 : 戾龍輕甲護肩` `` 11202
14896 2 1 1 1 1 1 1 1 1 1 1 1 45 `諾斯瑪爾 : 斬影輕甲護肩` `` 11202
14912 2 1 1 1 1 1 1 1 1 1 1 1 45 `詛咒之巫師肩甲` `` 11202
15273 2 1 1 1 1 1 1 1 1 1 1 1 45 `怒靈詛咒護肩` `` 11302
15274 2 1 1 1 1 1 1 1 1 1 1 1 45 `惡雷擒月護肩` `` 11302
15275 2 1 1 1 1 1 1 1 1 1 1 1 45 `ES-YL11護肩` `` 11302
15295 2 1 1 1 1 1 1 1 1 1 1 1 45 `諾斯瑪爾 : 斬影重甲護肩` `` 11302
15294 2 1 1 1 1 1 1 1 1 1 1 1 45 `諾斯瑪爾 : 戾龍重甲護肩` `` 11302
15285 2 1 1 1 1 1 1 1 1 1 1 1 45 `信耶的附靈肩甲` `` 11402
15657 2 1 1 1 1 1 1 1 1 1 1 1 45 `守護盔甲 - 薔薇護肩` `` 11402
15662 2 1 1 1 1 1 1 1 1 1 1 1 45 `諾斯瑪爾 : 赤龍板甲護肩` `` 11402
16079 2 1 1 1 1 1 1 1 1 1 1 1 45 `神官吉格的祭祀腰帶` `` 11006
16080 2 1 1 1 1 1 1 1 1 1 1 1 45 `寂魂祈日腰帶` `` 11006
16081 2 1 1 1 1 1 1 1 1 1 1 1 45 `玄武鳴天腰帶` `` 11006
16082 2 1 1 1 1 1 1 1 1 1 1 1 45 `月海碧魔腰帶` `` 11006
16085 2 1 1 1 1 1 1 1 1 1 1 1 45 `迷月玄羽腰帶` `` 11006
16105 2 1 1 1 1 1 1 1 1 1 1 1 45 `諾斯瑪爾 : 逆翎布甲腰帶` `` 11006
16096 2 1 1 1 1 1 1 1 1 1 1 1 45 `蒼穹之主腰帶` `` 11006
16106 2 1 1 1 1 1 1 1 1 1 1 1 45 `諾斯瑪爾 : 破曦布甲腰帶` `` 11006
16475 2 1 1 1 1 1 1 1 1 1 1 1 45 `流光腰帶` `` 11105
16476 2 1 1 1 1 1 1 1 1 1 1 1 45 `爆麟腰帶` `` 11105
16477 2 1 1 1 1 1 1 1 1 1 1 1 45 `黑月腰帶` `` 11105
16490 2 1 1 1 1 1 1 1 1 1 1 1 45 `諾斯瑪爾 : 赤龍皮甲腰帶` `` 11105
16491 2 1 1 1 1 1 1 1 1 1 1 1 45 `諾斯瑪爾 : 斬影皮甲腰帶` `` 11105
16495 2 1 1 1 1 1 1 1 1 1 1 1 45 `遠古圖書館的管理員腰帶` `` 11105
16873 2 1 1 1 1 1 1 1 1 1 1 1 45 `龍脊腰帶` `` 11205
16874 2 1 1 1 1 1 1 1 1 1 1 1 45 `黑龍汲星腰帶` `` 11205
16506 2 1 1 1 1 1 1 1 1 1 1 1 45 `阿瓦利亞的迅捷腰帶` `` 11105
16884 2 1 1 1 1 1 1 1 1 1 1 1 45 `裁決之甲 - 神鑒腰帶` `` 11205
16893 2 1 1 1 1 1 1 1 1 1 1 1 45 `諾斯瑪爾 : 戾龍輕甲腰帶` `` 11205
16875 2 1 1 1 1 1 1 1 1 1 1 1 45 `星臨腰帶` `` 11205
16906 2 1 1 1 1 1 1 1 1 1 1 1 45 `詛咒之巫師腰帶` `` 11205
16894 2 1 1 1 1 1 1 1 1 1 1 1 45 `諾斯瑪爾 : 斬影輕甲腰帶` `` 11205
17273 2 1 1 1 1 1 1 1 1 1 1 1 45 `怒靈詛咒腰帶` `` 11305
17274 2 1 1 1 1 1 1 1 1 1 1 1 45 `惡雷擒月腰帶` `` 11305
17292 2 1 1 1 1 1 1 1 1 1 1 1 45 `諾斯瑪爾 : 戾龍重甲腰帶` `` 11305
17283 2 1 1 1 1 1 1 1 1 1 1 1 45 `信耶的附靈腰帶` `` 11405
17275 2 1 1 1 1 1 1 1 1 1 1 1 45 `ES-YL11腰帶` `` 11305
18081 2 1 1 1 1 1 1 1 1 1 1 1 45 `寂魂祈日短靴` `` 11005
17293 2 1 1 1 1 1 1 1 1 1 1 1 45 `諾斯瑪爾 : 斬影重甲腰帶` `` 11305
17648 2 1 1 1 1 1 1 1 1 1 1 1 45 `英勇守護腰帶` `` 11405
18082 2 1 1 1 1 1 1 1 1 1 1 1 45 `玄武鳴天短靴` `` 11005
18080 2 1 1 1 1 1 1 1 1 1 1 1 45 `神官吉格的祭祀短靴` `` 11005
17660 2 1 1 1 1 1 1 1 1 1 1 1 45 `諾斯瑪爾 : 赤龍板甲腰帶` `` 11405
18083 2 1 1 1 1 1 1 1 1 1 1 1 45 `月海碧魔短靴` `` 11005
17655 2 1 1 1 1 1 1 1 1 1 1 1 45 `守護盔甲 - 薔薇護腰` `` 11405
18086 2 1 1 1 1 1 1 1 1 1 1 1 45 `迷月玄羽短靴` `` 11005
18102 2 1 1 1 1 1 1 1 1 1 1 1 45 `蒼穹之主短靴` `` 11005
18111 2 1 1 1 1 1 1 1 1 1 1 1 45 `諾斯瑪爾 : 逆翎布甲長靴` `` 11005
18112 2 1 1 1 1 1 1 1 1 1 1 1 45 `諾斯瑪爾 : 破曦布甲長靴` `` 11005
18131 2 1 1 1 1 1 1 1 1 1 1 1 55 `瘋狂工程師的短靴` `` 11005
18132 2 1 1 1 1 1 1 1 1 1 1 1 55 `歸隱的武士戰靴` `` 11005
18133 2 1 1 1 1 1 1 1 1 1 1 1 55 `流云惊月短靴` `` 11005
18134 2 1 1 1 1 1 1 1 1 1 1 1 55 `無盡的元素之力短靴` `` 11005
18135 2 1 1 1 1 1 1 1 1 1 1 1 55 `契約支配者短靴` `` 11005
18136 2 1 1 1 1 1 1 1 1 1 1 1 55 `靈魂之信仰戰靴` `` 11005
18150 2 1 1 1 1 1 1 1 1 1 1 1 57 `真 ‧ 瘋狂工程師的短靴` `` 11005
18151 2 1 1 1 1 1 1 1 1 1 1 1 57 `真 ‧ 歸隱的武士戰靴` `` 11005
18152 2 1 1 1 1 1 1 1 1 1 1 1 57 `真 ‧ 流云惊月短靴` `` 11005
18153 2 1 1 1 1 1 1 1 1 1 1 1 57 `真 ‧ 無盡的元素之力短靴` `` 11005
18154 2 1 1 1 1 1 1 1 1 1 1 1 57 `真 ‧ 契約支配者短靴` `` 11005
18155 2 1 1 1 1 1 1 1 1 1 1 1 57 `真 ‧ 靈魂之信仰戰靴` `` 11005
18156 2 1 1 1 1 1 1 1 1 1 1 1 62 `真 ‧ 碧波印月短靴` `` 11005
18157 2 1 1 1 1 1 1 1 1 1 1 1 62 `真 ‧ 懲戒之反擊戰靴` `` 11005
18158 2 1 1 1 1 1 1 1 1 1 1 1 62 `真 ‧ 陣法之奧秘戰靴` `` 11005
18159 2 1 1 1 1 1 1 1 1 1 1 1 62 `真 ‧ 自然之和諧短靴` `` 11005
18160 2 1 1 1 1 1 1 1 1 1 1 1 62 `真 ‧ 天空之翼戰靴` `` 11005
18178 2 1 1 1 1 1 1 1 1 1 1 1 65 `机械工程師短靴` `` 11005
18161 2 1 1 1 1 1 1 1 1 1 1 1 62 `真 ‧ 傲慢的祭祀者戰靴` `` 11005
18179 2 1 1 1 1 1 1 1 1 1 1 1 65 `古巴比倫短靴` `` 11005
18180 2 1 1 1 1 1 1 1 1 1 1 1 65 `無盡之魂長靴` `` 11005
18181 2 1 1 1 1 1 1 1 1 1 1 1 65 `王者之尊短靴` `` 11005
18182 2 1 1 1 1 1 1 1 1 1 1 1 65 `王之威嚴短靴` `` 11005
18183 2 1 1 1 1 1 1 1 1 1 1 1 65 `泣靈之紗短靴` `` 11005
18476 2 1 1 1 1 1 1 1 1 1 1 1 45 `流光皮靴` `` 11104
18477 2 1 1 1 1 1 1 1 1 1 1 1 45 `爆麟皮靴` `` 11104
18478 2 1 1 1 1 1 1 1 1 1 1 1 45 `黑月皮靴` `` 11104
18498 2 1 1 1 1 1 1 1 1 1 1 1 45 `諾斯瑪爾 : 赤龍皮甲長靴` `` 11104
18499 2 1 1 1 1 1 1 1 1 1 1 1 45 `諾斯瑪爾 : 斬影皮甲長靴` `` 11104
18516 2 1 1 1 1 1 1 1 1 1 1 1 45 `阿瓦利亞的迅捷皮鞋` `` 11104
18503 2 1 1 1 1 1 1 1 1 1 1 1 45 `遠古圖書館的管理員之鞋` `` 11104
18521 2 1 1 1 1 1 1 1 1 1 1 1 55 `巨鯨之王戰靴` `` 11104
18520 2 1 1 1 1 1 1 1 1 1 1 1 55 `西部槍手長靴` `` 11104
18523 2 1 1 1 1 1 1 1 1 1 1 1 55 `慈悲之心長靴` `` 11104
18522 2 1 1 1 1 1 1 1 1 1 1 1 55 `暮星皮靴` `` 11104
18524 2 1 1 1 1 1 1 1 1 1 1 1 55 `精靈的智慧長靴` `` 11104
18537 2 1 1 1 1 1 1 1 1 1 1 1 57 `真 ‧ 巨鯨之王戰靴` `` 11104
18536 2 1 1 1 1 1 1 1 1 1 1 1 57 `真 ‧ 西部槍手長靴` `` 11104
18538 2 1 1 1 1 1 1 1 1 1 1 1 57 `真 ‧ 暮星皮靴` `` 11104
18540 2 1 1 1 1 1 1 1 1 1 1 1 57 `真 ‧ 精靈的智慧長靴` `` 11104
18539 2 1 1 1 1 1 1 1 1 1 1 1 57 `真 ‧ 慈悲之心長靴` `` 11104
18541 2 1 1 1 1 1 1 1 1 1 1 1 62 `真 ‧ 槍之煙霧短靴` `` 11104
18542 2 1 1 1 1 1 1 1 1 1 1 1 62 `真 ‧ 王族戰士長靴` `` 11104
18544 2 1 1 1 1 1 1 1 1 1 1 1 62 `真 ‧ 戰爭預言家長靴` `` 11104
18543 2 1 1 1 1 1 1 1 1 1 1 1 62 `真 ‧ 公會守護者長靴` `` 11104
18545 2 1 1 1 1 1 1 1 1 1 1 1 62 `真 ‧ 輝煌之祈愿戰靴` `` 11104
18562 2 1 1 1 1 1 1 1 1 1 1 1 65 `軍事狂潮短靴` `` 11104
18561 2 1 1 1 1 1 1 1 1 1 1 1 65 `西部奇兵短靴` `` 11104
18563 2 1 1 1 1 1 1 1 1 1 1 1 65 `鋼鐵亡靈長靴` `` 11104
18564 2 1 1 1 1 1 1 1 1 1 1 1 65 `獵豹冥紋短靴` `` 11104
18565 2 1 1 1 1 1 1 1 1 1 1 1 65 `魔幻精靈短靴` `` 11104
18874 2 1 1 1 1 1 1 1 1 1 1 1 45 `龍脊長靴` `` 11204
18875 2 1 1 1 1 1 1 1 1 1 1 1 45 `黑龍汲星長靴` `` 11204
18876 2 1 1 1 1 1 1 1 1 1 1 1 45 `星臨長靴` `` 11204
18891 2 1 1 1 1 1 1 1 1 1 1 1 45 `裁決之甲 - 神鑒長靴` `` 11204
18900 2 1 1 1 1 1 1 1 1 1 1 1 45 `諾斯瑪爾 : 戾龍輕甲長靴` `` 11204
18901 2 1 1 1 1 1 1 1 1 1 1 1 45 `諾斯瑪爾 : 斬影輕甲長靴` `` 11204
18915 2 1 1 1 1 1 1 1 1 1 1 1 45 `詛咒之巫師短靴` `` 11204
18919 2 1 1 1 1 1 1 1 1 1 1 1 55 `精武之魂短靴` `` 11204
18920 2 1 1 1 1 1 1 1 1 1 1 1 55 `米格拉的英雄短靴` `` 11204
18921 2 1 1 1 1 1 1 1 1 1 1 1 55 `霸權者的智慧短靴` `` 11204
18923 2 1 1 1 1 1 1 1 1 1 1 1 55 `拳王的獨孤短靴` `` 11204
18922 2 1 1 1 1 1 1 1 1 1 1 1 55 `暗黑之焰短靴` `` 11204
18935 2 1 1 1 1 1 1 1 1 1 1 1 57 `真 ‧ 精武之魂短靴` `` 11204
18937 2 1 1 1 1 1 1 1 1 1 1 1 57 `真 ‧ 霸權者的智慧短靴` `` 11204
18938 2 1 1 1 1 1 1 1 1 1 1 1 57 `真 ‧ 暗黑之焰短靴` `` 11204
18936 2 1 1 1 1 1 1 1 1 1 1 1 57 `真 ‧ 米格拉的英雄短靴` `` 11204
18940 2 1 1 1 1 1 1 1 1 1 1 1 62 `真 ‧ 黑豹突擊者戰靴` `` 11204
18943 2 1 1 1 1 1 1 1 1 1 1 1 62 `真 ‧ 響尾蛇的誘惑戰靴` `` 11204
18962 2 1 1 1 1 1 1 1 1 1 1 1 65 `亡命靈魂長靴` `` 11204
18944 2 1 1 1 1 1 1 1 1 1 1 1 62 `真 ‧ 白馬之影戰靴` `` 11204
18939 2 1 1 1 1 1 1 1 1 1 1 1 57 `真 ‧ 拳王的獨孤短靴` `` 11204
18941 2 1 1 1 1 1 1 1 1 1 1 1 62 `真 ‧ 風暴追擊者長靴` `` 11204
18961 2 1 1 1 1 1 1 1 1 1 1 1 65 `冶煉鋼甲短靴` `` 11204
18942 2 1 1 1 1 1 1 1 1 1 1 1 62 `真 ‧ 戰神的兵戎長靴` `` 11204
18963 2 1 1 1 1 1 1 1 1 1 1 1 65 `逐光長靴` `` 11204
18964 2 1 1 1 1 1 1 1 1 1 1 1 65 `命運逆轉長靴` `` 11204
18965 2 1 1 1 1 1 1 1 1 1 1 1 65 `聚力之魂短靴` `` 11204
19274 2 1 1 1 1 1 1 1 1 1 1 1 45 `怒靈詛咒長靴` `` 11304
19276 2 1 1 1 1 1 1 1 1 1 1 1 45 `ES-YL11長靴` `` 11304
19275 2 1 1 1 1 1 1 1 1 1 1 1 45 `惡雷擒月長靴` `` 11304
19289 2 1 1 1 1 1 1 1 1 1 1 1 45 `信耶的附靈長靴` `` 11404
19298 2 1 1 1 1 1 1 1 1 1 1 1 45 `諾斯瑪爾 : 戾龍重甲長靴` `` 11304
19299 2 1 1 1 1 1 1 1 1 1 1 1 45 `諾斯瑪爾 : 斬影重甲長靴` `` 11304
19311 2 1 1 1 1 1 1 1 1 1 1 1 55 `巨武器破坏者戰靴` `` 11304
19312 2 1 1 1 1 1 1 1 1 1 1 1 55 `赤煉長靴` `` 11304
19313 2 1 1 1 1 1 1 1 1 1 1 1 55 `血之結界長靴` `` 11304
19323 2 1 1 1 1 1 1 1 1 1 1 1 57 `真 ‧ 巨武器破坏者戰靴` `` 11304
19324 2 1 1 1 1 1 1 1 1 1 1 1 57 `真 ‧ 赤煉長靴` `` 11304
19325 2 1 1 1 1 1 1 1 1 1 1 1 57 `真 ‧ 血之結界長靴` `` 11304
19326 2 1 1 1 1 1 1 1 1 1 1 1 62 `真 ‧ 惊魂之厄運長靴` `` 11304
19327 2 1 1 1 1 1 1 1 1 1 1 1 62 `真 ‧ 后街之王戰靴` `` 11304
19328 2 1 1 1 1 1 1 1 1 1 1 1 62 `真 ‧ 蒼狼戰士長靴` `` 11304
19352 2 1 1 1 1 1 1 1 1 1 1 1 65 `鋼鐵意志短靴` `` 11304
19353 2 1 1 1 1 1 1 1 1 1 1 1 65 `迅襲長靴` `` 11304
19354 2 1 1 1 1 1 1 1 1 1 1 1 65 `凶神之煞長靴` `` 11304
19355 2 1 1 1 1 1 1 1 1 1 1 1 65 `罪惡制裁長靴` `` 11304
19648 2 1 1 1 1 1 1 1 1 1 1 1 45 `英勇守護長靴` `` 11404
19661 2 1 1 1 1 1 1 1 1 1 1 1 45 `守護盔甲 - 薔薇長靴` `` 11404
19666 2 1 1 1 1 1 1 1 1 1 1 1 45 `諾斯瑪爾 : 赤龍板甲長靴` `` 11404
19676 2 1 1 1 1 1 1 1 1 1 1 1 55 `光之流影戰靴` `` 11404
19677 2 1 1 1 1 1 1 1 1 1 1 1 55 `守護者的獻祭戰靴` `` 11404
19678 2 1 1 1 1 1 1 1 1 1 1 1 55 `暮光信徒戰靴` `` 11404
19688 2 1 1 1 1 1 1 1 1 1 1 1 57 `真 ‧ 光之流影戰靴` `` 11404
19689 2 1 1 1 1 1 1 1 1 1 1 1 57 `真 ‧ 守護者的獻祭戰靴` `` 11404
19690 2 1 1 1 1 1 1 1 1 1 1 1 57 `真 ‧ 暮光信徒戰靴` `` 11404
19691 2 1 1 1 1 1 1 1 1 1 1 1 62 `真 ‧ 絕地武士戰靴` `` 11404
19708 2 1 1 1 1 1 1 1 1 1 1 1 65 `波動奧義戰靴` `` 11404
19692 2 1 1 1 1 1 1 1 1 1 1 1 62 `真 ‧ 重生之靈魂戰靴` `` 11404
19709 2 1 1 1 1 1 1 1 1 1 1 1 65 `意念之守護長靴` `` 11404
19693 2 1 1 1 1 1 1 1 1 1 1 1 62 `真 ‧ 邪惡之擊戰靴` `` 11404
19710 2 1 1 1 1 1 1 1 1 1 1 1 65 `金屬風暴長靴` `` 11404
20150 2 1 1 1 1 1 1 1 1 1 1 1 65 `摩根石項鏈` `` 12001
22123 2 1 1 1 1 1 1 1 1 1 1 1 55 `王權之鐲` `` 12003
20128 2 1 1 1 1 1 1 1 1 1 1 1 55 `波動之環` `` 12001
20154 2 1 1 1 1 1 1 1 1 1 1 1 62 `真 ‧ 魯貝斯項鏈` `` 12001
20155 2 1 1 1 1 1 1 1 1 1 1 1 67 `真 ‧ 摩根石項鏈` `` 12001
22142 2 1 1 1 1 1 1 1 1 1 1 1 65 `摩根石手鐲` `` 12003
22148 2 1 1 1 1 1 1 1 1 1 1 1 67 `真 ‧ 摩根石手鐲` `` 12003
24132 2 1 1 1 1 1 1 1 1 1 1 1 55 `夢幻指輪` `` 12002
22147 2 1 1 1 1 1 1 1 1 1 1 1 62 `真 ‧ 青金石手鐲` `` 12003
24156 2 1 1 1 1 1 1 1 1 1 1 1 65 `摩根石戒指` `` 12002
24162 2 1 1 1 1 1 1 1 1 1 1 1 62 `真 ‧ 奧比斯戒指` `` 12002
24163 2 1 1 1 1 1 1 1 1 1 1 1 67 `真 ‧ 摩根石戒指` `` 12002
29108 2 1 1 1 1 1 1 1 1 1 1 1 55 `勇气之祈求者` `` 10202
29129 2 1 1 1 1 1 1 1 1 1 1 1 65 `泰米爾之角` `` 10202
29356 2 1 1 1 1 1 1 1 1 1 1 1 55 `哈拜利的熾熱臂鎧` `` 10203
29390 2 1 1 1 1 1 1 1 1 1 1 1 65 `白水之流臂鎧` `` 10203
29374 2 1 1 1 1 1 1 1 1 1 1 1 65 `黃金戰士臂鎧` `` 10203
29135 2 1 1 1 1 1 1 1 1 1 1 1 67 `真 ‧ 泰米爾之角` `` 10202
29379 2 1 1 1 1 1 1 1 1 1 1 1 67 `真 ‧ 黃金戰士臂鎧` `` 10203
29134 2 1 1 1 1 1 1 1 1 1 1 1 62 `真 ‧ 死亡暴風手套` `` 10202
29706 2 1 1 1 1 1 1 1 1 1 1 1 55 `詭譎欺詐者` `` 10204
29725 2 1 1 1 1 1 1 1 1 1 1 1 65 `達西安骨爪` `` 10204
29378 2 1 1 1 1 1 1 1 1 1 1 1 62 `真 ‧ 千足臂鎧` `` 10203
29730 2 1 1 1 1 1 1 1 1 1 1 1 67 `真 ‧ 達西安骨爪` `` 10204
29729 2 1 1 1 1 1 1 1 1 1 1 1 62 `真 ‧ 戰栗之爪` `` 10204
30004 2 1 1 1 1 1 1 1 1 1 1 1 55 `罪孽破坏者` `` 10206
30020 2 1 1 1 1 1 1 1 1 1 1 1 65 `星芒東方棍` `` 10206
30036 2 1 1 1 1 1 1 1 1 1 1 1 65 `海妖之尖牙` `` 10206
30025 2 1 1 1 1 1 1 1 1 1 1 1 62 `真 ‧ 虎鉗東方棍` `` 10206
30274 2 1 1 1 1 1 1 1 1 1 1 1 55 `殺人蜂` `` 10205
30026 2 1 1 1 1 1 1 1 1 1 1 1 67 `真 ‧ 星芒東方棍` `` 10206
30289 2 1 1 1 1 1 1 1 1 1 1 1 65 `虎之怒嘯拳套` `` 10205
31125 2 1 1 1 1 1 1 1 1 1 1 1 65 `蓋拉特亞左輪槍` `` 10302
31108 2 1 1 1 1 1 1 1 1 1 1 1 55 `海神之魂` `` 10302
30293 2 1 1 1 1 1 1 1 1 1 1 1 62 `真 ‧ 毒之凝視拳套` `` 10205
30294 2 1 1 1 1 1 1 1 1 1 1 1 67 `真 ‧ 虎之怒嘯拳套` `` 10205
31404 2 1 1 1 1 1 1 1 1 1 1 1 55 `弗伯斯` `` 10303
31130 2 1 1 1 1 1 1 1 1 1 1 1 67 `真 ‧ 蓋拉特亞左輪槍` `` 10302
31422 2 1 1 1 1 1 1 1 1 1 1 1 65 `亞薩的雙管手槍` `` 10303
31129 2 1 1 1 1 1 1 1 1 1 1 1 62 `真 ‧ 冰焰左輪槍` `` 10302
31702 2 1 1 1 1 1 1 1 1 1 1 1 55 `猩紅之眸` `` 10306
31427 2 1 1 1 1 1 1 1 1 1 1 1 67 `真 ‧ 亞薩的雙管手槍` `` 10303
31719 2 1 1 1 1 1 1 1 1 1 1 1 65 `玄鐵玫瑰手弩` `` 10306
31999 2 1 1 1 1 1 1 1 1 1 1 1 55 `天之守護者` `` 10304
31724 2 1 1 1 1 1 1 1 1 1 1 1 67 `真 ‧ 玄鐵玫瑰手弩` `` 10306
31426 2 1 1 1 1 1 1 1 1 1 1 1 62 `真 ‧ 羅斯韋森手槍` `` 10303
32016 2 1 1 1 1 1 1 1 1 1 1 1 65 `土星守護者` `` 10304
31723 2 1 1 1 1 1 1 1 1 1 1 1 62 `真 ‧ 不列顛毒弩` `` 10306
32301 2 1 1 1 1 1 1 1 1 1 1 1 55 `鋼之月牙` `` 10305
32020 2 1 1 1 1 1 1 1 1 1 1 1 62 `真 ‧ 天王星守護者` `` 10304
32321 2 1 1 1 1 1 1 1 1 1 1 1 65 `巨人手炮` `` 10305
32021 2 1 1 1 1 1 1 1 1 1 1 1 67 `真 ‧ 土星守護者` `` 10304
32327 2 1 1 1 1 1 1 1 1 1 1 1 62 `真 ‧ 忒提絲手炮` `` 10305
32338 2 1 1 1 1 1 1 1 1 1 1 1 65 `布拉德利 - Jr` `` 10305
32328 2 1 1 1 1 1 1 1 1 1 1 1 67 `真 ‧ 巨人手炮` `` 10305
33068 2 1 1 1 1 1 1 1 1 1 1 1 55 `瘟疫之矛` `` 10402
33089 2 1 1 1 1 1 1 1 1 1 1 1 65 `桑格的雙刃戰矛` `` 10402
33094 2 1 1 1 1 1 1 1 1 1 1 1 67 `真 ‧ 桑格的雙刃戰矛` `` 10402
33372 2 1 1 1 1 1 1 1 1 1 1 1 55 `蛟龍棍` `` 10403
33393 2 1 1 1 1 1 1 1 1 1 1 1 65 `薩努斯的銅鈴長棍` `` 10403
33093 2 1 1 1 1 1 1 1 1 1 1 1 62 `真 ‧ 冰河之矛` `` 10402
33399 2 1 1 1 1 1 1 1 1 1 1 1 67 `真 ‧ 薩努斯的銅鈴長棍` `` 10403
33689 2 1 1 1 1 1 1 1 1 1 1 1 65 `草莓棒棒糖` `` 10404
33668 2 1 1 1 1 1 1 1 1 1 1 1 55 `奧利亞斯之杖` `` 10404
33693 2 1 1 1 1 1 1 1 1 1 1 1 62 `真 ‧ 守護者魔杖` `` 10404
33398 2 1 1 1 1 1 1 1 1 1 1 1 62 `真 ‧ 血幽靈長棍` `` 10403
33694 2 1 1 1 1 1 1 1 1 1 1 1 67 `真 ‧ 草莓棒棒糖` `` 10404
33993 2 1 1 1 1 1 1 1 1 1 1 1 67 `真 ‧ 千年枯木法杖` `` 10405
34267 2 1 1 1 1 1 1 1 1 1 1 1 65 `貓眼刷` `` 10406
34246 2 1 1 1 1 1 1 1 1 1 1 1 55 `幻影之絕殺` `` 10406
35067 2 1 1 1 1 1 1 1 1 1 1 1 55 `天使之護十字架` `` 10502
33970 2 1 1 1 1 1 1 1 1 1 1 1 55 `巴爾巴托斯` `` 10405
34273 2 1 1 1 1 1 1 1 1 1 1 1 67 `真 ‧ 貓眼刷` `` 10406
33987 2 1 1 1 1 1 1 1 1 1 1 1 65 `千年枯木法杖` `` 10405
33992 2 1 1 1 1 1 1 1 1 1 1 1 62 `真 ‧ 淺綠之月法杖` `` 10405
34284 2 1 1 1 1 1 1 1 1 1 1 1 65 `紅葉常春藤` `` 10406
35086 2 1 1 1 1 1 1 1 1 1 1 1 65 `四色花語十字架` `` 10502
34272 2 1 1 1 1 1 1 1 1 1 1 1 62 `真 ‧ 千絲掃把` `` 10406
35381 2 1 1 1 1 1 1 1 1 1 1 1 65 `蒼月十一珠` `` 10503
35090 2 1 1 1 1 1 1 1 1 1 1 1 62 `真 ‧ 榮譽十字架` `` 10502
35091 2 1 1 1 1 1 1 1 1 1 1 1 67 `真 ‧ 四色花語十字架` `` 10502
35385 2 1 1 1 1 1 1 1 1 1 1 1 62 `真 ‧ 骷髏念珠` `` 10503
35102 2 1 1 1 1 1 1 1 1 1 1 1 65 `神圣之懲` `` 10502
35683 2 1 1 1 1 1 1 1 1 1 1 1 65 `碎靈圖騰` `` 10504
35386 2 1 1 1 1 1 1 1 1 1 1 1 67 `真 ‧ 蒼月十一珠` `` 10503
35363 2 1 1 1 1 1 1 1 1 1 1 1 55 `審判之電光天珠` `` 10503
35663 2 1 1 1 1 1 1 1 1 1 1 1 55 `破裂幻影圖騰` `` 10504
35688 2 1 1 1 1 1 1 1 1 1 1 1 67 `真 ‧ 碎靈圖騰` `` 10504
35687 2 1 1 1 1 1 1 1 1 1 1 1 62 `真 ‧ 极限之力圖騰` `` 10504
35951 2 1 1 1 1 1 1 1 1 1 1 1 55 `罪惡之斬首鐮` `` 10505
35977 2 1 1 1 1 1 1 1 1 1 1 1 65 `金翼戰鐮` `` 10505
36262 2 1 1 1 1 1 1 1 1 1 1 1 55 `极速毀滅者` `` 10506
35983 2 1 1 1 1 1 1 1 1 1 1 1 67 `真 ‧ 金翼戰鐮` `` 10505
36282 2 1 1 1 1 1 1 1 1 1 1 1 65 `焰刃戰斧` `` 10506
35982 2 1 1 1 1 1 1 1 1 1 1 1 62 `真 ‧ 遠古戰神之鐮` `` 10505
37036 2 1 1 1 1 1 1 1 1 1 1 1 55 `月夜颶風` `` 10602
36287 2 1 1 1 1 1 1 1 1 1 1 1 67 `真 ‧ 焰刃戰斧` `` 10506
37078 2 1 1 1 1 1 1 1 1 1 1 1 65 `倫多匕首` `` 10602
36286 2 1 1 1 1 1 1 1 1 1 1 1 62 `真 ‧ 混沌之戰斧` `` 10506
37334 2 1 1 1 1 1 1 1 1 1 1 1 55 `諾蒂疾影刃` `` 10603
37086 2 1 1 1 1 1 1 1 1 1 1 1 67 `真 ‧ 倫多匕首` `` 10602
37372 2 1 1 1 1 1 1 1 1 1 1 1 65 `古埃及烈焰雙劍` `` 10603
37085 2 1 1 1 1 1 1 1 1 1 1 1 62 `真 ‧ 弗里斯匕首` `` 10602
37673 2 1 1 1 1 1 1 1 1 1 1 1 65 `紫晶手杖` `` 10604
37634 2 1 1 1 1 1 1 1 1 1 1 1 55 `馬克納贊` `` 10604
37677 2 1 1 1 1 1 1 1 1 1 1 1 62 `真 ‧ 庫塔里奧手杖` `` 10604
37377 2 1 1 1 1 1 1 1 1 1 1 1 67 `真 ‧ 古埃及烈焰雙劍` `` 10603
440195 2 1 1 1 1 1 1 1 1 1 1 1 65 `雷米迪亞的圣杯` `` 32001
22240 2 1 1 1 1 1 1 1 1 1 1 1 65 `晴云霽月手鐲` `` 12003
37376 2 1 1 1 1 1 1 1 1 1 1 1 62 `真 ‧ 血之祭者` `` 10603
37678 2 1 1 1 1 1 1 1 1 1 1 1 67 `真 ‧ 紫晶手杖` `` 10604
11363 2 1 1 1 1 1 1 1 1 1 1 1 55 `魔形魅影胸甲` `` 11301
11365 2 1 1 1 1 1 1 1 1 1 1 1 65 `惡魔戰魂胸甲` `` 11301
13361 2 1 1 1 1 1 1 1 1 1 1 1 55 `魔形魅影腿甲` `` 11303
15345 2 1 1 1 1 1 1 1 1 1 1 1 45 `末日之殤肩甲` `` 11302
13363 2 1 1 1 1 1 1 1 1 1 1 1 65 `惡魔戰魂護腿` `` 11303
17339 2 1 1 1 1 1 1 1 1 1 1 1 45 `末日之殤腰帶` `` 11305
19346 2 1 1 1 1 1 1 1 1 1 1 1 45 `末日之殤戰靴` `` 11304
19348 2 1 1 1 1 1 1 1 1 1 1 1 55 `血色禁忌戰靴` `` 11304
10052 2 1 1 1 1 1 1 1 1 1 1 1 10 `格朗布林的蚕絲夾克` `` 11002
450018 3 1 1 1 1 1 1 1 1 1 1 1 65 `精靈勇士的勛章 - 鬼泣` `` 32101
450017 3 1 1 1 1 1 1 1 1 1 1 1 65 `精靈勇士的勛章 - 劍魂` `` 32101
450019 3 1 1 1 1 1 1 1 1 1 1 1 65 `精靈勇士的勛章 - 狂戰士` `` 32101
450020 3 1 1 1 1 1 1 1 1 1 1 1 65 `精靈勇士的勛章 - 阿修羅` `` 32101
450021 3 1 1 1 1 1 1 1 1 1 1 1 65 `精靈勇士的勛章 - 气功師` `` 32103
450023 3 1 1 1 1 1 1 1 1 1 1 1 65 `精靈勇士的勛章 - 街霸` `` 32103
450022 3 1 1 1 1 1 1 1 1 1 1 1 65 `精靈勇士的勛章 - 散打` `` 32103
450042 3 1 1 1 1 1 1 1 1 1 1 1 65 `精靈勇士的勛章 - 漫游槍手 (男)` `` 32104
450041 3 1 1 1 1 1 1 1 1 1 1 1 65 `精靈勇士的勛章 - 柔道家` `` 32103
450045 3 1 1 1 1 1 1 1 1 1 1 1 65 `精靈勇士的勛章 - 彈藥專家 (男)` `` 32104
450043 3 1 1 1 1 1 1 1 1 1 1 1 65 `精靈勇士的勛章 - 槍炮師 (男)` `` 32104
450044 3 1 1 1 1 1 1 1 1 1 1 1 65 `精靈勇士的勛章 - 机械師 (男)` `` 32104
450046 3 1 1 1 1 1 1 1 1 1 1 1 65 `精靈勇士的勛章 - 漫游槍手 (女)` `` 32109
450048 3 1 1 1 1 1 1 1 1 1 1 1 65 `精靈勇士的勛章 - 机械師 (女)` `` 32109
450047 3 1 1 1 1 1 1 1 1 1 1 1 65 `精靈勇士的勛章 - 槍炮師 (女)` `` 32109
450050 3 1 1 1 1 1 1 1 1 1 1 1 65 `精靈勇士的勛章 - 元素師` `` 32105
450049 3 1 1 1 1 1 1 1 1 1 1 1 65 `精靈勇士的勛章 - 彈藥專家 (女)` `` 32109
450051 3 1 1 1 1 1 1 1 1 1 1 1 65 `精靈勇士的勛章 - 召喚師 (冰)` `` 32105
450052 3 1 1 1 1 1 1 1 1 1 1 1 65 `精靈勇士的勛章 - 召喚師 (火)` `` 32105
450053 3 1 1 1 1 1 1 1 1 1 1 1 65 `精靈勇士的勛章 - 召喚師 (暗)` `` 32105
450057 3 1 1 1 1 1 1 1 1 1 1 1 65 `精靈勇士的勛章 - 圣騎士` `` 32108
450056 3 1 1 1 1 1 1 1 1 1 1 1 65 `精靈勇士的勛章 - 魔道學者` `` 32105
450055 3 1 1 1 1 1 1 1 1 1 1 1 65 `精靈勇士的勛章 - 戰斗法師` `` 32105
450054 3 1 1 1 1 1 1 1 1 1 1 1 65 `精靈勇士的勛章 - 召喚師 (光)` `` 32105
450075 3 1 1 1 1 1 1 1 1 1 1 1 65 `精靈勇士的勛章 - 藍拳圣使` `` 32108
450076 3 1 1 1 1 1 1 1 1 1 1 1 65 `精靈勇士的勛章 - 驅魔師` `` 32108
450078 3 1 1 1 1 1 1 1 1 1 1 1 65 `精靈勇士的勛章 - 死靈術士` `` 32110
450077 3 1 1 1 1 1 1 1 1 1 1 1 65 `精靈勇士的勛章 - 刺客` `` 32110
450106 3 1 1 1 1 1 1 1 1 1 1 1 65 `精靈勇士的勛章 - 气功師 (男)` `` 32111
450107 3 1 1 1 1 1 1 1 1 1 1 1 65 `精靈勇士的勛章 - 散打 (男)` `` 32111
450108 3 1 1 1 1 1 1 1 1 1 1 1 65 `精靈勇士的勛章 - 街霸 (男)` `` 32111
450109 3 1 1 1 1 1 1 1 1 1 1 1 65 `精靈勇士的勛章 - 柔道家 (男)` `` 32111
450121 3 1 1 1 1 1 1 1 1 1 1 1 65 `精靈勇士的勛章 - 复仇者` `` 32108
24081 3 1 1 1 1 1 1 1 1 1 1 1 40 `骸麒的骨戒` `` 12002
450136 3 1 1 1 1 1 1 1 1 1 1 1 65 `精靈勇士的勛章 - 元素爆破師` `` 32107
450137 3 1 1 1 1 1 1 1 1 1 1 1 65 `精靈勇士的勛章 - 冰結師` `` 32107
24183 3 1 1 1 1 1 1 1 1 1 1 1 68 `黑色雙子戒指 - 電` `` 12002
24180 3 1 1 1 1 1 1 1 1 1 1 1 68 `黑色雙子戒指 - 血` `` 12002
24181 3 1 1 1 1 1 1 1 1 1 1 1 68 `黑色雙子戒指 - 暈` `` 12002
24179 3 1 1 1 1 1 1 1 1 1 1 1 68 `黑色雙子戒指 - 毒` `` 12002
24184 3 1 1 1 1 1 1 1 1 1 1 1 68 `黑色雙子戒指 - 火` `` 12002
24182 3 1 1 1 1 1 1 1 1 1 1 1 68 `黑色雙子戒指 - 縛` `` 12002
24185 3 1 1 1 1 1 1 1 1 1 1 1 68 `黑色雙子戒指 - 冰` `` 12002
24186 3 1 1 1 1 1 1 1 1 1 1 1 68 `黑色雙子戒指 - 石` `` 12002
24188 3 1 1 1 1 1 1 1 1 1 1 1 68 `黑色雙子戒指 - 咒` `` 12002
24187 3 1 1 1 1 1 1 1 1 1 1 1 68 `黑色雙子戒指 - 緩` `` 12002
24189 3 1 1 1 1 1 1 1 1 1 1 1 68 `黑色雙子戒指 - 亂` `` 12002
24140 3 1 1 1 1 1 1 1 1 1 1 1 55 `遠古之艾爾文指環` `` 12002
20136 3 1 1 1 1 1 1 1 1 1 1 1 55 `佩魯斯的榮譽` `` 12001
24190 3 1 1 1 1 1 1 1 1 1 1 1 68 `黑色雙子戒指 - 暗` `` 12002
24265 3 1 1 1 1 1 1 1 1 1 1 1 65 `閃靈幻月` `` 12002
29302 0 1 1 1 1 1 1 1 1 1 1 1 5 `破舊的鏈甲臂鎧` `` 10203
29001 0 1 1 1 1 1 1 1 1 1 1 1 1 `破舊的手套` `` 10202
29900 0 1 1 1 1 1 1 1 1 1 1 1 1 `破裂的木制東方棍` `` 10206
31307 0 1 1 1 1 1 1 1 1 1 1 1 10 `老式裝填手槍` `` 10303
29644 3 1 1 1 1 1 1 1 1 1 1 1 10 `夜狼鐵爪` `` 10204
29907 0 1 1 1 1 1 1 1 1 1 1 1 10 `破損的鋼制東方棍` `` 10206
31344 3 1 1 1 1 1 1 1 1 1 1 1 10 `杰宁斯 - J22` `` 10303
29904 0 1 1 1 1 1 1 1 1 1 1 1 5 `褪色的青銅東方棍` `` 10206
29346 3 1 1 1 1 1 1 1 1 1 1 1 10 `泰坦的力量臂鎧` `` 10203
29047 3 1 1 1 1 1 1 1 1 1 1 1 10 `毒蛟手套` `` 10202
33600 0 1 1 1 1 1 1 1 1 1 1 1 1 `練習魔杖` `` 10404
35300 0 1 1 1 1 1 1 1 1 1 1 1 1 `練習念珠` `` 10503
35302 0 1 1 1 1 1 1 1 1 1 1 1 5 `古老的天空樹念珠` `` 10503
35304 0 1 1 1 1 1 1 1 1 1 1 1 10 `破舊的蒔芽念珠` `` 10503
35600 0 1 1 1 1 1 1 1 1 1 1 1 1 `練習圖騰` `` 10504
35001 0 1 1 1 1 1 1 1 1 1 1 1 1 `練習十字架` `` 10502
35602 0 1 1 1 1 1 1 1 1 1 1 1 5 `古老的庫尼族圖騰` `` 10504
35604 0 1 1 1 1 1 1 1 1 1 1 1 10 `損坏的庫尼族祈福圖騰` `` 10504
33604 0 1 1 1 1 1 1 1 1 1 1 1 10 `破裂的蒔芽魔杖` `` 10404
33602 0 1 1 1 1 1 1 1 1 1 1 1 5 `古老的天空魔杖` `` 10404
35900 0 1 1 1 1 1 1 1 1 1 1 1 1 `練習鐮刀` `` 10505
33624 3 1 1 1 1 1 1 1 1 1 1 1 10 `金星魔杖` `` 10404
35902 0 1 1 1 1 1 1 1 1 1 1 1 5 `古老的鐮刀` `` 10505
35904 0 1 1 1 1 1 1 1 1 1 1 1 10 `破損的鉤鐮` `` 10505
36200 0 1 1 1 1 1 1 1 1 1 1 1 1 `練習戰斧` `` 10506
36202 0 1 1 1 1 1 1 1 1 1 1 1 5 `古老的戰斧` `` 10506
36204 0 1 1 1 1 1 1 1 1 1 1 1 10 `損坏的寬刃戰斧` `` 10506
10000 0 1 1 1 1 1 1 1 1 1 1 1 1 `粗布襯衫` `` 11002
10800 0 1 1 1 1 1 1 1 1 1 1 1 1 `腐蝕的蒔芽胸甲` `` 11201
12000 0 1 1 1 1 1 1 1 1 1 1 1 1 `粗布短褲` `` 11004
11200 0 1 1 1 1 1 1 1 1 1 1 1 1 `破舊的青銅鏈甲` `` 11301
37002 0 1 1 1 1 1 1 1 1 1 1 1 1 `練習匕首` `` 10602
37037 3 1 1 1 1 1 1 1 1 1 1 1 10 `雪之災難` `` 10602
12800 0 1 1 1 1 1 1 1 1 1 1 1 1 `腐蝕的蒔芽綁腿` `` 11203
14000 0 1 1 1 1 1 1 1 1 1 1 1 1 `粗布護肩` `` 11003
13200 0 1 1 1 1 1 1 1 1 1 1 1 1 `破舊的青銅脛甲` `` 11303
15200 0 1 1 1 1 1 1 1 1 1 1 1 1 `破舊的青銅肩甲` `` 11302
16000 0 1 1 1 1 1 1 1 1 1 1 1 1 `粗布腰帶` `` 11006
14800 0 1 1 1 1 1 1 1 1 1 1 1 1 `腐蝕的蒔芽護肩` `` 11202
17200 0 1 1 1 1 1 1 1 1 1 1 1 1 `破舊的青銅護腰` `` 11305
16800 0 1 1 1 1 1 1 1 1 1 1 1 1 `腐蝕的蒔芽腰帶` `` 11205
18000 0 1 1 1 1 1 1 1 1 1 1 1 1 `粗布拖鞋` `` 11005
18800 0 1 1 1 1 1 1 1 1 1 1 1 1 `腐蝕的蒔芽短靴` `` 11204
19200 0 1 1 1 1 1 1 1 1 1 1 1 1 `破舊的青銅長靴` `` 11304
10002 0 1 1 1 1 1 1 1 1 1 1 1 5 `破舊的棉布襯衫` `` 11002
31001 0 1 1 1 1 1 1 1 1 1 1 1 1 `損坏的左輪槍` `` 10302
37300 0 1 1 1 1 1 1 1 1 1 1 1 1 `練習雙劍` `` 10603
37600 0 1 1 1 1 1 1 1 1 1 1 1 1 `練習手杖` `` 10604
31600 0 1 1 1 1 1 1 1 1 1 1 1 1 `損坏的短弩` `` 10306
12002 0 1 1 1 1 1 1 1 1 1 1 1 5 `破舊的棉布短褲` `` 11004
12444 3 1 1 1 1 1 1 1 1 1 1 1 10 `火蜥短褲` `` 11103
14002 0 1 1 1 1 1 1 1 1 1 1 1 5 `破舊的棉布護肩` `` 11003
10444 3 1 1 1 1 1 1 1 1 1 1 1 10 `火蜥皮衣` `` 11101
16002 0 1 1 1 1 1 1 1 1 1 1 1 5 `破舊的棉布腰帶` `` 11006
14444 3 1 1 1 1 1 1 1 1 1 1 1 10 `兔皮護肩` `` 11102
16044 3 1 1 1 1 1 1 1 1 1 1 1 10 `活力腰帶` `` 11006
18002 0 1 1 1 1 1 1 1 1 1 1 1 5 `破舊的棉布拖鞋` `` 11005
12802 0 1 1 1 1 1 1 1 1 1 1 1 5 `破舊的蒔芽綁腿` `` 11203
12843 3 1 1 1 1 1 1 1 1 1 1 1 10 `艾爾文綁腿` `` 11203
10802 0 1 1 1 1 1 1 1 1 1 1 1 5 `破舊的蒔芽胸甲` `` 11201
18444 3 1 1 1 1 1 1 1 1 1 1 1 10 `鯊魚皮靴` `` 11104
10843 3 1 1 1 1 1 1 1 1 1 1 1 10 `艾爾文胸甲` `` 11201
14802 0 1 1 1 1 1 1 1 1 1 1 1 5 `破舊的蒔芽護肩` `` 11202
16843 3 1 1 1 1 1 1 1 1 1 1 1 10 `雙子腰帶` `` 11205
16802 0 1 1 1 1 1 1 1 1 1 1 1 5 `破舊的蒔芽腰帶` `` 11205
14843 3 1 1 1 1 1 1 1 1 1 1 1 10 `碧磷護肩` `` 11202
18802 0 1 1 1 1 1 1 1 1 1 1 1 5 `破舊的蒔芽短靴` `` 11204
18843 3 1 1 1 1 1 1 1 1 1 1 1 10 `艾爾文涼鞋` `` 11204
11202 0 1 1 1 1 1 1 1 1 1 1 1 5 `生鏽的青銅鏈甲` `` 11301
11243 3 1 1 1 1 1 1 1 1 1 1 1 10 `鐵匠的熾炎胸甲` `` 11301
15202 0 1 1 1 1 1 1 1 1 1 1 1 5 `生鏽的青銅肩甲` `` 11302
13202 0 1 1 1 1 1 1 1 1 1 1 1 5 `生鏽的青銅脛甲` `` 11303
17202 0 1 1 1 1 1 1 1 1 1 1 1 5 `生鏽的青銅護腰` `` 11305
13243 3 1 1 1 1 1 1 1 1 1 1 1 10 `帝國元帥脛甲` `` 11303
17244 3 1 1 1 1 1 1 1 1 1 1 1 10 `素喃皇室腰帶` `` 11305
19244 3 1 1 1 1 1 1 1 1 1 1 1 10 `天神短靴` `` 11304
10405 0 1 1 1 1 1 1 1 1 1 1 1 10 `古老的羊皮長袍` `` 11101
19202 0 1 1 1 1 1 1 1 1 1 1 1 5 `生鏽的青銅長靴` `` 11304
12405 0 1 1 1 1 1 1 1 1 1 1 1 10 `古老的羊皮長褲` `` 11103
14405 0 1 1 1 1 1 1 1 1 1 1 1 10 `古老的羊皮護肩` `` 11102
18405 0 1 1 1 1 1 1 1 1 1 1 1 10 `古老的羊皮涼鞋` `` 11104
16405 0 1 1 1 1 1 1 1 1 1 1 1 10 `古老的羊皮腰帶` `` 11105
12407 1 1 1 1 1 1 1 1 1 1 1 1 10 `虎皮長褲` `` 11103
10407 1 1 1 1 1 1 1 1 1 1 1 1 10 `虎皮長袍` `` 11101
14407 1 1 1 1 1 1 1 1 1 1 1 1 10 `厚絨羊皮護肩` `` 11102
16407 1 1 1 1 1 1 1 1 1 1 1 1 10 `虎皮腰甲` `` 11105
18407 1 1 1 1 1 1 1 1 1 1 1 1 10 `虎皮涼鞋` `` 11104
22006 1 1 1 1 1 1 1 1 1 1 1 1 10 `蚕絲護腕` `` 12003
35006 1 1 1 1 1 1 1 1 1 1 1 1 10 `蒔芽十字架` `` 10502
37008 1 1 1 1 1 1 1 1 1 1 1 1 10 `卡魯卡秦匕首` `` 10602
31308 1 1 1 1 1 1 1 1 1 1 1 1 10 `裝填手槍` `` 10303
35305 1 1 1 1 1 1 1 1 1 1 1 1 10 `蒔芽念珠` `` 10503
29908 1 1 1 1 1 1 1 1 1 1 1 1 10 `鋼制東方棍` `` 10206
35605 1 1 1 1 1 1 1 1 1 1 1 1 10 `庫尼族祈福圖騰` `` 10504
35905 1 1 1 1 1 1 1 1 1 1 1 1 10 `鉤鐮` `` 10505
10007 1 1 1 1 1 1 1 1 1 1 1 1 10 `厚絨棉布背心` `` 11002
36205 1 1 1 1 1 1 1 1 1 1 1 1 10 `寬刃戰斧` `` 10506
33605 1 1 1 1 1 1 1 1 1 1 1 1 10 `蒔芽魔杖` `` 10404
12007 1 1 1 1 1 1 1 1 1 1 1 1 10 `厚絨棉布長褲` `` 11004
14007 1 1 1 1 1 1 1 1 1 1 1 1 10 `厚絨棉布肩甲` `` 11003
16007 1 1 1 1 1 1 1 1 1 1 1 1 10 `厚絨棉布護腰` `` 11006
18007 1 1 1 1 1 1 1 1 1 1 1 1 10 `厚絨棉布涼鞋` `` 11005
10807 1 1 1 1 1 1 1 1 1 1 1 1 10 `堅硬的橡木胸甲` `` 11201
12807 1 1 1 1 1 1 1 1 1 1 1 1 10 `堅硬的橡木綁腿` `` 11203
14807 1 1 1 1 1 1 1 1 1 1 1 1 10 `堅硬的橡木護肩` `` 11202
16807 1 1 1 1 1 1 1 1 1 1 1 1 10 `堅硬的橡木腰帶` `` 11205
18807 1 1 1 1 1 1 1 1 1 1 1 1 10 `堅硬的橡木短靴` `` 11204
11207 1 1 1 1 1 1 1 1 1 1 1 1 10 `堅固的粗鐵鏈甲` `` 11301
13207 1 1 1 1 1 1 1 1 1 1 1 1 10 `堅固的粗鐵護腿` `` 11303
15207 1 1 1 1 1 1 1 1 1 1 1 1 10 `堅固的粗鐵護肩` `` 11302
19207 1 1 1 1 1 1 1 1 1 1 1 1 10 `堅固的粗鐵長靴` `` 11304
17207 1 1 1 1 1 1 1 1 1 1 1 1 10 `堅固的粗鐵腰帶` `` 11305
10403 1 1 1 1 1 1 1 1 1 1 1 1 5 `牛皮背心` `` 11101
12403 1 1 1 1 1 1 1 1 1 1 1 1 5 `牛皮短褲` `` 11103
14403 1 1 1 1 1 1 1 1 1 1 1 1 5 `牛皮護肩` `` 11102
16403 1 1 1 1 1 1 1 1 1 1 1 1 5 `牛皮腰帶` `` 11105
18403 1 1 1 1 1 1 1 1 1 1 1 1 5 `牛皮拖鞋` `` 11104
22002 1 1 1 1 1 1 1 1 1 1 1 1 5 `純棉護腕` `` 12003
20002 1 1 1 1 1 1 1 1 1 1 1 1 5 `精紡的棉布項圈` `` 12001
24002 1 1 1 1 1 1 1 1 1 1 1 1 5 `稻草戒指` `` 12002
31303 1 1 1 1 1 1 1 1 1 1 1 1 5 `普通手槍` `` 10303
35004 1 1 1 1 1 1 1 1 1 1 1 1 5 `天空樹十字架` `` 10502
37005 1 1 1 1 1 1 1 1 1 1 1 1 5 `碎骨匕首` `` 10602
29902 1 1 1 1 1 1 1 1 1 1 1 1 5 `木制東方棍` `` 10206
29004 1 1 1 1 1 1 1 1 1 1 1 1 5 `棉布手套` `` 10202
29303 1 1 1 1 1 1 1 1 1 1 1 1 5 `鏈甲臂鎧` `` 10203
29602 1 1 1 1 1 1 1 1 1 1 1 1 5 `骨爪` `` 10204
35303 1 1 1 1 1 1 1 1 1 1 1 1 5 `天空樹念珠` `` 10503
35603 1 1 1 1 1 1 1 1 1 1 1 1 5 `庫尼族圖騰` `` 10504
33603 1 1 1 1 1 1 1 1 1 1 1 1 5 `天空魔杖` `` 10404
35903 1 1 1 1 1 1 1 1 1 1 1 1 5 `普通戰鐮` `` 10505
10003 1 1 1 1 1 1 1 1 1 1 1 1 5 `棉布襯衫` `` 11002
36203 1 1 1 1 1 1 1 1 1 1 1 1 5 `長柄戰斧` `` 10506
12003 1 1 1 1 1 1 1 1 1 1 1 1 5 `棉布短褲` `` 11004
14003 1 1 1 1 1 1 1 1 1 1 1 1 5 `棉布護肩` `` 11003
18003 1 1 1 1 1 1 1 1 1 1 1 1 5 `棉布拖鞋` `` 11005
16003 1 1 1 1 1 1 1 1 1 1 1 1 5 `棉布腰帶` `` 11006
14803 1 1 1 1 1 1 1 1 1 1 1 1 5 `蒔芽護肩` `` 11202
12803 1 1 1 1 1 1 1 1 1 1 1 1 5 `蒔芽綁腿` `` 11203
10803 1 1 1 1 1 1 1 1 1 1 1 1 5 `蒔芽胸甲` `` 11201
13203 1 1 1 1 1 1 1 1 1 1 1 1 5 `青銅脛甲` `` 11303
16803 1 1 1 1 1 1 1 1 1 1 1 1 5 `蒔芽腰帶` `` 11205
11203 1 1 1 1 1 1 1 1 1 1 1 1 5 `青銅鏈甲` `` 11301
15203 1 1 1 1 1 1 1 1 1 1 1 1 5 `青銅肩甲` `` 11302
18803 1 1 1 1 1 1 1 1 1 1 1 1 5 `蒔芽短靴` `` 11204
17203 1 1 1 1 1 1 1 1 1 1 1 1 5 `青銅護腰` `` 11305
19203 1 1 1 1 1 1 1 1 1 1 1 1 5 `青銅長靴` `` 11304
31009 1 1 1 1 1 1 1 1 1 1 1 1 10 `精准左輪槍` `` 10302
37306 1 1 1 1 1 1 1 1 1 1 1 1 10 `鐵質雙劍` `` 10603
31908 1 1 1 1 1 1 1 1 1 1 1 1 10 `步槍` `` 10304
37606 1 1 1 1 1 1 1 1 1 1 1 1 10 `枯藤手杖` `` 10604
31003 1 1 1 1 1 1 1 1 1 1 1 1 5 `袖珍左輪槍` `` 10302
31903 1 1 1 1 1 1 1 1 1 1 1 1 5 `燧發槍` `` 10304
32201 1 1 1 1 1 1 1 1 1 1 1 1 5 `迷你手炮` `` 10305
31602 1 1 1 1 1 1 1 1 1 1 1 1 5 `短弩` `` 10306
37303 1 1 1 1 1 1 1 1 1 1 1 1 5 `碎骨雙劍` `` 10603
37603 1 1 1 1 1 1 1 1 1 1 1 1 5 `木手杖` `` 10604
31008 0 1 1 1 1 1 1 1 1 1 1 1 10 `古老的精准左輪槍` `` 10302
31644 3 1 1 1 1 1 1 1 1 1 1 1 10 `銀色雄鷹` `` 10306
37305 0 1 1 1 1 1 1 1 1 1 1 1 10 `古老的鐵質雙劍` `` 10603
37335 3 1 1 1 1 1 1 1 1 1 1 1 10 `巴德拉斯` `` 10603
37605 0 1 1 1 1 1 1 1 1 1 1 1 10 `破舊的枯藤手杖` `` 10604
37635 3 1 1 1 1 1 1 1 1 1 1 1 10 `肆虐之烈炎杖` `` 10604
2200102 2 1 1 1 1 1 1 1 1 1 1 1 10 `致命紫羅蘭` `` 10302
2202102 2 1 1 1 1 1 1 1 1 1 1 1 10 `复合式玄鐵手弩` `` 10306
2203102 2 1 1 1 1 1 1 1 1 1 1 1 10 `弗蘭茲步槍` `` 10304
2204102 2 1 1 1 1 1 1 1 1 1 1 1 10 `青銅手炮` `` 10305
2242102 2 1 1 1 1 1 1 1 1 1 1 1 10 `龍曲棍` `` 10403
2240102 2 1 1 1 1 1 1 1 1 1 1 1 10 `青籮碧玉長矛` `` 10402
2251102 2 1 1 1 1 1 1 1 1 1 1 1 10 `碧影念珠` `` 10503
2252102 2 1 1 1 1 1 1 1 1 1 1 1 10 `黑幕之靈圖騰` `` 10504
2253102 2 1 1 1 1 1 1 1 1 1 1 1 10 `歷練者戰斧` `` 10506
2254102 2 1 1 1 1 1 1 1 1 1 1 1 10 `田園之鐮` `` 10505
2243102 2 1 1 1 1 1 1 1 1 1 1 1 10 `隨云木杖` `` 10405
2231102 2 1 1 1 1 1 1 1 1 1 1 1 10 `青銅雙劍` `` 10603
2232102 2 1 1 1 1 1 1 1 1 1 1 1 10 `楠木權杖` `` 10604
2212102 2 1 1 1 1 1 1 1 1 1 1 1 10 `青銅爪` `` 10204
2262102 2 1 1 1 1 1 1 1 1 1 1 1 10 `生命之靈護肩` `` 11003
2260102 2 1 1 1 1 1 1 1 1 1 1 1 10 `逐月長袍` `` 11002
2263102 2 1 1 1 1 1 1 1 1 1 1 1 10 `生命之靈腰帶` `` 11006
2261102 2 1 1 1 1 1 1 1 1 1 1 1 10 `逐月長褲` `` 11004
2211102 2 1 1 1 1 1 1 1 1 1 1 1 10 `精鑄臂鎧` `` 10203
2264102 2 1 1 1 1 1 1 1 1 1 1 1 10 `生命之靈短靴` `` 11005
2210102 2 1 1 1 1 1 1 1 1 1 1 1 10 `青銅手套` `` 10202
31902 0 1 1 1 1 1 1 1 1 1 1 1 5 `破舊的火繩槍` `` 10304
37302 0 1 1 1 1 1 1 1 1 1 1 1 5 `古老的碎骨雙劍` `` 10603
37602 0 1 1 1 1 1 1 1 1 1 1 1 5 `破舊的木手杖` `` 10604
27049 0 1 1 1 1 1 1 1 1 1 1 1 20 `古老的脊骨劍` `` 10102
27050 1 1 1 1 1 1 1 1 1 1 1 1 20 `脊骨劍` `` 10102
27200 0 1 1 1 1 1 1 1 1 1 1 1 10 `班圖的左手劍` `` 10102
27057 1 1 1 1 1 1 1 1 1 1 1 1 30 `士兵短劍` `` 10102
27051 2 1 1 1 1 1 1 1 1 1 1 1 20 `疾風劍` `` 10102
27056 0 1 1 1 1 1 1 1 1 1 1 1 30 `破損的士兵短劍` `` 10102
27065 1 1 1 1 1 1 1 1 1 1 1 1 40 `鈦劍` `` 10102
27062 2 1 1 1 1 1 1 1 1 1 1 1 35 `蒼月劍` `` 10102
27064 0 1 1 1 1 1 1 1 1 1 1 1 40 `劣質的鈦劍` `` 10102
27077 2 1 1 1 1 1 1 1 1 1 1 1 15 `諾頓的鑄劍` `` 10102
27059 3 1 1 1 1 1 1 1 1 1 1 1 30 `盧克西的紫炎波刃劍` `` 10102
27066 2 1 1 1 1 1 1 1 1 1 1 1 40 `震波劍` `` 10102
27069 3 1 1 1 1 1 1 1 1 1 1 1 40 `卡露亞的教導 - 裂風` `` 10102
27081 3 1 1 1 1 1 1 1 1 1 1 1 40 `達人之落日幻影` `` 10102
27119 0 1 1 1 1 1 1 1 1 1 1 1 1 `仿制短劍` `` 10102
27118 0 1 1 1 1 1 1 1 1 1 1 1 1 `普通短劍` `` 10102
27504 0 1 1 1 1 1 1 1 1 1 1 1 20 `鈍鋒的雙刃巨劍` `` 10105
27505 1 1 1 1 1 1 1 1 1 1 1 1 20 `雙刃巨劍` `` 10105
27511 0 1 1 1 1 1 1 1 1 1 1 1 30 `劣質的韓瑞德之劍` `` 10105
27512 1 1 1 1 1 1 1 1 1 1 1 1 30 `韓瑞德之劍` `` 10105
27521 1 1 1 1 1 1 1 1 1 1 1 1 40 `騎士長劍` `` 10105
27520 0 1 1 1 1 1 1 1 1 1 1 1 40 `古老的騎士長劍` `` 10105
27523 2 1 1 1 1 1 1 1 1 1 1 1 40 `藍月龍吟劍` `` 10105
27535 3 1 1 1 1 1 1 1 1 1 1 1 40 `阿甘左的隱龍巨劍` `` 10105
27607 0 1 1 1 1 1 1 1 1 1 1 1 10 `生鏽的長刀` `` 10103
27649 1 1 1 1 1 1 1 1 1 1 1 1 20 `短太刀` `` 10103
27648 0 1 1 1 1 1 1 1 1 1 1 1 20 `古老的太刀` `` 10103
27655 0 1 1 1 1 1 1 1 1 1 1 1 30 `舊式節刀` `` 10103
27656 1 1 1 1 1 1 1 1 1 1 1 1 30 `節刀` `` 10103
27663 0 1 1 1 1 1 1 1 1 1 1 1 40 `舊式梅軒刀` `` 10103
27650 2 1 1 1 1 1 1 1 1 1 1 1 20 `复仇靈魂之刀` `` 10103
27664 1 1 1 1 1 1 1 1 1 1 1 1 40 `梅軒刀` `` 10103
27658 3 1 1 1 1 1 1 1 1 1 1 1 30 `紅丸` `` 10103
27651 3 1 1 1 1 1 1 1 1 1 1 1 20 `裂創心靈之刃` `` 10103
27666 2 1 1 1 1 1 1 1 1 1 1 1 40 `白丸` `` 10103
27673 2 1 1 1 1 1 1 1 1 1 1 1 45 `細雪之舞` `` 10103
27948 0 1 1 1 1 1 1 1 1 1 1 1 20 `古老的釘頭槌` `` 10104
27962 2 1 1 1 1 1 1 1 1 1 1 1 35 `千年玄鐵棒` `` 10104
27963 0 1 1 1 1 1 1 1 1 1 1 1 40 `舊式龍骨棒` `` 10104
27955 0 1 1 1 1 1 1 1 1 1 1 1 30 `破舊的紫杉棒` `` 10104
27949 1 1 1 1 1 1 1 1 1 1 1 1 20 `釘頭槌` `` 10104
27950 2 1 1 1 1 1 1 1 1 1 1 1 20 `定神棒` `` 10104
27956 1 1 1 1 1 1 1 1 1 1 1 1 30 `紫杉棒` `` 10104
27964 1 1 1 1 1 1 1 1 1 1 1 1 40 `龍骨棒` `` 10104
27973 2 1 1 1 1 1 1 1 1 1 1 1 45 `毒蛟釘頭槌` `` 10104
27968 3 1 1 1 1 1 1 1 1 1 1 1 40 `戾冰鳴泉棒` `` 10104
28226 1 1 1 1 1 1 1 1 1 1 1 1 20 `瑩光劍` `` 10106
28233 0 1 1 1 1 1 1 1 1 1 1 1 30 `舊式騎兵光劍` `` 10106
28242 1 1 1 1 1 1 1 1 1 1 1 1 40 `玄磁光劍` `` 10106
28241 0 1 1 1 1 1 1 1 1 1 1 1 40 `褪色的玄磁光劍` `` 10106
28234 1 1 1 1 1 1 1 1 1 1 1 1 30 `騎兵光劍` `` 10106
28248 3 1 1 1 1 1 1 1 1 1 1 1 40 `獄龍斷影劍` `` 10106
28243 3 1 1 1 1 1 1 1 1 1 1 1 40 `卡露亞的教導 - 匿跡` `` 10106
28256 3 1 1 1 1 1 1 1 1 1 1 1 40 `卡露亞的深入教導 - 匿跡` `` 10106
2220104 2 1 1 1 1 1 1 1 1 1 1 1 20 `精煉的短劍` `` 10102
2220105 2 1 1 1 1 1 1 1 1 1 1 1 25 `青銅鋸齒劍` `` 10102
2220103 2 1 1 1 1 1 1 1 1 1 1 1 15 `精鑄短劍` `` 10102
2220107 2 1 1 1 1 1 1 1 1 1 1 1 35 `青淵短劍` `` 10102
2220106 2 1 1 1 1 1 1 1 1 1 1 1 30 `精煉的鋸齒短劍` `` 10102
2220109 2 1 1 1 1 1 1 1 1 1 1 1 45 `天冥短劍` `` 10102
2220108 2 1 1 1 1 1 1 1 1 1 1 1 40 `邪靈護佑短劍` `` 10102
2221106 2 1 1 1 1 1 1 1 1 1 1 1 30 `紫影惊風劍` `` 10105
2221103 2 1 1 1 1 1 1 1 1 1 1 1 15 `精鑄巨劍` `` 10105
2221104 2 1 1 1 1 1 1 1 1 1 1 1 20 `精煉的巨劍` `` 10105
2221105 2 1 1 1 1 1 1 1 1 1 1 1 25 `惊風劍` `` 10105
2221107 2 1 1 1 1 1 1 1 1 1 1 1 35 `銀羽惊風劍` `` 10105
2223103 2 1 1 1 1 1 1 1 1 1 1 1 15 `精鑄武士刀` `` 10103
2221108 2 1 1 1 1 1 1 1 1 1 1 1 40 `銀河騎士長劍` `` 10105
2223102 2 1 1 1 1 1 1 1 1 1 1 1 10 `青銅武士刀` `` 10103
2223104 2 1 1 1 1 1 1 1 1 1 1 1 20 `精煉的武士刀` `` 10103
2221109 2 1 1 1 1 1 1 1 1 1 1 1 45 `紫玉雕紋劍` `` 10105
2223105 2 1 1 1 1 1 1 1 1 1 1 1 25 `將軍劍` `` 10103
2223108 2 1 1 1 1 1 1 1 1 1 1 1 40 `梅軒刀` `` 10103
2223106 2 1 1 1 1 1 1 1 1 1 1 1 30 `真波刀` `` 10103
2223107 2 1 1 1 1 1 1 1 1 1 1 1 35 `長虹貫月刀` `` 10103
2223109 2 1 1 1 1 1 1 1 1 1 1 1 45 `冰輪大蛇丸` `` 10103
2222105 2 1 1 1 1 1 1 1 1 1 1 1 25 `沉香木棒` `` 10104
2222103 2 1 1 1 1 1 1 1 1 1 1 1 15 `精雕之檀木棍` `` 10104
2222104 2 1 1 1 1 1 1 1 1 1 1 1 20 `紫檀木棍` `` 10104
2222109 2 1 1 1 1 1 1 1 1 1 1 1 45 `黃金巨人槌` `` 10104
2222108 2 1 1 1 1 1 1 1 1 1 1 1 40 `巨型躍影棒` `` 10104
2222106 2 1 1 1 1 1 1 1 1 1 1 1 30 `鯊之鋸齒鼻` `` 10104
2222107 2 1 1 1 1 1 1 1 1 1 1 1 35 `紫陽槍棍` `` 10104
2224100 2 1 1 1 1 1 1 1 1 1 1 1 20 `試煉之騎兵光劍` `` 10106
2224103 2 1 1 1 1 1 1 1 1 1 1 1 35 `透骨光影劍` `` 10106
2224101 2 1 1 1 1 1 1 1 1 1 1 1 25 `碧影騎兵光劍` `` 10106
2224102 2 1 1 1 1 1 1 1 1 1 1 1 30 `离合劍` `` 10106
27000 0 1 1 1 1 1 1 1 1 1 1 1 1 `破損的鐵劍` `` 10102
27007 0 1 1 1 1 1 1 1 1 1 1 1 10 `生鏽的短劍` `` 10102
27307 0 1 1 1 1 1 1 1 1 1 1 1 10 `生鏽的步兵巨劍` `` 10105
2224104 2 1 1 1 1 1 1 1 1 1 1 1 40 `鎮魂安曲劍` `` 10106
27907 0 1 1 1 1 1 1 1 1 1 1 1 10 `無棱木棒` `` 10104
2224105 2 1 1 1 1 1 1 1 1 1 1 1 45 `月華寒光劍` `` 10106
15646 2 1 1 1 1 1 1 1 1 1 1 1 35 `寂靜靈魂肩甲` `` 11402
11285 4 1 1 1 1 1 1 1 1 1 1 1 45 `傳承 : 戰爭女神的墨鋼鏈甲` `` 11301
101040036 2 1 1 1 1 1 1 1 1 1 1 1 15 `狂暴光劍` `` 10106
27052 3 1 1 1 1 1 1 1 1 1 1 1 20 `紫薇星劍` `` 10102
27068 3 1 1 1 1 1 1 1 1 1 1 1 40 `落日幻影` `` 10102
27506 2 1 1 1 1 1 1 1 1 1 1 1 20 `千年玄鐵劍` `` 10105
27510 3 1 1 1 1 1 1 1 1 1 1 1 20 `殘影劍` `` 10105
27075 2 1 1 1 1 1 1 1 1 1 1 1 45 `圣鷹之劍` `` 10102
27518 2 1 1 1 1 1 1 1 1 1 1 1 35 `血蓮鳴鳳劍` `` 10105
27519 3 1 1 1 1 1 1 1 1 1 1 1 40 `阿甘左的浪人長劍` `` 10105
27514 3 1 1 1 1 1 1 1 1 1 1 1 30 `卡贊的詛咒` `` 10105
27529 2 1 1 1 1 1 1 1 1 1 1 1 45 `含光斬岩劍` `` 10105
27662 2 1 1 1 1 1 1 1 1 1 1 1 35 `斬龍刀` `` 10103
27679 3 1 1 1 1 1 1 1 1 1 1 1 40 `達人之影丸` `` 10103
27951 3 1 1 1 1 1 1 1 1 1 1 1 20 `僧侶的戒律棒` `` 10104
27668 3 1 1 1 1 1 1 1 1 1 1 1 40 `西嵐的妖刀` `` 10103
27979 3 1 1 1 1 1 1 1 1 1 1 1 40 `卡露亞的深入教導 - 裁決` `` 10104
27958 3 1 1 1 1 1 1 1 1 1 1 1 30 `惡魔破天棒` `` 10104
27967 3 1 1 1 1 1 1 1 1 1 1 1 40 `卡露亞的教導 - 裁決` `` 10104
27966 2 1 1 1 1 1 1 1 1 1 1 1 40 `薩烏塔的戰斧柄` `` 10104
27667 3 1 1 1 1 1 1 1 1 1 1 1 40 `影丸` `` 10103
28236 3 1 1 1 1 1 1 1 1 1 1 1 30 `閃耀的阿隆戴特` `` 10106
28228 3 1 1 1 1 1 1 1 1 1 1 1 20 `炎日` `` 10106
28227 2 1 1 1 1 1 1 1 1 1 1 1 20 `藍星爍芒劍` `` 10106
28247 2 1 1 1 1 1 1 1 1 1 1 1 40 `邪芒奪目劍` `` 10106
27344 3 1 1 1 1 1 1 1 1 1 1 1 10 `羅蘭護衛者` `` 10105
27046 3 1 1 1 1 1 1 1 1 1 1 1 10 `骸麒魔劍` `` 10102
10882 4 1 1 1 1 1 1 1 1 1 1 1 30 `傳承 : 神圣的守夜女神獸骨胸甲` `` 11201
11282 4 1 1 1 1 1 1 1 1 1 1 1 30 `傳承 : 神圣的守夜女神星紋鎖甲` `` 11301
27945 3 1 1 1 1 1 1 1 1 1 1 1 10 `黑死棒` `` 10104
11654 4 1 1 1 1 1 1 1 1 1 1 1 45 `傳承 : 戰爭女神的鈦鋼胸甲` `` 11401
10112 4 1 1 1 1 1 1 1 1 1 1 1 45 `傳承 : 戰爭女神的薄紗長袍` `` 11002
11651 4 1 1 1 1 1 1 1 1 1 1 1 30 `傳承 : 神圣的守夜女神玄鋼胸甲` `` 11401
27082 4 1 1 1 1 1 1 1 1 1 1 1 5 `傳承 : 銀湖水仙之黑鐵劍` `` 10102
27083 4 1 1 1 1 1 1 1 1 1 1 1 10 `傳承 : 神秘的銀湖水仙之黑鐵劍` `` 10102
27084 4 1 1 1 1 1 1 1 1 1 1 1 15 `傳承 : 水魔碧靈之鋼劍` `` 10102
27086 4 1 1 1 1 1 1 1 1 1 1 1 25 `傳承 : 雪魂冰魄之青銅劍` `` 10102
27089 4 1 1 1 1 1 1 1 1 1 1 1 40 `傳承 : 复魂天使之鈦劍` `` 10102
27085 4 1 1 1 1 1 1 1 1 1 1 1 20 `傳承 : 神秘的水魔碧靈之鋼劍` `` 10102
27087 4 1 1 1 1 1 1 1 1 1 1 1 30 `傳承 : 熾焰天使之士兵短劍` `` 10102
27088 4 1 1 1 1 1 1 1 1 1 1 1 35 `傳承 : 迷蹤天使之波刃骨劍` `` 10102
27540 4 1 1 1 1 1 1 1 1 1 1 1 25 `傳承 : 月影天使之波刃長劍` `` 10105
27537 4 1 1 1 1 1 1 1 1 1 1 1 10 `傳承 : 神秘的銀湖水仙之重劍` `` 10105
27538 4 1 1 1 1 1 1 1 1 1 1 1 15 `傳承 : 水魔碧靈之雙刃巨劍` `` 10105
27539 4 1 1 1 1 1 1 1 1 1 1 1 20 `傳承 : 神秘的水魔碧靈之雙刃巨劍` `` 10105
27536 4 1 1 1 1 1 1 1 1 1 1 1 5 `傳承 : 銀湖水仙之重劍` `` 10105
27090 4 1 1 1 1 1 1 1 1 1 1 1 45 `傳承 : 暗影精靈之哨兵侍劍` `` 10102
27541 4 1 1 1 1 1 1 1 1 1 1 1 30 `傳承 : 雪魂冰魄之韓瑞德長劍` `` 10105
27543 4 1 1 1 1 1 1 1 1 1 1 1 40 `傳承 : 颶風精靈之騎士長劍` `` 10105
27542 4 1 1 1 1 1 1 1 1 1 1 1 35 `傳承 : 救贖天使之寬刃長劍` `` 10105
27684 4 1 1 1 1 1 1 1 1 1 1 1 25 `傳承 : 懲罰天使之短太刀` `` 10103
27686 4 1 1 1 1 1 1 1 1 1 1 1 35 `傳承 : 救贖天使之節刀` `` 10103
27681 4 1 1 1 1 1 1 1 1 1 1 1 10 `傳承 : 神秘的銀湖水仙之武士刀` `` 10103
27544 4 1 1 1 1 1 1 1 1 1 1 1 45 `傳承 : 玄月精靈之雕紋巨劍` `` 10105
27685 4 1 1 1 1 1 1 1 1 1 1 1 30 `傳承 : 月影天使之短太刀` `` 10103
27682 4 1 1 1 1 1 1 1 1 1 1 1 15 `傳承 : 水魔碧靈之枯葉刀` `` 10103
27683 4 1 1 1 1 1 1 1 1 1 1 1 20 `傳承 : 神秘的水魔碧靈之枯葉刀` `` 10103
27680 4 1 1 1 1 1 1 1 1 1 1 1 5 `傳承 : 銀湖水仙之武士刀` `` 10103
27687 4 1 1 1 1 1 1 1 1 1 1 1 40 `傳承 : 复魂天使之月華刀` `` 10103
27688 4 1 1 1 1 1 1 1 1 1 1 1 45 `傳承 : 玄月精靈之梅軒刀` `` 10103
27983 4 1 1 1 1 1 1 1 1 1 1 1 20 `傳承 : 神秘的水魔碧靈之木槌` `` 10104
27981 4 1 1 1 1 1 1 1 1 1 1 1 10 `傳承 : 神秘的銀湖水仙之短木棒` `` 10104
27980 4 1 1 1 1 1 1 1 1 1 1 1 5 `傳承 : 銀湖水仙之短木棒` `` 10104
27982 4 1 1 1 1 1 1 1 1 1 1 1 15 `傳承 : 水魔碧靈之木槌` `` 10104
27986 4 1 1 1 1 1 1 1 1 1 1 1 35 `傳承 : 颶風精靈之紫杉棒` `` 10104
27987 4 1 1 1 1 1 1 1 1 1 1 1 40 `傳承 : 迷蹤天使之碎骨棒` `` 10104
27985 4 1 1 1 1 1 1 1 1 1 1 1 30 `傳承 : 懲罰天使之紫杉棒` `` 10104
27984 4 1 1 1 1 1 1 1 1 1 1 1 25 `傳承 : 熾焰天使之釘頭槌` `` 10104
27988 4 1 1 1 1 1 1 1 1 1 1 1 45 `傳承 : 冥火精靈之龍骨棒` `` 10104
28257 4 1 1 1 1 1 1 1 1 1 1 1 20 `傳承 : 神秘的水魔碧之瑩光劍` `` 10106
28258 4 1 1 1 1 1 1 1 1 1 1 1 25 `傳承 : 雪魂冰魄之鹵素光劍` `` 10106
27740 3 1 1 1 1 1 1 1 1 1 1 1 65 `杰諾的疾速太刀` `` 10103
27072 0 1 1 1 1 1 1 1 1 1 1 1 50 `古老的寬刃劍` `` 10102
27073 1 1 1 1 1 1 1 1 1 1 1 1 50 `寬刃劍` `` 10102
10885 4 1 1 1 1 1 1 1 1 1 1 1 45 `傳承 : 戰爭女神的黑陶胸甲` `` 11201
28259 4 1 1 1 1 1 1 1 1 1 1 1 30 `傳承 : 熾焰天使之騎兵光劍` `` 10106
27076 3 1 1 1 1 1 1 1 1 1 1 1 50 `邪靈飲血劍` `` 10102
28261 4 1 1 1 1 1 1 1 1 1 1 1 40 `傳承 : 救贖天使之玄磁光劍` `` 10106
28260 4 1 1 1 1 1 1 1 1 1 1 1 35 `傳承 : 幻象天使之光影劍` `` 10106
27091 4 1 1 1 1 1 1 1 1 1 1 1 50 `傳承 : 玄月精靈之寬刃劍` `` 10102
28262 4 1 1 1 1 1 1 1 1 1 1 1 45 `傳承 : 冥火精靈之寒光劍` `` 10106
27111 3 1 1 1 1 1 1 1 1 1 1 1 58 `牛頭統帥的犄角` `` 10102
27108 4 1 1 1 1 1 1 1 1 1 1 1 55 `傳承 : 憤怒精靈之閃特劍` `` 10102
27120 0 1 1 1 1 1 1 1 1 1 1 1 60 `破舊的赫頓士兵短劍` `` 10102
27121 1 1 1 1 1 1 1 1 1 1 1 1 60 `赫頓士兵短劍` `` 10102
27124 4 1 1 1 1 1 1 1 1 1 1 1 60 `傳承 : 禁錮天使的突刺劍` `` 10102
27106 2 1 1 1 1 1 1 1 1 1 1 1 55 `遠古逆襲之突刺劍` `` 10102
27122 2 1 1 1 1 1 1 1 1 1 1 1 60 `艾特蘭的凝視短劍` `` 10102
27129 4 1 1 1 1 1 1 1 1 1 1 1 65 `傳承 : 洛水精靈的士兵短劍` `` 10102
27131 3 1 1 1 1 1 1 1 1 1 1 1 60 `安佛拉斯的暴怒` `` 10102
27160 0 1 1 1 1 1 1 1 1 1 1 1 70 `生鏽的海盜之劍` `` 10102
27140 3 1 1 1 1 1 1 1 1 1 1 1 60 `邪影之痕` `` 10102
27526 0 1 1 1 1 1 1 1 1 1 1 1 50 `破舊的執刑巨劍` `` 10105
27545 4 1 1 1 1 1 1 1 1 1 1 1 50 `傳承 : 冥火精靈之執刑巨劍` `` 10105
27161 1 1 1 1 1 1 1 1 1 1 1 1 70 `海盜之劍` `` 10102
27527 1 1 1 1 1 1 1 1 1 1 1 1 50 `執刑巨劍` `` 10105
27531 3 1 1 1 1 1 1 1 1 1 1 1 50 `裁決刃 - 國殤` `` 10105
27561 4 1 1 1 1 1 1 1 1 1 1 1 55 `傳承 : 恐懼精靈之雕紋巨劍` `` 10105
27572 1 1 1 1 1 1 1 1 1 1 1 1 60 `維爾特巨劍` `` 10105
27571 0 1 1 1 1 1 1 1 1 1 1 1 60 `破舊的維爾特巨劍` `` 10105
27575 4 1 1 1 1 1 1 1 1 1 1 1 60 `傳承 : 毒獄天使的戰刃巨劍` `` 10105
27580 4 1 1 1 1 1 1 1 1 1 1 1 65 `傳承 : 圣光精靈的維爾特巨劍` `` 10105
27579 2 1 1 1 1 1 1 1 1 1 1 1 65 `梅迪亞的石化巨劍` `` 10105
27155 3 1 1 1 1 1 1 1 1 1 1 1 65 `戰爭英雄之無雙短劍` `` 10102
27581 3 1 1 1 1 1 1 1 1 1 1 1 60 `死亡烈焰` `` 10105
27591 3 1 1 1 1 1 1 1 1 1 1 1 60 `反擊之首` `` 10105
27357 0 1 1 1 1 1 1 1 1 1 1 1 70 `黯淡的紅寶石巨劍` `` 10105
27358 1 1 1 1 1 1 1 1 1 1 1 1 70 `紅寶石巨劍` `` 10105
27689 4 1 1 1 1 1 1 1 1 1 1 1 50 `傳承 : 暗影精靈之大蛇刀` `` 10103
27672 1 1 1 1 1 1 1 1 1 1 1 1 50 `影虎刀` `` 10103
27671 0 1 1 1 1 1 1 1 1 1 1 1 50 `生鏽的影虎刀` `` 10103
27706 4 1 1 1 1 1 1 1 1 1 1 1 55 `傳承 : 風影精靈之影虎刀` `` 10103
27719 0 1 1 1 1 1 1 1 1 1 1 1 60 `老舊的艾維亞太刀` `` 10103
27720 1 1 1 1 1 1 1 1 1 1 1 1 60 `艾維亞太刀` `` 10103
27723 4 1 1 1 1 1 1 1 1 1 1 1 60 `傳承 : 暴風天使的石化太刀` `` 10103
27728 4 1 1 1 1 1 1 1 1 1 1 1 65 `傳承 : 洛水精靈的艾維亞太刀` `` 10103
27726 2 1 1 1 1 1 1 1 1 1 1 1 65 `青環蛇太刀` `` 10103
27729 3 1 1 1 1 1 1 1 1 1 1 1 60 `汲血者的庇護` `` 10103
27352 3 1 1 1 1 1 1 1 1 1 1 1 65 `戰爭英雄之無雙巨劍` `` 10105
27760 0 1 1 1 1 1 1 1 1 1 1 1 70 `古老的斬影太刀` `` 10103
27761 1 1 1 1 1 1 1 1 1 1 1 1 70 `斬影太刀` `` 10103
27972 1 1 1 1 1 1 1 1 1 1 1 1 50 `蛇形槌` `` 10104
27971 0 1 1 1 1 1 1 1 1 1 1 1 50 `古老的蛇形槌` `` 10104
27989 4 1 1 1 1 1 1 1 1 1 1 1 50 `傳承 : 暗影精靈之巨人槌` `` 10104
28006 4 1 1 1 1 1 1 1 1 1 1 1 55 `傳承 : 憤怒精靈之龍骨棒` `` 10104
28004 2 1 1 1 1 1 1 1 1 1 1 1 55 `遠古逆襲之金碎棒` `` 10104
28015 0 1 1 1 1 1 1 1 1 1 1 1 60 `古老的巴斯頓槌` `` 10104
28016 1 1 1 1 1 1 1 1 1 1 1 1 60 `巴斯頓槌` `` 10104
28019 4 1 1 1 1 1 1 1 1 1 1 1 60 `傳承 : 破坏天使的碎金棒` `` 10104
28024 4 1 1 1 1 1 1 1 1 1 1 1 65 `傳承 : 玄冥精靈的巴斯頓槌` `` 10104
27755 3 1 1 1 1 1 1 1 1 1 1 1 65 `戰爭英雄之無雙太刀` `` 10103
27709 3 1 1 1 1 1 1 1 1 1 1 1 61 `戮蠱的骨刃` `` 10103
28025 3 1 1 1 1 1 1 1 1 1 1 1 60 `毀滅之本能` `` 10104
28052 0 1 1 1 1 1 1 1 1 1 1 1 70 `破損的湮滅之錘` `` 10104
28053 1 1 1 1 1 1 1 1 1 1 1 1 70 `湮滅之錘` `` 10104
28263 4 1 1 1 1 1 1 1 1 1 1 1 50 `傳承 : 玄冰精靈之朱諾星劍` `` 10106
28252 0 1 1 1 1 1 1 1 1 1 1 1 50 `古老的朱諾星劍` `` 10106
28035 3 1 1 1 1 1 1 1 1 1 1 1 60 `赤血鬼影虫` `` 10104
28253 1 1 1 1 1 1 1 1 1 1 1 1 50 `朱諾星劍` `` 10106
28276 4 1 1 1 1 1 1 1 1 1 1 1 55 `傳承 : 极炎精靈之光影劍` `` 10106
28255 3 1 1 1 1 1 1 1 1 1 1 1 50 `雙龍魔影劍` `` 10106
28047 3 1 1 1 1 1 1 1 1 1 1 1 65 `戰爭英雄之無雙槌` `` 10104
28295 4 1 1 1 1 1 1 1 1 1 1 1 65 `傳承 : 炎魔精靈的卡弗斯光劍` `` 10106
28286 0 1 1 1 1 1 1 1 1 1 1 1 60 `破舊的卡弗斯光劍` `` 10106
28290 4 1 1 1 1 1 1 1 1 1 1 1 60 `傳承 : 守望天使的凝光劍` `` 10106
28287 1 1 1 1 1 1 1 1 1 1 1 1 60 `卡弗斯光劍` `` 10106
28326 0 1 1 1 1 1 1 1 1 1 1 1 70 `磨損的追光劍` `` 10106
28293 2 1 1 1 1 1 1 1 1 1 1 1 65 `寒冰光劍` `` 10106
2220110 2 1 1 1 1 1 1 1 1 1 1 1 50 `青藤鋼劍` `` 10102
28327 1 1 1 1 1 1 1 1 1 1 1 1 70 `追光劍` `` 10106
28296 3 1 1 1 1 1 1 1 1 1 1 1 60 `遠古之斷魂` `` 10106
2220111 2 1 1 1 1 1 1 1 1 1 1 1 55 `暗影追魂劍` `` 10102
2220113 2 1 1 1 1 1 1 1 1 1 1 1 65 `巫師之怒` `` 10102
2220112 2 1 1 1 1 1 1 1 1 1 1 1 60 `刺輪冥月刀` `` 10102
2220114 2 1 1 1 1 1 1 1 1 1 1 1 70 `風波劍` `` 10102
2221110 2 1 1 1 1 1 1 1 1 1 1 1 50 `神邢者巨劍` `` 10105
2221111 2 1 1 1 1 1 1 1 1 1 1 1 55 `星旋巨劍` `` 10105
2221113 2 1 1 1 1 1 1 1 1 1 1 1 65 `雷光蛇舞劍` `` 10105
2221112 2 1 1 1 1 1 1 1 1 1 1 1 60 `破魔巨劍` `` 10105
2223110 2 1 1 1 1 1 1 1 1 1 1 1 50 `金玉影虎刀` `` 10103
2223112 2 1 1 1 1 1 1 1 1 1 1 1 60 `喋血之艾維亞太刀` `` 10103
2223114 2 1 1 1 1 1 1 1 1 1 1 1 70 `智圣太刀` `` 10103
2221114 2 1 1 1 1 1 1 1 1 1 1 1 70 `獅鷲巨劍` `` 10105
2223111 2 1 1 1 1 1 1 1 1 1 1 1 55 `紅蓮淨月刀` `` 10103
2223113 2 1 1 1 1 1 1 1 1 1 1 1 65 `御龍太刀` `` 10103
28321 3 1 1 1 1 1 1 1 1 1 1 1 65 `戰爭英雄之無雙光劍` `` 10106
2222110 2 1 1 1 1 1 1 1 1 1 1 1 50 `金剛頑石槌` `` 10104
2222111 2 1 1 1 1 1 1 1 1 1 1 1 55 `金紋輝石棒` `` 10104
2222113 2 1 1 1 1 1 1 1 1 1 1 1 65 `古玉蒼木槌` `` 10104
2222112 2 1 1 1 1 1 1 1 1 1 1 1 60 `云石槌` `` 10104
2222114 2 1 1 1 1 1 1 1 1 1 1 1 70 `多芒碎骨棒` `` 10104
2224109 2 1 1 1 1 1 1 1 1 1 1 1 65 `云海磷石光劍` `` 10106
2224107 2 1 1 1 1 1 1 1 1 1 1 1 55 `落日凝光劍` `` 10106
2224106 2 1 1 1 1 1 1 1 1 1 1 1 50 `月華朱諾星劍` `` 10106
2224108 2 1 1 1 1 1 1 1 1 1 1 1 60 `泣影光劍` `` 10106
2224110 2 1 1 1 1 1 1 1 1 1 1 1 70 `灼眼之雷鑄光劍` `` 10106
10909 4 1 1 1 1 1 1 1 1 1 1 1 55 `傳承 : 控魂女神的軟陶胸甲` `` 11201
10113 4 1 1 1 1 1 1 1 1 1 1 1 50 `傳承 : 神圣的戰爭女神薄紗長袍` `` 11002
10135 4 1 1 1 1 1 1 1 1 1 1 1 55 `傳承 : 控魂女神的絹絲長袍` `` 11002
11669 4 1 1 1 1 1 1 1 1 1 1 1 55 `傳承 : 控魂女神的鈦鋼胸甲` `` 11401
11308 4 1 1 1 1 1 1 1 1 1 1 1 55 `傳承 : 控魂女神的紋鋼胸甲` `` 11301
11655 4 1 1 1 1 1 1 1 1 1 1 1 50 `傳承 : 神圣的戰爭女神鈦鋼胸甲` `` 11401
11684 4 1 1 1 1 1 1 1 1 1 1 1 60 `傳承 : 神圣的控魂女神的鈦鋼胸甲` `` 11401
10939 4 1 1 1 1 1 1 1 1 1 1 1 60 `傳承 : 神圣的控魂女神軟陶胸甲` `` 11201
11328 4 1 1 1 1 1 1 1 1 1 1 1 60 `傳承 : 神圣的控魂女神鈦銀鏈甲` `` 11301
27001 0 1 1 1 1 1 1 1 1 1 1 1 3 `生鏽的鐵劍` `` 10102
27003 0 1 1 1 1 1 1 1 1 1 1 1 6 `腐爛的骨劍` `` 10102
27006 1 1 1 1 1 1 1 1 1 1 1 1 9 `鋒利的骨劍` `` 10102
27004 1 1 1 1 1 1 1 1 1 1 1 1 6 `骨劍` `` 10102
27005 1 1 1 1 1 1 1 1 1 1 1 1 7 `精致的鐵劍` `` 10102
27009 1 1 1 1 1 1 1 1 1 1 1 1 11 `新式短劍` `` 10102
27010 0 1 1 1 1 1 1 1 1 1 1 1 14 `破舊的鋼劍` `` 10102
28308 3 1 1 1 1 1 1 1 1 1 1 1 68 `尤里斯的次元光劍` `` 10106
27012 1 1 1 1 1 1 1 1 1 1 1 1 15 `精煉的鋼劍` `` 10102
27011 1 1 1 1 1 1 1 1 1 1 1 1 14 `鋼劍` `` 10102
27053 0 1 1 1 1 1 1 1 1 1 1 1 25 `生鏽的青銅劍` `` 10102
27054 1 1 1 1 1 1 1 1 1 1 1 1 25 `青銅劍` `` 10102
27060 0 1 1 1 1 1 1 1 1 1 1 1 35 `古老的波刃骨劍` `` 10102
27061 1 1 1 1 1 1 1 1 1 1 1 1 35 `波刃骨劍` `` 10102
27300 0 1 1 1 1 1 1 1 1 1 1 1 2 `破損的重劍` `` 10105
27071 1 1 1 1 1 1 1 1 1 1 1 1 45 `哨兵侍劍` `` 10102
27070 0 1 1 1 1 1 1 1 1 1 1 1 45 `古老的哨兵侍劍` `` 10102
27301 0 1 1 1 1 1 1 1 1 1 1 1 3 `殘舊的重劍` `` 10105
27303 0 1 1 1 1 1 1 1 1 1 1 1 6 `磨損的巨劍` `` 10105
27304 1 1 1 1 1 1 1 1 1 1 1 1 6 `普通巨劍` `` 10105
27305 1 1 1 1 1 1 1 1 1 1 1 1 7 `新式重劍` `` 10105
27306 1 1 1 1 1 1 1 1 1 1 1 1 9 `鋒利的巨劍` `` 10105
27309 1 1 1 1 1 1 1 1 1 1 1 1 11 `新式步兵巨劍` `` 10105
27310 0 1 1 1 1 1 1 1 1 1 1 1 14 `生鏽的印度古劍` `` 10105
27311 1 1 1 1 1 1 1 1 1 1 1 1 14 `印度古劍` `` 10105
27312 1 1 1 1 1 1 1 1 1 1 1 1 15 `鋒利的印度古劍` `` 10105
27507 0 1 1 1 1 1 1 1 1 1 1 1 25 `生鏽的波刃長劍` `` 10105
27508 1 1 1 1 1 1 1 1 1 1 1 1 25 `波刃長劍` `` 10105
27524 0 1 1 1 1 1 1 1 1 1 1 1 45 `古老的雕紋巨劍` `` 10105
27515 0 1 1 1 1 1 1 1 1 1 1 1 35 `破舊的寬刃長劍` `` 10105
27516 1 1 1 1 1 1 1 1 1 1 1 1 35 `寬刃長劍` `` 10105
27601 0 1 1 1 1 1 1 1 1 1 1 1 3 `生鏽的武士刀` `` 10103
27525 1 1 1 1 1 1 1 1 1 1 1 1 45 `雕紋巨劍` `` 10105
27603 0 1 1 1 1 1 1 1 1 1 1 1 6 `劣質的小太刀` `` 10103
27604 1 1 1 1 1 1 1 1 1 1 1 1 6 `鋒利的武士刀` `` 10103
27605 1 1 1 1 1 1 1 1 1 1 1 1 7 `小太刀` `` 10103
27606 1 1 1 1 1 1 1 1 1 1 1 1 8 `鋒利的小太刀` `` 10103
27609 1 1 1 1 1 1 1 1 1 1 1 1 12 `鋒利的長刀` `` 10103
27610 0 1 1 1 1 1 1 1 1 1 1 1 14 `破舊的枯葉刀` `` 10103
27611 1 1 1 1 1 1 1 1 1 1 1 1 15 `枯葉刀` `` 10103
27653 1 1 1 1 1 1 1 1 1 1 1 1 25 `佩刀` `` 10103
27652 0 1 1 1 1 1 1 1 1 1 1 1 25 `鈍刃佩刀` `` 10103
27613 1 1 1 1 1 1 1 1 1 1 1 1 16 `鋒利的枯葉刀` `` 10103
27659 0 1 1 1 1 1 1 1 1 1 1 1 35 `生鏽的月華刀` `` 10103
27660 1 1 1 1 1 1 1 1 1 1 1 1 35 `月華刀` `` 10103
27669 0 1 1 1 1 1 1 1 1 1 1 1 45 `破舊的大蛇刀` `` 10103
27670 1 1 1 1 1 1 1 1 1 1 1 1 45 `大蛇刀` `` 10103
27901 0 1 1 1 1 1 1 1 1 1 1 1 2 `殘破的木棒` `` 10104
27902 0 1 1 1 1 1 1 1 1 1 1 1 4 `腐爛的木棒` `` 10104
27904 0 1 1 1 1 1 1 1 1 1 1 1 6 `粗短的木棒` `` 10104
27906 1 1 1 1 1 1 1 1 1 1 1 1 7 `堅硬的短木棒` `` 10104
27910 0 1 1 1 1 1 1 1 1 1 1 1 14 `舊式木槌` `` 10104
27905 1 1 1 1 1 1 1 1 1 1 1 1 6 `短木棒` `` 10104
27911 1 1 1 1 1 1 1 1 1 1 1 1 14 `木槌` `` 10104
27909 1 1 1 1 1 1 1 1 1 1 1 1 11 `堅硬的楠木棒` `` 10104
27912 1 1 1 1 1 1 1 1 1 1 1 1 15 `堅硬的木槌` `` 10104
27953 1 1 1 1 1 1 1 1 1 1 1 1 25 `鐵棒` `` 10104
27952 0 1 1 1 1 1 1 1 1 1 1 1 25 `粗糙的鐵棒` `` 10104
27960 1 1 1 1 1 1 1 1 1 1 1 1 35 `碎骨棒` `` 10104
28229 0 1 1 1 1 1 1 1 1 1 1 1 25 `古舊的鹵素光劍` `` 10106
27970 1 1 1 1 1 1 1 1 1 1 1 1 45 `巨人槌` `` 10104
27969 0 1 1 1 1 1 1 1 1 1 1 1 45 `古老的巨人槌` `` 10104
27959 0 1 1 1 1 1 1 1 1 1 1 1 35 `破舊的碎骨棒` `` 10104
28200 0 1 1 1 1 1 1 1 1 1 1 1 18 `暗淡的瑩光劍` `` 10106
28237 0 1 1 1 1 1 1 1 1 1 1 1 35 `舊式光影劍` `` 10106
28230 1 1 1 1 1 1 1 1 1 1 1 1 25 `鹵素光劍` `` 10106
28232 3 1 1 1 1 1 1 1 1 1 1 1 25 `光之翼刃` `` 10106
28238 1 1 1 1 1 1 1 1 1 1 1 1 35 `光影劍` `` 10106
28244 0 1 1 1 1 1 1 1 1 1 1 1 45 `古老的寒光劍` `` 10106
27067 2 1 1 1 1 1 1 1 1 1 1 1 40 `丹砂劍` `` 10102
27044 2 1 1 1 1 1 1 1 1 1 1 1 5 `遠古青銅劍` `` 10102
28245 1 1 1 1 1 1 1 1 1 1 1 1 45 `寒光劍` `` 10106
27058 2 1 1 1 1 1 1 1 1 1 1 1 30 `薩烏塔的椎骨劍` `` 10102
28240 3 1 1 1 1 1 1 1 1 1 1 1 35 `玄光圣劍` `` 10106
27644 2 1 1 1 1 1 1 1 1 1 1 1 10 `虛祖國刀` `` 10103
27665 2 1 1 1 1 1 1 1 1 1 1 1 40 `死亡之刃` `` 10103
27957 2 1 1 1 1 1 1 1 1 1 1 1 30 `空骨魚巨棒` `` 10104
28235 2 1 1 1 1 1 1 1 1 1 1 1 30 `列特的疾影劍` `` 10106
27045 2 1 1 1 1 1 1 1 1 1 1 1 9 `帝國短劍` `` 10102
27013 2 1 1 1 1 1 1 1 1 1 1 1 15 `牛頭怪的血劍` `` 10102
27063 2 1 1 1 1 1 1 1 1 1 1 1 35 `艾米麗的銀妝刀` `` 10102
27074 2 1 1 1 1 1 1 1 1 1 1 1 45 `藍冰彎月劍` `` 10102
27345 2 1 1 1 1 1 1 1 1 1 1 1 11 `斷水巨劍` `` 10105
27343 2 1 1 1 1 1 1 1 1 1 1 1 6 `衛士重劍` `` 10105
27055 2 1 1 1 1 1 1 1 1 1 1 1 25 `春陽融雪劍` `` 10102
28246 2 1 1 1 1 1 1 1 1 1 1 1 40 `蛇眼极光劍` `` 10106
27517 2 1 1 1 1 1 1 1 1 1 1 1 35 `素喃秘影長劍` `` 10105
27661 2 1 1 1 1 1 1 1 1 1 1 1 35 `神悅` `` 10103
28231 2 1 1 1 1 1 1 1 1 1 1 1 25 `极光劍` `` 10106
27913 2 1 1 1 1 1 1 1 1 1 1 1 15 `葡萄藤槌` `` 10104
11271 2 1 1 1 1 1 1 1 1 1 1 1 45 `紫金胸甲` `` 11301
27109 0 1 1 1 1 1 1 1 1 1 1 1 55 `古老的突刺劍` `` 10102
10093 2 1 1 1 1 1 1 1 1 1 1 1 45 `夢魘縛靈長袍` `` 11002
27944 2 1 1 1 1 1 1 1 1 1 1 1 9 `修士橡木棒` `` 10104
10087 2 1 1 1 1 1 1 1 1 1 1 1 40 `紫羽定魂長袍` `` 11002
27110 1 1 1 1 1 1 1 1 1 1 1 1 55 `突刺劍` `` 10102
10868 2 1 1 1 1 1 1 1 1 1 1 1 40 `瑪爾的天權胸甲` `` 11201
28239 2 1 1 1 1 1 1 1 1 1 1 1 35 `碧影凝光劍` `` 10106
27126 1 1 1 1 1 1 1 1 1 1 1 1 65 `奧爾頓短劍` `` 10102
27563 1 1 1 1 1 1 1 1 1 1 1 1 55 `戰刃長劍` `` 10105
27562 0 1 1 1 1 1 1 1 1 1 1 1 55 `舊式戰刃長劍` `` 10105
27144 3 1 1 1 1 1 1 1 1 1 1 1 65 `泰坦的突刺劍` `` 10102
27125 0 1 1 1 1 1 1 1 1 1 1 1 65 `破舊的奧爾頓短劍` `` 10102
27565 3 1 1 1 1 1 1 1 1 1 1 1 55 `天選之劍 - 格朗` `` 10105
27112 3 1 1 1 1 1 1 1 1 1 1 1 55 `四辰斬邪劍` `` 10102
27576 0 1 1 1 1 1 1 1 1 1 1 1 65 `古老的雷蛇劍` `` 10105
27577 1 1 1 1 1 1 1 1 1 1 1 1 65 `雷蛇劍` `` 10105
27595 3 1 1 1 1 1 1 1 1 1 1 1 65 `泰坦的戰刃巨劍` `` 10105
27707 0 1 1 1 1 1 1 1 1 1 1 1 55 `生鏽的淨化太刀` `` 10103
27592 3 1 1 1 1 1 1 1 1 1 1 1 65 `淨化之惡魔的奴隸` `` 10105
27708 1 1 1 1 1 1 1 1 1 1 1 1 55 `淨化太刀` `` 10103
27710 3 1 1 1 1 1 1 1 1 1 1 1 55 `血光攝魂刃` `` 10103
27724 0 1 1 1 1 1 1 1 1 1 1 1 65 `破舊的環蛇刀` `` 10103
27725 1 1 1 1 1 1 1 1 1 1 1 1 65 `環蛇刀` `` 10103
27744 3 1 1 1 1 1 1 1 1 1 1 1 65 `泰坦的淨化太刀` `` 10103
28007 0 1 1 1 1 1 1 1 1 1 1 1 55 `破舊的金碎棒` `` 10104
28008 1 1 1 1 1 1 1 1 1 1 1 1 55 `金碎棒` `` 10104
28020 0 1 1 1 1 1 1 1 1 1 1 1 65 `破舊的梅倫大槌` `` 10104
28021 1 1 1 1 1 1 1 1 1 1 1 1 65 `梅倫大槌` `` 10104
28291 0 1 1 1 1 1 1 1 1 1 1 1 65 `古老的磷石光劍` `` 10106
28278 1 1 1 1 1 1 1 1 1 1 1 1 55 `凝光劍` `` 10106
28277 0 1 1 1 1 1 1 1 1 1 1 1 55 `破舊的凝光劍` `` 10106
28279 3 1 1 1 1 1 1 1 1 1 1 1 55 `复仇之劍 - 奪魂者` `` 10106
28292 1 1 1 1 1 1 1 1 1 1 1 1 65 `磷石光劍` `` 10106
28036 3 1 1 1 1 1 1 1 1 1 1 1 65 `拉茲瑪爾的咆哮` `` 10104
28309 3 1 1 1 1 1 1 1 1 1 1 1 65 `遠古遺愿` `` 10106
27080 2 1 1 1 1 1 1 1 1 1 1 1 50 `天神怒炎劍` `` 10102
27143 2 1 1 1 1 1 1 1 1 1 1 1 65 `赤原獵犬` `` 10102
27123 2 1 1 1 1 1 1 1 1 1 1 1 60 `波動攝魔劍` `` 10102
27594 2 1 1 1 1 1 1 1 1 1 1 1 65 `德拉菲斯` `` 10105
27721 2 1 1 1 1 1 1 1 1 1 1 1 60 `赤柳血刀` `` 10103
27132 2 1 1 1 1 1 1 1 1 1 1 1 62 `真 ‧ 波動攝魔劍` `` 10102
27743 2 1 1 1 1 1 1 1 1 1 1 1 65 `克律薩俄耳金劍` `` 10103
10210 2 1 1 1 1 1 1 1 1 1 1 1 70 `無盡之魂長袍` `` 11002
28288 2 1 1 1 1 1 1 1 1 1 1 1 60 `閃耀之傳說光劍` `` 10106
27731 2 1 1 1 1 1 1 1 1 1 1 1 62 `真 ‧ 赤柳血刀` `` 10103
10979 2 1 1 1 1 1 1 1 1 1 1 1 70 `逐光胸甲` `` 11201
28005 2 1 1 1 1 1 1 1 1 1 1 1 55 `羅丹的雕塑方錘` `` 10104
11648 2 1 1 1 1 1 1 1 1 1 1 1 50 `英勇守護胸甲` `` 11401
11370 2 1 1 1 1 1 1 1 1 1 1 1 70 `凶神之煞鏈甲` `` 11301
11712 2 1 1 1 1 1 1 1 1 1 1 1 70 `波動奧義鎖甲` `` 11401
10136 2 1 1 1 1 1 1 1 1 1 1 1 55 `縛靈螺紋長袍` `` 11002
10160 2 1 1 1 1 1 1 1 1 1 1 1 65 `陣法之奧秘上衣` `` 11002
28298 2 1 1 1 1 1 1 1 1 1 1 1 62 `真 ‧ 閃耀之傳說光劍` `` 10106
10910 2 1 1 1 1 1 1 1 1 1 1 1 55 `墨之旋風胸甲` `` 11201
10177 2 1 1 1 1 1 1 1 1 1 1 1 67 `真 ‧ 陣法之奧秘上衣` `` 11002
11309 2 1 1 1 1 1 1 1 1 1 1 1 55 `血浸黑栗胸甲` `` 11301
11670 2 1 1 1 1 1 1 1 1 1 1 1 55 `熾燃之波胸甲` `` 11401
27800 0 1 1 1 1 1 1 1 1 1 1 1 5 `佩刀` `` 10103
27600 0 1 1 1 1 1 1 1 1 1 1 1 1 `破損的武士刀` `` 10103
27008 1 1 1 1 1 1 1 1 1 1 1 1 10 `短劍` `` 10102
27308 1 1 1 1 1 1 1 1 1 1 1 1 10 `步兵巨劍` `` 10105
27002 1 1 1 1 1 1 1 1 1 1 1 1 5 `黑鐵劍` `` 10102
27608 1 1 1 1 1 1 1 1 1 1 1 1 10 `長刀` `` 10103
27302 1 1 1 1 1 1 1 1 1 1 1 1 5 `重劍` `` 10105
27602 1 1 1 1 1 1 1 1 1 1 1 1 5 `武士刀` `` 10103
27908 1 1 1 1 1 1 1 1 1 1 1 1 10 `楠木棒` `` 10104
27903 1 1 1 1 1 1 1 1 1 1 1 1 5 `硬木棒` `` 10104
2220102 2 1 1 1 1 1 1 1 1 1 1 1 10 `青銅短劍` `` 10102
2221102 2 1 1 1 1 1 1 1 1 1 1 1 10 `青銅巨劍` `` 10105
2222102 2 1 1 1 1 1 1 1 1 1 1 1 10 `檀木棍` `` 10104
10164 4 1 1 1 1 1 1 1 1 1 1 1 60 `傳承 : 神圣的控魂女神的絹絲長袍` `` 11002
11634 2 1 1 1 1 1 1 1 1 1 1 1 30 `超合金虎嘯胸甲` `` 11401
11646 2 1 1 1 1 1 1 1 1 1 1 1 40 `寂靜靈魂盔甲` `` 11401
11286 4 1 1 1 1 1 1 1 1 1 1 1 50 `傳承 : 神圣的戰爭女神墨鋼鏈甲` `` 11301
24078 2 1 1 1 1 1 1 1 1 1 1 1 40 `血怒指環` `` 12002
28274 2 1 1 1 1 1 1 1 1 1 1 1 55 `遠古逆襲之凝光劍` `` 10106
11250 2 1 1 1 1 1 1 1 1 1 1 1 20 `暗黑蛇紋鎖甲` `` 11301
15648 2 1 1 1 1 1 1 1 1 1 1 1 45 `英勇守護肩甲` `` 11402
10152 2 1 1 1 1 1 1 1 1 1 1 1 60 `流云惊月襯衫` `` 11002
10936 2 1 1 1 1 1 1 1 1 1 1 1 65 `戰神的兵戎胸甲` `` 11201
11681 2 1 1 1 1 1 1 1 1 1 1 1 65 `絕地武士胸甲` `` 11401
450105 3 1 1 1 1 1 1 1 1 1 1 1 70 `暗黑血之赤瞳 ` `` 32100
10171 2 1 1 1 1 1 1 1 1 1 1 1 62 `真 ‧ 流云惊月襯衫` `` 11002
27128 2 1 1 1 1 1 1 1 1 1 1 1 65 `祭壇執掌者之劍` `` 10102
10950 2 1 1 1 1 1 1 1 1 1 1 1 67 `真 ‧ 戰神的兵戎胸甲` `` 11201
27528 3 1 1 1 1 1 1 1 1 1 1 1 50 `卡露亞的教導 - 照膽` `` 10105
11691 2 1 1 1 1 1 1 1 1 1 1 1 67 `真 ‧ 絕地武士胸甲` `` 11401
27559 2 1 1 1 1 1 1 1 1 1 1 1 55 `遠古逆襲之戰刃長劍` `` 10105
27574 2 1 1 1 1 1 1 1 1 1 1 1 60 `艾魯佛斯巨劍` `` 10105
27704 2 1 1 1 1 1 1 1 1 1 1 1 55 `遠古逆襲之淨化太刀` `` 10103
27675 3 1 1 1 1 1 1 1 1 1 1 1 50 `流光星隕刀` `` 10103
27722 2 1 1 1 1 1 1 1 1 1 1 1 60 `阿貝托的銀光刀` `` 10103
27564 3 1 1 1 1 1 1 1 1 1 1 1 61 `魔劍 - 阿波菲斯` `` 10105
27739 3 1 1 1 1 1 1 1 1 1 1 1 60 `黑刀 - 暗月` `` 10103
28018 2 1 1 1 1 1 1 1 1 1 1 1 60 `殘殺者巨棒` `` 10104
27975 3 1 1 1 1 1 1 1 1 1 1 1 50 `戾眼滅魂槌` `` 10104
28022 2 1 1 1 1 1 1 1 1 1 1 1 65 `波洛洛的撼地錘` `` 10104
28289 2 1 1 1 1 1 1 1 1 1 1 1 60 `憤怒光劍` `` 10106
28307 3 1 1 1 1 1 1 1 1 1 1 1 60 `藍色惡魔之眼` `` 10106
10886 4 1 1 1 1 1 1 1 1 1 1 1 50 `傳承 : 神圣的戰爭女神黑陶胸甲` `` 11201
10165 4 1 1 1 1 1 1 1 1 1 1 1 65 `傳承 : 摩羯守護神的薄紗長袍` `` 11002
10940 4 1 1 1 1 1 1 1 1 1 1 1 65 `傳承 : 摩羯守護神的橡木胸甲` `` 11201
11685 4 1 1 1 1 1 1 1 1 1 1 1 65 `傳承 : 摩羯守護神的鈦鋼胸甲` `` 11401
11329 4 1 1 1 1 1 1 1 1 1 1 1 65 `傳承 : 摩羯守護神的鉑金鏈甲` `` 11301
27645 3 1 1 1 1 1 1 1 1 1 1 1 11 `破風刀` `` 10103
27500 3 1 1 1 1 1 1 1 1 1 1 1 15 `庫蘭的焰影劍` `` 10105
27643 2 1 1 1 1 1 1 1 1 1 1 1 5 `秋葉刀` `` 10103
27513 2 1 1 1 1 1 1 1 1 1 1 1 30 `芷云雙影劍` `` 10105
27522 2 1 1 1 1 1 1 1 1 1 1 1 40 `奪命毒龍劍` `` 10105
27657 2 1 1 1 1 1 1 1 1 1 1 1 30 `惡鬼斬刀` `` 10103
27943 2 1 1 1 1 1 1 1 1 1 1 1 5 `火焰楠木棒` `` 10104
27313 2 1 1 1 1 1 1 1 1 1 1 1 16 `碧瀾寒玉劍` `` 10105
27965 2 1 1 1 1 1 1 1 1 1 1 1 40 `炙焰巨棒` `` 10104
27530 2 1 1 1 1 1 1 1 1 1 1 1 45 `青光震獸劍` `` 10105
27509 2 1 1 1 1 1 1 1 1 1 1 1 25 `梅麗莎的靈夕長劍` `` 10105
27612 2 1 1 1 1 1 1 1 1 1 1 1 15 `紫丸` `` 10103
11268 2 1 1 1 1 1 1 1 1 1 1 1 40 `血嘯胸甲` `` 11301
11647 2 1 1 1 1 1 1 1 1 1 1 1 45 `幻影死神盔甲` `` 11401
27654 2 1 1 1 1 1 1 1 1 1 1 1 25 `卡坤的小太刀` `` 10103
10871 2 1 1 1 1 1 1 1 1 1 1 1 45 `蠱藤胸甲` `` 11201
28251 2 1 1 1 1 1 1 1 1 1 1 1 45 `圣愈光劍` `` 10106
27674 2 1 1 1 1 1 1 1 1 1 1 1 45 `赤凰戰刀` `` 10103
27974 2 1 1 1 1 1 1 1 1 1 1 1 45 `千年橡木槌` `` 10104
27961 2 1 1 1 1 1 1 1 1 1 1 1 35 `猛毒爪牙棒` `` 10104
27954 2 1 1 1 1 1 1 1 1 1 1 1 25 `強襲者之棒` `` 10104
27141 3 1 1 1 1 1 1 1 1 1 1 1 65 `遠古遺骸的青銅劍` `` 10102
27162 2 1 1 1 1 1 1 1 1 1 1 1 70 `龍牙短劍` `` 10102
27741 3 1 1 1 1 1 1 1 1 1 1 1 65 `火焰之拉諾` `` 10103
27573 2 1 1 1 1 1 1 1 1 1 1 1 60 `諾米爾的毀傷巨劍` `` 10105
27534 2 1 1 1 1 1 1 1 1 1 1 1 50 `殘殺者之劍` `` 10105
27359 2 1 1 1 1 1 1 1 1 1 1 1 70 `破穹巨劍` `` 10105
27678 2 1 1 1 1 1 1 1 1 1 1 1 50 `絕刀 - 紅蓮天舞` `` 10103
28009 3 1 1 1 1 1 1 1 1 1 1 1 55 `雷神之怒` `` 10104
27978 2 1 1 1 1 1 1 1 1 1 1 1 50 `掩日困魂槌` `` 10104
27762 2 1 1 1 1 1 1 1 1 1 1 1 70 `青虹煉月刀` `` 10103
28254 2 1 1 1 1 1 1 1 1 1 1 1 50 `万仞圣光劍` `` 10106
27127 2 1 1 1 1 1 1 1 1 1 1 1 65 `黃金短劍` `` 10102
28054 2 1 1 1 1 1 1 1 1 1 1 1 70 `裂風之嘯鐵棒` `` 10104
27107 2 1 1 1 1 1 1 1 1 1 1 1 55 `魔爆劍 - 卡拉博格` `` 10102
28017 2 1 1 1 1 1 1 1 1 1 1 1 60 `生命之复蘇重錘` `` 10104
27133 2 1 1 1 1 1 1 1 1 1 1 1 67 `真 ‧ 黃金短劍` `` 10102
27578 2 1 1 1 1 1 1 1 1 1 1 1 65 `凝血巨劍` `` 10105
27560 2 1 1 1 1 1 1 1 1 1 1 1 55 `凡爾賽的幻劍` `` 10105
28328 2 1 1 1 1 1 1 1 1 1 1 1 70 `龍魂之騎士光劍` `` 10106
27584 2 1 1 1 1 1 1 1 1 1 1 1 67 `真 ‧ 凝血巨劍` `` 10105
27583 2 1 1 1 1 1 1 1 1 1 1 1 62 `真 ‧ 諾米爾的毀傷巨劍` `` 10105
27727 2 1 1 1 1 1 1 1 1 1 1 1 65 `水神太刀` `` 10103
27732 2 1 1 1 1 1 1 1 1 1 1 1 67 `真 ‧ 水神太刀` `` 10103
27705 2 1 1 1 1 1 1 1 1 1 1 1 55 `閃刀 - 斬影刃` `` 10103
28023 2 1 1 1 1 1 1 1 1 1 1 1 65 `魯道夫的鷹眼槌` `` 10104
28275 2 1 1 1 1 1 1 1 1 1 1 1 55 `克萊爾之顫光劍` `` 10106
28027 2 1 1 1 1 1 1 1 1 1 1 1 62 `真 ‧ 生命之复蘇重錘` `` 10104
28294 2 1 1 1 1 1 1 1 1 1 1 1 65 `匹薩克之王` `` 10106
10097 2 1 1 1 1 1 1 1 1 1 1 1 50 `神官吉格的祭祀上衣` `` 11002
10929 2 1 1 1 1 1 1 1 1 1 1 1 60 `霸權者的智慧胸甲` `` 11201
28028 2 1 1 1 1 1 1 1 1 1 1 1 67 `真 ‧ 魯道夫的鷹眼槌` `` 10104
28299 2 1 1 1 1 1 1 1 1 1 1 1 67 `真 ‧ 匹薩克之王` `` 10106
10874 2 1 1 1 1 1 1 1 1 1 1 1 50 `龍脊胸甲` `` 11201
11274 2 1 1 1 1 1 1 1 1 1 1 1 50 `怒靈詛咒胸甲` `` 11301
11322 2 1 1 1 1 1 1 1 1 1 1 1 60 `血之結界胸甲` `` 11301
11676 2 1 1 1 1 1 1 1 1 1 1 1 60 `光之流影胸甲` `` 11401
11327 2 1 1 1 1 1 1 1 1 1 1 1 65 `蒼狼戰士胸甲` `` 11301
11334 2 1 1 1 1 1 1 1 1 1 1 1 62 `真 ‧ 血之結界胸甲` `` 11301
16444 3 1 1 1 1 1 1 1 1 1 1 1 10 `黑紋腰帶` `` 11105
10945 2 1 1 1 1 1 1 1 1 1 1 1 62 `真 ‧ 霸權者的智慧胸甲` `` 11201
15243 3 1 1 1 1 1 1 1 1 1 1 1 10 `帝國黑金護肩` `` 11302
11337 2 1 1 1 1 1 1 1 1 1 1 1 67 `真 ‧ 蒼狼戰士胸甲` `` 11301
11688 2 1 1 1 1 1 1 1 1 1 1 1 62 `真 ‧ 光之流影胸甲` `` 11401
100330088 2 1 1 1 1 1 1 1 1 1 1 1 1 `name_100330088` `` 12004
100330090 2 1 1 1 1 1 1 1 1 1 1 1 1 `name_100330090` `` 12004
100330089 2 1 1 1 1 1 1 1 1 1 1 1 1 `name_100330089` `` 12004
100330093 2 1 1 1 1 1 1 1 1 1 1 1 1 `name_100330093` `` 12004
100330092 2 1 1 1 1 1 1 1 1 1 1 1 1 `name_100330092` `` 12004
100330095 2 1 1 1 1 1 1 1 1 1 1 1 1 `name_100330095` `` 12004
100330094 2 1 1 1 1 1 1 1 1 1 1 1 1 `name_100330094` `` 12004
100330091 2 1 1 1 1 1 1 1 1 1 1 1 1 `name_100330091` `` 12004
600330007 2 1 1 1 1 1 1 1 1 1 1 1 1 `神秘王國的人偶劇 (狼)` `` 12004
600330008 2 1 1 1 1 1 1 1 1 1 1 1 1 `神秘王國的人偶劇 (魔女)` `` 12004
600330009 2 1 1 1 1 1 1 1 1 1 1 1 1 `神秘王國的人偶劇 (諾亞星)` `` 12004
600330012 2 1 1 1 1 1 1 1 1 1 1 1 1 `龍舟` `` 12004
600330010 2 1 1 1 1 1 1 1 1 1 1 1 1 `神秘王國的人偶劇 (妖精)` `` 12004
600330011 2 1 1 1 1 1 1 1 1 1 1 1 1 `神秘王國的人偶劇 (黑貓)` `` 12004
2680003 0 1 1 1 1 1 1 1 1 1 1 1 20 `古老的羊毛護腰` `` 11006
2680005 0 1 1 1 1 1 1 1 1 1 1 1 55 `生鏽的合金護腿` `` 11403
2680010 2 1 1 1 1 1 1 1 1 1 1 1 30 `食人魔之鐲` `` 12003
2680007 1 1 1 1 1 1 1 1 1 1 1 1 10 `堅固的粗鐵長靴` `` 11304
2680004 2 1 1 1 1 1 1 1 1 1 1 1 30 `天帷巨獸 : 赤龍皮甲上衣` `` 11101
2680024 0 1 1 1 1 1 1 1 1 1 1 1 1 `破裂的木制東方棍` `` 10206
2680035 1 1 1 1 1 1 1 1 1 1 1 1 6 `改良的短弩` `` 10306
2680049 0 1 1 1 1 1 1 1 1 1 1 1 40 `古老的白金長棍` `` 10403
2680038 0 1 1 1 1 1 1 1 1 1 1 1 45 `老式轉輪手槍` `` 10302
2680037 2 1 1 1 1 1 1 1 1 1 1 1 30 `落星` `` 10304
2680036 3 1 1 1 1 1 1 1 1 1 1 1 20 `嚙齒N2 - AT7 ` `` 10305
2680051 0 1 1 1 1 1 1 1 1 1 1 1 25 `古老的三叉戰戟` `` 10402
2680062 2 1 1 1 1 1 1 1 1 1 1 1 5 `月牙戰神斧` `` 10506
2680063 1 1 1 1 1 1 1 1 1 1 1 1 35 `青銅十字架` `` 10502
2680065 1 1 1 1 1 1 1 1 1 1 1 1 35 `玄鐵戰鐮` `` 10505
2680077 2 1 1 1 1 1 1 1 1 1 1 1 15 `葡萄藤槌` `` 10104
2681006 2 1 1 1 1 1 1 1 1 1 1 1 1 `海之勇者 (鯊魚)` `` 12004
2680079 3 1 1 1 1 1 1 1 1 1 1 1 40 `西嵐的妖刀` `` 10103
2681008 2 1 1 1 1 1 1 1 1 1 1 1 1 `海之勇者 (海馬)` `` 12004
2681009 2 1 1 1 1 1 1 1 1 1 1 1 1 `海之勇者 (章魚)` `` 12004
2681007 2 1 1 1 1 1 1 1 1 1 1 1 1 `海之勇者 (熱帶魚)` `` 12004
2681010 2 1 1 1 1 1 1 1 1 1 1 1 1 `海之勇者 (海龜)` `` 12004
2681045 2 1 1 1 1 1 1 1 1 1 1 1 1 `怪物的突擊` `` 12004
2681046 2 1 1 1 1 1 1 1 1 1 1 1 1 `怪物的突擊` `` 12004
2681047 2 1 1 1 1 1 1 1 1 1 1 1 1 `怪物的突擊` `` 12004
2681048 2 1 1 1 1 1 1 1 1 1 1 1 1 `怪物的突擊` `` 12004
2681049 2 1 1 1 1 1 1 1 1 1 1 1 1 `怪物的突擊` `` 12004
26155 2 1 1 1 1 1 1 1 1 1 1 1 1 `斗志碎片 (無限制)` `` 12004
26163 2 1 1 1 1 1 1 1 1 1 1 1 1 `尼努爾塔神的意志` `` 12004
26161 2 1 1 1 1 1 1 1 1 1 1 1 1 `守護碎片 (無限制)` `` 12004
26158 2 1 1 1 1 1 1 1 1 1 1 1 1 `信念碎片 (無限制)` `` 12004
26162 2 1 1 1 1 1 1 1 1 1 1 1 1 `奧西里斯神的意志` `` 12004
26164 2 1 1 1 1 1 1 1 1 1 1 1 1 `迦尼薩神的意志` `` 12004
2681071 2 1 1 1 1 1 1 1 1 1 1 1 1 `虎之魂 (智)` `` 12004
2681072 2 1 1 1 1 1 1 1 1 1 1 1 1 `白虎之魂 (力)` `` 12004
2681070 2 1 1 1 1 1 1 1 1 1 1 1 1 `虎之魂 (力)` `` 12004
63075 2 1 1 1 1 1 1 1 1 1 1 1 1 `<3::name_63075>` `` 14001
2681073 2 1 1 1 1 1 1 1 1 1 1 1 1 `白虎之魂 (智)` `` 12004
63077 2 1 1 1 1 1 1 1 1 1 1 1 1 `<3::name_63077>` `` 14001
2681083 2 1 1 1 1 1 1 1 1 1 1 1 1 `北方之王` `` 12004
2681082 2 1 1 1 1 1 1 1 1 1 1 1 1 `南方至尊` `` 12004
2681088 2 1 1 1 1 1 1 1 1 1 1 1 1 `快樂冒險家` `` 12004
2681091 2 1 1 1 1 1 1 1 1 1 1 1 1 `人偶劇團 (小巫女)` `` 12004
2681093 2 1 1 1 1 1 1 1 1 1 1 1 1 `人偶劇團 (藍仙女)` `` 12004
2681090 2 1 1 1 1 1 1 1 1 1 1 1 1 `人偶劇團 (大灰狼)` `` 12004
2681092 2 1 1 1 1 1 1 1 1 1 1 1 1 `人偶劇團 (許愿星)` `` 12004
2681094 2 1 1 1 1 1 1 1 1 1 1 1 1 `人偶劇團 (柴郡貓)` `` 12004
2681097 2 1 1 1 1 1 1 1 1 1 1 1 1 `DNF善戰者` `` 12004
2681098 2 1 1 1 1 1 1 1 1 1 1 1 1 `DNF睿智者` `` 12004
2681099 2 1 1 1 1 1 1 1 1 1 1 1 1 `閃耀之DNF勇士` `` 12004
2681100 2 1 1 1 1 1 1 1 1 1 1 1 1 `傳說中的DNF霸者` `` 12004
2681108 3 1 1 1 1 1 1 1 1 1 1 1 20 `异鄉人之戒` `` 12002
2681109 3 1 1 1 1 1 1 1 1 1 1 1 20 `不滅的記憶之戒` `` 12002
2681111 3 1 1 1 1 1 1 1 1 1 1 1 45 `　守的心愿之戒` `` 12002
2681112 3 1 1 1 1 1 1 1 1 1 1 1 55 `痛苦的抉擇之戒` `` 12002
2681110 3 1 1 1 1 1 1 1 1 1 1 1 45 `幸福的流浪者之戒` `` 12002
2681113 3 1 1 1 1 1 1 1 1 1 1 1 55 `遺失的心靈之戒` `` 12002
2681114 3 1 1 1 1 1 1 1 1 1 1 1 20 `分离的痛苦項鏈` `` 12001
2681115 3 1 1 1 1 1 1 1 1 1 1 1 20 `痛苦的思念項鏈` `` 12001
2681116 3 1 1 1 1 1 1 1 1 1 1 1 45 `武士的勇气項鏈` `` 12001
2681117 3 1 1 1 1 1 1 1 1 1 1 1 45 `孤獨的守候項鏈` `` 12001
2681118 3 1 1 1 1 1 1 1 1 1 1 1 55 `黃昏的記憶項鏈` `` 12001
2681119 3 1 1 1 1 1 1 1 1 1 1 1 55 `黃昏的奇跡項鏈` `` 12001
2681176 2 1 1 1 1 1 1 1 1 1 1 1 1 `冷艷女神` `` 12004
2681177 2 1 1 1 1 1 1 1 1 1 1 1 1 `鎮國神將` `` 12004
2681178 2 1 1 1 1 1 1 1 1 1 1 1 1 `鐵扇公主` `` 12004
2681180 2 1 1 1 1 1 1 1 1 1 1 1 1 `女中豪杰` `` 12004
2681181 2 1 1 1 1 1 1 1 1 1 1 1 1 `天下第一劍` `` 12004
2681182 2 1 1 1 1 1 1 1 1 1 1 1 1 `精‧冷艷女神` `` 12004
2681179 2 1 1 1 1 1 1 1 1 1 1 1 1 `風云游俠` `` 12004
2681185 2 1 1 1 1 1 1 1 1 1 1 1 1 `精‧風云游俠` `` 12004
2681186 2 1 1 1 1 1 1 1 1 1 1 1 1 `精‧女中豪杰` `` 12004
2681183 2 1 1 1 1 1 1 1 1 1 1 1 1 `精‧鎮國神將` `` 12004
2681184 2 1 1 1 1 1 1 1 1 1 1 1 1 `精‧鐵扇公主` `` 12004
2681243 2 1 1 1 1 1 1 1 1 1 1 1 1 `英勇的斗士` `` 12004
2681187 2 1 1 1 1 1 1 1 1 1 1 1 1 `精‧天下第一劍` `` 12004
2681244 2 1 1 1 1 1 1 1 1 1 1 1 1 `英勇的智者` `` 12004
2681245 2 1 1 1 1 1 1 1 1 1 1 1 1 `無雙的勇士` `` 12004
2681246 2 1 1 1 1 1 1 1 1 1 1 1 1 `無雙的智者` `` 12004
2681247 2 1 1 1 1 1 1 1 1 1 1 1 1 `傳說之尊者` `` 12004
2681248 2 1 1 1 1 1 1 1 1 1 1 1 1 `傳說之智者` `` 12004
2681264 3 1 1 1 1 1 1 1 1 1 1 1 45 `光之恩賜白銀戒指` `` 12002
2681266 3 1 1 1 1 1 1 1 1 1 1 1 55 `精靈之祝福黃金戒指` `` 12002
2681265 3 1 1 1 1 1 1 1 1 1 1 1 25 `光之恩賜青銅戒指` `` 12002
2681269 3 1 1 1 1 1 1 1 1 1 1 1 55 `太陽神之庇佑黃金戒指` `` 12002
2681267 3 1 1 1 1 1 1 1 1 1 1 1 45 `精靈之祝福白銀戒指` `` 12002
2681263 3 1 1 1 1 1 1 1 1 1 1 1 55 `光之恩賜黃金戒指` `` 12002
2681268 3 1 1 1 1 1 1 1 1 1 1 1 25 `精靈之祝福青銅戒指` `` 12002
2681271 3 1 1 1 1 1 1 1 1 1 1 1 25 `太陽神之庇佑青銅戒指` `` 12002
2681272 3 1 1 1 1 1 1 1 1 1 1 1 55 `光之恩賜黃金項鏈` `` 12001
2681270 3 1 1 1 1 1 1 1 1 1 1 1 45 `太陽神之庇佑白銀戒指` `` 12002
2681273 3 1 1 1 1 1 1 1 1 1 1 1 45 `光之恩賜白銀項鏈` `` 12001
2681275 3 1 1 1 1 1 1 1 1 1 1 1 55 `精靈之祝福黃金項鏈` `` 12001
2681277 3 1 1 1 1 1 1 1 1 1 1 1 25 `精靈之祝福青銅項鏈` `` 12001
2681274 3 1 1 1 1 1 1 1 1 1 1 1 25 `光之恩賜青銅項鏈` `` 12001
2681276 3 1 1 1 1 1 1 1 1 1 1 1 45 `精靈之祝福白銀項鏈` `` 12001
2681278 3 1 1 1 1 1 1 1 1 1 1 1 55 `太陽神之庇佑黃金項鏈` `` 12001
2681279 3 1 1 1 1 1 1 1 1 1 1 1 45 `太陽神之庇佑白銀項鏈` `` 12001
2681281 3 1 1 1 1 1 1 1 1 1 1 1 55 `光之恩賜黃金手鐲` `` 12003
2681282 3 1 1 1 1 1 1 1 1 1 1 1 45 `光之恩賜白銀手鐲` `` 12003
2681280 3 1 1 1 1 1 1 1 1 1 1 1 25 `太陽神之庇佑青銅項鏈` `` 12001
2681283 3 1 1 1 1 1 1 1 1 1 1 1 25 `光之恩賜青銅手鐲` `` 12003
2681284 3 1 1 1 1 1 1 1 1 1 1 1 55 `精靈之祝福黃金手鐲` `` 12003
2681285 3 1 1 1 1 1 1 1 1 1 1 1 45 `精靈之祝福白銀手鐲` `` 12003
2681286 3 1 1 1 1 1 1 1 1 1 1 1 25 `精靈之祝福青銅手鐲` `` 12003
2681288 3 1 1 1 1 1 1 1 1 1 1 1 45 `太陽神之庇佑白銀手鐲` `` 12003
2681287 3 1 1 1 1 1 1 1 1 1 1 1 55 `太陽神之庇佑黃金手鐲` `` 12003
2681289 3 1 1 1 1 1 1 1 1 1 1 1 25 `太陽神之庇佑青銅手鐲` `` 12003
2681309 2 1 1 1 1 1 1 1 1 1 1 1 1 `沙漠的勇士 - 力` `` 12004
2681310 2 1 1 1 1 1 1 1 1 1 1 1 1 `沙漠的勇士 - 智` `` 12004
2681312 2 1 1 1 1 1 1 1 1 1 1 1 1 `沙漠的領主 - 智` `` 12004
2681311 2 1 1 1 1 1 1 1 1 1 1 1 1 `沙漠的領主 - 力` `` 12004
2681350 3 1 1 1 1 1 1 1 1 1 1 1 1 `奇幻之旅 (力)` `` 12004
2681351 3 1 1 1 1 1 1 1 1 1 1 1 1 `奇幻之旅 (智)` `` 12004
2681352 3 1 1 1 1 1 1 1 1 1 1 1 1 `星★奇幻之旅 (力)` `` 12004
2681353 3 1 1 1 1 1 1 1 1 1 1 1 1 `星★奇幻之旅 (智)` `` 12004
2681360 3 1 1 1 1 1 1 1 1 1 1 1 30 `魔女的戒指` `` 12002
2681485 3 1 1 1 1 1 1 1 1 1 1 1 1 `真龍之魂 - 智` `` 12004
2681483 3 1 1 1 1 1 1 1 1 1 1 1 1 `龍的傳人 - 智` `` 12004
2681484 3 1 1 1 1 1 1 1 1 1 1 1 1 `真龍之魂 - 力` `` 12004
2681487 3 1 1 1 1 1 1 1 1 1 1 1 1 `御龍至尊 - 智` `` 12004
2681486 3 1 1 1 1 1 1 1 1 1 1 1 1 `御龍至尊 - 力` `` 12004
2681482 3 1 1 1 1 1 1 1 1 1 1 1 1 `龍的傳人 - 力` `` 12004
2681503 3 1 1 1 1 1 1 1 1 1 1 1 1 `童話王國 - 愛麗絲 (白金版)` `` 12004
2681504 3 1 1 1 1 1 1 1 1 1 1 1 1 `夢游仙境 - 愛麗絲` `` 12004
2681505 3 1 1 1 1 1 1 1 1 1 1 1 1 `夢游仙境 - 柴郡貓` `` 12004
2681506 3 1 1 1 1 1 1 1 1 1 1 1 1 `童話王國 - 愛麗絲` `` 12004
2681507 3 1 1 1 1 1 1 1 1 1 1 1 1 `童話王國 - 柴郡貓` `` 12004
2747094 3 1 1 1 1 1 1 1 1 1 1 1 60 `暗羽之痕戒指 (物理)` `` 12002
2747085 3 1 1 1 1 1 1 1 1 1 1 1 60 `暗羽之痕項鏈 (魔法)` `` 12001
2747087 3 1 1 1 1 1 1 1 1 1 1 1 60 `光羽之痕項鏈 (魔法)` `` 12001
2747088 3 1 1 1 1 1 1 1 1 1 1 1 60 `光羽之痕項鏈 (物理)` `` 12001
2747091 3 1 1 1 1 1 1 1 1 1 1 1 60 `冰羽之痕項鏈 (魔法)` `` 12001
2747086 3 1 1 1 1 1 1 1 1 1 1 1 60 `暗羽之痕項鏈 (物理)` `` 12001
2747092 3 1 1 1 1 1 1 1 1 1 1 1 60 `冰羽之痕項鏈 (物理)` `` 12001
2747089 3 1 1 1 1 1 1 1 1 1 1 1 60 `火羽之痕項鏈 (魔法)` `` 12001
2747090 3 1 1 1 1 1 1 1 1 1 1 1 60 `火羽之痕項鏈 (物理)` `` 12001
2747093 3 1 1 1 1 1 1 1 1 1 1 1 60 `暗羽之痕戒指 (魔法)` `` 12002
2747095 3 1 1 1 1 1 1 1 1 1 1 1 60 `光羽之痕戒指 (魔法)` `` 12002
2747099 3 1 1 1 1 1 1 1 1 1 1 1 60 `冰羽之痕戒指 (魔法)` `` 12002
2747098 3 1 1 1 1 1 1 1 1 1 1 1 60 `火羽之痕戒指 (物理)` `` 12002
2747100 3 1 1 1 1 1 1 1 1 1 1 1 60 `冰羽之痕戒指 (物理)` `` 12002
2747096 3 1 1 1 1 1 1 1 1 1 1 1 60 `光羽之痕戒指 (物理)` `` 12002
2747097 3 1 1 1 1 1 1 1 1 1 1 1 60 `火羽之痕戒指 (魔法)` `` 12002
2747101 3 1 1 1 1 1 1 1 1 1 1 1 60 `暗羽之痕手鐲 (MP上限)` `` 12003
2747102 3 1 1 1 1 1 1 1 1 1 1 1 60 `暗羽之痕手鐲 (HP上限)` `` 12003
2747103 3 1 1 1 1 1 1 1 1 1 1 1 60 `光羽之痕手鐲 (MP上限)` `` 12003
2747104 3 1 1 1 1 1 1 1 1 1 1 1 60 `光羽之痕手鐲 (HP上限)` `` 12003
2747105 3 1 1 1 1 1 1 1 1 1 1 1 60 `火羽之痕手鐲 (MP上限)` `` 12003
2747106 3 1 1 1 1 1 1 1 1 1 1 1 60 `火羽之痕手鐲 (HP上限)` `` 12003
2747107 3 1 1 1 1 1 1 1 1 1 1 1 60 `冰羽之痕手鐲 (MP上限)` `` 12003
2747081 3 1 1 1 1 1 1 1 1 1 1 1 1 `海之子` `` 12004
2747108 3 1 1 1 1 1 1 1 1 1 1 1 60 `冰羽之痕手鐲 (HP上限)` `` 12003
2747082 3 1 1 1 1 1 1 1 1 1 1 1 1 `海之靈` `` 12004
2747083 3 1 1 1 1 1 1 1 1 1 1 1 1 `深海之子` `` 12004
2747084 3 1 1 1 1 1 1 1 1 1 1 1 1 `魅海之靈` `` 12004
2747146 2 1 1 1 1 1 1 1 1 1 1 1 1 `虎之魂 (力)` `` 12004
2747148 2 1 1 1 1 1 1 1 1 1 1 1 1 `虎之魂 (智)` `` 12004
2747150 2 1 1 1 1 1 1 1 1 1 1 1 1 `白虎之魂 (力)` `` 12004
2747153 2 1 1 1 1 1 1 1 1 1 1 1 1 `DNF善戰者` `` 12004
2747152 2 1 1 1 1 1 1 1 1 1 1 1 1 `白虎之魂 (智)` `` 12004
2747154 2 1 1 1 1 1 1 1 1 1 1 1 1 `DNF睿智者` `` 12004
2747206 2 1 1 1 1 1 1 1 1 1 1 1 1 `女中豪杰` `` 12004
2747207 2 1 1 1 1 1 1 1 1 1 1 1 1 `風云游俠` `` 12004
2747205 2 1 1 1 1 1 1 1 1 1 1 1 1 `天下第一劍` `` 12004
2747208 2 1 1 1 1 1 1 1 1 1 1 1 1 `鐵扇公主` `` 12004
2747209 2 1 1 1 1 1 1 1 1 1 1 1 1 `鎮國神將` `` 12004
2747210 2 1 1 1 1 1 1 1 1 1 1 1 1 `冷艷女神` `` 12004
2747212 2 1 1 1 1 1 1 1 1 1 1 1 1 `圣誕節雪人` `` 12004
2747211 2 1 1 1 1 1 1 1 1 1 1 1 1 `紅鼻子馴鹿` `` 12004
2680000 2 1 1 1 1 1 1 1 1 1 1 1 1 `海妖的眼淚` `` 14003
2747119 3 1 1 1 1 1 1 1 1 1 1 1 1 `王室守備軍 (力)` `` 12004
2747120 3 1 1 1 1 1 1 1 1 1 1 1 1 `王室守備軍 (智)` `` 12004
2747122 3 1 1 1 1 1 1 1 1 1 1 1 1 `皇家騎士團 (智)` `` 12004
2747121 3 1 1 1 1 1 1 1 1 1 1 1 1 `皇家騎士團 (力)` `` 12004
20040 1 1 1 1 1 1 1 1 1 1 1 1 33 `(舊) 水晶胸墜` `` 12001
20042 1 1 1 1 1 1 1 1 1 1 1 1 35 `(舊) 精致的水晶胸墜` `` 12001
20056 1 1 1 1 1 1 1 1 1 1 1 1 42 `(舊) 翡翠胸針` `` 12001
20039 0 1 1 1 1 1 1 1 1 1 1 1 33 `(舊) 碎裂的水晶胸墜` `` 12001
20044 0 1 1 1 1 1 1 1 1 1 1 1 36 `(舊) 褪色的黃玉胸墜` `` 12001
20049 1 1 1 1 1 1 1 1 1 1 1 1 39 `(舊) 紫瑪瑙胸墜` `` 12001
20045 1 1 1 1 1 1 1 1 1 1 1 1 36 `(舊) 黃玉胸墜` `` 12001
20057 0 1 1 1 1 1 1 1 1 1 1 1 42 `(舊) 磨損的翡翠胸針` `` 12001
20051 1 1 1 1 1 1 1 1 1 1 1 1 40 `(舊) 堅硬的紫瑪瑙胸墜` `` 12001
20048 0 1 1 1 1 1 1 1 1 1 1 1 39 `(舊) 劣質的紫瑪瑙胸墜` `` 12001
20046 1 1 1 1 1 1 1 1 1 1 1 1 38 `(舊) 精致的黃玉胸墜` `` 12001
20015 1 1 1 1 1 1 1 1 1 1 1 1 17 `(舊) 精致的青銅項鏈` `` 12001
20014 1 1 1 1 1 1 1 1 1 1 1 1 15 `(舊) 青銅項鏈` `` 12001
20013 0 1 1 1 1 1 1 1 1 1 1 1 15 `(舊) 褪色的青銅項鏈` `` 12001
20023 1 1 1 1 1 1 1 1 1 1 1 1 23 `(舊) 精致的銀項鏈` `` 12001
20021 0 1 1 1 1 1 1 1 1 1 1 1 21 `(舊) 粗糙的銀項鏈` `` 12001
20022 1 1 1 1 1 1 1 1 1 1 1 1 21 `(舊) 白銀腰鏈` `` 12001
20033 2 1 1 1 1 1 1 1 1 1 1 1 29 `(舊) 艾力斯的星芒項墜` `` 12001
20038 2 1 1 1 1 1 1 1 1 1 1 1 32 `(舊) 玄冰碧玉項墜` `` 12001
20047 2 1 1 1 1 1 1 1 1 1 1 1 38 `(舊) 貝爾瑪爾之星` `` 12001
20028 1 1 1 1 1 1 1 1 1 1 1 1 26 `(舊) 精致的白金項鏈` `` 12001
20020 2 1 1 1 1 1 1 1 1 1 1 1 20 `(舊) 幽冥黑蓮項墜` `` 12001
20029 2 1 1 1 1 1 1 1 1 1 1 1 26 `(舊) 班圖的冰晶項墜` `` 12001
20026 1 1 1 1 1 1 1 1 1 1 1 1 24 `(舊) 白金項鏈` `` 12001
20034 3 1 1 1 1 1 1 1 1 1 1 1 29 `(舊) 神鬼戰士項墜` `` 12001
20043 2 1 1 1 1 1 1 1 1 1 1 1 35 `(舊) 天空之炎項墜` `` 12001
20027 3 1 1 1 1 1 1 1 1 1 1 1 24 `(舊) 圣靈戰士項墜` `` 12001
20016 2 1 1 1 1 1 1 1 1 1 1 1 17 `(舊) 哥布林冥骨項墜` `` 12001
20050 3 1 1 1 1 1 1 1 1 1 1 1 39 `(舊) 瑪尼神獸項墜` `` 12001
20017 0 1 1 1 1 1 1 1 1 1 1 1 18 `(舊) 磨損的鍍銀項鏈` `` 12001
20019 1 1 1 1 1 1 1 1 1 1 1 1 20 `(舊) 純銀項鏈` `` 12001
20018 1 1 1 1 1 1 1 1 1 1 1 1 18 `(舊) 鍍銀項鏈` `` 12001
20024 2 1 1 1 1 1 1 1 1 1 1 1 23 `(舊) 牛頭巨獸的項墜` `` 12001
20025 0 1 1 1 1 1 1 1 1 1 1 1 24 `(舊) 磨損的金項鏈` `` 12001
20036 1 1 1 1 1 1 1 1 1 1 1 1 30 `(舊) 天青石項墜` `` 12001
20041 3 1 1 1 1 1 1 1 1 1 1 1 34 `(舊) 赤道碎星花結` `` 12001
20035 0 1 1 1 1 1 1 1 1 1 1 1 30 `(舊) 古老的天青石項墜` `` 12001
20037 1 1 1 1 1 1 1 1 1 1 1 1 32 `(舊) 精致的天青石項墜` `` 12001
20030 0 1 1 1 1 1 1 1 1 1 1 1 27 `(舊) 破舊的藍寶石項墜` `` 12001
20032 1 1 1 1 1 1 1 1 1 1 1 1 29 `(舊) 堅硬的藍寶石項墜` `` 12001
20031 1 1 1 1 1 1 1 1 1 1 1 1 27 `(舊) 藍寶石項墜` `` 12001
16042 1 1 1 1 1 1 1 1 1 1 1 1 39 `(舊) 精紡的薄紗腰帶` `` 11006
16028 1 1 1 1 1 1 1 1 1 1 1 1 28 `(舊) 精紡的羊絨腰帶` `` 11006
16041 1 1 1 1 1 1 1 1 1 1 1 1 38 `(舊) 薄紗腰帶` `` 11006
16040 0 1 1 1 1 1 1 1 1 1 1 1 38 `(舊) 破舊的薄紗腰帶` `` 11006
16026 0 1 1 1 1 1 1 1 1 1 1 1 26 `(舊) 破舊的羊絨腰帶` `` 11006
16027 1 1 1 1 1 1 1 1 1 1 1 1 26 `(舊) 羊絨腰帶` `` 11006
16021 3 1 1 1 1 1 1 1 1 1 1 1 22 `(舊) 雕翎腰帶` `` 11006
16039 1 1 1 1 1 1 1 1 1 1 1 1 37 `(舊) 精紡的綾羅腰帶` `` 11006
16025 1 1 1 1 1 1 1 1 1 1 1 1 25 `(舊) 精紡的絲綢腰帶` `` 11006
16047 0 1 1 1 1 1 1 1 1 1 1 1 41 `(舊) 古老的天鵝絨腰帶` `` 11006
16036 0 1 1 1 1 1 1 1 1 1 1 1 35 `(舊) 破舊的綾羅腰帶` `` 11006
16022 0 1 1 1 1 1 1 1 1 1 1 1 23 `(舊) 舊式絲綢腰帶` `` 11006
16037 1 1 1 1 1 1 1 1 1 1 1 1 35 `(舊) 綾羅腰帶` `` 11006
16046 1 1 1 1 1 1 1 1 1 1 1 1 41 `(舊) 天鵝絨腰帶` `` 11006
16023 1 1 1 1 1 1 1 1 1 1 1 1 23 `(舊) 絲綢腰帶` `` 11006
16024 2 1 1 1 1 1 1 1 1 1 1 1 24 `(舊) 赫頓瑪爾貴族腰帶` `` 11006
16016 2 1 1 1 1 1 1 1 1 1 1 1 18 `(舊) 炎麻腰帶` `` 11006
16032 0 1 1 1 1 1 1 1 1 1 1 1 32 `(舊) 古老的絲絨腰帶` `` 11006
16018 0 1 1 1 1 1 1 1 1 1 1 1 20 `(舊) 古老的羊毛護腰` `` 11006
16038 2 1 1 1 1 1 1 1 1 1 1 1 36 `(舊) 精靈祝福腰帶` `` 11006
16033 1 1 1 1 1 1 1 1 1 1 1 1 32 `(舊) 絲絨腰帶` `` 11006
16035 1 1 1 1 1 1 1 1 1 1 1 1 34 `(舊) 厚絨絲絨腰帶` `` 11006
16020 1 1 1 1 1 1 1 1 1 1 1 1 22 `(舊) 厚絨羊毛護腰` `` 11006
16034 2 1 1 1 1 1 1 1 1 1 1 1 33 `(舊) 賢者的訓練腰帶` `` 11006
16019 1 1 1 1 1 1 1 1 1 1 1 1 20 `(舊) 羊毛護腰` `` 11006
16029 0 1 1 1 1 1 1 1 1 1 1 1 29 `(舊) 破舊的絹絲腰帶` `` 11006
16030 1 1 1 1 1 1 1 1 1 1 1 1 29 `(舊) 絹絲腰帶` `` 11006
16031 1 1 1 1 1 1 1 1 1 1 1 1 31 `(舊) 精紡的絹絲腰帶` `` 11006
17220 1 1 1 1 1 1 1 1 1 1 1 1 20 `(舊) 精鐵腰帶` `` 11305
17219 0 1 1 1 1 1 1 1 1 1 1 1 20 `(舊) 生鏽的精鐵腰帶` `` 11305
17221 1 1 1 1 1 1 1 1 1 1 1 1 22 `(舊) 堅固的精鐵腰帶` `` 11305
17233 1 1 1 1 1 1 1 1 1 1 1 1 32 `(舊) 鉑金腰帶` `` 11305
17245 1 1 1 1 1 1 1 1 1 1 1 1 41 `(舊) 科堡腰帶` `` 11305
17232 0 1 1 1 1 1 1 1 1 1 1 1 32 `(舊) 殘破的鉑金腰帶` `` 11305
17234 2 1 1 1 1 1 1 1 1 1 1 1 33 `(舊) 龍鳴腰帶` `` 11305
17235 1 1 1 1 1 1 1 1 1 1 1 1 34 `(舊) 堅固的鉑金腰帶` `` 11305
17230 1 1 1 1 1 1 1 1 1 1 1 1 29 `(舊) 鐵合金護腰` `` 11305
17229 0 1 1 1 1 1 1 1 1 1 1 1 29 `(舊) 生鏽的鐵合金護腰` `` 11305
17217 2 1 1 1 1 1 1 1 1 1 1 1 18 `(舊) 碧玉腰帶` `` 11305
17227 2 1 1 1 1 1 1 1 1 1 1 1 27 `(舊) 閃靈腰帶` `` 11305
17213 2 1 1 1 1 1 1 1 1 1 1 1 15 `(舊) 暗黑蛇紋腰帶` `` 11305
17246 0 1 1 1 1 1 1 1 1 1 1 1 41 `(舊) 生鏽的科堡腰帶` `` 11305
17222 0 1 1 1 1 1 1 1 1 1 1 1 23 `(舊) 破舊的青銅腰甲` `` 11305
17231 1 1 1 1 1 1 1 1 1 1 1 1 31 `(舊) 堅固的鐵合金護腰` `` 11305
17236 0 1 1 1 1 1 1 1 1 1 1 1 35 `(舊) 磨損的鈦銀腰帶` `` 11305
17237 1 1 1 1 1 1 1 1 1 1 1 1 35 `(舊) 鈦銀腰帶` `` 11305
17224 1 1 1 1 1 1 1 1 1 1 1 1 25 `(舊) 堅固的青銅腰甲` `` 11305
17223 1 1 1 1 1 1 1 1 1 1 1 1 23 `(舊) 青銅腰甲` `` 11305
17238 1 1 1 1 1 1 1 1 1 1 1 1 37 `(舊) 堅固的鈦銀腰帶` `` 11305
17226 1 1 1 1 1 1 1 1 1 1 1 1 26 `(舊) 玄鋼腰帶` `` 11305
17228 1 1 1 1 1 1 1 1 1 1 1 1 28 `(舊) 精致的玄鋼腰帶` `` 11305
17240 1 1 1 1 1 1 1 1 1 1 1 1 38 `(舊) 墨鋼腰帶` `` 11305
17241 1 1 1 1 1 1 1 1 1 1 1 1 39 `(舊) 精致的墨鋼腰帶` `` 11305
17225 0 1 1 1 1 1 1 1 1 1 1 1 26 `(舊) 磨損的玄鋼腰帶` `` 11305
17239 0 1 1 1 1 1 1 1 1 1 1 1 38 `(舊) 生鏽的墨鋼腰帶` `` 11305
16833 1 1 1 1 1 1 1 1 1 1 1 1 32 `(舊) 石陶腰帶` `` 11205
16820 1 1 1 1 1 1 1 1 1 1 1 1 20 `(舊) 魚骨腰帶` `` 11205
16821 1 1 1 1 1 1 1 1 1 1 1 1 22 `(舊) 精致的魚骨腰帶` `` 11205
16832 0 1 1 1 1 1 1 1 1 1 1 1 32 `(舊) 古老的石陶腰帶` `` 11205
16835 1 1 1 1 1 1 1 1 1 1 1 1 34 `(舊) 精致的石陶腰帶` `` 11205
16819 0 1 1 1 1 1 1 1 1 1 1 1 20 `(舊) 腐蝕的魚骨腰帶` `` 11205
16834 2 1 1 1 1 1 1 1 1 1 1 1 33 `(舊) 遠古冰銀腰帶` `` 11205
16813 2 1 1 1 1 1 1 1 1 1 1 1 15 `(舊) 血靈暗咒腰帶` `` 11205
16827 2 1 1 1 1 1 1 1 1 1 1 1 27 `(舊) 玄武岩腰帶` `` 11205
16830 1 1 1 1 1 1 1 1 1 1 1 1 29 `(舊) 陶瓷腰帶` `` 11205
16829 0 1 1 1 1 1 1 1 1 1 1 1 29 `(舊) 殘破的陶瓷腰帶` `` 11205
16817 2 1 1 1 1 1 1 1 1 1 1 1 18 `(舊) 大地祝福腰帶` `` 11205
16846 0 1 1 1 1 1 1 1 1 1 1 1 41 `(舊) 殘破的紫榆腰帶` `` 11205
16845 1 1 1 1 1 1 1 1 1 1 1 1 41 `(舊) 紫榆腰帶` `` 11205
16823 1 1 1 1 1 1 1 1 1 1 1 1 23 `(舊) 狼骨腰帶` `` 11205
16831 1 1 1 1 1 1 1 1 1 1 1 1 31 `(舊) 堅固的陶瓷腰帶` `` 11205
16822 0 1 1 1 1 1 1 1 1 1 1 1 23 `(舊) 古老的狼骨腰帶` `` 11205
16836 0 1 1 1 1 1 1 1 1 1 1 1 35 `(舊) 舊式軟陶腰帶` `` 11205
16837 1 1 1 1 1 1 1 1 1 1 1 1 35 `(舊) 軟陶腰帶` `` 11205
16824 1 1 1 1 1 1 1 1 1 1 1 1 25 `(舊) 堅固的狼骨腰帶` `` 11205
16826 1 1 1 1 1 1 1 1 1 1 1 1 26 `(舊) 虎骨腰帶` `` 11205
16838 1 1 1 1 1 1 1 1 1 1 1 1 37 `(舊) 堅固的軟陶腰帶` `` 11205
16840 1 1 1 1 1 1 1 1 1 1 1 1 38 `(舊) 黑陶腰帶` `` 11205
16828 1 1 1 1 1 1 1 1 1 1 1 1 28 `(舊) 精致的虎骨腰帶` `` 11205
16841 1 1 1 1 1 1 1 1 1 1 1 1 39 `(舊) 堅固的黑陶腰帶` `` 11205
16825 0 1 1 1 1 1 1 1 1 1 1 1 26 `(舊) 殘破的虎骨腰帶` `` 11205
16839 0 1 1 1 1 1 1 1 1 1 1 1 38 `(舊) 破舊的黑陶腰帶` `` 11205
16428 1 1 1 1 1 1 1 1 1 1 1 1 28 `(舊) 堅韌的鹿皮腰甲` `` 11105
16441 1 1 1 1 1 1 1 1 1 1 1 1 39 `(舊) 堅韌的狼皮腰甲` `` 11105
16439 0 1 1 1 1 1 1 1 1 1 1 1 38 `(舊) 破舊的狼皮腰甲` `` 11105
16440 1 1 1 1 1 1 1 1 1 1 1 1 38 `(舊) 狼皮腰甲` `` 11105
16417 2 1 1 1 1 1 1 1 1 1 1 1 18 `(舊) 烈焰騎士腰帶` `` 11105
16434 2 1 1 1 1 1 1 1 1 1 1 1 33 `(舊) 天帷巨獸的皮腰帶` `` 11105
16413 2 1 1 1 1 1 1 1 1 1 1 1 15 `(舊) 罪惡布法羅腰帶` `` 11105
16427 2 1 1 1 1 1 1 1 1 1 1 1 27 `(舊) 炎蟒腰帶` `` 11105
16424 1 1 1 1 1 1 1 1 1 1 1 1 25 `(舊) 嶄新的虎皮腰帶` `` 11105
16436 0 1 1 1 1 1 1 1 1 1 1 1 35 `(舊) 舊式狼皮腰帶` `` 11105
16438 1 1 1 1 1 1 1 1 1 1 1 1 37 `(舊) 嶄新的狼皮腰帶` `` 11105
16437 1 1 1 1 1 1 1 1 1 1 1 1 35 `(舊) 狼皮腰帶` `` 11105
16420 1 1 1 1 1 1 1 1 1 1 1 1 20 `(舊) 鹿皮護腰` `` 11105
16419 0 1 1 1 1 1 1 1 1 1 1 1 20 `(舊) 古老的鹿皮護腰` `` 11105
16432 0 1 1 1 1 1 1 1 1 1 1 1 32 `(舊) 古老的狼皮護腰` `` 11105
16421 1 1 1 1 1 1 1 1 1 1 1 1 22 `(舊) 厚實的鹿皮護腰` `` 11105
16433 1 1 1 1 1 1 1 1 1 1 1 1 32 `(舊) 狼皮護腰` `` 11105
16447 0 1 1 1 1 1 1 1 1 1 1 1 41 `(舊) 破舊的豹皮腰帶` `` 11105
16435 1 1 1 1 1 1 1 1 1 1 1 1 34 `(舊) 厚實的狼皮護腰` `` 11105
16446 1 1 1 1 1 1 1 1 1 1 1 1 41 `(舊) 豹皮腰帶` `` 11105
16429 0 1 1 1 1 1 1 1 1 1 1 1 29 `(舊) 破舊的狼皮束腰` `` 11105
16430 1 1 1 1 1 1 1 1 1 1 1 1 29 `(舊) 狼皮束腰` `` 11105
16431 1 1 1 1 1 1 1 1 1 1 1 1 31 `(舊) 堅韌的狼皮束腰` `` 11105
17620 1 1 1 1 1 1 1 1 1 1 1 1 35 `(舊) 結實的鐵合金腰帶` `` 11405
17618 0 1 1 1 1 1 1 1 1 1 1 1 33 `(舊) 損坏的鐵合金腰帶` `` 11405
17627 1 1 1 1 1 1 1 1 1 1 1 1 42 `(舊) 合金腰帶` `` 11405
17619 1 1 1 1 1 1 1 1 1 1 1 1 33 `(舊) 鐵合金腰帶` `` 11405
17616 2 1 1 1 1 1 1 1 1 1 1 1 30 `(舊) 黑玉護魂腰帶` `` 11405
17628 0 1 1 1 1 1 1 1 1 1 1 1 42 `(舊) 生鏽的合金腰帶` `` 11405
17614 0 1 1 1 1 1 1 1 1 1 1 1 30 `(舊) 生鏽的鈦合金腰帶` `` 11405
17602 2 1 1 1 1 1 1 1 1 1 1 1 18 `(舊) 藍色日冕腰帶` `` 11405
17617 1 1 1 1 1 1 1 1 1 1 1 1 32 `(舊) 堅固的鈦合金腰帶` `` 11405
17607 0 1 1 1 1 1 1 1 1 1 1 1 24 `(舊) 生鏽的鐵腰帶` `` 11405
17609 2 1 1 1 1 1 1 1 1 1 1 1 24 `(舊) 超合金虎嘯腰帶` `` 11405
17615 1 1 1 1 1 1 1 1 1 1 1 1 30 `(舊) 鈦合金腰帶` `` 11405
17621 0 1 1 1 1 1 1 1 1 1 1 1 36 `(舊) 破舊的黑鋼腰帶` `` 11405
17608 1 1 1 1 1 1 1 1 1 1 1 1 24 `(舊) 鐵腰帶` `` 11405
17610 1 1 1 1 1 1 1 1 1 1 1 1 26 `(舊) 堅固的鐵腰帶` `` 11405
17613 1 1 1 1 1 1 1 1 1 1 1 1 29 `(舊) 精致的生鐵腰帶` `` 11405
17622 1 1 1 1 1 1 1 1 1 1 1 1 36 `(舊) 黑鋼腰帶` `` 11405
17623 1 1 1 1 1 1 1 1 1 1 1 1 38 `(舊) 堅固的黑鋼腰帶` `` 11405
17625 1 1 1 1 1 1 1 1 1 1 1 1 39 `(舊) 鈦腰帶` `` 11405
17626 1 1 1 1 1 1 1 1 1 1 1 1 40 `(舊) 精致的鈦腰帶` `` 11405
17611 0 1 1 1 1 1 1 1 1 1 1 1 27 `(舊) 生鏽的生鐵腰帶` `` 11405
17612 1 1 1 1 1 1 1 1 1 1 1 1 27 `(舊) 生鐵腰帶` `` 11405
17624 0 1 1 1 1 1 1 1 1 1 1 1 39 `(舊) 損坏的鈦腰帶` `` 11405
10045 3 1 1 1 1 1 1 1 1 1 1 1 37 `(舊) 天蟬護魂長袍` `` 11002
10043 2 1 1 1 1 1 1 1 1 1 1 1 36 `(舊) 賢者的訓練上衣` `` 11002
10030 3 1 1 1 1 1 1 1 1 1 1 1 27 `(舊) 紫炎隱月長袍` `` 11002
10020 2 1 1 1 1 1 1 1 1 1 1 1 21 `(舊) 炎麻長袍` `` 11002
10031 1 1 1 1 1 1 1 1 1 1 1 1 28 `(舊) 精紡的羊絨長袍` `` 11002
10048 1 1 1 1 1 1 1 1 1 1 1 1 39 `(舊) 精紡的薄紗長袍` `` 11002
10025 3 1 1 1 1 1 1 1 1 1 1 1 24 `(舊) 雕翎長袍` `` 11002
10049 2 1 1 1 1 1 1 1 1 1 1 1 39 `(舊) 精靈祝福長袍` `` 11002
10047 1 1 1 1 1 1 1 1 1 1 1 1 38 `(舊) 薄紗長袍` `` 11002
10046 0 1 1 1 1 1 1 1 1 1 1 1 38 `(舊) 破舊的薄紗長袍` `` 11002
10029 2 1 1 1 1 1 1 1 1 1 1 1 27 `(舊) 赫頓瑪爾貴族長袍` `` 11002
10027 0 1 1 1 1 1 1 1 1 1 1 1 26 `(舊) 破舊的羊絨長袍` `` 11002
10057 0 1 1 1 1 1 1 1 1 1 1 1 41 `(舊) 古老的天鵝絨襯衫` `` 11002
10028 1 1 1 1 1 1 1 1 1 1 1 1 26 `(舊) 羊絨長袍` `` 11002
10032 0 1 1 1 1 1 1 1 1 1 1 1 29 `(舊) 破舊的絹絲襯衫` `` 11002
10033 1 1 1 1 1 1 1 1 1 1 1 1 29 `(舊) 絹絲襯衫` `` 11002
10035 1 1 1 1 1 1 1 1 1 1 1 1 31 `(舊) 精紡的絹絲襯衫` `` 11002
10056 1 1 1 1 1 1 1 1 1 1 1 1 41 `(舊) 天鵝絨襯衫` `` 11002
10044 1 1 1 1 1 1 1 1 1 1 1 1 37 `(舊) 精紡的綾羅襯衫` `` 11002
10026 1 1 1 1 1 1 1 1 1 1 1 1 25 `(舊) 精紡的絲綢背心` `` 11002
10041 0 1 1 1 1 1 1 1 1 1 1 1 35 `(舊) 破舊的綾羅襯衫` `` 11002
10034 2 1 1 1 1 1 1 1 1 1 1 1 30 `(舊) 冰凌長袍` `` 11002
10022 0 1 1 1 1 1 1 1 1 1 1 1 23 `(舊) 舊式絲綢背心` `` 11002
10042 1 1 1 1 1 1 1 1 1 1 1 1 35 `(舊) 綾羅襯衫` `` 11002
10023 1 1 1 1 1 1 1 1 1 1 1 1 23 `(舊) 絲綢背心` `` 11002
10036 0 1 1 1 1 1 1 1 1 1 1 1 32 `(舊) 古老的絲絨背心` `` 11002
10018 0 1 1 1 1 1 1 1 1 1 1 1 20 `(舊) 古老的羊毛背心` `` 11002
10038 3 1 1 1 1 1 1 1 1 1 1 1 32 `(舊) 幻影落凰長袍` `` 11002
10024 2 1 1 1 1 1 1 1 1 1 1 1 24 `(舊) 悲鳴草背心` `` 11002
10037 1 1 1 1 1 1 1 1 1 1 1 1 32 `(舊) 絲絨背心` `` 11002
10040 1 1 1 1 1 1 1 1 1 1 1 1 34 `(舊) 厚絨絲絨背心` `` 11002
10039 2 1 1 1 1 1 1 1 1 1 1 1 33 `(舊) 牛頭怪鬃毛背心` `` 11002
10021 1 1 1 1 1 1 1 1 1 1 1 1 22 `(舊) 厚絨羊毛背心` `` 11002
11227 1 1 1 1 1 1 1 1 1 1 1 1 28 `(舊) 精致的玄鋼鎖甲` `` 11301
11226 1 1 1 1 1 1 1 1 1 1 1 1 26 `(舊) 玄鋼鎖甲` `` 11301
10019 1 1 1 1 1 1 1 1 1 1 1 1 20 `(舊) 羊毛背心` `` 11002
11241 1 1 1 1 1 1 1 1 1 1 1 1 39 `(舊) 精致的墨鋼鏈甲` `` 11301
11240 1 1 1 1 1 1 1 1 1 1 1 1 38 `(舊) 墨鋼鏈甲` `` 11301
11225 0 1 1 1 1 1 1 1 1 1 1 1 26 `(舊) 磨損的玄鋼鎖甲` `` 11301
11239 0 1 1 1 1 1 1 1 1 1 1 1 38 `(舊) 生鏽的墨鋼鏈甲` `` 11301
11229 1 1 1 1 1 1 1 1 1 1 1 1 29 `(舊) 鐵合金鏈甲` `` 11301
11246 1 1 1 1 1 1 1 1 1 1 1 1 41 `(舊) 科堡胸甲` `` 11301
11228 0 1 1 1 1 1 1 1 1 1 1 1 29 `(舊) 生鏽的鐵合金鏈甲` `` 11301
11247 0 1 1 1 1 1 1 1 1 1 1 1 41 `(舊) 生鏽的科堡胸甲` `` 11301
11231 1 1 1 1 1 1 1 1 1 1 1 1 31 `(舊) 堅固的鐵合金鏈甲` `` 11301
11237 2 1 1 1 1 1 1 1 1 1 1 1 35 `(舊) 龍鳴鏈甲` `` 11301
11220 2 1 1 1 1 1 1 1 1 1 1 1 20 `(舊) 碧玉鎖甲` `` 11301
11223 1 1 1 1 1 1 1 1 1 1 1 1 23 `(舊) 青銅鎖甲` `` 11301
11216 2 1 1 1 1 1 1 1 1 1 1 1 17 `(舊) 暗黑蛇紋鎖甲` `` 11301
11236 1 1 1 1 1 1 1 1 1 1 1 1 35 `(舊) 鈦銀鏈甲` `` 11301
11222 0 1 1 1 1 1 1 1 1 1 1 1 23 `(舊) 破舊的青銅鎖甲` `` 11301
11235 0 1 1 1 1 1 1 1 1 1 1 1 35 `(舊) 磨損的鈦銀鏈甲` `` 11301
11230 2 1 1 1 1 1 1 1 1 1 1 1 29 `(舊) 閃靈兜甲` `` 11301
11224 1 1 1 1 1 1 1 1 1 1 1 1 25 `(舊) 堅固的青銅鎖甲` `` 11301
11238 1 1 1 1 1 1 1 1 1 1 1 1 37 `(舊) 堅固的鈦銀鏈甲` `` 11301
11219 1 1 1 1 1 1 1 1 1 1 1 1 20 `(舊) 精鐵鎖甲` `` 11301
11233 1 1 1 1 1 1 1 1 1 1 1 1 32 `(舊) 鉑金鏈甲` `` 11301
11221 1 1 1 1 1 1 1 1 1 1 1 1 22 `(舊) 堅固的精鐵鎖甲` `` 11301
11234 1 1 1 1 1 1 1 1 1 1 1 1 34 `(舊) 堅固的鉑金鏈甲` `` 11301
11232 0 1 1 1 1 1 1 1 1 1 1 1 32 `(舊) 殘破的鉑金鏈甲` `` 11301
11218 0 1 1 1 1 1 1 1 1 1 1 1 20 `(舊) 生鏽的精鐵鎖甲` `` 11301
10826 1 1 1 1 1 1 1 1 1 1 1 1 26 `(舊) 虎骨胸甲` `` 11201
10825 0 1 1 1 1 1 1 1 1 1 1 1 26 `(舊) 殘破的虎骨胸甲` `` 11201
10840 1 1 1 1 1 1 1 1 1 1 1 1 38 `(舊) 黑陶胸甲` `` 11201
10841 1 1 1 1 1 1 1 1 1 1 1 1 39 `(舊) 堅固的軟陶胸甲` `` 11201
10827 1 1 1 1 1 1 1 1 1 1 1 1 28 `(舊) 精致的虎骨胸甲` `` 11201
10839 0 1 1 1 1 1 1 1 1 1 1 1 38 `(舊) 破舊的黑陶胸甲` `` 11201
10828 0 1 1 1 1 1 1 1 1 1 1 1 29 `(舊) 殘破的陶瓷胸甲` `` 11201
10829 1 1 1 1 1 1 1 1 1 1 1 1 29 `(舊) 陶瓷胸甲` `` 11201
10847 0 1 1 1 1 1 1 1 1 1 1 1 41 `(舊) 殘破的紫榆胸甲` `` 11201
10846 1 1 1 1 1 1 1 1 1 1 1 1 41 `(舊) 紫榆胸甲` `` 11201
10831 1 1 1 1 1 1 1 1 1 1 1 1 31 `(舊) 堅固的陶瓷胸甲` `` 11201
10837 2 1 1 1 1 1 1 1 1 1 1 1 36 `(舊) 遠古冰銀胸甲` `` 11201
10823 1 1 1 1 1 1 1 1 1 1 1 1 23 `(舊) 狼骨胸甲` `` 11201
10836 1 1 1 1 1 1 1 1 1 1 1 1 35 `(舊) 軟陶胸甲` `` 11201
10816 2 1 1 1 1 1 1 1 1 1 1 1 18 `(舊) 血靈暗咒胸甲` `` 11201
10822 0 1 1 1 1 1 1 1 1 1 1 1 23 `(舊) 古老的狼骨胸甲` `` 11201
10830 2 1 1 1 1 1 1 1 1 1 1 1 30 `(舊) 玄武岩胸甲` `` 11201
10820 2 1 1 1 1 1 1 1 1 1 1 1 21 `(舊) 大地祝福胸甲` `` 11201
10835 0 1 1 1 1 1 1 1 1 1 1 1 35 `(舊) 舊式軟陶胸甲` `` 11201
10824 1 1 1 1 1 1 1 1 1 1 1 1 25 `(舊) 堅固的狼骨胸甲` `` 11201
10838 1 1 1 1 1 1 1 1 1 1 1 1 37 `(舊) 堅固的軟陶胸甲` `` 11201
10819 1 1 1 1 1 1 1 1 1 1 1 1 20 `(舊) 魚骨胸甲` `` 11201
10833 1 1 1 1 1 1 1 1 1 1 1 1 32 `(舊) 石陶胸甲` `` 11201
10834 1 1 1 1 1 1 1 1 1 1 1 1 34 `(舊) 精致的石陶胸甲` `` 11201
10832 0 1 1 1 1 1 1 1 1 1 1 1 32 `(舊) 古老的石陶胸甲` `` 11201
10818 0 1 1 1 1 1 1 1 1 1 1 1 20 `(舊) 腐蝕的魚骨胸甲` `` 11201
10821 1 1 1 1 1 1 1 1 1 1 1 1 22 `(舊) 精致的魚骨胸甲` `` 11201
10437 2 1 1 1 1 1 1 1 1 1 1 1 35 `(舊) 天帷巨獸的皮胸甲` `` 11101
10423 1 1 1 1 1 1 1 1 1 1 1 1 23 `(舊) 虎皮夾克` `` 11101
10430 2 1 1 1 1 1 1 1 1 1 1 1 29 `(舊) 炎蟒胸甲` `` 11101
10416 2 1 1 1 1 1 1 1 1 1 1 1 17 `(舊) 罪惡布法羅胸甲` `` 11101
10420 2 1 1 1 1 1 1 1 1 1 1 1 20 `(舊) 烈焰騎士胸甲` `` 11101
10424 1 1 1 1 1 1 1 1 1 1 1 1 25 `(舊) 嶄新的虎皮夾克` `` 11101
10438 1 1 1 1 1 1 1 1 1 1 1 1 37 `(舊) 嶄新的狼皮夾克` `` 11101
10422 0 1 1 1 1 1 1 1 1 1 1 1 23 `(舊) 舊式虎皮夾克` `` 11101
10435 0 1 1 1 1 1 1 1 1 1 1 1 35 `(舊) 舊式狼皮夾克` `` 11101
10436 1 1 1 1 1 1 1 1 1 1 1 1 35 `(舊) 狼皮夾克` `` 11101
10426 1 1 1 1 1 1 1 1 1 1 1 1 26 `(舊) 鹿皮胸甲` `` 11101
10427 1 1 1 1 1 1 1 1 1 1 1 1 28 `(舊) 堅韌的鹿皮胸甲` `` 11101
10425 0 1 1 1 1 1 1 1 1 1 1 1 26 `(舊) 破舊的鹿皮胸甲` `` 11101
10441 1 1 1 1 1 1 1 1 1 1 1 1 39 `(舊) 堅韌的狼皮胸甲` `` 11101
10440 1 1 1 1 1 1 1 1 1 1 1 1 38 `(舊) 狼皮胸甲` `` 11101
10439 0 1 1 1 1 1 1 1 1 1 1 1 38 `(舊) 破舊的狼皮胸甲` `` 11101
10432 0 1 1 1 1 1 1 1 1 1 1 1 32 `(舊) 古老的狼皮長袍` `` 11101
10419 1 1 1 1 1 1 1 1 1 1 1 1 20 `(舊) 鹿皮長袍` `` 11101
10418 0 1 1 1 1 1 1 1 1 1 1 1 20 `(舊) 古老的鹿皮長袍` `` 11101
10434 1 1 1 1 1 1 1 1 1 1 1 1 34 `(舊) 厚實的狼皮長袍` `` 11101
10447 1 1 1 1 1 1 1 1 1 1 1 1 41 `(舊) 豹皮胸甲` `` 11101
10433 1 1 1 1 1 1 1 1 1 1 1 1 32 `(舊) 狼皮長袍` `` 11101
10448 0 1 1 1 1 1 1 1 1 1 1 1 41 `(舊) 破舊的豹皮胸甲` `` 11101
10421 1 1 1 1 1 1 1 1 1 1 1 1 22 `(舊) 厚實的鹿皮長袍` `` 11101
10428 0 1 1 1 1 1 1 1 1 1 1 1 29 `(舊) 破舊的狼皮背心` `` 11101
10429 1 1 1 1 1 1 1 1 1 1 1 1 29 `(舊) 狼皮背心` `` 11101
10431 1 1 1 1 1 1 1 1 1 1 1 1 31 `(舊) 堅韌的狼皮背心` `` 11101
11613 1 1 1 1 1 1 1 1 1 1 1 1 29 `(舊) 精致的生鐵盔甲` `` 11401
11626 1 1 1 1 1 1 1 1 1 1 1 1 40 `(舊) 精致的鈦胸甲` `` 11401
11625 1 1 1 1 1 1 1 1 1 1 1 1 39 `(舊) 鈦胸甲` `` 11401
11610 0 1 1 1 1 1 1 1 1 1 1 1 27 `(舊) 生鏽的生鐵盔甲` `` 11401
11611 1 1 1 1 1 1 1 1 1 1 1 1 27 `(舊) 生鐵盔甲` `` 11401
11624 0 1 1 1 1 1 1 1 1 1 1 1 39 `(舊) 損坏的鈦胸甲` `` 11401
11627 1 1 1 1 1 1 1 1 1 1 1 1 42 `(舊) 合金胸甲` `` 11401
11614 0 1 1 1 1 1 1 1 1 1 1 1 30 `(舊) 生鏽的鈦合金胸甲` `` 11401
11616 1 1 1 1 1 1 1 1 1 1 1 1 32 `(舊) 堅固的鈦合金胸甲` `` 11401
11628 0 1 1 1 1 1 1 1 1 1 1 1 42 `(舊) 生鏽的合金胸甲` `` 11401
11615 1 1 1 1 1 1 1 1 1 1 1 1 30 `(舊) 鈦合金胸甲` `` 11401
11607 0 1 1 1 1 1 1 1 1 1 1 1 24 `(舊) 生鏽的鐵鎧甲` `` 11401
11612 2 1 1 1 1 1 1 1 1 1 1 1 27 `(舊) 超合金虎嘯胸甲` `` 11401
11621 0 1 1 1 1 1 1 1 1 1 1 1 36 `(舊) 破舊的黑鋼胸甲` `` 11401
11619 2 1 1 1 1 1 1 1 1 1 1 1 33 `(舊) 黑玉護魂胸甲` `` 11401
11605 2 1 1 1 1 1 1 1 1 1 1 1 21 `(舊) 藍色日冕胸甲` `` 11401
11608 1 1 1 1 1 1 1 1 1 1 1 1 24 `(舊) 鐵鎧甲` `` 11401
11609 1 1 1 1 1 1 1 1 1 1 1 1 26 `(舊) 堅固的鐵鎧甲` `` 11401
11623 1 1 1 1 1 1 1 1 1 1 1 1 38 `(舊) 堅固的黑鋼胸甲` `` 11401
11622 1 1 1 1 1 1 1 1 1 1 1 1 36 `(舊) 黑鋼胸甲` `` 11401
11617 0 1 1 1 1 1 1 1 1 1 1 1 33 `(舊) 損坏的鐵合金胸甲` `` 11401
11618 1 1 1 1 1 1 1 1 1 1 1 1 33 `(舊) 鐵合金胸甲` `` 11401
12044 1 1 1 1 1 1 1 1 1 1 1 1 37 `(舊) 精紡的綾羅綁腿` `` 11004
12041 0 1 1 1 1 1 1 1 1 1 1 1 35 `(舊) 破舊的綾羅綁腿` `` 11004
11620 1 1 1 1 1 1 1 1 1 1 1 1 35 `(舊) 堅固的鐵合金胸甲` `` 11401
12034 2 1 1 1 1 1 1 1 1 1 1 1 30 `(舊) 圣神長褲` `` 11004
12026 1 1 1 1 1 1 1 1 1 1 1 1 25 `(舊) 精紡的絲綢綁腿` `` 11004
12022 0 1 1 1 1 1 1 1 1 1 1 1 23 `(舊) 舊式絲綢綁腿` `` 11004
12042 1 1 1 1 1 1 1 1 1 1 1 1 35 `(舊) 綾羅綁腿` `` 11004
12023 1 1 1 1 1 1 1 1 1 1 1 1 23 `(舊) 絲綢綁腿` `` 11004
12030 3 1 1 1 1 1 1 1 1 1 1 1 27 `(舊) 亡靈護腿` `` 11004
12048 1 1 1 1 1 1 1 1 1 1 1 1 39 `(舊) 精紡的薄紗護腿` `` 11004
12031 1 1 1 1 1 1 1 1 1 1 1 1 28 `(舊) 精紡的羊絨護腿` `` 11004
12046 0 1 1 1 1 1 1 1 1 1 1 1 38 `(舊) 破舊的薄紗護腿` `` 11004
12047 1 1 1 1 1 1 1 1 1 1 1 1 38 `(舊) 薄紗護腿` `` 11004
12027 0 1 1 1 1 1 1 1 1 1 1 1 26 `(舊) 破舊的羊絨護腿` `` 11004
12028 1 1 1 1 1 1 1 1 1 1 1 1 26 `(舊) 羊絨護腿` `` 11004
12038 3 1 1 1 1 1 1 1 1 1 1 1 32 `(舊) 索裴爾的幻影長褲` `` 11004
12024 2 1 1 1 1 1 1 1 1 1 1 1 24 `(舊) 精靈凱恩之褲` `` 11004
12045 3 1 1 1 1 1 1 1 1 1 1 1 37 `(舊) 七彩行云褲` `` 11004
12039 2 1 1 1 1 1 1 1 1 1 1 1 33 `(舊) 机械師的粗布褲` `` 11004
12049 2 1 1 1 1 1 1 1 1 1 1 1 39 `(舊) 精靈祝福綁腿` `` 11004
12032 0 1 1 1 1 1 1 1 1 1 1 1 29 `(舊) 破舊的絹絲短褲` `` 11004
12056 0 1 1 1 1 1 1 1 1 1 1 1 41 `(舊) 古老的天鵝絨短褲` `` 11004
12043 2 1 1 1 1 1 1 1 1 1 1 1 36 `(舊) 賢者的訓練短褲` `` 11004
12029 2 1 1 1 1 1 1 1 1 1 1 1 27 `(舊) 赫頓瑪爾貴族綁腿` `` 11004
12055 1 1 1 1 1 1 1 1 1 1 1 1 41 `(舊) 天鵝絨短褲` `` 11004
12035 1 1 1 1 1 1 1 1 1 1 1 1 31 `(舊) 精紡的絹絲短褲` `` 11004
12033 1 1 1 1 1 1 1 1 1 1 1 1 29 `(舊) 絹絲短褲` `` 11004
12020 2 1 1 1 1 1 1 1 1 1 1 1 21 `(舊) 炎麻長褲` `` 11004
12025 3 1 1 1 1 1 1 1 1 1 1 1 24 `(舊) 雕翎長褲` `` 11004
12036 0 1 1 1 1 1 1 1 1 1 1 1 32 `(舊) 古老的絲絨長褲` `` 11004
12018 0 1 1 1 1 1 1 1 1 1 1 1 20 `(舊) 古老的羊毛長褲` `` 11004
12037 1 1 1 1 1 1 1 1 1 1 1 1 32 `(舊) 絲絨長褲` `` 11004
12040 1 1 1 1 1 1 1 1 1 1 1 1 34 `(舊) 厚絨絲絨長褲` `` 11004
12019 1 1 1 1 1 1 1 1 1 1 1 1 20 `(舊) 羊毛長褲` `` 11004
12021 1 1 1 1 1 1 1 1 1 1 1 1 22 `(舊) 厚絨羊毛長褲` `` 11004
13229 1 1 1 1 1 1 1 1 1 1 1 1 29 `(舊) 鐵合金脛甲` `` 11303
13228 0 1 1 1 1 1 1 1 1 1 1 1 29 `(舊) 生鏽的鐵合金脛甲` `` 11303
13231 1 1 1 1 1 1 1 1 1 1 1 1 31 `(舊) 堅固的鐵合金脛甲` `` 11303
13247 0 1 1 1 1 1 1 1 1 1 1 1 41 `(舊) 生鏽的科堡綁腿` `` 11303
13246 1 1 1 1 1 1 1 1 1 1 1 1 41 `(舊) 科堡綁腿` `` 11303
13219 1 1 1 1 1 1 1 1 1 1 1 1 20 `(舊) 精鐵護腿` `` 11303
13233 1 1 1 1 1 1 1 1 1 1 1 1 32 `(舊) 鉑金護腿` `` 11303
13221 1 1 1 1 1 1 1 1 1 1 1 1 22 `(舊) 堅固的精鐵護腿` `` 11303
13234 1 1 1 1 1 1 1 1 1 1 1 1 34 `(舊) 堅固的鉑金護腿` `` 11303
13232 0 1 1 1 1 1 1 1 1 1 1 1 32 `(舊) 殘破的鉑金護腿` `` 11303
13218 0 1 1 1 1 1 1 1 1 1 1 1 20 `(舊) 生鏽的精鐵護腿` `` 11303
13226 1 1 1 1 1 1 1 1 1 1 1 1 26 `(舊) 玄鋼護腿` `` 11303
13227 1 1 1 1 1 1 1 1 1 1 1 1 28 `(舊) 精致的玄鋼護腿` `` 11303
13241 1 1 1 1 1 1 1 1 1 1 1 1 39 `(舊) 精致的墨鋼護腿` `` 11303
13240 1 1 1 1 1 1 1 1 1 1 1 1 38 `(舊) 墨鋼護腿` `` 11303
13225 0 1 1 1 1 1 1 1 1 1 1 1 26 `(舊) 磨損的玄鋼護腿` `` 11303
13239 0 1 1 1 1 1 1 1 1 1 1 1 38 `(舊) 生鏽的墨鋼護腿` `` 11303
13223 1 1 1 1 1 1 1 1 1 1 1 1 23 `(舊) 青銅綁腿` `` 11303
13236 1 1 1 1 1 1 1 1 1 1 1 1 35 `(舊) 鈦銀腿甲` `` 11303
13222 0 1 1 1 1 1 1 1 1 1 1 1 23 `(舊) 破舊的青銅綁腿` `` 11303
13235 0 1 1 1 1 1 1 1 1 1 1 1 35 `(舊) 磨損的鈦銀腿甲` `` 11303
13224 1 1 1 1 1 1 1 1 1 1 1 1 25 `(舊) 堅固的青銅綁腿` `` 11303
13238 1 1 1 1 1 1 1 1 1 1 1 1 37 `(舊) 堅固的鈦銀腿甲` `` 11303
13237 2 1 1 1 1 1 1 1 1 1 1 1 35 `(舊) 龍鳴護腿` `` 11303
13220 2 1 1 1 1 1 1 1 1 1 1 1 20 `(舊) 碧玉護腿` `` 11303
13216 2 1 1 1 1 1 1 1 1 1 1 1 17 `(舊) 暗黑蛇紋護腿` `` 11303
13230 2 1 1 1 1 1 1 1 1 1 1 1 29 `(舊) 閃靈護腿` `` 11303
12828 0 1 1 1 1 1 1 1 1 1 1 1 29 `(舊) 殘破的陶瓷綁腿` `` 11203
12831 1 1 1 1 1 1 1 1 1 1 1 1 31 `(舊) 堅固的陶瓷綁腿` `` 11203
12829 1 1 1 1 1 1 1 1 1 1 1 1 29 `(舊) 陶瓷綁腿` `` 11203
12847 0 1 1 1 1 1 1 1 1 1 1 1 41 `(舊) 殘破的紫榆綁腿` `` 11203
12846 1 1 1 1 1 1 1 1 1 1 1 1 41 `(舊) 紫榆綁腿` `` 11203
12819 1 1 1 1 1 1 1 1 1 1 1 1 20 `(舊) 魚骨綁腿` `` 11203
12833 1 1 1 1 1 1 1 1 1 1 1 1 32 `(舊) 石陶綁腿` `` 11203
12821 1 1 1 1 1 1 1 1 1 1 1 1 22 `(舊) 精致的魚骨綁腿` `` 11203
12834 1 1 1 1 1 1 1 1 1 1 1 1 34 `(舊) 精致的石陶綁腿` `` 11203
12832 0 1 1 1 1 1 1 1 1 1 1 1 32 `(舊) 古老的石陶綁腿` `` 11203
12818 0 1 1 1 1 1 1 1 1 1 1 1 20 `(舊) 腐蝕的魚骨綁腿` `` 11203
12823 1 1 1 1 1 1 1 1 1 1 1 1 23 `(舊) 狼骨綁腿` `` 11203
12835 0 1 1 1 1 1 1 1 1 1 1 1 35 `(舊) 舊式軟陶綁腿` `` 11203
12836 1 1 1 1 1 1 1 1 1 1 1 1 35 `(舊) 軟陶綁腿` `` 11203
12822 0 1 1 1 1 1 1 1 1 1 1 1 23 `(舊) 古老的狼骨綁腿` `` 11203
12840 1 1 1 1 1 1 1 1 1 1 1 1 38 `(舊) 黑陶綁腿` `` 11203
12824 1 1 1 1 1 1 1 1 1 1 1 1 25 `(舊) 堅固的狼骨綁腿` `` 11203
12827 1 1 1 1 1 1 1 1 1 1 1 1 28 `(舊) 精致的虎骨綁腿` `` 11203
12826 1 1 1 1 1 1 1 1 1 1 1 1 26 `(舊) 虎骨綁腿` `` 11203
12838 1 1 1 1 1 1 1 1 1 1 1 1 37 `(舊) 堅固的軟陶綁腿` `` 11203
12841 1 1 1 1 1 1 1 1 1 1 1 1 39 `(舊) 堅固的黑陶綁腿` `` 11203
12825 0 1 1 1 1 1 1 1 1 1 1 1 26 `(舊) 殘破的虎骨綁腿` `` 11203
12839 0 1 1 1 1 1 1 1 1 1 1 1 38 `(舊) 破舊的黑陶綁腿` `` 11203
12830 2 1 1 1 1 1 1 1 1 1 1 1 30 `(舊) 玄武岩綁腿` `` 11203
12837 2 1 1 1 1 1 1 1 1 1 1 1 36 `(舊) 遠古冰銀綁腿` `` 11203
12820 2 1 1 1 1 1 1 1 1 1 1 1 21 `(舊) 大地祝福綁腿` `` 11203
12816 2 1 1 1 1 1 1 1 1 1 1 1 18 `(舊) 血靈暗咒綁腿` `` 11203
12424 1 1 1 1 1 1 1 1 1 1 1 1 25 `(舊) 嶄新的虎皮綁腿` `` 11103
12423 1 1 1 1 1 1 1 1 1 1 1 1 23 `(舊) 虎皮綁腿` `` 11103
12422 0 1 1 1 1 1 1 1 1 1 1 1 23 `(舊) 舊式虎皮綁腿` `` 11103
12435 0 1 1 1 1 1 1 1 1 1 1 1 35 `(舊) 舊式狼皮綁腿` `` 11103
12438 1 1 1 1 1 1 1 1 1 1 1 1 37 `(舊) 嶄新的狼皮綁腿` `` 11103
12436 1 1 1 1 1 1 1 1 1 1 1 1 35 `(舊) 狼皮綁腿` `` 11103
12426 1 1 1 1 1 1 1 1 1 1 1 1 26 `(舊) 鹿皮護腿` `` 11103
12441 1 1 1 1 1 1 1 1 1 1 1 1 39 `(舊) 堅韌的狼皮護腿` `` 11103
12427 1 1 1 1 1 1 1 1 1 1 1 1 28 `(舊) 堅韌的鹿皮護腿` `` 11103
12440 1 1 1 1 1 1 1 1 1 1 1 1 38 `(舊) 狼皮護腿` `` 11103
12439 0 1 1 1 1 1 1 1 1 1 1 1 38 `(舊) 破舊的狼皮護腿` `` 11103
12425 0 1 1 1 1 1 1 1 1 1 1 1 26 `(舊) 破舊的鹿皮護腿` `` 11103
12437 2 1 1 1 1 1 1 1 1 1 1 1 35 `(舊) 天帷巨獸的皮短褲` `` 11103
12420 2 1 1 1 1 1 1 1 1 1 1 1 20 `(舊) 烈焰騎士綁腿` `` 11103
12448 0 1 1 1 1 1 1 1 1 1 1 1 41 `(舊) 破舊的豹皮綁腿` `` 11103
12416 2 1 1 1 1 1 1 1 1 1 1 1 16 `(舊) 罪惡布法羅綁腿` `` 11103
12430 2 1 1 1 1 1 1 1 1 1 1 1 29 `(舊) 炎蟒綁腿` `` 11103
12428 0 1 1 1 1 1 1 1 1 1 1 1 29 `(舊) 破舊的狼皮短褲` `` 11103
12429 1 1 1 1 1 1 1 1 1 1 1 1 29 `(舊) 狼皮短褲` `` 11103
12418 0 1 1 1 1 1 1 1 1 1 1 1 20 `(舊) 古老的鹿皮長褲` `` 11103
12431 1 1 1 1 1 1 1 1 1 1 1 1 31 `(舊) 堅韌的狼皮短褲` `` 11103
12419 1 1 1 1 1 1 1 1 1 1 1 1 20 `(舊) 鹿皮長褲` `` 11103
12447 1 1 1 1 1 1 1 1 1 1 1 1 41 `(舊) 豹皮綁腿` `` 11103
12432 0 1 1 1 1 1 1 1 1 1 1 1 32 `(舊) 古老的狼皮長褲` `` 11103
12421 1 1 1 1 1 1 1 1 1 1 1 1 22 `(舊) 厚實的鹿皮長褲` `` 11103
12434 1 1 1 1 1 1 1 1 1 1 1 1 34 `(舊) 厚實的狼皮長褲` `` 11103
12433 1 1 1 1 1 1 1 1 1 1 1 1 32 `(舊) 狼皮長褲` `` 11103
13627 1 1 1 1 1 1 1 1 1 1 1 1 42 `(舊) 合金護腿` `` 11403
13628 0 1 1 1 1 1 1 1 1 1 1 1 42 `(舊) 生鏽的合金護腿` `` 11403
13614 0 1 1 1 1 1 1 1 1 1 1 1 30 `(舊) 生鏽的鈦合金護腿` `` 11403
13616 1 1 1 1 1 1 1 1 1 1 1 1 32 `(舊) 堅固的鈦合金護腿` `` 11403
13615 1 1 1 1 1 1 1 1 1 1 1 1 30 `(舊) 鈦合金護腿` `` 11403
13620 1 1 1 1 1 1 1 1 1 1 1 1 35 `(舊) 結實的鈦合金護腿` `` 11403
13617 0 1 1 1 1 1 1 1 1 1 1 1 33 `(舊) 損坏的鐵合金護腿` `` 11403
13618 1 1 1 1 1 1 1 1 1 1 1 1 33 `(舊) 鐵合金護腿` `` 11403
13607 0 1 1 1 1 1 1 1 1 1 1 1 24 `(舊) 生鏽的鐵護腿` `` 11403
13621 0 1 1 1 1 1 1 1 1 1 1 1 36 `(舊) 破舊的黑鋼護腿` `` 11403
13608 1 1 1 1 1 1 1 1 1 1 1 1 24 `(舊) 鐵護腿` `` 11403
13623 1 1 1 1 1 1 1 1 1 1 1 1 38 `(舊) 堅固的黑鋼護腿` `` 11403
13609 1 1 1 1 1 1 1 1 1 1 1 1 26 `(舊) 堅固的鐵護腿` `` 11403
13622 1 1 1 1 1 1 1 1 1 1 1 1 36 `(舊) 黑鋼護腿` `` 11403
13613 1 1 1 1 1 1 1 1 1 1 1 1 29 `(舊) 精致的生鐵脛甲` `` 11403
13626 1 1 1 1 1 1 1 1 1 1 1 1 40 `(舊) 精致的鈦護腿` `` 11403
13611 1 1 1 1 1 1 1 1 1 1 1 1 27 `(舊) 生鐵脛甲` `` 11403
13625 1 1 1 1 1 1 1 1 1 1 1 1 39 `(舊) 鈦護腿` `` 11403
13610 0 1 1 1 1 1 1 1 1 1 1 1 27 `(舊) 生鏽的生鐵脛甲` `` 11403
13624 0 1 1 1 1 1 1 1 1 1 1 1 39 `(舊) 損坏的鈦護腿` `` 11403
13619 2 1 1 1 1 1 1 1 1 1 1 1 33 `(舊) 黑玉護魂脛甲` `` 11403
13605 2 1 1 1 1 1 1 1 1 1 1 1 21 `(舊) 藍色日冕脛甲` `` 11403
13612 2 1 1 1 1 1 1 1 1 1 1 1 27 `(舊) 超合金虎嘯脛甲` `` 11403
24048 0 1 1 1 1 1 1 1 1 1 1 1 39 `(舊) 碎裂的藍寶石戒指` `` 12002
24015 1 1 1 1 1 1 1 1 1 1 1 1 17 `(舊) 精致的青銅戒指` `` 12002
24013 1 1 1 1 1 1 1 1 1 1 1 1 15 `(舊) 青銅戒指` `` 12002
24035 1 1 1 1 1 1 1 1 1 1 1 1 30 `(舊) 紫水晶戒指` `` 12002
24027 2 1 1 1 1 1 1 1 1 1 1 1 24 `(舊) 御魂之戒` `` 12002
24018 2 1 1 1 1 1 1 1 1 1 1 1 18 `(舊) 幽冥黑蓮戒指` `` 12002
24036 2 1 1 1 1 1 1 1 1 1 1 1 30 `(舊) 藍月之戒` `` 12002
24014 2 1 1 1 1 1 1 1 1 1 1 1 15 `(舊) 剜心指環` `` 12002
24030 1 1 1 1 1 1 1 1 1 1 1 1 27 `(舊) 石英戒指` `` 12002
24029 0 1 1 1 1 1 1 1 1 1 1 1 27 `(舊) 破裂的石英戒指` `` 12002
24050 1 1 1 1 1 1 1 1 1 1 1 1 40 `(舊) 精致的藍寶石戒指` `` 12002
24044 1 1 1 1 1 1 1 1 1 1 1 1 36 `(舊) 翡翠戒指` `` 12002
24037 1 1 1 1 1 1 1 1 1 1 1 1 32 `(舊) 精致的紫水晶戒指` `` 12002
24012 0 1 1 1 1 1 1 1 1 1 1 1 15 `(舊) 褪色的青銅戒指` `` 12002
24043 0 1 1 1 1 1 1 1 1 1 1 1 36 `(舊) 褪色的翡翠戒指` `` 12002
24031 2 1 1 1 1 1 1 1 1 1 1 1 27 `(舊) 花影之戒` `` 12002
24047 1 1 1 1 1 1 1 1 1 1 1 1 38 `(舊) 精致的翡翠戒指` `` 12002
24028 1 1 1 1 1 1 1 1 1 1 1 1 26 `(舊) 純金戒指` `` 12002
24026 1 1 1 1 1 1 1 1 1 1 1 1 24 `(舊) 鍍金戒指` `` 12002
24046 3 1 1 1 1 1 1 1 1 1 1 1 37 `(舊) 骸麒的骨戒` `` 12002
24023 3 1 1 1 1 1 1 1 1 1 1 1 22 `(舊) 拉羅的迷失之戒` `` 12002
24039 0 1 1 1 1 1 1 1 1 1 1 1 33 `(舊) 劣質的月石戒指` `` 12002
24041 2 1 1 1 1 1 1 1 1 1 1 1 33 `(舊) 血怒指環` `` 12002
24032 3 1 1 1 1 1 1 1 1 1 1 1 27 `(舊) 靈犀之心` `` 12002
24040 1 1 1 1 1 1 1 1 1 1 1 1 33 `(舊) 月石戒指` `` 12002
24034 0 1 1 1 1 1 1 1 1 1 1 1 30 `(舊) 古老的紫水晶戒指` `` 12002
24057 0 1 1 1 1 1 1 1 1 1 1 1 42 `(舊) 磨損的紅寶石戒指` `` 12002
24022 2 1 1 1 1 1 1 1 1 1 1 1 21 `(舊) 法羅灣的珍珠戒指` `` 12002
24033 1 1 1 1 1 1 1 1 1 1 1 1 29 `(舊) 精致的石英戒指` `` 12002
24020 0 1 1 1 1 1 1 1 1 1 1 1 21 `(舊) 磨損的鍍銀戒指` `` 12002
24016 0 1 1 1 1 1 1 1 1 1 1 1 18 `(舊) 碎裂的鋼鐵戒指` `` 12002
24045 2 1 1 1 1 1 1 1 1 1 1 1 36 `(舊) 賢者之戒` `` 12002
24056 1 1 1 1 1 1 1 1 1 1 1 1 42 `(舊) 紅寶石戒指` `` 12002
24049 1 1 1 1 1 1 1 1 1 1 1 1 39 `(舊) 藍寶石戒指` `` 12002
24024 1 1 1 1 1 1 1 1 1 1 1 1 23 `(舊) 純銀戒指` `` 12002
24021 1 1 1 1 1 1 1 1 1 1 1 1 21 `(舊) 鍍銀戒指` `` 12002
24017 1 1 1 1 1 1 1 1 1 1 1 1 18 `(舊) 鋼鐵戒指` `` 12002
24042 1 1 1 1 1 1 1 1 1 1 1 1 35 `(舊) 堅硬的月石戒指` `` 12002
24019 1 1 1 1 1 1 1 1 1 1 1 1 20 `(舊) 堅硬的鋼鐵戒指` `` 12002
24038 3 1 1 1 1 1 1 1 1 1 1 1 32 `(舊) 蘇拉托之眼` `` 12002
24025 0 1 1 1 1 1 1 1 1 1 1 1 24 `(舊) 殘破的鍍金戒指` `` 12002
18021 3 1 1 1 1 1 1 1 1 1 1 1 22 `(舊) 雕翎短靴` `` 11005
18040 0 1 1 1 1 1 1 1 1 1 1 1 38 `(舊) 破舊的薄紗短靴` `` 11005
18041 1 1 1 1 1 1 1 1 1 1 1 1 38 `(舊) 薄紗短靴` `` 11005
18042 1 1 1 1 1 1 1 1 1 1 1 1 39 `(舊) 精紡的薄紗短靴` `` 11005
18026 0 1 1 1 1 1 1 1 1 1 1 1 26 `(舊) 破舊的羊絨長靴` `` 11005
18028 1 1 1 1 1 1 1 1 1 1 1 1 28 `(舊) 精紡的羊絨長靴` `` 11005
18027 1 1 1 1 1 1 1 1 1 1 1 1 26 `(舊) 羊絨長靴` `` 11005
18032 0 1 1 1 1 1 1 1 1 1 1 1 32 `(舊) 古老的絲絨短靴` `` 11005
18018 0 1 1 1 1 1 1 1 1 1 1 1 20 `(舊) 古老的羊毛涼鞋` `` 11005
18020 1 1 1 1 1 1 1 1 1 1 1 1 22 `(舊) 厚絨羊毛涼鞋` `` 11005
18033 1 1 1 1 1 1 1 1 1 1 1 1 32 `(舊) 絲絨短靴` `` 11005
18019 1 1 1 1 1 1 1 1 1 1 1 1 20 `(舊) 羊毛涼鞋` `` 11005
18035 1 1 1 1 1 1 1 1 1 1 1 1 34 `(舊) 厚絨絲絨短靴` `` 11005
18038 2 1 1 1 1 1 1 1 1 1 1 1 36 `(舊) 精靈祝福短靴` `` 11005
18016 2 1 1 1 1 1 1 1 1 1 1 1 18 `(舊) 炎麻短靴` `` 11005
18024 2 1 1 1 1 1 1 1 1 1 1 1 24 `(舊) 赫頓瑪爾貴族短靴` `` 11005
18039 1 1 1 1 1 1 1 1 1 1 1 1 37 `(舊) 精紡的綾羅短靴` `` 11005
18025 1 1 1 1 1 1 1 1 1 1 1 1 25 `(舊) 精紡的絲綢短靴` `` 11005
18036 0 1 1 1 1 1 1 1 1 1 1 1 35 `(舊) 破舊的綾羅短靴` `` 11005
18022 0 1 1 1 1 1 1 1 1 1 1 1 23 `(舊) 舊式絲綢短靴` `` 11005
18037 1 1 1 1 1 1 1 1 1 1 1 1 35 `(舊) 綾羅短靴` `` 11005
18029 0 1 1 1 1 1 1 1 1 1 1 1 29 `(舊) 破舊的絹絲短靴` `` 11005
18023 1 1 1 1 1 1 1 1 1 1 1 1 23 `(舊) 絲綢短靴` `` 11005
18034 2 1 1 1 1 1 1 1 1 1 1 1 33 `(舊) 賢者的訓練長靴` `` 11005
18048 0 1 1 1 1 1 1 1 1 1 1 1 41 `(舊) 古老的天鵝絨短靴` `` 11005
18030 1 1 1 1 1 1 1 1 1 1 1 1 29 `(舊) 絹絲短靴` `` 11005
18047 1 1 1 1 1 1 1 1 1 1 1 1 41 `(舊) 天鵝絨短靴` `` 11005
18031 1 1 1 1 1 1 1 1 1 1 1 1 31 `(舊) 精紡的絹絲短靴` `` 11005
19230 1 1 1 1 1 1 1 1 1 1 1 1 29 `(舊) 鐵合金長靴` `` 11304
19246 1 1 1 1 1 1 1 1 1 1 1 1 41 `(舊) 科堡長靴` `` 11304
19234 2 1 1 1 1 1 1 1 1 1 1 1 33 `(舊) 龍鳴長靴` `` 11304
19217 2 1 1 1 1 1 1 1 1 1 1 1 18 `(舊) 碧玉長靴` `` 11304
19229 0 1 1 1 1 1 1 1 1 1 1 1 29 `(舊) 生鏽的鐵合金長靴` `` 11304
19247 0 1 1 1 1 1 1 1 1 1 1 1 41 `(舊) 生鏽的科堡長靴` `` 11304
19213 2 1 1 1 1 1 1 1 1 1 1 1 15 `(舊) 暗黑蛇紋長靴` `` 11304
19227 2 1 1 1 1 1 1 1 1 1 1 1 27 `(舊) 閃靈長靴` `` 11304
19231 1 1 1 1 1 1 1 1 1 1 1 1 31 `(舊) 堅固的鐵合金長靴` `` 11304
19226 1 1 1 1 1 1 1 1 1 1 1 1 26 `(舊) 玄鋼長靴` `` 11304
19228 1 1 1 1 1 1 1 1 1 1 1 1 28 `(舊) 精致的玄鋼長靴` `` 11304
19241 1 1 1 1 1 1 1 1 1 1 1 1 39 `(舊) 精致的墨鋼長靴` `` 11304
19225 0 1 1 1 1 1 1 1 1 1 1 1 26 `(舊) 磨損的玄鋼長靴` `` 11304
19240 1 1 1 1 1 1 1 1 1 1 1 1 38 `(舊) 墨鋼長靴` `` 11304
19239 0 1 1 1 1 1 1 1 1 1 1 1 38 `(舊) 生鏽的墨鋼長靴` `` 11304
19220 1 1 1 1 1 1 1 1 1 1 1 1 20 `(舊) 精鐵長靴` `` 11304
19233 1 1 1 1 1 1 1 1 1 1 1 1 32 `(舊) 鉑金長靴` `` 11304
19237 1 1 1 1 1 1 1 1 1 1 1 1 35 `(舊) 鈦銀長靴` `` 11304
19221 1 1 1 1 1 1 1 1 1 1 1 1 22 `(舊) 堅固的精鐵長靴` `` 11304
19222 0 1 1 1 1 1 1 1 1 1 1 1 23 `(舊) 破舊的青銅馬靴` `` 11304
19223 1 1 1 1 1 1 1 1 1 1 1 1 23 `(舊) 青銅馬靴` `` 11304
19235 1 1 1 1 1 1 1 1 1 1 1 1 34 `(舊) 堅固的鉑金長靴` `` 11304
19219 0 1 1 1 1 1 1 1 1 1 1 1 20 `(舊) 生鏽的精鐵長靴` `` 11304
19236 0 1 1 1 1 1 1 1 1 1 1 1 35 `(舊) 磨損的鈦銀長靴` `` 11304
19232 0 1 1 1 1 1 1 1 1 1 1 1 32 `(舊) 殘破的鉑金長靴` `` 11304
19224 1 1 1 1 1 1 1 1 1 1 1 1 25 `(舊) 堅固的青銅馬靴` `` 11304
19238 1 1 1 1 1 1 1 1 1 1 1 1 37 `(舊) 堅固的鈦銀長靴` `` 11304
18834 2 1 1 1 1 1 1 1 1 1 1 1 33 `(舊) 遠古冰銀短靴` `` 11204
18813 2 1 1 1 1 1 1 1 1 1 1 1 15 `(舊) 血靈暗咒長靴` `` 11204
18827 2 1 1 1 1 1 1 1 1 1 1 1 27 `(舊) 玄武岩長靴` `` 11204
18829 0 1 1 1 1 1 1 1 1 1 1 1 29 `(舊) 殘破的陶瓷短靴` `` 11204
18847 0 1 1 1 1 1 1 1 1 1 1 1 41 `(舊) 殘破的紫榆短靴` `` 11204
18830 1 1 1 1 1 1 1 1 1 1 1 1 29 `(舊) 陶瓷短靴` `` 11204
18817 2 1 1 1 1 1 1 1 1 1 1 1 18 `(舊) 大地祝福長靴` `` 11204
18846 1 1 1 1 1 1 1 1 1 1 1 1 41 `(舊) 紫榆短靴` `` 11204
18831 1 1 1 1 1 1 1 1 1 1 1 1 31 `(舊) 堅固的陶瓷短靴` `` 11204
18826 1 1 1 1 1 1 1 1 1 1 1 1 26 `(舊) 虎骨短靴` `` 11204
18828 1 1 1 1 1 1 1 1 1 1 1 1 28 `(舊) 精致的虎骨短靴` `` 11204
18840 1 1 1 1 1 1 1 1 1 1 1 1 38 `(舊) 黑陶短靴` `` 11204
18841 1 1 1 1 1 1 1 1 1 1 1 1 39 `(舊) 堅固的黑陶短靴` `` 11204
18825 0 1 1 1 1 1 1 1 1 1 1 1 26 `(舊) 殘破的虎骨短靴` `` 11204
18839 0 1 1 1 1 1 1 1 1 1 1 1 38 `(舊) 破舊的黑陶短靴` `` 11204
18820 1 1 1 1 1 1 1 1 1 1 1 1 20 `(舊) 魚骨短靴` `` 11204
18821 1 1 1 1 1 1 1 1 1 1 1 1 22 `(舊) 精致的魚骨短靴` `` 11204
18835 1 1 1 1 1 1 1 1 1 1 1 1 34 `(舊) 精致的石陶短靴` `` 11204
18833 1 1 1 1 1 1 1 1 1 1 1 1 32 `(舊) 石陶短靴` `` 11204
18832 0 1 1 1 1 1 1 1 1 1 1 1 32 `(舊) 古老的石陶短靴` `` 11204
18819 0 1 1 1 1 1 1 1 1 1 1 1 20 `(舊) 腐蝕的魚骨短靴` `` 11204
18823 1 1 1 1 1 1 1 1 1 1 1 1 23 `(舊) 狼骨短靴` `` 11204
18837 1 1 1 1 1 1 1 1 1 1 1 1 35 `(舊) 軟陶短靴` `` 11204
18822 0 1 1 1 1 1 1 1 1 1 1 1 23 `(舊) 古老的狼骨短靴` `` 11204
18836 0 1 1 1 1 1 1 1 1 1 1 1 35 `(舊) 舊式軟陶短靴` `` 11204
18824 1 1 1 1 1 1 1 1 1 1 1 1 25 `(舊) 堅固的狼骨短靴` `` 11204
18838 1 1 1 1 1 1 1 1 1 1 1 1 37 `(舊) 堅固的軟陶短靴` `` 11204
18434 2 1 1 1 1 1 1 1 1 1 1 1 33 `(舊) 天帷巨獸的皮短靴` `` 11104
18417 2 1 1 1 1 1 1 1 1 1 1 1 18 `(舊) 烈焰騎士長靴` `` 11104
18426 1 1 1 1 1 1 1 1 1 1 1 1 26 `(舊) 鹿皮短靴` `` 11104
18413 2 1 1 1 1 1 1 1 1 1 1 1 15 `(舊) 罪惡布法羅長靴` `` 11104
18427 2 1 1 1 1 1 1 1 1 1 1 1 27 `(舊) 炎蟒長靴` `` 11104
18440 1 1 1 1 1 1 1 1 1 1 1 1 38 `(舊) 絨面扣帶皮鞋` `` 11104
18441 1 1 1 1 1 1 1 1 1 1 1 1 39 `(舊) 堅韌的狼皮短靴` `` 11104
18428 1 1 1 1 1 1 1 1 1 1 1 1 28 `(舊) 堅韌的鹿皮短靴` `` 11104
18425 0 1 1 1 1 1 1 1 1 1 1 1 26 `(舊) 破舊的鹿皮短靴` `` 11104
18439 0 1 1 1 1 1 1 1 1 1 1 1 38 `(舊) 破舊的狼皮短靴` `` 11104
18420 1 1 1 1 1 1 1 1 1 1 1 1 20 `(舊) 鹿皮涼鞋` `` 11104
18419 0 1 1 1 1 1 1 1 1 1 1 1 20 `(舊) 古老的鹿皮涼鞋` `` 11104
18432 0 1 1 1 1 1 1 1 1 1 1 1 32 `(舊) 古老的狼皮拖鞋` `` 11104
18433 1 1 1 1 1 1 1 1 1 1 1 1 32 `(舊) 狼皮涼鞋` `` 11104
18435 1 1 1 1 1 1 1 1 1 1 1 1 34 `(舊) 堅韌的狼皮涼鞋` `` 11104
18421 1 1 1 1 1 1 1 1 1 1 1 1 22 `(舊) 堅韌的鹿皮涼鞋` `` 11104
18424 1 1 1 1 1 1 1 1 1 1 1 1 25 `(舊) 嶄新的虎皮短靴` `` 11104
18423 1 1 1 1 1 1 1 1 1 1 1 1 23 `(舊) 虎皮短靴` `` 11104
18422 0 1 1 1 1 1 1 1 1 1 1 1 23 `(舊) 舊式虎皮短靴` `` 11104
18438 1 1 1 1 1 1 1 1 1 1 1 1 37 `(舊) 嶄新的狼皮便鞋` `` 11104
18436 0 1 1 1 1 1 1 1 1 1 1 1 35 `(舊) 舊式狼皮便鞋` `` 11104
18437 1 1 1 1 1 1 1 1 1 1 1 1 35 `(舊) 狼皮便鞋` `` 11104
18447 1 1 1 1 1 1 1 1 1 1 1 1 41 `(舊) 豹皮短靴` `` 11104
18448 0 1 1 1 1 1 1 1 1 1 1 1 41 `(舊) 破舊的豹皮短靴` `` 11104
18429 0 1 1 1 1 1 1 1 1 1 1 1 29 `(舊) 破舊的狼皮拖鞋` `` 11104
18430 1 1 1 1 1 1 1 1 1 1 1 1 29 `(舊) 狼皮拖鞋` `` 11104
18431 1 1 1 1 1 1 1 1 1 1 1 1 31 `(舊) 堅韌的狼皮拖鞋` `` 11104
19627 1 1 1 1 1 1 1 1 1 1 1 1 42 `(舊) 合金長靴` `` 11404
19616 2 1 1 1 1 1 1 1 1 1 1 1 30 `(舊) 黑玉護魂長靴` `` 11404
19602 2 1 1 1 1 1 1 1 1 1 1 1 18 `(舊) 藍色日冕長靴` `` 11404
19628 0 1 1 1 1 1 1 1 1 1 1 1 42 `(舊) 生鏽的合金長靴` `` 11404
19614 0 1 1 1 1 1 1 1 1 1 1 1 30 `(舊) 生鏽的鈦合金短靴` `` 11404
19617 1 1 1 1 1 1 1 1 1 1 1 1 32 `(舊) 堅固的鈦合金短靴` `` 11404
19615 1 1 1 1 1 1 1 1 1 1 1 1 30 `(舊) 鈦合金短靴` `` 11404
19609 2 1 1 1 1 1 1 1 1 1 1 1 24 `(舊) 超合金虎嘯長靴` `` 11404
19613 1 1 1 1 1 1 1 1 1 1 1 1 29 `(舊) 精致的生鐵胄靴` `` 11404
19626 1 1 1 1 1 1 1 1 1 1 1 1 40 `(舊) 精致的鈦長靴` `` 11404
19612 1 1 1 1 1 1 1 1 1 1 1 1 27 `(舊) 生鐵長靴` `` 11404
19624 0 1 1 1 1 1 1 1 1 1 1 1 39 `(舊) 損坏的鈦長靴` `` 11404
19625 1 1 1 1 1 1 1 1 1 1 1 1 39 `(舊) 鈦長靴` `` 11404
19611 0 1 1 1 1 1 1 1 1 1 1 1 27 `(舊) 生鏽的生鐵胄靴` `` 11404
19620 1 1 1 1 1 1 1 1 1 1 1 1 35 `(舊) 堅固的鐵合金短靴` `` 11404
19618 0 1 1 1 1 1 1 1 1 1 1 1 33 `(舊) 損坏的鐵合金短靴` `` 11404
19619 1 1 1 1 1 1 1 1 1 1 1 1 33 `(舊) 鐵合金短靴` `` 11404
19607 0 1 1 1 1 1 1 1 1 1 1 1 24 `(舊) 生鏽的鐵胄靴` `` 11404
19621 0 1 1 1 1 1 1 1 1 1 1 1 36 `(舊) 破舊的黑鋼短靴` `` 11404
19608 1 1 1 1 1 1 1 1 1 1 1 1 24 `(舊) 鐵胄靴` `` 11404
19623 1 1 1 1 1 1 1 1 1 1 1 1 38 `(舊) 堅固的黑鋼短靴` `` 11404
19610 1 1 1 1 1 1 1 1 1 1 1 1 26 `(舊) 堅固的鐵胄靴` `` 11404
19622 1 1 1 1 1 1 1 1 1 1 1 1 36 `(舊) 黑鋼短靴` `` 11404
14027 2 1 1 1 1 1 1 1 1 1 1 1 25 `(舊) 赫頓瑪爾貴族肩甲` `` 11003
14044 1 1 1 1 1 1 1 1 1 1 1 1 37 `(舊) 精紡的綾羅披肩` `` 11003
14032 2 1 1 1 1 1 1 1 1 1 1 1 28 `(舊) 榮耀者肩甲` `` 11003
14026 1 1 1 1 1 1 1 1 1 1 1 1 25 `(舊) 精紡的絲綢披肩` `` 11003
14042 0 1 1 1 1 1 1 1 1 1 1 1 35 `(舊) 破舊的綾羅披肩` `` 11003
14023 0 1 1 1 1 1 1 1 1 1 1 1 23 `(舊) 舊式絲綢披肩` `` 11003
14043 1 1 1 1 1 1 1 1 1 1 1 1 35 `(舊) 綾羅披肩` `` 11003
14024 1 1 1 1 1 1 1 1 1 1 1 1 23 `(舊) 絲綢披肩` `` 11003
14045 2 1 1 1 1 1 1 1 1 1 1 1 37 `(舊) 精靈祝福斗篷` `` 11003
14049 1 1 1 1 1 1 1 1 1 1 1 1 39 `(舊) 精紡的薄紗斗篷` `` 11003
14031 1 1 1 1 1 1 1 1 1 1 1 1 28 `(舊) 精紡的羊絨斗篷` `` 11003
14048 1 1 1 1 1 1 1 1 1 1 1 1 38 `(舊) 薄紗斗篷` `` 11003
14047 0 1 1 1 1 1 1 1 1 1 1 1 38 `(舊) 破舊的薄紗斗篷` `` 11003
14028 0 1 1 1 1 1 1 1 1 1 1 1 26 `(舊) 破舊的羊絨斗篷` `` 11003
14029 1 1 1 1 1 1 1 1 1 1 1 1 26 `(舊) 羊絨斗篷` `` 11003
14018 2 1 1 1 1 1 1 1 1 1 1 1 19 `(舊) 炎麻護肩` `` 11003
14025 3 1 1 1 1 1 1 1 1 1 1 1 23 `(舊) 雕翎護肩` `` 11003
14054 0 1 1 1 1 1 1 1 1 1 1 1 41 `(舊) 古老的天鵝絨護肩` `` 11003
14033 0 1 1 1 1 1 1 1 1 1 1 1 29 `(舊) 破舊的絹絲護肩` `` 11003
14039 3 1 1 1 1 1 1 1 1 1 1 1 32 `(舊) 巴蘭的戰斗護肩` `` 11003
14034 1 1 1 1 1 1 1 1 1 1 1 1 29 `(舊) 絹絲護肩` `` 11003
14053 1 1 1 1 1 1 1 1 1 1 1 1 41 `(舊) 天鵝絨護肩` `` 11003
14041 2 1 1 1 1 1 1 1 1 1 1 1 34 `(舊) 賢者的訓練護肩` `` 11003
14022 2 1 1 1 1 1 1 1 1 1 1 1 22 `(舊) 印紋護肩` `` 11003
14035 1 1 1 1 1 1 1 1 1 1 1 1 31 `(舊) 精紡的絹絲護肩` `` 11003
14046 3 1 1 1 1 1 1 1 1 1 1 1 37 `(舊) 影魔護肩` `` 11003
14037 0 1 1 1 1 1 1 1 1 1 1 1 32 `(舊) 古老的絲絨護肩` `` 11003
14019 0 1 1 1 1 1 1 1 1 1 1 1 20 `(舊) 古老的羊毛肩甲` `` 11003
14036 2 1 1 1 1 1 1 1 1 1 1 1 31 `(舊) 沙狐護肩` `` 11003
14040 1 1 1 1 1 1 1 1 1 1 1 1 34 `(舊) 厚絨絲絨護肩` `` 11003
14038 1 1 1 1 1 1 1 1 1 1 1 1 32 `(舊) 絲絨護肩` `` 11003
14021 1 1 1 1 1 1 1 1 1 1 1 1 22 `(舊) 厚絨羊毛肩甲` `` 11003
14020 1 1 1 1 1 1 1 1 1 1 1 1 20 `(舊) 羊毛肩甲` `` 11003
14030 3 1 1 1 1 1 1 1 1 1 1 1 27 `(舊) 炎息護肩` `` 11003
15223 1 1 1 1 1 1 1 1 1 1 1 1 23 `(舊) 青銅肩鎧` `` 11302
15237 1 1 1 1 1 1 1 1 1 1 1 1 35 `(舊) 鈦銀護肩` `` 11302
15222 0 1 1 1 1 1 1 1 1 1 1 1 23 `(舊) 破舊的青銅肩鎧` `` 11302
15236 0 1 1 1 1 1 1 1 1 1 1 1 35 `(舊) 磨損的鈦銀護肩` `` 11302
15224 1 1 1 1 1 1 1 1 1 1 1 1 25 `(舊) 堅固的青銅鎖甲` `` 11302
15238 1 1 1 1 1 1 1 1 1 1 1 1 37 `(舊) 堅固的鈦銀護肩` `` 11302
15226 1 1 1 1 1 1 1 1 1 1 1 1 26 `(舊) 玄鋼護肩` `` 11302
15227 1 1 1 1 1 1 1 1 1 1 1 1 28 `(舊) 精致的玄鋼護肩` `` 11302
15241 1 1 1 1 1 1 1 1 1 1 1 1 39 `(舊) 精致的墨鋼護肩` `` 11302
15225 0 1 1 1 1 1 1 1 1 1 1 1 26 `(舊) 磨損的玄鋼護肩` `` 11302
15240 1 1 1 1 1 1 1 1 1 1 1 1 38 `(舊) 墨鋼護肩` `` 11302
15239 0 1 1 1 1 1 1 1 1 1 1 1 38 `(舊) 生鏽的墨鋼護肩` `` 11302
15216 1 1 1 1 1 1 1 1 1 1 1 1 17 `(舊) 黑鐵肩甲` `` 11302
15245 1 1 1 1 1 1 1 1 1 1 1 1 41 `(舊) 科堡護肩` `` 11302
15230 1 1 1 1 1 1 1 1 1 1 1 1 29 `(舊) 鐵合金肩甲` `` 11302
15229 0 1 1 1 1 1 1 1 1 1 1 1 29 `(舊) 生鏽的鐵合金肩甲` `` 11302
15218 2 1 1 1 1 1 1 1 1 1 1 1 19 `(舊) 碧玉護肩` `` 11302
15235 2 1 1 1 1 1 1 1 1 1 1 1 34 `(舊) 龍鳴護肩` `` 11302
15246 0 1 1 1 1 1 1 1 1 1 1 1 41 `(舊) 生鏽的科堡護肩` `` 11302
15214 2 1 1 1 1 1 1 1 1 1 1 1 16 `(舊) 暗黑蛇紋護肩` `` 11302
15228 2 1 1 1 1 1 1 1 1 1 1 1 28 `(舊) 閃靈護肩` `` 11302
15231 1 1 1 1 1 1 1 1 1 1 1 1 31 `(舊) 堅固的鐵合金肩甲` `` 11302
15220 1 1 1 1 1 1 1 1 1 1 1 1 20 `(舊) 精鐵護肩` `` 11302
15234 1 1 1 1 1 1 1 1 1 1 1 1 34 `(舊) 堅固的鉑金肩甲` `` 11302
15221 1 1 1 1 1 1 1 1 1 1 1 1 22 `(舊) 堅固的精鐵護肩` `` 11302
15233 1 1 1 1 1 1 1 1 1 1 1 1 32 `(舊) 鉑金護肩` `` 11302
15219 0 1 1 1 1 1 1 1 1 1 1 1 20 `(舊) 生鏽的精鐵護肩` `` 11302
15232 0 1 1 1 1 1 1 1 1 1 1 1 32 `(舊) 殘破的鉑金護肩` `` 11302
14823 1 1 1 1 1 1 1 1 1 1 1 1 23 `(舊) 狼骨護肩` `` 11202
14837 1 1 1 1 1 1 1 1 1 1 1 1 35 `(舊) 軟陶護肩` `` 11202
14836 0 1 1 1 1 1 1 1 1 1 1 1 35 `(舊) 舊式軟陶護肩` `` 11202
14822 0 1 1 1 1 1 1 1 1 1 1 1 23 `(舊) 古老的狼骨護肩` `` 11202
14838 1 1 1 1 1 1 1 1 1 1 1 1 37 `(舊) 堅固的軟陶護肩` `` 11202
14824 1 1 1 1 1 1 1 1 1 1 1 1 25 `(舊) 堅固的狼骨護肩` `` 11202
14839 0 1 1 1 1 1 1 1 1 1 1 1 38 `(舊) 破舊的黑陶護肩` `` 11202
14825 0 1 1 1 1 1 1 1 1 1 1 1 26 `(舊) 殘破的虎骨護肩` `` 11202
14827 1 1 1 1 1 1 1 1 1 1 1 1 28 `(舊) 精致的虎骨護肩` `` 11202
14841 1 1 1 1 1 1 1 1 1 1 1 1 39 `(舊) 堅固的黑陶護肩` `` 11202
14840 1 1 1 1 1 1 1 1 1 1 1 1 38 `(舊) 黑陶護肩` `` 11202
14826 1 1 1 1 1 1 1 1 1 1 1 1 26 `(舊) 虎骨護肩` `` 11202
14829 0 1 1 1 1 1 1 1 1 1 1 1 29 `(舊) 殘破的陶瓷護肩` `` 11202
14828 2 1 1 1 1 1 1 1 1 1 1 1 28 `(舊) 大地祝福護肩` `` 11202
14814 2 1 1 1 1 1 1 1 1 1 1 1 16 `(舊) 血靈暗咒肩甲` `` 11202
14835 2 1 1 1 1 1 1 1 1 1 1 1 34 `(舊) 遠古冰銀護肩` `` 11202
14830 1 1 1 1 1 1 1 1 1 1 1 1 29 `(舊) 陶瓷護肩` `` 11202
14846 0 1 1 1 1 1 1 1 1 1 1 1 41 `(舊) 殘破的紫榆護肩` `` 11202
14818 2 1 1 1 1 1 1 1 1 1 1 1 19 `(舊) 大地祝福肩甲` `` 11202
14845 1 1 1 1 1 1 1 1 1 1 1 1 41 `(舊) 紫榆護肩` `` 11202
14831 1 1 1 1 1 1 1 1 1 1 1 1 31 `(舊) 堅固的陶瓷護肩` `` 11202
14820 1 1 1 1 1 1 1 1 1 1 1 1 20 `(舊) 魚骨肩甲` `` 11202
14833 1 1 1 1 1 1 1 1 1 1 1 1 32 `(舊) 石陶護肩` `` 11202
14821 1 1 1 1 1 1 1 1 1 1 1 1 22 `(舊) 精致的魚骨肩甲` `` 11202
14834 1 1 1 1 1 1 1 1 1 1 1 1 34 `(舊) 精致的石陶護肩` `` 11202
14819 0 1 1 1 1 1 1 1 1 1 1 1 20 `(舊) 腐蝕的魚骨肩甲` `` 11202
14832 0 1 1 1 1 1 1 1 1 1 1 1 32 `(舊) 古老的石陶護肩` `` 11202
14423 1 1 1 1 1 1 1 1 1 1 1 1 23 `(舊) 虎皮護肩` `` 11102
14424 1 1 1 1 1 1 1 1 1 1 1 1 25 `(舊) 嶄新的虎皮護肩` `` 11102
14438 1 1 1 1 1 1 1 1 1 1 1 1 37 `(舊) 嶄新的狼皮護肩` `` 11102
14422 0 1 1 1 1 1 1 1 1 1 1 1 23 `(舊) 舊式虎皮護肩` `` 11102
14436 0 1 1 1 1 1 1 1 1 1 1 1 35 `(舊) 舊式狼皮肩甲` `` 11102
14437 1 1 1 1 1 1 1 1 1 1 1 1 35 `(舊) 狼皮肩甲` `` 11102
14426 1 1 1 1 1 1 1 1 1 1 1 1 26 `(舊) 鹿皮肩鎧` `` 11102
14428 1 1 1 1 1 1 1 1 1 1 1 1 28 `(舊) 堅韌的鹿皮肩鎧` `` 11102
14441 1 1 1 1 1 1 1 1 1 1 1 1 39 `(舊) 堅韌的狼皮護肩` `` 11102
14440 1 1 1 1 1 1 1 1 1 1 1 1 38 `(舊) 狼皮護肩` `` 11102
14439 0 1 1 1 1 1 1 1 1 1 1 1 38 `(舊) 破舊的狼皮護肩` `` 11102
14425 0 1 1 1 1 1 1 1 1 1 1 1 26 `(舊) 破舊的鹿皮肩鎧` `` 11102
14435 2 1 1 1 1 1 1 1 1 1 1 1 34 `(舊) 天帷巨獸的皮護肩` `` 11102
14417 2 1 1 1 1 1 1 1 1 1 1 1 18 `(舊) 烈焰騎士護肩` `` 11102
14413 2 1 1 1 1 1 1 1 1 1 1 1 15 `(舊) 罪惡布法羅護肩` `` 11102
14427 2 1 1 1 1 1 1 1 1 1 1 1 27 `(舊) 炎蟒護肩` `` 11102
14447 0 1 1 1 1 1 1 1 1 1 1 1 41 `(舊) 破舊的豹皮護肩` `` 11102
14429 0 1 1 1 1 1 1 1 1 1 1 1 29 `(舊) 破舊的狼皮肩鎧` `` 11102
14446 1 1 1 1 1 1 1 1 1 1 1 1 41 `(舊) 豹皮護肩` `` 11102
14430 1 1 1 1 1 1 1 1 1 1 1 1 29 `(舊) 狼皮肩鎧` `` 11102
14431 1 1 1 1 1 1 1 1 1 1 1 1 31 `(舊) 堅韌的狼皮肩鎧` `` 11102
14420 1 1 1 1 1 1 1 1 1 1 1 1 20 `(舊) 鹿皮肩甲` `` 11102
14419 0 1 1 1 1 1 1 1 1 1 1 1 20 `(舊) 古老的鹿皮肩甲` `` 11102
14432 0 1 1 1 1 1 1 1 1 1 1 1 32 `(舊) 古老的狼皮襯肩` `` 11102
14433 1 1 1 1 1 1 1 1 1 1 1 1 32 `(舊) 狼皮襯肩` `` 11102
14421 1 1 1 1 1 1 1 1 1 1 1 1 22 `(舊) 厚實的鹿皮肩甲` `` 11102
14434 1 1 1 1 1 1 1 1 1 1 1 1 34 `(舊) 厚實的狼皮襯肩` `` 11102
15613 1 1 1 1 1 1 1 1 1 1 1 1 29 `(舊) 精致的生鐵護肩` `` 11402
15626 1 1 1 1 1 1 1 1 1 1 1 1 40 `(舊) 精致的鈦護肩` `` 11402
15612 1 1 1 1 1 1 1 1 1 1 1 1 27 `(舊) 生鐵護肩` `` 11402
15625 1 1 1 1 1 1 1 1 1 1 1 1 39 `(舊) 鈦護肩` `` 11402
15611 0 1 1 1 1 1 1 1 1 1 1 1 27 `(舊) 生鏽的生鐵護肩` `` 11402
15627 1 1 1 1 1 1 1 1 1 1 1 1 42 `(舊) 合金護肩` `` 11402
15628 0 1 1 1 1 1 1 1 1 1 1 1 42 `(舊) 生鏽的合金護肩` `` 11402
15617 2 1 1 1 1 1 1 1 1 1 1 1 32 `(舊) 黑玉護魂肩甲` `` 11402
15603 2 1 1 1 1 1 1 1 1 1 1 1 20 `(舊) 藍色日冕肩甲` `` 11402
15624 0 1 1 1 1 1 1 1 1 1 1 1 39 `(舊) 損坏的鈦護肩` `` 11402
15614 0 1 1 1 1 1 1 1 1 1 1 1 30 `(舊) 生鏽的鈦合金護肩` `` 11402
15616 1 1 1 1 1 1 1 1 1 1 1 1 32 `(舊) 堅固的鈦合金護肩` `` 11402
15610 2 1 1 1 1 1 1 1 1 1 1 1 26 `(舊) 超合金虎嘯肩甲` `` 11402
15620 1 1 1 1 1 1 1 1 1 1 1 1 35 `(舊) 堅固的鐵合金護肩` `` 11402
15619 1 1 1 1 1 1 1 1 1 1 1 1 33 `(舊) 鐵合金護肩` `` 11402
15618 0 1 1 1 1 1 1 1 1 1 1 1 33 `(舊) 損坏的鐵合金護肩` `` 11402
15615 1 1 1 1 1 1 1 1 1 1 1 1 30 `(舊) 鈦合金護肩` `` 11402
15607 0 1 1 1 1 1 1 1 1 1 1 1 24 `(舊) 生鏽的鐵護肩` `` 11402
15621 0 1 1 1 1 1 1 1 1 1 1 1 36 `(舊) 破舊的黑鋼護肩` `` 11402
15608 1 1 1 1 1 1 1 1 1 1 1 1 24 `(舊) 鐵護肩` `` 11402
15609 1 1 1 1 1 1 1 1 1 1 1 1 26 `(舊) 堅固的鐵護肩` `` 11402
15623 1 1 1 1 1 1 1 1 1 1 1 1 38 `(舊) 堅固的黑鋼護肩` `` 11402
15622 1 1 1 1 1 1 1 1 1 1 1 1 36 `(舊) 黑鋼護肩` `` 11402
22027 0 1 1 1 1 1 1 1 1 1 1 1 26 `(舊) 劣質的鈦銀手鐲` `` 12003
22017 2 1 1 1 1 1 1 1 1 1 1 1 19 `(舊) 琥珀手鐲` `` 12003
22029 1 1 1 1 1 1 1 1 1 1 1 1 28 `(舊) 堅實的鈦銀手鐲` `` 12003
22040 2 1 1 1 1 1 1 1 1 1 1 1 34 `(舊) 蒼蟒手鐲` `` 12003
22011 1 1 1 1 1 1 1 1 1 1 1 1 14 `(舊) 白瓷手鐲` `` 12003
22028 1 1 1 1 1 1 1 1 1 1 1 1 26 `(舊) 鈦銀手鐲` `` 12003
22033 1 1 1 1 1 1 1 1 1 1 1 1 29 `(舊) 首領手鐲` `` 12003
22036 0 1 1 1 1 1 1 1 1 1 1 1 32 `(舊) 破裂的石英手鐲` `` 12003
22037 1 1 1 1 1 1 1 1 1 1 1 1 32 `(舊) 石英手鐲` `` 12003
22021 2 1 1 1 1 1 1 1 1 1 1 1 22 `(舊) 墨竹手鐲` `` 12003
22026 2 1 1 1 1 1 1 1 1 1 1 1 25 `(舊) 食人魔之鐲` `` 12003
22016 1 1 1 1 1 1 1 1 1 1 1 1 19 `(舊) 精致的玻璃手鐲` `` 12003
22054 1 1 1 1 1 1 1 1 1 1 1 1 41 `(舊) 翡翠手鐲` `` 12003
22043 1 1 1 1 1 1 1 1 1 1 1 1 37 `(舊) 精致的黃玉手鐲` `` 12003
22025 1 1 1 1 1 1 1 1 1 1 1 1 25 `(舊) 精致的鍍金手鐲` `` 12003
22035 2 1 1 1 1 1 1 1 1 1 1 1 31 `(舊) 勿忘草手鐲` `` 12003
22041 0 1 1 1 1 1 1 1 1 1 1 1 35 `(舊) 褪色的黃玉手鐲` `` 12003
22030 2 1 1 1 1 1 1 1 1 1 1 1 28 `(舊) 毒蜥之鐲` `` 12003
22039 1 1 1 1 1 1 1 1 1 1 1 1 34 `(舊) 精致的石英手鐲` `` 12003
22023 1 1 1 1 1 1 1 1 1 1 1 1 23 `(舊) 鍍金手鐲` `` 12003
22034 1 1 1 1 1 1 1 1 1 1 1 1 31 `(舊) 精致的首領手鐲` `` 12003
22020 1 1 1 1 1 1 1 1 1 1 1 1 22 `(舊) 精致的鍍銀手鐲` `` 12003
22024 3 1 1 1 1 1 1 1 1 1 1 1 23 `(舊) 常春藤手鐲` `` 12003
22031 3 1 1 1 1 1 1 1 1 1 1 1 28 `(舊) 卡羅蛇眼` `` 12003
22045 0 1 1 1 1 1 1 1 1 1 1 1 38 `(舊) 劣質的紫瑪瑙手鐲` `` 12003
22046 1 1 1 1 1 1 1 1 1 1 1 1 38 `(舊) 紫瑪瑙手鐲` `` 12003
22055 0 1 1 1 1 1 1 1 1 1 1 1 41 `(舊) 磨損的翡翠手鐲` `` 12003
22018 0 1 1 1 1 1 1 1 1 1 1 1 20 `(舊) 磨損的鍍銀手鐲` `` 12003
22047 3 1 1 1 1 1 1 1 1 1 1 1 38 `(舊) 摩恩之珠 - 等活地獄` `` 12003
22015 1 1 1 1 1 1 1 1 1 1 1 1 17 `(舊) 耐熱玻璃手鐲` `` 12003
22010 0 1 1 1 1 1 1 1 1 1 1 1 14 `(舊) 破裂的白瓷手鐲` `` 12003
22044 2 1 1 1 1 1 1 1 1 1 1 1 37 `(舊) 玫瑰藤手鐲` `` 12003
22019 1 1 1 1 1 1 1 1 1 1 1 1 20 `(舊) 鍍銀手鐲` `` 12003
22014 0 1 1 1 1 1 1 1 1 1 1 1 17 `(舊) 玻璃手鐲` `` 12003
22032 0 1 1 1 1 1 1 1 1 1 1 1 29 `(舊) 破舊的首領手鐲` `` 12003
22012 1 1 1 1 1 1 1 1 1 1 1 1 16 `(舊) 堅實的白瓷手鐲` `` 12003
22038 3 1 1 1 1 1 1 1 1 1 1 1 33 `(舊) 殺戮守護之鐲` `` 12003
22048 1 1 1 1 1 1 1 1 1 1 1 1 39 `(舊) 堅實的紫瑪瑙手鐲` `` 12003
22042 1 1 1 1 1 1 1 1 1 1 1 1 35 `(舊) 黃玉手鐲` `` 12003
22022 0 1 1 1 1 1 1 1 1 1 1 1 23 `(舊) 殘破的鍍金手鐲` `` 12003
22013 2 1 1 1 1 1 1 1 1 1 1 1 16 `(舊) 學者腕套` `` 12003
30201 1 1 1 1 1 1 1 1 1 1 1 1 19 `(舊) 練習拳套` `` 10205
30207 3 1 1 1 1 1 1 1 1 1 1 1 26 `(舊) 淺藍幻像` `` 10205
30216 1 1 1 1 1 1 1 1 1 1 1 1 34 `(舊) 改良的墨石拳套` `` 10205
30221 1 1 1 1 1 1 1 1 1 1 1 1 39 `(舊) 改良的青龍拳套` `` 10205
30210 1 1 1 1 1 1 1 1 1 1 1 1 28 `(舊) 東方拳套` `` 10205
30213 0 1 1 1 1 1 1 1 1 1 1 1 32 `(舊) 粗糙的墨石拳套` `` 10205
30214 3 1 1 1 1 1 1 1 1 1 1 1 32 `(舊) 卡露亞的教導 - 碎日` `` 10205
30212 2 1 1 1 1 1 1 1 1 1 1 1 31 `(舊) 圣武幻象拳套` `` 10205
30220 3 1 1 1 1 1 1 1 1 1 1 1 38 `(舊) 落日鷹眼` `` 10205
30209 3 1 1 1 1 1 1 1 1 1 1 1 27 `(舊) 地獄獵者` `` 10205
30204 2 1 1 1 1 1 1 1 1 1 1 1 22 `(舊) 紫紅夢魘拳套` `` 10205
30215 1 1 1 1 1 1 1 1 1 1 1 1 33 `(舊) 墨石拳套` `` 10205
30203 0 1 1 1 1 1 1 1 1 1 1 1 22 `(舊) 破損的格斗拳套` `` 10205
30218 0 1 1 1 1 1 1 1 1 1 1 1 37 `(舊) 古老的青龍拳套` `` 10205
30217 2 1 1 1 1 1 1 1 1 1 1 1 34 `(舊) 賢者拳套` `` 10205
30222 2 1 1 1 1 1 1 1 1 1 1 1 39 `(舊) 狂沙侵襲拳套` `` 10205
30211 1 1 1 1 1 1 1 1 1 1 1 1 29 `(舊) 堅固的東方拳套` `` 10205
30206 1 1 1 1 1 1 1 1 1 1 1 1 24 `(舊) 堅固的格斗拳套` `` 10205
30202 1 1 1 1 1 1 1 1 1 1 1 1 20 `(舊) 堅固的練習拳套` `` 10205
30205 1 1 1 1 1 1 1 1 1 1 1 1 23 `(舊) 格斗拳套` `` 10205
30224 1 1 1 1 1 1 1 1 1 1 1 1 43 `(舊) 雄獅拳套` `` 10205
30208 0 1 1 1 1 1 1 1 1 1 1 1 27 `(舊) 破舊的東方拳套` `` 10205
30219 1 1 1 1 1 1 1 1 1 1 1 1 38 `(舊) 青龍拳套` `` 10205
30223 0 1 1 1 1 1 1 1 1 1 1 1 42 `(舊) 古老的雄獅拳套` `` 10205
29630 1 1 1 1 1 1 1 1 1 1 1 1 31 `(舊) 獵人之爪` `` 10204
29629 0 1 1 1 1 1 1 1 1 1 1 1 31 `(舊) 生鏽的獵人之爪` `` 10204
29627 3 1 1 1 1 1 1 1 1 1 1 1 28 `(舊) 黑寡婦` `` 10204
29619 0 1 1 1 1 1 1 1 1 1 1 1 23 `(舊) 破舊的野人骨爪` `` 10204
29631 1 1 1 1 1 1 1 1 1 1 1 1 32 `(舊) 鋒利的獵人之爪` `` 10204
29622 1 1 1 1 1 1 1 1 1 1 1 1 24 `(舊) 鋒利的的野人骨爪` `` 10204
29616 2 1 1 1 1 1 1 1 1 1 1 1 19 `(舊) 凱諾的骨爪` `` 10204
29620 1 1 1 1 1 1 1 1 1 1 1 1 23 `(舊) 野人骨爪` `` 10204
29632 2 1 1 1 1 1 1 1 1 1 1 1 32 `(舊) 克洛庫的利爪` `` 10204
29621 3 1 1 1 1 1 1 1 1 1 1 1 23 `(舊) 血影爪` `` 10204
29624 0 1 1 1 1 1 1 1 1 1 1 1 27 `(舊) 粗糙的玄鐵爪` `` 10204
29618 2 1 1 1 1 1 1 1 1 1 1 1 22 `(舊) 汲血爪` `` 10204
29635 1 1 1 1 1 1 1 1 1 1 1 1 35 `(舊) 合金爪` `` 10204
29617 1 1 1 1 1 1 1 1 1 1 1 1 20 `(舊) 改良的碧玉爪` `` 10204
29641 1 1 1 1 1 1 1 1 1 1 1 1 39 `(舊) 玄鐵尖爪` `` 10204
29628 2 1 1 1 1 1 1 1 1 1 1 1 29 `(舊) 死神暗影爪` `` 10204
29625 1 1 1 1 1 1 1 1 1 1 1 1 27 `(舊) 玄鐵爪` `` 10204
29633 3 1 1 1 1 1 1 1 1 1 1 1 33 `(舊) 卡露亞的教導 - 奇襲` `` 10204
29614 0 1 1 1 1 1 1 1 1 1 1 1 19 `(舊) 褪色的碧玉爪` `` 10204
29637 1 1 1 1 1 1 1 1 1 1 1 1 36 `(舊) 改良的合金爪` `` 10204
29634 0 1 1 1 1 1 1 1 1 1 1 1 35 `(舊) 古老的合金爪` `` 10204
29640 2 1 1 1 1 1 1 1 1 1 1 1 38 `(舊) 卑劣的意志` `` 10204
29639 1 1 1 1 1 1 1 1 1 1 1 1 38 `(舊) 尖爪` `` 10204
29638 0 1 1 1 1 1 1 1 1 1 1 1 38 `(舊) 腐蝕的尖爪` `` 10204
29636 2 1 1 1 1 1 1 1 1 1 1 1 35 `(舊) 血玫瑰之刺` `` 10204
29626 1 1 1 1 1 1 1 1 1 1 1 1 28 `(舊) 堅固的玄鐵爪` `` 10204
29623 2 1 1 1 1 1 1 1 1 1 1 1 25 `(舊) 沙暴之影` `` 10204
29642 3 1 1 1 1 1 1 1 1 1 1 1 39 `(舊) 御靈之爪` `` 10204
29615 1 1 1 1 1 1 1 1 1 1 1 1 19 `(舊) 碧玉爪` `` 10204
29647 1 1 1 1 1 1 1 1 1 1 1 1 41 `(舊) 格斗爪` `` 10204
29333 1 1 1 1 1 1 1 1 1 1 1 1 32 `(舊) 改良的机械臂鎧` `` 10203
29646 0 1 1 1 1 1 1 1 1 1 1 1 41 `(舊) 古舊的格斗爪` `` 10204
29325 0 1 1 1 1 1 1 1 1 1 1 1 27 `(舊) 粗糙的机械臂鎧` `` 10203
29326 1 1 1 1 1 1 1 1 1 1 1 1 27 `(舊) 机械臂鎧` `` 10203
29335 2 1 1 1 1 1 1 1 1 1 1 1 34 `(舊) 雷電臂鎧` `` 10203
29331 1 1 1 1 1 1 1 1 1 1 1 1 31 `(舊) 新式机械臂鎧` `` 10203
29330 0 1 1 1 1 1 1 1 1 1 1 1 31 `(舊) 生鏽的机械臂鎧` `` 10203
29340 3 1 1 1 1 1 1 1 1 1 1 1 37 `(舊) 爆炎臂鎧` `` 10203
29320 3 1 1 1 1 1 1 1 1 1 1 1 22 `(舊) 金絲蟒` `` 10203
29322 1 1 1 1 1 1 1 1 1 1 1 1 23 `(舊) 鐵皮臂鎧` `` 10203
29327 3 1 1 1 1 1 1 1 1 1 1 1 27 `(舊) 天界机械臂鎧` `` 10203
29328 1 1 1 1 1 1 1 1 1 1 1 1 28 `(舊) 堅固的机械臂鎧` `` 10203
29342 1 1 1 1 1 1 1 1 1 1 1 1 38 `(舊) 強力臂鎧` `` 10203
29344 2 1 1 1 1 1 1 1 1 1 1 1 25 `(舊) 惡魔臂鎧` `` 10203
29319 2 1 1 1 1 1 1 1 1 1 1 1 21 `(舊) 塞侖的龍骨臂鎧` `` 10203
29337 1 1 1 1 1 1 1 1 1 1 1 1 35 `(舊) 合金臂鎧` `` 10203
29343 1 1 1 1 1 1 1 1 1 1 1 1 39 `(舊) 鋼鐵強力臂鎧` `` 10203
29334 3 1 1 1 1 1 1 1 1 1 1 1 32 `(舊) 卡露亞的教導 - 辟天` `` 10203
29317 1 1 1 1 1 1 1 1 1 1 1 1 19 `(舊) 鋸齒臂鎧` `` 10203
29324 2 1 1 1 1 1 1 1 1 1 1 1 24 `(舊) 蛟龍臂鎧` `` 10203
29316 0 1 1 1 1 1 1 1 1 1 1 1 19 `(舊) 破舊的鋸齒臂鎧` `` 10203
29336 0 1 1 1 1 1 1 1 1 1 1 1 35 `(舊) 舊式合金臂鎧` `` 10203
29338 1 1 1 1 1 1 1 1 1 1 1 1 36 `(舊) 改良的合金臂鎧` `` 10203
29339 2 1 1 1 1 1 1 1 1 1 1 1 37 `(舊) 石巨人的鐵臂鎧` `` 10203
29341 0 1 1 1 1 1 1 1 1 1 1 1 38 `(舊) 破舊的強力臂鎧` `` 10203
29318 1 1 1 1 1 1 1 1 1 1 1 1 20 `(舊) 改良的鋸齒臂鎧` `` 10203
29329 2 1 1 1 1 1 1 1 1 1 1 1 28 `(舊) 冰火臂鎧` `` 10203
29321 0 1 1 1 1 1 1 1 1 1 1 1 23 `(舊) 破舊的鐵皮臂鎧` `` 10203
29323 1 1 1 1 1 1 1 1 1 1 1 1 24 `(舊) 改良的鐵皮臂鎧` `` 10203
29315 2 1 1 1 1 1 1 1 1 1 1 1 18 `(舊) 酒魂臂鎧` `` 10203
29332 2 1 1 1 1 1 1 1 1 1 1 1 31 `(舊) 圣光斗士臂鎧` `` 10203
29348 0 1 1 1 1 1 1 1 1 1 1 1 41 `(舊) 粗糙的玄鐵臂鎧` `` 10203
29349 1 1 1 1 1 1 1 1 1 1 1 1 41 `(舊) 玄鐵臂鎧` `` 10203
29050 1 1 1 1 1 1 1 1 1 1 1 1 41 `(舊) 格斗手套` `` 10202
29049 0 1 1 1 1 1 1 1 1 1 1 1 41 `(舊) 殘破的格斗手套` `` 10202
29022 1 1 1 1 1 1 1 1 1 1 1 1 23 `(舊) 碎骨手套` `` 10202
29043 1 1 1 1 1 1 1 1 1 1 1 1 38 `(舊) 紫銅手套` `` 10202
29037 0 1 1 1 1 1 1 1 1 1 1 1 35 `(舊) 破舊的紗絨手套` `` 10202
29018 2 1 1 1 1 1 1 1 1 1 1 1 19 `(舊) 十夫長的手套` `` 10202
29036 2 1 1 1 1 1 1 1 1 1 1 1 34 `(舊) 天璇手套` `` 10202
29034 1 1 1 1 1 1 1 1 1 1 1 1 32 `(舊) 改良的鎖甲手套` `` 10202
29027 1 1 1 1 1 1 1 1 1 1 1 1 27 `(舊) 亞麻手套` `` 10202
29033 2 1 1 1 1 1 1 1 1 1 1 1 31 `(舊) 熾靈手套` `` 10202
29017 1 1 1 1 1 1 1 1 1 1 1 1 19 `(舊) 蚕絲手套` `` 10202
29032 1 1 1 1 1 1 1 1 1 1 1 1 31 `(舊) 鎖甲手套` `` 10202
29041 3 1 1 1 1 1 1 1 1 1 1 1 37 `(舊) 獨裁者指虎` `` 10202
29031 0 1 1 1 1 1 1 1 1 1 1 1 31 `(舊) 生鏽的鎖甲手套` `` 10202
29024 1 1 1 1 1 1 1 1 1 1 1 1 24 `(舊) 改良的碎骨手套` `` 10202
29044 1 1 1 1 1 1 1 1 1 1 1 1 39 `(舊) 改良的紫銅手套` `` 10202
29042 0 1 1 1 1 1 1 1 1 1 1 1 38 `(舊) 古老的紫銅手套` `` 10202
29016 0 1 1 1 1 1 1 1 1 1 1 1 19 `(舊) 破舊的蚕絲手套` `` 10202
29021 0 1 1 1 1 1 1 1 1 1 1 1 23 `(舊) 磨損的碎骨手套` `` 10202
29023 3 1 1 1 1 1 1 1 1 1 1 1 23 `(舊) 王族藍芒` `` 10202
29020 2 1 1 1 1 1 1 1 1 1 1 1 22 `(舊) 潘利爾的皮手套` `` 10202
29030 3 1 1 1 1 1 1 1 1 1 1 1 28 `(舊) 天贖手套` `` 10202
29035 3 1 1 1 1 1 1 1 1 1 1 1 33 `(舊) 游蕩惡魔` `` 10202
29028 1 1 1 1 1 1 1 1 1 1 1 1 28 `(舊) 堅固的亞麻手套` `` 10202
29019 1 1 1 1 1 1 1 1 1 1 1 1 20 `(舊) 堅固的蚕絲手套` `` 10202
29040 2 1 1 1 1 1 1 1 1 1 1 1 37 `(舊) 閃靈手套` `` 10202
29039 1 1 1 1 1 1 1 1 1 1 1 1 36 `(舊) 堅固的紗絨手套` `` 10202
29026 0 1 1 1 1 1 1 1 1 1 1 1 27 `(舊) 破舊的亞麻手套` `` 10202
29025 2 1 1 1 1 1 1 1 1 1 1 1 25 `(舊) 玄鐵手套` `` 10202
29038 1 1 1 1 1 1 1 1 1 1 1 1 35 `(舊) 紗絨手套` `` 10202
29029 2 1 1 1 1 1 1 1 1 1 1 1 28 `(舊) 角斗士手套` `` 10202
29924 0 1 1 1 1 1 1 1 1 1 1 1 27 `(舊) 破舊的琉璃東方棍` `` 10206
29923 2 1 1 1 1 1 1 1 1 1 1 1 25 `(舊) 咆哮者之棍` `` 10206
29940 1 1 1 1 1 1 1 1 1 1 1 1 38 `(舊) 釘頭東方棍` `` 10206
29920 1 1 1 1 1 1 1 1 1 1 1 1 23 `(舊) 匠人東方棍` `` 10206
29932 1 1 1 1 1 1 1 1 1 1 1 1 32 `(舊) 改良的耐熱東方棍` `` 10206
29933 3 1 1 1 1 1 1 1 1 1 1 1 32 `(舊) 卡露亞的教導 - 冥想` `` 10206
29925 1 1 1 1 1 1 1 1 1 1 1 1 27 `(舊) 琉璃東方棍` `` 10206
29917 2 1 1 1 1 1 1 1 1 1 1 1 21 `(舊) 鶴落東方棍` `` 10206
29942 1 1 1 1 1 1 1 1 1 1 1 1 39 `(舊) 玄鐵釘頭東方棍` `` 10206
29926 3 1 1 1 1 1 1 1 1 1 1 1 27 `(舊) 雙龍棍` `` 10206
29941 2 1 1 1 1 1 1 1 1 1 1 1 38 `(舊) 炎獄鳳翼棍` `` 10206
29915 1 1 1 1 1 1 1 1 1 1 1 1 19 `(舊) 鐵制東方棍` `` 10206
29928 2 1 1 1 1 1 1 1 1 1 1 1 28 `(舊) 紫云犀角棍` `` 10206
29913 2 1 1 1 1 1 1 1 1 1 1 1 17 `(舊) 碧玉東方棍` `` 10206
29914 0 1 1 1 1 1 1 1 1 1 1 1 19 `(舊) 破舊的鐵制東方棍` `` 10206
29939 0 1 1 1 1 1 1 1 1 1 1 1 38 `(舊) 破舊的釘頭東方棍` `` 10206
29936 2 1 1 1 1 1 1 1 1 1 1 1 35 `(舊) 黑石雷鳴棍` `` 10206
29934 0 1 1 1 1 1 1 1 1 1 1 1 35 `(舊) 破舊的紫銅東方棍` `` 10206
29937 1 1 1 1 1 1 1 1 1 1 1 1 36 `(舊) 改良的紫銅東方棍` `` 10206
29921 2 1 1 1 1 1 1 1 1 1 1 1 23 `(舊) 山魂之棍` `` 10206
29935 1 1 1 1 1 1 1 1 1 1 1 1 35 `(舊) 紫銅東方棍` `` 10206
29931 2 1 1 1 1 1 1 1 1 1 1 1 31 `(舊) 閃雷之棍` `` 10206
29918 3 1 1 1 1 1 1 1 1 1 1 1 22 `(舊) 猩蟒之棍` `` 10206
29929 0 1 1 1 1 1 1 1 1 1 1 1 31 `(舊) 破舊的耐熱東方棍` `` 10206
29927 1 1 1 1 1 1 1 1 1 1 1 1 28 `(舊) 堅固的東方棍` `` 10206
29916 1 1 1 1 1 1 1 1 1 1 1 1 20 `(舊) 改良的鐵制東方棍` `` 10206
29919 0 1 1 1 1 1 1 1 1 1 1 1 23 `(舊) 破損的匠人東方棍` `` 10206
29938 3 1 1 1 1 1 1 1 1 1 1 1 37 `(舊) 蒼天殘影棍` `` 10206
29930 1 1 1 1 1 1 1 1 1 1 1 1 31 `(舊) 耐熱東方棍` `` 10206
29947 1 1 1 1 1 1 1 1 1 1 1 1 41 `(舊) 格斗東方棍` `` 10206
29922 1 1 1 1 1 1 1 1 1 1 1 1 24 `(舊) 改良的匠人東方棍` `` 10206
29946 0 1 1 1 1 1 1 1 1 1 1 1 41 `(舊) 古老的格斗東方棍` `` 10206
31346 0 1 1 1 1 1 1 1 1 1 1 1 43 `(舊) 古老的阿提手槍` `` 10303
31347 1 1 1 1 1 1 1 1 1 1 1 1 43 `(舊) 阿提手槍` `` 10303
31340 2 1 1 1 1 1 1 1 1 1 1 1 33 `(舊) CZ75` `` 10303
31318 1 1 1 1 1 1 1 1 1 1 1 1 24 `(舊) 改良的伊頓手槍` `` 10303
31317 1 1 1 1 1 1 1 1 1 1 1 1 23 `(舊) 伊頓手槍` `` 10303
31314 1 1 1 1 1 1 1 1 1 1 1 1 19 `(舊) 軍用手槍` `` 10303
31342 3 1 1 1 1 1 1 1 1 1 1 1 37 `(舊) 格洛克 - G17` `` 10303
31341 2 1 1 1 1 1 1 1 1 1 1 1 36 `(舊) 疾射 - K5` `` 10303
31334 3 1 1 1 1 1 1 1 1 1 1 1 22 `(舊) 生命掠奪者` `` 10303
31339 3 1 1 1 1 1 1 1 1 1 1 1 32 `(舊) 怯敵 - CK7` `` 10303
31313 0 1 1 1 1 1 1 1 1 1 1 1 19 `(舊) 破舊的軍用手槍` `` 10303
31332 2 1 1 1 1 1 1 1 1 1 1 1 18 `(舊) 馬卡羅 - PM` `` 10303
31336 2 1 1 1 1 1 1 1 1 1 1 1 27 `(舊) 毛瑟槍 - 77` `` 10303
31333 2 1 1 1 1 1 1 1 1 1 1 1 21 `(舊) 毛瑟槍 - C96` `` 10303
31337 3 1 1 1 1 1 1 1 1 1 1 1 27 `(舊) 絕殺 - 迫空` `` 10303
31338 2 1 1 1 1 1 1 1 1 1 1 1 30 `(舊) 冰焰 - P226` `` 10303
31335 2 1 1 1 1 1 1 1 1 1 1 1 24 `(舊) 怨靈 - 22` `` 10303
31316 0 1 1 1 1 1 1 1 1 1 1 1 23 `(舊) 老式伊頓手槍` `` 10303
31315 1 1 1 1 1 1 1 1 1 1 1 1 20 `(舊) 高級軍用手槍` `` 10303
31326 1 1 1 1 1 1 1 1 1 1 1 1 35 `(舊) 雷鳴手槍` `` 10303
31325 0 1 1 1 1 1 1 1 1 1 1 1 35 `(舊) 老式的雷鳴手槍` `` 10303
31328 0 1 1 1 1 1 1 1 1 1 1 1 39 `(舊) 破舊的防震手槍` `` 10303
31327 1 1 1 1 1 1 1 1 1 1 1 1 36 `(舊) 改良的雷鳴手槍` `` 10303
31330 1 1 1 1 1 1 1 1 1 1 1 1 40 `(舊) 改良的防震手槍` `` 10303
31329 1 1 1 1 1 1 1 1 1 1 1 1 39 `(舊) 防震手槍` `` 10303
31319 0 1 1 1 1 1 1 1 1 1 1 1 27 `(舊) 磨損的新式手槍` `` 10303
31321 1 1 1 1 1 1 1 1 1 1 1 1 28 `(舊) 改良的新式手槍` `` 10303
31320 1 1 1 1 1 1 1 1 1 1 1 1 27 `(舊) 新式手槍` `` 10303
31323 1 1 1 1 1 1 1 1 1 1 1 1 31 `(舊) 飛翼手槍` `` 10303
31324 1 1 1 1 1 1 1 1 1 1 1 1 32 `(舊) 新型飛翼手槍` `` 10303
31621 0 1 1 1 1 1 1 1 1 1 1 1 28 `(舊) 破舊的軍用手弩` `` 10306
31322 0 1 1 1 1 1 1 1 1 1 1 1 31 `(舊) 古老的飛翼手槍` `` 10303
31622 1 1 1 1 1 1 1 1 1 1 1 1 28 `(舊) 軍用手弩` `` 10306
31623 1 1 1 1 1 1 1 1 1 1 1 1 29 `(舊) 堅固的軍用手弩` `` 10306
31633 3 1 1 1 1 1 1 1 1 1 1 1 23 `(舊) 蛇影戰士` `` 10306
31631 2 1 1 1 1 1 1 1 1 1 1 1 19 `(舊) 天界戰弩` `` 10306
31637 2 1 1 1 1 1 1 1 1 1 1 1 31 `(舊) 紫色詛咒` `` 10306
31634 2 1 1 1 1 1 1 1 1 1 1 1 25 `(舊) 雙翼之弩` `` 10306
31632 2 1 1 1 1 1 1 1 1 1 1 1 22 `(舊) 神賜十字弩` `` 10306
31638 3 1 1 1 1 1 1 1 1 1 1 1 33 `(舊) 狩獵女神之弩` `` 10306
31639 2 1 1 1 1 1 1 1 1 1 1 1 34 `(舊) 七星連射弩` `` 10306
31636 3 1 1 1 1 1 1 1 1 1 1 1 28 `(舊) 天馬之弩` `` 10306
31635 2 1 1 1 1 1 1 1 1 1 1 1 28 `(舊) 鷹眼短弩` `` 10306
31640 3 1 1 1 1 1 1 1 1 1 1 1 37 `(舊) 銀色三角弩` `` 10306
31641 3 1 1 1 1 1 1 1 1 1 1 1 38 `(舊) 威廉的告誡` `` 10306
31619 1 1 1 1 1 1 1 1 1 1 1 1 24 `(舊) 速射手弩` `` 10306
31618 0 1 1 1 1 1 1 1 1 1 1 1 24 `(舊) 破舊的速射手弩` `` 10306
31620 1 1 1 1 1 1 1 1 1 1 1 1 25 `(舊) 新式連射手弩` `` 10306
31616 1 1 1 1 1 1 1 1 1 1 1 1 20 `(舊) 連射手弩` `` 10306
31617 1 1 1 1 1 1 1 1 1 1 1 1 21 `(舊) 改良的連射手弩` `` 10306
31615 0 1 1 1 1 1 1 1 1 1 1 1 20 `(舊) 老式的連射手弩` `` 10306
31646 1 1 1 1 1 1 1 1 1 1 1 1 40 `(舊) 斯卡手弩` `` 10306
31627 0 1 1 1 1 1 1 1 1 1 1 1 36 `(舊) 破舊的狩獵弩` `` 10306
31628 1 1 1 1 1 1 1 1 1 1 1 1 36 `(舊) 狩獵弩` `` 10306
31629 1 1 1 1 1 1 1 1 1 1 1 1 37 `(舊) 改良的狩獵弩` `` 10306
31625 1 1 1 1 1 1 1 1 1 1 1 1 32 `(舊) 土著手弩` `` 10306
31645 0 1 1 1 1 1 1 1 1 1 1 1 40 `(舊) 破舊的斯卡手弩` `` 10306
31624 0 1 1 1 1 1 1 1 1 1 1 1 32 `(舊) 古老的土著手弩` `` 10306
31626 1 1 1 1 1 1 1 1 1 1 1 1 33 `(舊) 改良的土著手弩` `` 10306
32235 2 1 1 1 1 1 1 1 1 1 1 1 27 `(舊) 冰爆手炮` `` 10305
32232 2 1 1 1 1 1 1 1 1 1 1 1 21 `(舊) 炙炎手炮` `` 10305
32218 0 1 1 1 1 1 1 1 1 1 1 1 27 `(舊) 老式皇都軍用手炮` `` 10305
32216 1 1 1 1 1 1 1 1 1 1 1 1 23 `(舊) 伊頓手炮` `` 10305
32225 1 1 1 1 1 1 1 1 1 1 1 1 35 `(舊) 超能手炮` `` 10305
32233 3 1 1 1 1 1 1 1 1 1 1 1 22 `(舊) 嚙齒N2 - AT7 ` `` 10305
32236 3 1 1 1 1 1 1 1 1 1 1 1 27 `(舊) 嚙齒N3 - 棘蛇` `` 10305
32241 3 1 1 1 1 1 1 1 1 1 1 1 37 `(舊) 嚙齒N11 - 毒蛇` `` 10305
32213 1 1 1 1 1 1 1 1 1 1 1 1 19 `(舊) 重火炮` `` 10305
32238 3 1 1 1 1 1 1 1 1 1 1 1 32 `(舊) 嚙齒N7 - 虎蛇` `` 10305
32219 1 1 1 1 1 1 1 1 1 1 1 1 27 `(舊) 皇都軍用手炮` `` 10305
32221 0 1 1 1 1 1 1 1 1 1 1 1 31 `(舊) 破舊的巨型手炮` `` 10305
32222 1 1 1 1 1 1 1 1 1 1 1 1 31 `(舊) 巨型手炮` `` 10305
32234 2 1 1 1 1 1 1 1 1 1 1 1 24 `(舊) 光電手炮` `` 10305
32226 1 1 1 1 1 1 1 1 1 1 1 1 36 `(舊) 改良的超能手炮` `` 10305
32215 0 1 1 1 1 1 1 1 1 1 1 1 23 `(舊) 破舊的伊頓手炮` `` 10305
32239 2 1 1 1 1 1 1 1 1 1 1 1 33 `(舊) 尼克爾激光手炮` `` 10305
32224 0 1 1 1 1 1 1 1 1 1 1 1 35 `(舊) 舊式超能手炮` `` 10305
32231 2 1 1 1 1 1 1 1 1 1 1 1 18 `(舊) 暗影佣兵` `` 10305
32214 1 1 1 1 1 1 1 1 1 1 1 1 20 `(舊) 新式重火炮` `` 10305
32217 1 1 1 1 1 1 1 1 1 1 1 1 24 `(舊) 堅固的伊頓手炮` `` 10305
32220 1 1 1 1 1 1 1 1 1 1 1 1 28 `(舊) 堅固的皇都軍用手炮` `` 10305
32240 2 1 1 1 1 1 1 1 1 1 1 1 36 `(舊) 机械驅逐者` `` 10305
32212 0 1 1 1 1 1 1 1 1 1 1 1 19 `(舊) 損坏的重火炮` `` 10305
32237 2 1 1 1 1 1 1 1 1 1 1 1 30 `(舊) 君威手炮` `` 10305
32223 1 1 1 1 1 1 1 1 1 1 1 1 32 `(舊) 改良的巨型手炮` `` 10305
32246 1 1 1 1 1 1 1 1 1 1 1 1 43 `(舊) 火焰噴射器` `` 10305
32245 0 1 1 1 1 1 1 1 1 1 1 1 43 `(舊) 舊式火焰噴射器` `` 10305
32229 1 1 1 1 1 1 1 1 1 1 1 1 40 `(舊) 改良的合金手炮` `` 10305
32228 1 1 1 1 1 1 1 1 1 1 1 1 39 `(舊) 合金手炮` `` 10305
32227 0 1 1 1 1 1 1 1 1 1 1 1 39 `(舊) 古老的合金手炮` `` 10305
31926 1 1 1 1 1 1 1 1 1 1 1 1 33 `(舊) 老式獵槍` `` 10304
31925 0 1 1 1 1 1 1 1 1 1 1 1 33 `(舊) 破舊的老式獵槍` `` 10304
31927 1 1 1 1 1 1 1 1 1 1 1 1 34 `(舊) 改良的老式獵槍` `` 10304
31946 0 1 1 1 1 1 1 1 1 1 1 1 41 `(舊) 破舊的軍用步槍` `` 10304
31947 1 1 1 1 1 1 1 1 1 1 1 1 41 `(舊) 軍用步槍` `` 10304
31938 3 1 1 1 1 1 1 1 1 1 1 1 32 `(舊) 狂龍咆哮` `` 10304
31932 2 1 1 1 1 1 1 1 1 1 1 1 20 `(舊) 千年玄鐵步槍` `` 10304
31934 3 1 1 1 1 1 1 1 1 1 1 1 24 `(舊) 裁決者` `` 10304
31921 1 1 1 1 1 1 1 1 1 1 1 1 26 `(舊) 改良的天界衛兵步槍` `` 10304
31935 2 1 1 1 1 1 1 1 1 1 1 1 26 `(舊) 落星` `` 10304
31940 2 1 1 1 1 1 1 1 1 1 1 1 35 `(舊) 靈狐之火` `` 10304
31920 1 1 1 1 1 1 1 1 1 1 1 1 25 `(舊) 天界衛兵步槍` `` 10304
31937 3 1 1 1 1 1 1 1 1 1 1 1 29 `(舊) 靈蛇` `` 10304
31942 3 1 1 1 1 1 1 1 1 1 1 1 39 `(舊) 突襲夜神` `` 10304
31919 0 1 1 1 1 1 1 1 1 1 1 1 25 `(舊) 破舊的天界衛兵步槍` `` 10304
31936 2 1 1 1 1 1 1 1 1 1 1 1 29 `(舊) 煙霧突擊步槍` `` 10304
31933 2 1 1 1 1 1 1 1 1 1 1 1 23 `(舊) 青龍` `` 10304
31939 3 1 1 1 1 1 1 1 1 1 1 1 34 `(舊) 天界獵殺者` `` 10304
31941 3 1 1 1 1 1 1 1 1 1 1 1 38 `(舊) 邪能幽靈` `` 10304
31922 0 1 1 1 1 1 1 1 1 1 1 1 29 `(舊) 破舊的先鋒步槍` `` 10304
31924 1 1 1 1 1 1 1 1 1 1 1 1 30 `(舊) 新式先鋒步槍` `` 10304
31918 1 1 1 1 1 1 1 1 1 1 1 1 22 `(舊) 堅固的小口徑步槍` `` 10304
31930 1 1 1 1 1 1 1 1 1 1 1 1 38 `(舊) 改良的狙擊步槍` `` 10304
31923 1 1 1 1 1 1 1 1 1 1 1 1 29 `(舊) 先鋒步槍` `` 10304
31929 1 1 1 1 1 1 1 1 1 1 1 1 37 `(舊) 狙擊步槍` `` 10304
31917 1 1 1 1 1 1 1 1 1 1 1 1 21 `(舊) 小口徑步槍` `` 10304
31928 0 1 1 1 1 1 1 1 1 1 1 1 37 `(舊) 舊式狙擊步槍` `` 10304
31916 0 1 1 1 1 1 1 1 1 1 1 1 21 `(舊) 老式小口徑步槍` `` 10304
31023 0 1 1 1 1 1 1 1 1 1 1 1 30 `(舊) 破舊的老式左輪槍` `` 10302
31025 1 1 1 1 1 1 1 1 1 1 1 1 31 `(舊) 結實的老式左輪槍` `` 10302
31026 0 1 1 1 1 1 1 1 1 1 1 1 34 `(舊) 老式微型左輪` `` 10302
31028 1 1 1 1 1 1 1 1 1 1 1 1 35 `(舊) 改良的微型左輪` `` 10302
31024 1 1 1 1 1 1 1 1 1 1 1 1 30 `(舊) 老式左輪槍` `` 10302
31027 1 1 1 1 1 1 1 1 1 1 1 1 34 `(舊) 微型左輪` `` 10302
31031 1 1 1 1 1 1 1 1 1 1 1 1 39 `(舊) 改良的轉輪手槍` `` 10302
31030 1 1 1 1 1 1 1 1 1 1 1 1 38 `(舊) 轉輪手槍` `` 10302
31029 0 1 1 1 1 1 1 1 1 1 1 1 38 `(舊) 老式轉輪手槍` `` 10302
31035 3 1 1 1 1 1 1 1 1 1 1 1 23 `(舊) 龍騎士 - 1848` `` 10302
31034 2 1 1 1 1 1 1 1 1 1 1 1 21 `(舊) 柯爾特 - 黑鑽玄芒` `` 10302
31036 2 1 1 1 1 1 1 1 1 1 1 1 25 `(舊) 柯爾特MK3 - 騎兵` `` 10302
31039 2 1 1 1 1 1 1 1 1 1 1 1 31 `(舊) 柯爾特MK5 - 狂蟒` `` 10302
31038 2 1 1 1 1 1 1 1 1 1 1 1 28 `(舊) 柯爾特 - 獵鷹` `` 10302
31043 2 1 1 1 1 1 1 1 1 1 1 1 38 `(舊) 柯爾特MK5 - 眼鏡蛇王` `` 10302
31033 2 1 1 1 1 1 1 1 1 1 1 1 18 `(舊) 柯爾特 - 火蛇` `` 10302
31019 1 1 1 1 1 1 1 1 1 1 1 1 23 `(舊) 精致的埃滕左輪槍` `` 10302
31041 2 1 1 1 1 1 1 1 1 1 1 1 35 `(舊) 柯爾特 - 和平悍衛者` `` 10302
31018 1 1 1 1 1 1 1 1 1 1 1 1 22 `(舊) 伊頓左輪槍` `` 10302
31040 3 1 1 1 1 1 1 1 1 1 1 1 33 `(舊) 邊境浪人 - 荒火` `` 10302
31021 1 1 1 1 1 1 1 1 1 1 1 1 26 `(舊) 帝國左輪槍` `` 10302
31020 0 1 1 1 1 1 1 1 1 1 1 1 26 `(舊) 老式的帝國左輪槍` `` 10302
31015 1 1 1 1 1 1 1 1 1 1 1 1 18 `(舊) 軍用左輪槍` `` 10302
31037 3 1 1 1 1 1 1 1 1 1 1 1 27 `(舊) 魯格爾 - 黑鷹` `` 10302
31014 0 1 1 1 1 1 1 1 1 1 1 1 18 `(舊) 破舊的軍用左輪槍` `` 10302
31016 1 1 1 1 1 1 1 1 1 1 1 1 19 `(舊) 華麗的無法地帶左輪槍` `` 10302
31017 0 1 1 1 1 1 1 1 1 1 1 1 22 `(舊) 破舊的伊頓左輪槍` `` 10302
31022 1 1 1 1 1 1 1 1 1 1 1 1 27 `(舊) 改良的帝國左輪槍` `` 10302
31048 0 1 1 1 1 1 1 1 1 1 1 1 42 `(舊) 舊式窄口左輪槍` `` 10302
31049 1 1 1 1 1 1 1 1 1 1 1 1 42 `(舊) 窄口左輪槍` `` 10302
31042 3 1 1 1 1 1 1 1 1 1 1 1 37 `(舊) 絕殺 - M1873` `` 10302
28218 0 1 1 1 1 1 1 1 1 1 1 1 37 `(舊) 褪色的玄磁光劍` `` 10106
28202 1 1 1 1 1 1 1 1 1 1 1 1 20 `(舊) 閃耀的熒光劍` `` 10106
28201 1 1 1 1 1 1 1 1 1 1 1 1 19 `(舊) 瑩光劍` `` 10106
28221 3 1 1 1 1 1 1 1 1 1 1 1 38 `(舊) 卡露亞的教導 - 匿跡` `` 10106
28212 1 1 1 1 1 1 1 1 1 1 1 1 30 `(舊) 精致的騎兵光劍` `` 10106
28211 2 1 1 1 1 1 1 1 1 1 1 1 29 `(舊) 列特的疾影劍` `` 10106
28208 1 1 1 1 1 1 1 1 1 1 1 1 25 `(舊) 閃耀的鹵素光劍` `` 10106
28206 1 1 1 1 1 1 1 1 1 1 1 1 24 `(舊) 鹵素光劍` `` 10106
28210 1 1 1 1 1 1 1 1 1 1 1 1 29 `(舊) 騎兵光劍` `` 10106
28216 2 1 1 1 1 1 1 1 1 1 1 1 34 `(舊) 碧影凝光劍` `` 10106
28223 3 1 1 1 1 1 1 1 1 1 1 1 25 `(舊) 光之翼刃` `` 10106
28205 0 1 1 1 1 1 1 1 1 1 1 1 23 `(舊) 古舊的鹵素光劍` `` 10106
28219 1 1 1 1 1 1 1 1 1 1 1 1 38 `(舊) 玄磁光劍` `` 10106
28203 2 1 1 1 1 1 1 1 1 1 1 1 20 `(舊) 藍星爍芒劍` `` 10106
28217 1 1 1 1 1 1 1 1 1 1 1 1 35 `(舊) 新式光影劍` `` 10106
28222 1 1 1 1 1 1 1 1 1 1 1 1 39 `(舊) 新型玄磁光劍` `` 10106
28215 1 1 1 1 1 1 1 1 1 1 1 1 34 `(舊) 光影劍` `` 10106
28214 0 1 1 1 1 1 1 1 1 1 1 1 33 `(舊) 舊式光影劍` `` 10106
28209 0 1 1 1 1 1 1 1 1 1 1 1 28 `(舊) 舊式騎兵光劍` `` 10106
28213 3 1 1 1 1 1 1 1 1 1 1 1 30 `(舊) 閃耀的阿隆戴特` `` 10106
28207 2 1 1 1 1 1 1 1 1 1 1 1 24 `(舊) 极光劍` `` 10106
28204 3 1 1 1 1 1 1 1 1 1 1 1 22 `(舊) 炎日` `` 10106
28220 3 1 1 1 1 1 1 1 1 1 1 1 38 `(舊) 玄光圣劍` `` 10106
28224 0 1 1 1 1 1 1 1 1 1 1 1 42 `(舊) 古老的寒光劍` `` 10106
28225 1 1 1 1 1 1 1 1 1 1 1 1 42 `(舊) 寒光劍` `` 10106
27936 2 1 1 1 1 1 1 1 1 1 1 1 34 `(舊) 薩烏塔的戰斧柄` `` 10104
27930 1 1 1 1 1 1 1 1 1 1 1 1 30 `(舊) 碎骨棒` `` 10104
27921 3 1 1 1 1 1 1 1 1 1 1 1 22 `(舊) 僧侶的戒律棒` `` 10104
27932 2 1 1 1 1 1 1 1 1 1 1 1 31 `(舊) 千年玄鐵棒` `` 10104
27919 0 1 1 1 1 1 1 1 1 1 1 1 22 `(舊) 粗糙的鐵棒` `` 10104
27926 3 1 1 1 1 1 1 1 1 1 1 1 26 `(舊) 惡魔破天棒` `` 10104
27941 1 1 1 1 1 1 1 1 1 1 1 1 38 `(舊) 巨人槌` `` 10104
27938 3 1 1 1 1 1 1 1 1 1 1 1 36 `(舊) 戾冰鳴泉棒` `` 10104
27933 3 1 1 1 1 1 1 1 1 1 1 1 31 `(舊) 卡露亞的教導 - 裁決` `` 10104
27939 2 1 1 1 1 1 1 1 1 1 1 1 37 `(舊) 炙焰巨棒` `` 10104
27917 1 1 1 1 1 1 1 1 1 1 1 1 19 `(舊) 沉重的釘頭槌` `` 10104
27940 0 1 1 1 1 1 1 1 1 1 1 1 38 `(舊) 古老的巨人槌` `` 10104
27924 0 1 1 1 1 1 1 1 1 1 1 1 26 `(舊) 破舊的紫杉棒` `` 10104
27920 1 1 1 1 1 1 1 1 1 1 1 1 22 `(舊) 鐵棒` `` 10104
27927 1 1 1 1 1 1 1 1 1 1 1 1 27 `(舊) 新型紫杉棒` `` 10104
27915 1 1 1 1 1 1 1 1 1 1 1 1 18 `(舊) 釘頭槌` `` 10104
27934 0 1 1 1 1 1 1 1 1 1 1 1 34 `(舊) 舊式龍骨棒` `` 10104
27928 2 1 1 1 1 1 1 1 1 1 1 1 28 `(舊) 猛毒爪牙棒` `` 10104
27914 0 1 1 1 1 1 1 1 1 1 1 1 18 `(舊) 古老的釘頭槌` `` 10104
27929 0 1 1 1 1 1 1 1 1 1 1 1 30 `(舊) 破舊的碎骨棒` `` 10104
27935 1 1 1 1 1 1 1 1 1 1 1 1 34 `(舊) 龍骨棒` `` 10104
27918 2 1 1 1 1 1 1 1 1 1 1 1 21 `(舊) 強襲者之棒` `` 10104
27937 1 1 1 1 1 1 1 1 1 1 1 1 35 `(舊) 堅硬的龍骨棒` `` 10104
27916 2 1 1 1 1 1 1 1 1 1 1 1 18 `(舊) 定神棒` `` 10104
27942 1 1 1 1 1 1 1 1 1 1 1 1 39 `(舊) 堅硬的巨人槌` `` 10104
27931 1 1 1 1 1 1 1 1 1 1 1 1 31 `(舊) 堅硬的碎骨棒` `` 10104
27922 1 1 1 1 1 1 1 1 1 1 1 1 23 `(舊) 堅硬的鐵棒` `` 10104
27947 1 1 1 1 1 1 1 1 1 1 1 1 42 `(舊) 蛇形槌` `` 10104
27923 2 1 1 1 1 1 1 1 1 1 1 1 25 `(舊) 空骨魚巨棒` `` 10104
27925 1 1 1 1 1 1 1 1 1 1 1 1 26 `(舊) 紫杉棒` `` 10104
27946 0 1 1 1 1 1 1 1 1 1 1 1 42 `(舊) 古老的蛇形槌` `` 10104
27333 3 1 1 1 1 1 1 1 1 1 1 1 33 `(舊) 阿甘左的浪人長劍` `` 10105
27342 2 1 1 1 1 1 1 1 1 1 1 1 39 `(舊) 藍月龍吟劍` `` 10105
27339 1 1 1 1 1 1 1 1 1 1 1 1 38 `(舊) 雕紋巨劍` `` 10105
27321 1 1 1 1 1 1 1 1 1 1 1 1 23 `(舊) 精致的波刃長劍` `` 10105
27315 1 1 1 1 1 1 1 1 1 1 1 1 18 `(舊) 雙刃巨劍` `` 10105
27319 1 1 1 1 1 1 1 1 1 1 1 1 22 `(舊) 波刃長劍` `` 10105
27340 3 1 1 1 1 1 1 1 1 1 1 1 38 `(舊) 卡露亞的教導 - 照膽` `` 10105
27327 3 1 1 1 1 1 1 1 1 1 1 1 28 `(舊) 卡贊的詛咒` `` 10105
27317 2 1 1 1 1 1 1 1 1 1 1 1 19 `(舊) 千年玄鐵劍 ` `` 10105
27316 1 1 1 1 1 1 1 1 1 1 1 1 19 `(舊) 改良雙刃巨劍` `` 10105
27341 1 1 1 1 1 1 1 1 1 1 1 1 39 `(舊) 精致的雕紋巨劍` `` 10105
27323 0 1 1 1 1 1 1 1 1 1 1 1 26 `(舊) 劣質的韓瑞德之劍` `` 10105
27338 0 1 1 1 1 1 1 1 1 1 1 1 38 `(舊) 古老的雕紋巨劍` `` 10105
27325 2 1 1 1 1 1 1 1 1 1 1 1 26 `(舊) 芷云雙影劍` `` 10105
27314 0 1 1 1 1 1 1 1 1 1 1 1 18 `(舊) 鈍鋒的雙刃巨劍` `` 10105
27332 2 1 1 1 1 1 1 1 1 1 1 1 33 `(舊) 血蓮鳴鳳劍` `` 10105
27318 0 1 1 1 1 1 1 1 1 1 1 1 22 `(舊) 生鏽的波刃長劍` `` 10105
27326 1 1 1 1 1 1 1 1 1 1 1 1 27 `(舊) 堅韌的韓瑞德之劍` `` 10105
27322 3 1 1 1 1 1 1 1 1 1 1 1 23 `(舊) 殘影劍` `` 10105
27324 1 1 1 1 1 1 1 1 1 1 1 1 26 `(舊) 韓瑞德之劍` `` 10105
27337 2 1 1 1 1 1 1 1 1 1 1 1 36 `(舊) 奪命毒龍劍` `` 10105
27335 1 1 1 1 1 1 1 1 1 1 1 1 34 `(舊) 騎士長劍` `` 10105
27329 1 1 1 1 1 1 1 1 1 1 1 1 30 `(舊) 寬刃長劍` `` 10105
27336 1 1 1 1 1 1 1 1 1 1 1 1 35 `(舊) 鋼鐵騎士長劍` `` 10105
27331 1 1 1 1 1 1 1 1 1 1 1 1 31 `(舊) 新式寬刃長劍` `` 10105
27334 0 1 1 1 1 1 1 1 1 1 1 1 34 `(舊) 古老的騎士長劍` `` 10105
27320 2 1 1 1 1 1 1 1 1 1 1 1 22 `(舊) 梅麗莎的靈夕長劍` `` 10105
27328 0 1 1 1 1 1 1 1 1 1 1 1 30 `(舊) 破舊的寬刃長劍` `` 10105
27330 2 1 1 1 1 1 1 1 1 1 1 1 30 `(舊) 素喃秘影長劍` `` 10105
27503 1 1 1 1 1 1 1 1 1 1 1 1 42 `(舊) 執刑巨劍` `` 10105
27502 0 1 1 1 1 1 1 1 1 1 1 1 42 `(舊) 破舊的執刑巨劍` `` 10105
27647 1 1 1 1 1 1 1 1 1 1 1 1 43 `(舊) 影虎刀` `` 10103
27620 1 1 1 1 1 1 1 1 1 1 1 1 23 `(舊) 佩刀` `` 10103
27646 0 1 1 1 1 1 1 1 1 1 1 1 42 `(舊) 生鏽的影虎刀` `` 10103
27619 0 1 1 1 1 1 1 1 1 1 1 1 22 `(舊) 鈍刃佩刀` `` 10103
27618 2 1 1 1 1 1 1 1 1 1 1 1 21 `(舊) 卡坤的小太刀` `` 10103
27621 1 1 1 1 1 1 1 1 1 1 1 1 24 `(舊) 精致的佩刀` `` 10103
27635 1 1 1 1 1 1 1 1 1 1 1 1 35 `(舊) 梅軒刀` `` 10103
27637 1 1 1 1 1 1 1 1 1 1 1 1 36 `(舊) 鋼鐵梅軒刀` `` 10103
27623 2 1 1 1 1 1 1 1 1 1 1 1 25 `(舊) 惡鬼斬刀` `` 10103
27631 1 1 1 1 1 1 1 1 1 1 1 1 32 `(舊) 精致的月華刀` `` 10103
27640 2 1 1 1 1 1 1 1 1 1 1 1 38 `(舊) 白丸` `` 10103
27622 3 1 1 1 1 1 1 1 1 1 1 1 24 `(舊) 裂創心靈之刃` `` 10103
27630 1 1 1 1 1 1 1 1 1 1 1 1 31 `(舊) 月華刀` `` 10103
27633 3 1 1 1 1 1 1 1 1 1 1 1 33 `(舊) 影丸` `` 10103
27627 3 1 1 1 1 1 1 1 1 1 1 1 28 `(舊) 紅丸` `` 10103
27639 0 1 1 1 1 1 1 1 1 1 1 1 38 `(舊) 破舊的大蛇刀` `` 10103
27632 2 1 1 1 1 1 1 1 1 1 1 1 32 `(舊) 斬龍刀` `` 10103
27634 0 1 1 1 1 1 1 1 1 1 1 1 34 `(舊) 舊式梅軒刀` `` 10103
27641 1 1 1 1 1 1 1 1 1 1 1 1 39 `(舊) 大蛇刀` `` 10103
27628 2 1 1 1 1 1 1 1 1 1 1 1 29 `(舊) 神悅` `` 10103
27614 0 1 1 1 1 1 1 1 1 1 1 1 18 `(舊) 古老的太刀` `` 10103
27624 0 1 1 1 1 1 1 1 1 1 1 1 26 `(舊) 舊式節刀` `` 10103
27629 0 1 1 1 1 1 1 1 1 1 1 1 30 `(舊) 生鏽的月華刀` `` 10103
27615 2 1 1 1 1 1 1 1 1 1 1 1 18 `(舊) 复仇靈魂之刀` `` 10103
27617 1 1 1 1 1 1 1 1 1 1 1 1 20 `(舊) 鋒利的太刀` `` 10103
27636 2 1 1 1 1 1 1 1 1 1 1 1 35 `(舊) 死亡之刃` `` 10103
27642 1 1 1 1 1 1 1 1 1 1 1 1 40 `(舊) 堅韌的大蛇刀` `` 10103
27616 1 1 1 1 1 1 1 1 1 1 1 1 19 `(舊) 短太刀` `` 10103
27626 1 1 1 1 1 1 1 1 1 1 1 1 28 `(舊) 鋒利的節刀` `` 10103
27625 1 1 1 1 1 1 1 1 1 1 1 1 27 `(舊) 節刀` `` 10103
27638 3 1 1 1 1 1 1 1 1 1 1 1 37 `(舊) 西嵐的妖刀` `` 10103
27030 1 1 1 1 1 1 1 1 1 1 1 1 30 `(舊) 波刃骨劍` `` 10102
27031 1 1 1 1 1 1 1 1 1 1 1 1 31 `(舊) 鋒利的波刃骨劍` `` 10102
27015 1 1 1 1 1 1 1 1 1 1 1 1 18 `(舊) 脊骨劍` `` 10102
27014 0 1 1 1 1 1 1 1 1 1 1 1 18 `(舊) 古老的脊骨劍` `` 10102
27024 1 1 1 1 1 1 1 1 1 1 1 1 26 `(舊) 士兵短劍` `` 10102
27017 1 1 1 1 1 1 1 1 1 1 1 1 19 `(舊) 鋒利的脊骨劍` `` 10102
27029 0 1 1 1 1 1 1 1 1 1 1 1 30 `(舊) 古老的波刃骨劍` `` 10102
27040 1 1 1 1 1 1 1 1 1 1 1 1 38 `(舊) 哨兵侍劍` `` 10102
27025 2 1 1 1 1 1 1 1 1 1 1 1 26 `(舊) 薩烏塔的椎骨劍` `` 10102
27034 0 1 1 1 1 1 1 1 1 1 1 1 34 `(舊) 劣質的鈦劍` `` 10102
27036 1 1 1 1 1 1 1 1 1 1 1 1 35 `(舊) 堅韌的鈦劍` `` 10102
27042 1 1 1 1 1 1 1 1 1 1 1 1 39 `(舊) 鋒利的哨兵侍劍` `` 10102
27026 1 1 1 1 1 1 1 1 1 1 1 1 27 `(舊) 鋒利的士兵短劍` `` 10102
27035 1 1 1 1 1 1 1 1 1 1 1 1 34 `(舊) 鈦劍` `` 10102
27039 0 1 1 1 1 1 1 1 1 1 1 1 38 `(舊) 古老的哨兵侍劍` `` 10102
27023 0 1 1 1 1 1 1 1 1 1 1 1 26 `(舊) 破損的士兵短劍` `` 10102
27019 1 1 1 1 1 1 1 1 1 1 1 1 22 `(舊) 青銅劍` `` 10102
27022 1 1 1 1 1 1 1 1 1 1 1 1 23 `(舊) 閃耀的青銅劍` `` 10102
27018 0 1 1 1 1 1 1 1 1 1 1 1 22 `(舊) 生鏽的青銅劍` `` 10102
27016 2 1 1 1 1 1 1 1 1 1 1 1 18 `(舊) 疾風劍` `` 10102
27021 3 1 1 1 1 1 1 1 1 1 1 1 22 `(舊) 紫薇星劍` `` 10102
27028 2 1 1 1 1 1 1 1 1 1 1 1 29 `(舊) 蒼月劍` `` 10102
27038 3 1 1 1 1 1 1 1 1 1 1 1 37 `(舊) 卡露亞的教導 - 裂風` `` 10102
27032 2 1 1 1 1 1 1 1 1 1 1 1 32 `(舊) 艾米麗的銀妝刀` `` 10102
27027 3 1 1 1 1 1 1 1 1 1 1 1 27 `(舊) 盧克西的紫炎波刃劍` `` 10102
27020 2 1 1 1 1 1 1 1 1 1 1 1 22 `(舊) 春陽融雪劍` `` 10102
27048 1 1 1 1 1 1 1 1 1 1 1 1 42 `(舊) 寬刃劍` `` 10102
27037 2 1 1 1 1 1 1 1 1 1 1 1 35 `(舊) 丹砂劍` `` 10102
27047 0 1 1 1 1 1 1 1 1 1 1 1 42 `(舊) 古老的寬刃劍` `` 10102
27033 3 1 1 1 1 1 1 1 1 1 1 1 32 `(舊) 落日幻影` `` 10102
27041 2 1 1 1 1 1 1 1 1 1 1 1 38 `(舊) 震波劍` `` 10102
2747697 3 1 1 1 1 1 1 1 1 1 1 1 1 `騎士王的守護` `` 12004
2747698 3 1 1 1 1 1 1 1 1 1 1 1 1 `征服王的友誼` `` 12004
2747699 3 1 1 1 1 1 1 1 1 1 1 1 1 `英雄王的寶庫` `` 12004
2747700 2 1 1 1 1 1 1 1 1 1 1 1 1 `騎士的愿望` `` 12004
2747701 2 1 1 1 1 1 1 1 1 1 1 1 1 `狂戰士的憤怒` `` 12004
36 2 1 1 1 1 1 1 1 1 1 1 1 10 `服務器喇叭` `` 13006
37 2 1 1 1 1 1 1 1 1 1 1 1 1 `頻道喇叭` `` 13006
160 2 1 1 1 1 1 1 1 1 1 1 1 1 `冰霜幽暗密林` `` 13001
745 2 1 1 1 1 1 1 1 1 1 1 1 1 `公會名稱變更許可証` `` 13006
758 2 1 1 1 1 1 1 1 1 1 1 1 1 `` `` 13001
898 2 1 1 1 1 1 1 1 1 1 1 1 1 `解放的伺服器喇叭` `` 13006
1003 1 1 1 1 1 1 1 1 1 1 1 1 1 `牛排` `` 13006
1000 1 1 1 1 1 1 1 1 1 1 1 1 1 `野生草莓` `` 13006
1004 1 1 1 1 1 1 1 1 1 1 1 1 1 `苧麻花葉` `` 13006
1002 1 1 1 1 1 1 1 1 1 1 1 1 1 `朗姆酒` `` 13006
1001 1 1 1 1 1 1 1 1 1 1 1 1 1 `烤硬的黑面包` `` 13006
1005 0 1 1 1 1 1 1 1 1 1 1 1 3 `冰霜解除藥劑` `` 13006
1006 0 1 1 1 1 1 1 1 1 1 1 1 5 `加速藥劑` `` 13006
1007 0 1 1 1 1 1 1 1 1 1 1 1 5 `圣水` `` 13006
1008 0 1 1 1 1 1 1 1 1 1 1 1 2 `中毒恢复劑` `` 13006
1010 1 1 1 1 1 1 1 1 1 1 1 1 10 `解毒藥水` `` 13006
1011 0 1 1 1 1 1 1 1 1 1 1 1 5 `牛頭怪的尾巴` `` 13006
1009 1 1 1 1 1 1 1 1 1 1 1 1 10 `解凍藥水` `` 13006
1013 1 1 1 1 1 1 1 1 1 1 1 1 1 `肉干` `` 13006
1014 0 1 1 1 1 1 1 1 1 1 1 1 8 `薩烏塔的角` `` 13006
1015 0 1 1 1 1 1 1 1 1 1 1 1 1 `哥布林塵埃` `` 13006
1016 1 1 1 1 1 1 1 1 1 1 1 1 3 `銳眼藥劑` `` 13006
1018 1 1 1 1 1 1 1 1 1 1 1 1 3 `雪杰克藥水` `` 13006
1017 1 1 1 1 1 1 1 1 1 1 1 1 3 `火蜥蜴藥水` `` 13006
1019 1 1 1 1 1 1 1 1 1 1 1 1 20 `小世界儀` `` 13006
1020 0 1 1 1 1 1 1 1 1 1 1 1 1 `火符咒` `` 13006
1021 0 1 1 1 1 1 1 1 1 1 1 1 1 `冰符咒` `` 13006
1022 0 1 1 1 1 1 1 1 1 1 1 1 1 `暗符咒` `` 13006
1023 0 1 1 1 1 1 1 1 1 1 1 1 1 `光符咒` `` 13006
1024 1 1 1 1 1 1 1 1 1 1 1 1 1 `天空之海符咒` `` 13006
1025 1 1 1 1 1 1 1 1 1 1 1 1 1 `狂龍之吼` `` 13006
1027 1 1 1 1 1 1 1 1 1 1 1 1 18 `銳眼藥水` `` 13006
1028 1 1 1 1 1 1 1 1 1 1 1 1 18 `食人魔藥水` `` 13006
1026 0 1 1 1 1 1 1 1 1 1 1 1 3 `食人魔藥劑` `` 13006
1032 1 1 1 1 1 1 1 1 1 1 1 1 1 `索西雅特制的精靈啤酒` `` 13006
1029 1 1 1 1 1 1 1 1 1 1 1 1 3 `魔力之語藥劑` `` 13006
1030 1 1 1 1 1 1 1 1 1 1 1 1 18 `魔力之語藥水` `` 13006
1050 0 1 1 1 1 1 1 1 1 1 1 1 1 `眩暈恢复劑` `` 13006
1048 1 1 1 1 1 1 1 1 1 1 1 1 15 `天空之城泉水` `` 13006
1047 0 1 1 1 1 1 1 1 1 1 1 1 1 `命運硬幣` `` 13006
1049 1 1 1 1 1 1 1 1 1 1 1 1 15 `天空之城露水` `` 13006
1051 0 1 1 1 1 1 1 1 1 1 1 1 1 `石化恢复劑` `` 13006
1053 0 1 1 1 1 1 1 1 1 1 1 1 1 `混亂恢复劑` `` 13006
1054 0 1 1 1 1 1 1 1 1 1 1 1 1 `出血恢复劑` `` 13006
1052 0 1 1 1 1 1 1 1 1 1 1 1 1 `失明恢复劑` `` 13006
1059 1 1 1 1 1 1 1 1 1 1 1 1 22 `珊瑚果凍` `` 13006
1060 1 1 1 1 1 1 1 1 1 1 1 1 22 `天帷巨獸的鱗片` `` 13006
1061 1 1 1 1 1 1 1 1 1 1 1 1 22 `睡眠貝肉` `` 13006
1062 1 1 1 1 1 1 1 1 1 1 1 1 1 `越桔` `` 13006
1065 1 1 1 1 1 1 1 1 1 1 1 1 1 `魔力之花` `` 13006
1064 1 1 1 1 1 1 1 1 1 1 1 1 1 `熟透的葡萄` `` 13006
1063 1 1 1 1 1 1 1 1 1 1 1 1 1 `甜瓜` `` 13006
1066 1 1 1 1 1 1 1 1 1 1 1 1 1 `精靈香精` `` 13006
1067 1 1 1 1 1 1 1 1 1 1 1 1 1 `魔力之水` `` 13006
1068 1 1 1 1 1 1 1 1 1 1 1 1 1 `黃金圣餐` `` 13006
1069 1 1 1 1 1 1 1 1 1 1 1 1 1 `神圣葡萄酒` `` 13006
1070 1 1 1 1 1 1 1 1 1 1 1 1 1 `藍色圣經` `` 13006
1071 1 1 1 1 1 1 1 1 1 1 1 1 1 `圣杯` `` 13006
1073 0 1 1 1 1 1 1 1 1 1 1 1 20 `藤蔓种子` `` 13006
1072 1 1 1 1 1 1 1 1 1 1 1 1 1 `邪惡藥劑` `` 13006
1074 1 1 1 1 1 1 1 1 1 1 1 1 15 `大世界儀` `` 13006
1079 1 1 1 1 1 1 1 1 1 1 1 1 1 `大塊肉干` `` 13006
1082 1 1 1 1 1 1 1 1 1 1 1 1 1 `暗黑傾向藥劑` `` 13006
1080 1 1 1 1 1 1 1 1 1 1 1 1 1 `暗黑城特產干酪` `` 13006
1083 1 1 1 1 1 1 1 1 1 1 1 1 1 `剛出爐的小甜餅` `` 13006
1081 1 1 1 1 1 1 1 1 1 1 1 1 1 `黑色龍舌蘭酒` `` 13006
1084 1 1 1 1 1 1 1 1 1 1 1 1 1 `妖精的气息` `` 13006
1091 1 1 1 1 1 1 1 1 1 1 1 1 45 `濃縮的元素藥劑` `` 13006
1089 1 1 1 1 1 1 1 1 1 1 1 1 45 `突變草莓` `` 13006
1092 1 1 1 1 1 1 1 1 1 1 1 1 45 `躍翔藥劑` `` 13006
1090 1 1 1 1 1 1 1 1 1 1 1 1 45 `突變苧麻花葉` `` 13006
1094 0 1 1 1 1 1 1 1 1 1 1 1 1 `灼傷恢复劑` `` 13006
1095 1 1 1 1 1 1 1 1 1 1 1 1 1 `冷藏的羊肉` `` 13006
1096 1 1 1 1 1 1 1 1 1 1 1 1 1 `冷藏的乳袋` `` 13006
1097 1 1 1 1 1 1 1 1 1 1 1 1 1 `馬奶酒` `` 13006
1098 1 1 1 1 1 1 1 1 1 1 1 1 1 `羊奶酸乳` `` 13006
1106 1 1 1 1 1 1 1 1 1 1 1 1 1 `諾頓的新手HP藥劑` `` 13006
1107 1 1 1 1 1 1 1 1 1 1 1 1 6 `諾頓的入門HP藥劑` `` 13006
1109 1 1 1 1 1 1 1 1 1 1 1 1 26 `諾頓的熟練HP藥劑` `` 13006
1108 1 1 1 1 1 1 1 1 1 1 1 1 16 `諾頓的普通HP藥劑` `` 13006
1110 1 1 1 1 1 1 1 1 1 1 1 1 36 `諾頓的專家HP藥劑` `` 13006
1111 1 1 1 1 1 1 1 1 1 1 1 1 46 `諾頓的達人HP藥劑` `` 13006
1112 1 1 1 1 1 1 1 1 1 1 1 1 1 `羅莉安的新手MP藥劑` `` 13006
1113 1 1 1 1 1 1 1 1 1 1 1 1 6 `羅莉安的入門MP藥劑` `` 13006
1114 1 1 1 1 1 1 1 1 1 1 1 1 16 `羅莉安的普通MP藥劑` `` 13006
1115 1 1 1 1 1 1 1 1 1 1 1 1 26 `羅莉安的熟練MP藥劑` `` 13006
1117 1 1 1 1 1 1 1 1 1 1 1 1 46 `羅莉安的達人MP藥劑` `` 13006
1116 1 1 1 1 1 1 1 1 1 1 1 1 36 `羅莉安的專家MP藥劑` `` 13006
1118 2 1 1 1 1 1 1 1 1 1 1 1 1 `埃菲爾的救急藥` `` 13006
1119 2 1 1 1 1 1 1 1 1 1 1 1 1 `埃菲爾的魔力藥` `` 13006
1124 3 1 1 1 1 1 1 1 1 1 1 1 1 `圣光万靈藥` `` 13006
1154 1 1 1 1 1 1 1 1 1 1 1 1 15 `一般冰凍恢复劑` `` 13006
1153 1 1 1 1 1 1 1 1 1 1 1 1 1 `新手冰凍恢复劑` `` 13006
1152 1 1 1 1 1 1 1 1 1 1 1 1 35 `專家中毒恢复劑` `` 13006
1151 1 1 1 1 1 1 1 1 1 1 1 1 15 `一般中毒恢复劑` `` 13006
1150 1 1 1 1 1 1 1 1 1 1 1 1 1 `新手中毒恢复劑` `` 13006
1155 1 1 1 1 1 1 1 1 1 1 1 1 35 `專家冰凍恢复劑` `` 13006
1156 1 1 1 1 1 1 1 1 1 1 1 1 1 `新手眩暈恢复劑` `` 13006
1157 1 1 1 1 1 1 1 1 1 1 1 1 15 `一般眩暈恢复劑` `` 13006
1158 1 1 1 1 1 1 1 1 1 1 1 1 35 `專家眩暈恢复劑` `` 13006
1159 1 1 1 1 1 1 1 1 1 1 1 1 1 `新手石化恢复劑` `` 13006
1160 1 1 1 1 1 1 1 1 1 1 1 1 15 `一般石化恢复劑` `` 13006
1161 1 1 1 1 1 1 1 1 1 1 1 1 35 `專家石化恢复劑` `` 13006
1162 1 1 1 1 1 1 1 1 1 1 1 1 1 `新手失明恢复劑` `` 13006
1163 1 1 1 1 1 1 1 1 1 1 1 1 15 `一般失明恢复劑` `` 13006
1164 1 1 1 1 1 1 1 1 1 1 1 1 35 `專家失明恢复劑` `` 13006
1165 1 1 1 1 1 1 1 1 1 1 1 1 1 `新手混亂恢复劑` `` 13006
1166 1 1 1 1 1 1 1 1 1 1 1 1 15 `一般混亂恢复劑` `` 13006
1167 1 1 1 1 1 1 1 1 1 1 1 1 35 `專家混亂恢复劑` `` 13006
1168 1 1 1 1 1 1 1 1 1 1 1 1 1 `新手出血恢复劑` `` 13006
1169 1 1 1 1 1 1 1 1 1 1 1 1 15 `一般出血恢复劑` `` 13006
1170 1 1 1 1 1 1 1 1 1 1 1 1 35 `專家出血恢复藥劑` `` 13006
1171 1 1 1 1 1 1 1 1 1 1 1 1 1 `新手疾病恢复劑` `` 13006
1172 1 1 1 1 1 1 1 1 1 1 1 1 15 `一般疾病恢复劑` `` 13006
1173 1 1 1 1 1 1 1 1 1 1 1 1 35 `專家疾病恢复劑` `` 13006
1174 1 1 1 1 1 1 1 1 1 1 1 1 1 `新手精神控制恢复劑` `` 13006
1175 1 1 1 1 1 1 1 1 1 1 1 1 15 `勒格恩` `` 13006
1176 1 1 1 1 1 1 1 1 1 1 1 1 35 `專家精神控制恢复劑` `` 13006
1177 1 1 1 1 1 1 1 1 1 1 1 1 1 `新手沉默恢复劑` `` 13006
1178 1 1 1 1 1 1 1 1 1 1 1 1 15 `一般沉默恢复劑` `` 13006
1179 1 1 1 1 1 1 1 1 1 1 1 1 35 `專家沉默恢复劑` `` 13006
1180 1 1 1 1 1 1 1 1 1 1 1 1 1 `新手灼傷解除藥劑` `` 13006
1181 1 1 1 1 1 1 1 1 1 1 1 1 15 `一般灼傷恢复劑` `` 13006
1182 1 1 1 1 1 1 1 1 1 1 1 1 35 `專家灼傷恢复劑` `` 13006
1183 2 1 1 1 1 1 1 1 1 1 1 1 1 `异界气息淨化書` `` 13006
1188 2 1 1 1 1 1 1 1 1 1 1 1 1 `變异的力量扭轉書` `` 13006
1189 2 1 1 1 1 1 1 1 1 1 1 1 1 `變异的智力扭轉書` `` 13006
1190 2 1 1 1 1 1 1 1 1 1 1 1 1 `變异的生命扭轉書` `` 13006
1191 2 1 1 1 1 1 1 1 1 1 1 1 1 `變异的魔力扭轉書` `` 13006
1192 1 1 1 1 1 1 1 1 1 1 1 1 1 `新手睡眠恢复劑` `` 13006
1193 1 1 1 1 1 1 1 1 1 1 1 1 15 `一般睡眠恢复劑` `` 13006
1194 1 1 1 1 1 1 1 1 1 1 1 1 35 `專家睡眠恢复劑` `` 13006
1201 1 1 1 1 1 1 1 1 1 1 1 1 1 `增加公會經驗值的書 2` `` 13006
1199 1 1 1 1 1 1 1 1 1 1 1 1 1 `金幣袋` `` 13006
1202 1 1 1 1 1 1 1 1 1 1 1 1 1 `增加公會經驗值的書 3` `` 13006
896 2 1 1 1 1 1 1 1 1 1 1 1 1 `封印之鎖` `` 13001
1229 2 1 1 1 1 1 1 1 1 1 1 1 1 `勇者裝備改造券 (低級)` `` 13006
1230 2 1 1 1 1 1 1 1 1 1 1 1 1 `勇者裝備改造券 (高級)` `` 13006
1233 1 1 1 1 1 1 1 1 1 1 1 1 60 `海賊的儲備糧食` `` 13006
1235 1 1 1 1 1 1 1 1 1 1 1 1 60 `皇都軍的面包` `` 13006
1234 1 1 1 1 1 1 1 1 1 1 1 1 60 `皇都軍的軍用水桶` `` 13006
1236 1 1 1 1 1 1 1 1 1 1 1 1 65 `魷魚` `` 13006
1237 1 1 1 1 1 1 1 1 1 1 1 1 65 `蝦` `` 13006
1239 1 1 1 1 1 1 1 1 1 1 1 1 60 `暗精靈的解除睡眠藥劑` `` 13006
1240 1 1 1 1 1 1 1 1 1 1 1 1 60 `暗精靈的解除中毒藥劑` `` 13006
1241 1 1 1 1 1 1 1 1 1 1 1 1 60 `暗精靈的解除混亂藥劑` `` 13006
1249 1 1 1 1 1 1 1 1 1 1 1 1 65 `神圣水晶` `` 13006
1251 2 1 1 1 1 1 1 1 1 1 1 1 1 `精制的裝備合成器` `` 13006
1250 1 1 1 1 1 1 1 1 1 1 1 1 65 `惡靈的气息` `` 13006
1284 2 1 1 1 1 1 1 1 1 1 1 1 1 `變异的扭轉書` `` 13006
1285 2 1 1 1 1 1 1 1 1 1 1 1 39 `變异的扭轉書  設計圖` `` 13001
1287 2 1 1 1 1 1 1 1 1 1 1 1 39 `純淨的增幅書  設計圖` `` 13001
1286 2 1 1 1 1 1 1 1 1 1 1 1 1 `純淨的增幅書` `` 13006
1297 1 1 1 1 1 1 1 1 1 1 1 1 3 `艾麗西婭的精靈藥劑` `` 13006
1298 1 1 1 1 1 1 1 1 1 1 1 1 1 `超速膠囊` `` 13006
2051 1 1 1 1 1 1 1 1 1 1 1 1 1 `黃色徽章` `` 13006
2050 1 1 1 1 1 1 1 1 1 1 1 1 1 `紅色徽章` `` 13006
2052 1 1 1 1 1 1 1 1 1 1 1 1 1 `綠色徽章` `` 13006
2053 1 1 1 1 1 1 1 1 1 1 1 1 1 `藍色徽章` `` 13006
2054 1 1 1 1 1 1 1 1 1 1 1 1 1 `白金徽章` `` 13006
2055 1 1 1 1 1 1 1 1 1 1 1 1 1 `紅黃徽章` `` 13006
2057 1 1 1 1 1 1 1 1 1 1 1 1 1 `彩色徽章` `` 13006
2056 1 1 1 1 1 1 1 1 1 1 1 1 1 `紅黃綠徽章` `` 13006
2062 1 1 1 1 1 1 1 1 1 1 1 1 1 `黃色徽章 3` `` 13006
2061 1 1 1 1 1 1 1 1 1 1 1 1 1 `黃色徽章 2` `` 13006
2060 1 1 1 1 1 1 1 1 1 1 1 1 1 `紅色徽章 3` `` 13006
2059 1 1 1 1 1 1 1 1 1 1 1 1 1 `紅色徽章 2` `` 13006
2063 1 1 1 1 1 1 1 1 1 1 1 1 1 `綠色徽章 2` `` 13006
2064 1 1 1 1 1 1 1 1 1 1 1 1 1 `綠色徽章 3` `` 13006
2065 1 1 1 1 1 1 1 1 1 1 1 1 1 `藍色徽章 2` `` 13006
2066 1 1 1 1 1 1 1 1 1 1 1 1 1 `藍色徽章 3` `` 13006
3012 0 1 1 1 1 1 1 1 1 1 1 1 1 `貓妖腳爪` `` 13002
3015 0 1 1 1 1 1 1 1 1 1 1 1 1 `哥布林手骨` `` 13002
3016 1 1 1 1 1 1 1 1 1 1 1 1 1 `魔法師的血液` `` 13002
3017 0 1 1 1 1 1 1 1 1 1 1 1 1 `蒔芽樹枝` `` 13002
3019 1 1 1 1 1 1 1 1 1 1 1 1 1 `紫瑪瑙` `` 13002
3018 0 1 1 1 1 1 1 1 1 1 1 1 1 `車前草` `` 13002
3022 1 1 1 1 1 1 1 1 1 1 1 1 1 `海藍寶石` `` 13002
3021 1 1 1 1 1 1 1 1 1 1 1 1 1 `血滴石` `` 13002
3023 1 1 1 1 1 1 1 1 1 1 1 1 1 `金剛石` `` 13002
3020 1 1 1 1 1 1 1 1 1 1 1 1 1 `黑曜石` `` 13002
3024 0 1 1 1 1 1 1 1 1 1 1 1 1 `夾具` `` 13002
3025 0 1 1 1 1 1 1 1 1 1 1 1 1 `旋轉磨石` `` 13002
3026 0 1 1 1 1 1 1 1 1 1 1 1 1 `縫衣針` `` 13002
3027 1 1 1 1 1 1 1 1 1 1 1 1 1 `生鏽的鐵片` `` 13002
3028 1 1 1 1 1 1 1 1 1 1 1 1 1 `破舊的皮革` `` 13002
3029 0 1 1 1 1 1 1 1 1 1 1 1 1 `哥布林毛皮` `` 13002
3030 1 1 1 1 1 1 1 1 1 1 1 1 1 `碎布片` `` 13002
3031 2 1 1 1 1 1 1 1 1 1 1 1 1 `銀錠` `` 13002
3032 2 1 1 1 1 1 1 1 1 1 1 1 1 `法羅灣的珍珠` `` 13002
3033 1 1 1 1 1 1 1 1 1 1 1 1 1 `黑色小晶塊` `` 13002
3034 1 1 1 1 1 1 1 1 1 1 1 1 1 `白色小晶塊` `` 13002
3035 1 1 1 1 1 1 1 1 1 1 1 1 1 `紅色小晶塊` `` 13002
3036 1 1 1 1 1 1 1 1 1 1 1 1 1 `藍色小晶塊` `` 13002
3037 1 1 1 1 1 1 1 1 1 1 1 1 1 `無色小晶塊` `` 13002
3039 2 1 1 1 1 1 1 1 1 1 1 1 1 `白色大晶体` `` 13002
3038 2 1 1 1 1 1 1 1 1 1 1 1 1 `黑色大晶体` `` 13002
3040 2 1 1 1 1 1 1 1 1 1 1 1 1 `紅色大晶体` `` 13002
3042 2 1 1 1 1 1 1 1 1 1 1 1 1 `無色大晶体` `` 13002
3041 2 1 1 1 1 1 1 1 1 1 1 1 1 `藍色大晶体` `` 13002
3043 2 1 1 1 1 1 1 1 1 1 1 1 1 `黑蓮` `` 13002
3044 2 1 1 1 1 1 1 1 1 1 1 1 1 `星彩石 - 射手座` `` 13002
3045 2 1 1 1 1 1 1 1 1 1 1 1 1 `星彩石 - 雙魚座` `` 13002
3046 2 1 1 1 1 1 1 1 1 1 1 1 1 `德利拉的教誨 : 戰斗` `` 13002
3047 2 1 1 1 1 1 1 1 1 1 1 1 1 `林納斯的火爐使用券` `` 13002
3048 0 1 1 1 1 1 1 1 1 1 1 1 1 `空藥水瓶` `` 13002
3050 1 1 1 1 1 1 1 1 1 1 1 1 1 `克爾頓的印章` `` 13002
3051 1 1 1 1 1 1 1 1 1 1 1 1 1 `斯卡迪女王的印章` `` 13002
3049 0 1 1 1 1 1 1 1 1 1 1 1 1 `膠水` `` 13002
3052 1 1 1 1 1 1 1 1 1 1 1 1 1 `赫侖皇帝的印章` `` 13002
3053 1 1 1 1 1 1 1 1 1 1 1 1 1 `撒勒的印章` `` 13002
3054 1 1 1 1 1 1 1 1 1 1 1 1 1 `骸麒的指甲` `` 13002
3055 0 1 1 1 1 1 1 1 1 1 1 1 1 `空藥劑瓶` `` 13002
3057 2 1 1 1 1 1 1 1 1 1 1 1 1 `德利拉的教誨 : 決斗` `` 13002
3056 2 1 1 1 1 1 1 1 1 1 1 1 1 `金錠` `` 13002
3058 2 1 1 1 1 1 1 1 1 1 1 1 1 `德利拉的教誨 : 移動` `` 13002
3059 2 1 1 1 1 1 1 1 1 1 1 1 1 `德利拉的教誨 : 組隊` `` 13002
3060 2 1 1 1 1 1 1 1 1 1 1 1 1 `林納斯的教誨 : 合成` `` 13002
3062 0 1 1 1 1 1 1 1 1 1 1 1 1 `煤塵` `` 13002
3065 1 1 1 1 1 1 1 1 1 1 1 1 1 `凱諾的毛皮` `` 13002
3063 0 1 1 1 1 1 1 1 1 1 1 1 1 `冷卻水` `` 13002
3064 0 1 1 1 1 1 1 1 1 1 1 1 1 `十夫長的標記` `` 13002
3067 1 1 1 1 1 1 1 1 1 1 1 1 1 `螢光貓妖的骨粉` `` 13002
3066 1 1 1 1 1 1 1 1 1 1 1 1 1 `哥布林胡須` `` 13002
3068 1 1 1 1 1 1 1 1 1 1 1 1 1 `被詛咒的前齒` `` 13002
3069 1 1 1 1 1 1 1 1 1 1 1 1 1 `毒貓王的毒牙` `` 13002
3070 1 1 1 1 1 1 1 1 1 1 1 1 1 `牛頭怪的毛發` `` 13002
3071 1 1 1 1 1 1 1 1 1 1 1 1 1 `牛頭怪的硬角` `` 13002
3074 1 1 1 1 1 1 1 1 1 1 1 1 1 `清涼的羅荊果` `` 13002
3076 3 1 1 1 1 1 1 1 1 1 1 1 1 `索西雅的香水` `` 13002
3075 1 1 1 1 1 1 1 1 1 1 1 1 1 `熟透的山葡萄` `` 13002
3089 0 1 1 1 1 1 1 1 1 1 1 1 1 `下級袖珍罐碎片` `` 13002
3092 0 1 1 1 1 1 1 1 1 1 1 1 1 `极品袖珍罐碎片` `` 13002
3091 0 1 1 1 1 1 1 1 1 1 1 1 1 `上級袖珍罐碎片` `` 13002
3093 3 1 1 1 1 1 1 1 1 1 1 1 1 `赫頓瑪爾地圖` `` 13002
3090 0 1 1 1 1 1 1 1 1 1 1 1 1 `中級袖珍罐碎片` `` 13002
3108 1 1 1 1 1 1 1 1 1 1 1 1 1 `堅韌的触須` `` 13002
3109 1 1 1 1 1 1 1 1 1 1 1 1 1 `破損的刀刃` `` 13002
3113 1 1 1 1 1 1 1 1 1 1 1 1 1 `藤蔓根莖` `` 13002
3111 1 1 1 1 1 1 1 1 1 1 1 1 1 `鋒利的尖刺` `` 13002
3110 1 1 1 1 1 1 1 1 1 1 1 1 1 `信徒的頭巾` `` 13002
3112 1 1 1 1 1 1 1 1 1 1 1 1 1 `龍頭炮的炮身` `` 13002
3115 1 1 1 1 1 1 1 1 1 1 1 1 1 `耀眼的結晶` `` 13002
3114 1 1 1 1 1 1 1 1 1 1 1 1 1 `邪惡的結晶` `` 13002
3117 0 1 1 1 1 1 1 1 1 1 1 1 1 `次品芯片` `` 13002
3118 0 1 1 1 1 1 1 1 1 1 1 1 1 `小型鑽石` `` 13002
3116 0 1 1 1 1 1 1 1 1 1 1 1 1 `黑硬的物質` `` 13002
3119 0 1 1 1 1 1 1 1 1 1 1 1 1 `平行之核No.486` `` 13002
3120 1 1 1 1 1 1 1 1 1 1 1 1 1 `黑色的龍皮` `` 13002
3121 1 1 1 1 1 1 1 1 1 1 1 1 1 `燃燒的龍鱗` `` 13002
3122 1 1 1 1 1 1 1 1 1 1 1 1 1 `圣痕絲綢` `` 13002
3123 1 1 1 1 1 1 1 1 1 1 1 1 1 `尖晶石` `` 13002
3124 1 1 1 1 1 1 1 1 1 1 1 1 1 `螢石` `` 13002
3125 1 1 1 1 1 1 1 1 1 1 1 1 1 `鋯石` `` 13002
3126 1 1 1 1 1 1 1 1 1 1 1 1 1 `堅固的岩石` `` 13002
3127 1 1 1 1 1 1 1 1 1 1 1 1 1 `硝化甘油` `` 13002
3128 1 1 1 1 1 1 1 1 1 1 1 1 1 `龍人之眼` `` 13002
3130 1 1 1 1 1 1 1 1 1 1 1 1 1 `幻覺草种子` `` 13002
3131 1 1 1 1 1 1 1 1 1 1 1 1 1 `夜叉的聲帶` `` 13002
3132 1 1 1 1 1 1 1 1 1 1 1 1 1 `羅丁的种子` `` 13002
3134 1 1 1 1 1 1 1 1 1 1 1 1 1 `粗糙的布片` `` 13002
3135 1 1 1 1 1 1 1 1 1 1 1 1 1 `普通布片` `` 13002
3136 1 1 1 1 1 1 1 1 1 1 1 1 1 `厚絨布片` `` 13002
3137 1 1 1 1 1 1 1 1 1 1 1 1 1 `高級布片` `` 13002
3138 1 1 1 1 1 1 1 1 1 1 1 1 1 `輕薄的皮革` `` 13002
3139 1 1 1 1 1 1 1 1 1 1 1 1 1 `普通皮革` `` 13002
3140 1 1 1 1 1 1 1 1 1 1 1 1 1 `厚重的皮革` `` 13002
3141 1 1 1 1 1 1 1 1 1 1 1 1 1 `上等皮革` `` 13002
3142 1 1 1 1 1 1 1 1 1 1 1 1 1 `風化的碎骨` `` 13002
3143 1 1 1 1 1 1 1 1 1 1 1 1 1 `加工過的碎骨` `` 13002
3144 1 1 1 1 1 1 1 1 1 1 1 1 1 `普通碎骨` `` 13002
3145 1 1 1 1 1 1 1 1 1 1 1 1 1 `粗重的碎骨` `` 13002
3148 1 1 1 1 1 1 1 1 1 1 1 1 1 `普通鐵片` `` 13002
3147 1 1 1 1 1 1 1 1 1 1 1 1 1 `偏軟的鐵片` `` 13002
3146 1 1 1 1 1 1 1 1 1 1 1 1 1 `上等碎骨` `` 13002
3151 1 1 1 1 1 1 1 1 1 1 1 1 1 `最下級硬化劑` `` 13002
3150 1 1 1 1 1 1 1 1 1 1 1 1 1 `鋼鐵片` `` 13002
3149 1 1 1 1 1 1 1 1 1 1 1 1 1 `堅硬的鐵片` `` 13002
3152 1 1 1 1 1 1 1 1 1 1 1 1 1 `下級硬化劑` `` 13002
3153 1 1 1 1 1 1 1 1 1 1 1 1 1 `中級硬化劑` `` 13002
3154 1 1 1 1 1 1 1 1 1 1 1 1 1 `上級硬化劑` `` 13002
3155 1 1 1 1 1 1 1 1 1 1 1 1 1 `特級硬化劑` `` 13002
3156 1 1 1 1 1 1 1 1 1 1 1 1 1 `最下級砥石` `` 13002
3157 1 1 1 1 1 1 1 1 1 1 1 1 1 `下級砥石` `` 13002
3158 1 1 1 1 1 1 1 1 1 1 1 1 1 `中級砥石` `` 13002
3159 1 1 1 1 1 1 1 1 1 1 1 1 1 `上級砥石` `` 13002
3160 1 1 1 1 1 1 1 1 1 1 1 1 1 `特級砥石` `` 13002
3166 2 1 1 1 1 1 1 1 1 1 1 1 1 `下級元素結晶` `` 13002
3165 1 1 1 1 1 1 1 1 1 1 1 1 1 `五彩晶体` `` 13002
3167 3 1 1 1 1 1 1 1 1 1 1 1 1 `上級元素結晶` `` 13002
3169 2 1 1 1 1 1 1 1 1 1 1 1 1 `冰晶石` `` 13002
3168 2 1 1 1 1 1 1 1 1 1 1 1 1 `火焰石` `` 13002
3170 1 1 1 1 1 1 1 1 1 1 1 1 1 `無重力碎片` `` 13002
3171 1 1 1 1 1 1 1 1 1 1 1 1 1 `爐岩炭` `` 13002
3172 2 1 1 1 1 1 1 1 1 1 1 1 1 `閃光石` `` 13002
3173 2 1 1 1 1 1 1 1 1 1 1 1 1 `暗影石` `` 13002
3174 2 1 1 1 1 1 1 1 1 1 1 1 1 `透明石` `` 13002
3176 1 1 1 1 1 1 1 1 1 1 1 1 1 `魔法師琳恩的印章` `` 13002
3181 2 1 1 1 1 1 1 1 1 1 1 1 1 `炎之內核` `` 13002
3179 2 1 1 1 1 1 1 1 1 1 1 1 1 `守護之印記` `` 13002
3180 2 1 1 1 1 1 1 1 1 1 1 1 1 `冰之水晶` `` 13002
3177 1 1 1 1 1 1 1 1 1 1 1 1 1 `靈魂碎片` `` 13002
3178 2 1 1 1 1 1 1 1 1 1 1 1 1 `風之流動` `` 13002
3182 2 1 1 1 1 1 1 1 1 1 1 1 1 `光之心臟` `` 13002
3184 1 1 1 1 1 1 1 1 1 1 1 1 1 `希望种子` `` 13002
3183 1 1 1 1 1 1 1 1 1 1 1 1 1 `格林賽羅斯的果核` `` 13002
3185 2 1 1 1 1 1 1 1 1 1 1 1 1 `黃金种子` `` 13002
3186 3 1 1 1 1 1 1 1 1 1 1 1 1 `波羅丁的印章` `` 13002
3190 1 1 1 1 1 1 1 1 1 1 1 1 1 `單身節‘A’` `` 13002
3188 1 1 1 1 1 1 1 1 1 1 1 1 1 `單身節‘B’` `` 13002
3189 1 1 1 1 1 1 1 1 1 1 1 1 1 `單身節‘L’` `` 13002
3187 2 1 1 1 1 1 1 1 1 1 1 1 1 `靈魂晶石` `` 13002
3191 1 1 1 1 1 1 1 1 1 1 1 1 1 `單身節‘C’` `` 13002
3192 1 1 1 1 1 1 1 1 1 1 1 1 1 `單身節‘K’` `` 13002
3194 1 1 1 1 1 1 1 1 1 1 1 1 1 `單身節‘Y’` `` 13002
3193 1 1 1 1 1 1 1 1 1 1 1 1 1 `單身節‘D’` `` 13002
3197 1 1 1 1 1 1 1 1 1 1 1 1 1 `黃色气球` `` 13002
3198 1 1 1 1 1 1 1 1 1 1 1 1 1 `綠色气球` `` 13002
3196 1 1 1 1 1 1 1 1 1 1 1 1 1 `橙色气球` `` 13002
3195 1 1 1 1 1 1 1 1 1 1 1 1 1 `紅色气球` `` 13002
3199 1 1 1 1 1 1 1 1 1 1 1 1 1 `藍色气球` `` 13002
3200 1 1 1 1 1 1 1 1 1 1 1 1 1 `深藍色气球` `` 13002
3201 1 1 1 1 1 1 1 1 1 1 1 1 1 `紫色气球` `` 13002
3203 1 1 1 1 1 1 1 1 1 1 1 1 1 `被污染的蜘蛛腿` `` 13002
3205 1 1 1 1 1 1 1 1 1 1 1 1 1 `泰拉石` `` 13002
3206 1 1 1 1 1 1 1 1 1 1 1 1 1 `博肯人偶` `` 13002
3208 1 1 1 1 1 1 1 1 1 1 1 1 1 `吸靈碎片` `` 13002
3210 1 1 1 1 1 1 1 1 1 1 1 1 1 `邪念体` `` 13002
3212 1 1 1 1 1 1 1 1 1 1 1 1 1 `雪虎的毛皮` `` 13002
3211 1 1 1 1 1 1 1 1 1 1 1 1 1 `鋒利的狼牙` `` 13002
3216 1 1 1 1 1 1 1 1 1 1 1 1 1 `宇宙之眼` `` 13002
3217 1 1 1 1 1 1 1 1 1 1 1 1 1 `王之石像碎塊` `` 13002
3218 1 1 1 1 1 1 1 1 1 1 1 1 1 `瘋狂盜賊的口罩` `` 13002
3222 1 1 1 1 1 1 1 1 1 1 1 1 1 `(舊) 來自异界的怨恨` `` 13002
3221 2 1 1 1 1 1 1 1 1 1 1 1 1 `災難的征兆` `` 13002
3227 1 1 1 1 1 1 1 1 1 1 1 1 1 `魔力溶解劑` `` 13006
3229 2 1 1 1 1 1 1 1 1 1 1 1 1 `混沌魔石碎片` `` 13002
3230 1 1 1 1 1 1 1 1 1 1 1 1 1 `垃圾桶蓋` `` 13002
3236 1 1 1 1 1 1 1 1 1 1 1 1 1 `濃縮的能量球` `` 13002
1252 2 1 1 1 1 1 1 1 1 1 1 1 1 `神圣的裝備合成器` `` 13006
3235 1 1 1 1 1 1 1 1 1 1 1 1 1 `破碎的雕像碎片` `` 13002
3241 2 1 1 1 1 1 1 1 1 1 1 1 1 `光輝魔石碎片` `` 13002
3240 2 1 1 1 1 1 1 1 1 1 1 1 1 `光輝魔石` `` 13002
3242 2 1 1 1 1 1 1 1 1 1 1 1 1 `矛盾的結晶体` `` 13002
3243 2 1 1 1 1 1 1 1 1 1 1 1 1 `強烈之痕跡` `` 13002
3244 2 1 1 1 1 1 1 1 1 1 1 1 1 `濃縮的純洁之骸` `` 13002
3245 2 1 1 1 1 1 1 1 1 1 1 1 1 `濃縮的异界精髓` `` 13002
3249 2 1 1 1 1 1 1 1 1 1 1 1 1 `卡勒特干部的徽章` `` 13002
3253 1 1 1 1 1 1 1 1 1 1 1 1 1 `使徒的气息` `` 13002
3255 2 1 1 1 1 1 1 1 1 1 1 1 1 `威嚴惡魔的挑戰書` `` 13002
3254 2 1 1 1 1 1 1 1 1 1 1 1 1 `戮蠱的眼睛` `` 13002
3261 2 1 1 1 1 1 1 1 1 1 1 1 1 `name_3261` `` 13002
3262 2 1 1 1 1 1 1 1 1 1 1 1 1 `金色小晶塊` `` 13002
3263 2 1 1 1 1 1 1 1 1 1 1 1 1 `金色大晶体` `` 13002
3266 1 1 1 1 1 1 1 1 1 1 1 1 1 `粗糙的机械零件` `` 13002
3268 2 1 1 1 1 1 1 1 1 1 1 1 1 `星星碎片` `` 13002
3269 1 1 1 1 1 1 1 1 1 1 1 1 1 `柴火` `` 13002
3267 1 1 1 1 1 1 1 1 1 1 1 1 1 `卡勒特首領的徽章` `` 13002
3270 1 1 1 1 1 1 1 1 1 1 1 1 1 `碎肉塊` `` 13002
3274 1 1 1 1 1 1 1 1 1 1 1 1 1 `扳手` `` 13002
3273 1 1 1 1 1 1 1 1 1 1 1 1 1 `槍械修理工具` `` 13002
3272 1 1 1 1 1 1 1 1 1 1 1 1 1 `步槍零件` `` 13002
3271 1 1 1 1 1 1 1 1 1 1 1 1 1 `彈藥包` `` 13002
3275 1 1 1 1 1 1 1 1 1 1 1 1 1 `彩妝用品` `` 13002
3276 1 1 1 1 1 1 1 1 1 1 1 1 1 `防彈金屬碎片` `` 13002
3278 1 1 1 1 1 1 1 1 1 1 1 1 1 `神奇的夢之粉` `` 13002
3279 1 1 1 1 1 1 1 1 1 1 1 1 1 `死亡雪花` `` 13002
3283 2 1 1 1 1 1 1 1 1 1 1 1 1 `震撼惡魔的挑戰書` `` 13002
3281 2 1 1 1 1 1 1 1 1 1 1 1 1 `扭曲惡魔的挑戰書` `` 13002
3286 2 1 1 1 1 1 1 1 1 1 1 1 1 `覺醒之核` `` 13002
3294 1 1 1 1 1 1 1 1 1 1 1 1 1 `海賊團員戒指` `` 13002
3295 1 1 1 1 1 1 1 1 1 1 1 1 1 `副船長的戒指` `` 13002
3298 1 1 1 1 1 1 1 1 1 1 1 1 1 `有用的零件` `` 13002
3296 1 1 1 1 1 1 1 1 1 1 1 1 1 `天界珍珠` `` 13002
3297 1 1 1 1 1 1 1 1 1 1 1 1 1 `堅硬的龜殼` `` 13002
3299 2 1 1 1 1 1 1 1 1 1 1 1 1 `虛空魔石` `` 13002
3300 2 1 1 1 1 1 1 1 1 1 1 1 1 `虛空魔石碎片` `` 13002
3301 1 1 1 1 1 1 1 1 1 1 1 1 1 `紅色鑽石` `` 13002
3303 2 1 1 1 1 1 1 1 1 1 1 1 1 `英雄的宿命` `` 13002
3305 2 1 1 1 1 1 1 1 1 1 1 1 1 `污穢之血` `` 13002
3304 2 1 1 1 1 1 1 1 1 1 1 1 1 `惡靈的密語` `` 13002
3306 3 1 1 1 1 1 1 1 1 1 1 1 1 `狄瑞吉之血` `` 13002
3307 2 1 1 1 1 1 1 1 1 1 1 1 1 `天界徽章` `` 13002
3308 1 1 1 1 1 1 1 1 1 1 1 1 1 `卡勒特軍用炮炮身` `` 13002
3309 2 1 1 1 1 1 1 1 1 1 1 1 1 `卡勒特指令書` `` 13002
3310 1 1 1 1 1 1 1 1 1 1 1 1 1 `障礙物殘骸` `` 13002
3323 2 1 1 1 1 1 1 1 1 1 1 1 1 `華麗的曲玉` `` 13002
3325 2 1 1 1 1 1 1 1 1 1 1 1 1 `卡勒特指揮部的徽章` `` 13002
3329 2 1 1 1 1 1 1 1 1 1 1 1 1 `普通的曲玉` `` 13002
3331 2 1 1 1 1 1 1 1 1 1 1 1 1 `深淵派對挑戰書` `` 13002
3333 1 1 1 1 1 1 1 1 1 1 1 1 1 `迷幻晶石` `` 13002
3332 2 1 1 1 1 1 1 1 1 1 1 1 1 `無盡的永恒` `` 13002
3335 3 1 1 1 1 1 1 1 1 1 1 1 1 `司令官的軍銜徽章` `` 13002
3334 2 1 1 1 1 1 1 1 1 1 1 1 1 `卡勒特軍需品 卡片` `` 13002
3340 2 1 1 1 1 1 1 1 1 1 1 1 1 `金幣` `` 13002
3341 2 1 1 1 1 1 1 1 1 1 1 1 1 `魔戈多紐` `` 13002
3601 3 1 1 1 1 1 1 1 1 1 1 1 1 `長腳羅特斯  卡片` `` 33003
3602 3 1 1 1 1 1 1 1 1 1 1 1 1 `邪龍斯皮茲頭部  卡片` `` 33003
3600 3 1 1 1 1 1 1 1 1 1 1 1 1 `光之城主賽格哈特  卡片` `` 33003
3603 3 1 1 1 1 1 1 1 1 1 1 1 1 `魔笛使者皮特  卡片` `` 33003
3604 2 1 1 1 1 1 1 1 1 1 1 1 1 `烈焰彼諾修  卡片` `` 33003
3605 2 1 1 1 1 1 1 1 1 1 1 1 1 `黃金巨人普拉塔尼  卡片` `` 33003
3606 2 1 1 1 1 1 1 1 1 1 1 1 1 `巨樹守護者羅丁  卡片` `` 33003
3608 2 1 1 1 1 1 1 1 1 1 1 1 1 `冰齒沙凡特  卡片` `` 33003
3607 2 1 1 1 1 1 1 1 1 1 1 1 1 `怨恨之摩根  卡片` `` 33003
3609 2 1 1 1 1 1 1 1 1 1 1 1 1 `犬人哈多  卡片` `` 33003
3610 1 1 1 1 1 1 1 1 1 1 1 1 1 `十夫長  卡片` `` 33003
3611 1 1 1 1 1 1 1 1 1 1 1 1 1 `牛頭巨獸  卡片` `` 33003
3612 1 1 1 1 1 1 1 1 1 1 1 1 1 `岩石人偶師  卡片` `` 33003
3613 1 1 1 1 1 1 1 1 1 1 1 1 1 `夜視鏡卡格  卡片` `` 33003
3614 1 1 1 1 1 1 1 1 1 1 1 1 1 `GBL教神官  卡片` `` 33003
3615 1 1 1 1 1 1 1 1 1 1 1 1 1 `火焰龍頭炮  卡片` `` 33003
3617 1 1 1 1 1 1 1 1 1 1 1 1 1 `班圖女戰士  卡片` `` 33003
3618 1 1 1 1 1 1 1 1 1 1 1 1 1 `瘋狂盜匪  卡片` `` 33003
3619 0 1 1 1 1 1 1 1 1 1 1 1 1 `青哥布林  卡片` `` 33003
3616 1 1 1 1 1 1 1 1 1 1 1 1 1 `吞靈者  卡片` `` 33003
3620 0 1 1 1 1 1 1 1 1 1 1 1 1 `貓妖  卡片` `` 33003
3621 0 1 1 1 1 1 1 1 1 1 1 1 1 `牛頭護衛  卡片` `` 33003
3622 0 1 1 1 1 1 1 1 1 1 1 1 1 `龍人  卡片` `` 33003
3623 0 1 1 1 1 1 1 1 1 1 1 1 1 `爆彈卡格  卡片` `` 33003
3625 0 1 1 1 1 1 1 1 1 1 1 1 1 `夜叉  卡片` `` 33003
3624 0 1 1 1 1 1 1 1 1 1 1 1 1 `斧之驅逐者  卡片` `` 33003
3626 0 1 1 1 1 1 1 1 1 1 1 1 1 `GBL教信徒  卡片` `` 33003
3627 0 1 1 1 1 1 1 1 1 1 1 1 1 `章魚怪  卡片` `` 33003
3628 0 1 1 1 1 1 1 1 1 1 1 1 1 `蜘蛛  卡片` `` 33003
3629 0 1 1 1 1 1 1 1 1 1 1 1 1 `暗精靈護衛  卡片` `` 33003
3630 0 1 1 1 1 1 1 1 1 1 1 1 1 `摩震的獵犬  卡片` `` 33003
3631 0 1 1 1 1 1 1 1 1 1 1 1 1 `麥特鼠  卡片` `` 33003
3632 0 1 1 1 1 1 1 1 1 1 1 1 1 `斯馬特鼠  卡片` `` 33003
3633 0 1 1 1 1 1 1 1 1 1 1 1 1 `飢餓僵尸  卡片` `` 33003
3634 0 1 1 1 1 1 1 1 1 1 1 1 1 `翼龍  卡片` `` 33003
3635 0 1 1 1 1 1 1 1 1 1 1 1 1 `瑟冥特克  卡片` `` 33003
3636 1 1 1 1 1 1 1 1 1 1 1 1 1 `骸骨投擲兵  卡片` `` 33003
3637 2 1 1 1 1 1 1 1 1 1 1 1 1 `光之沃德咯斯  卡片` `` 33003
3638 0 1 1 1 1 1 1 1 1 1 1 1 1 `EX多尼爾  卡片` `` 33003
3639 0 1 1 1 1 1 1 1 1 1 1 1 1 `巨型黑章魚  卡片` `` 33003
3640 0 1 1 1 1 1 1 1 1 1 1 1 1 `審判者馬塞爾  卡片` `` 33003
3641 0 1 1 1 1 1 1 1 1 1 1 1 1 `雪崩拉比納  卡片` `` 33003
3642 0 1 1 1 1 1 1 1 1 1 1 1 1 `魔女莉斯  卡片` `` 33003
3643 0 1 1 1 1 1 1 1 1 1 1 1 1 `歌利亞  卡片` `` 33003
3644 0 1 1 1 1 1 1 1 1 1 1 1 1 `GBL巨像  卡片` `` 33003
3645 0 1 1 1 1 1 1 1 1 1 1 1 1 `羅特斯的卵  卡片` `` 33003
3646 0 1 1 1 1 1 1 1 1 1 1 1 1 `毒葡萄艾米迪  卡片` `` 33003
3647 0 1 1 1 1 1 1 1 1 1 1 1 1 `老鼠商人洛克沙  卡片` `` 33003
3648 0 1 1 1 1 1 1 1 1 1 1 1 1 `詭异的書架  卡片` `` 33003
3649 0 1 1 1 1 1 1 1 1 1 1 1 1 `奈普‧克拉斯  卡片` `` 33003
3650 0 1 1 1 1 1 1 1 1 1 1 1 1 `輔修師斯佩特  卡片` `` 33003
3651 1 1 1 1 1 1 1 1 1 1 1 1 1 `艾克洛索  卡片` `` 33003
3652 1 1 1 1 1 1 1 1 1 1 1 1 1 `寒冰巨人利庫  卡片` `` 33003
3653 1 1 1 1 1 1 1 1 1 1 1 1 1 `泰坦  卡片` `` 33003
3654 1 1 1 1 1 1 1 1 1 1 1 1 1 `塞斯奇  卡片` `` 33003
3655 1 1 1 1 1 1 1 1 1 1 1 1 1 `萊里特‧拉里  卡片` `` 33003
3656 1 1 1 1 1 1 1 1 1 1 1 1 1 `希特拉克  卡片` `` 33003
3657 1 1 1 1 1 1 1 1 1 1 1 1 1 `伊沙杜拉  卡片` `` 33003
3658 1 1 1 1 1 1 1 1 1 1 1 1 1 `炎之古拉德  卡片` `` 33003
3659 1 1 1 1 1 1 1 1 1 1 1 1 1 `倔強的哈尼克  卡片` `` 33003
3660 1 1 1 1 1 1 1 1 1 1 1 1 1 `沉默的亨普利  卡片` `` 33003
3661 1 1 1 1 1 1 1 1 1 1 1 1 1 `漫游者麥吉  卡片` `` 33003
3662 1 1 1 1 1 1 1 1 1 1 1 1 1 `北极風納斯拉  卡片` `` 33003
3663 1 1 1 1 1 1 1 1 1 1 1 1 1 `前鋒衛隊長波西克  卡片` `` 33003
3664 2 1 1 1 1 1 1 1 1 1 1 1 1 `冰雪女王洛絲 卡片` `` 33003
3665 2 1 1 1 1 1 1 1 1 1 1 1 1 `范哲利斯  卡片` `` 33003
3666 2 1 1 1 1 1 1 1 1 1 1 1 1 `犬使摩震  卡片` `` 33003
3667 2 1 1 1 1 1 1 1 1 1 1 1 1 `牛頭統帥  卡片` `` 33003
3668 2 1 1 1 1 1 1 1 1 1 1 1 1 `火箭俠  卡片` `` 33003
3669 2 1 1 1 1 1 1 1 1 1 1 1 1 `魔雷者麥瑟‧莫納亨  卡片` `` 33003
3670 2 1 1 1 1 1 1 1 1 1 1 1 1 `骷髏凱恩  卡片` `` 33003
3672 2 1 1 1 1 1 1 1 1 1 1 1 1 `狂亂的偽裝者  卡片` `` 33003
3671 2 1 1 1 1 1 1 1 1 1 1 1 1 `縱火犯本汀克  卡片` `` 33003
3673 2 1 1 1 1 1 1 1 1 1 1 1 1 `机動隊長蘇雷德  卡片` `` 33003
3674 2 1 1 1 1 1 1 1 1 1 1 1 1 `莫格尼斯  卡片` `` 33003
3675 2 1 1 1 1 1 1 1 1 1 1 1 1 `比特‧伯斯提  卡片` `` 33003
3676 2 1 1 1 1 1 1 1 1 1 1 1 1 `守護者沃利  卡片` `` 33003
3677 3 1 1 1 1 1 1 1 1 1 1 1 1 `布万加  卡片` `` 33003
3678 3 1 1 1 1 1 1 1 1 1 1 1 1 `錘王波羅丁  卡片` `` 33003
3679 3 1 1 1 1 1 1 1 1 1 1 1 1 `牛頭械王  卡片` `` 33003
3680 3 1 1 1 1 1 1 1 1 1 1 1 1 `無頭騎士  卡片` `` 33003
3681 3 1 1 1 1 1 1 1 1 1 1 1 1 `虫王戮蠱  卡片` `` 33003
3682 3 1 1 1 1 1 1 1 1 1 1 1 1 `魔劍阿波菲斯  卡片` `` 33003
3683 3 1 1 1 1 1 1 1 1 1 1 1 1 `冰龍斯卡薩  卡片` `` 33003
3684 3 1 1 1 1 1 1 1 1 1 1 1 1 `狄瑞吉的幻影  卡片` `` 33003
3685 3 1 1 1 1 1 1 1 1 1 1 1 1 `暴戾搜捕團祭司諾比斯  卡片` `` 33003
3686 3 1 1 1 1 1 1 1 1 1 1 1 1 `GT-9600  卡片` `` 33003
3687 3 1 1 1 1 1 1 1 1 1 1 1 1 `貝里斯克  卡片` `` 33003
3688 3 1 1 1 1 1 1 1 1 1 1 1 1 `杰森‧格里克  卡片` `` 33003
3689 3 1 1 1 1 1 1 1 1 1 1 1 1 `哥布林王高格  卡片` `` 33003
3690 2 1 1 1 1 1 1 1 1 1 1 1 1 `炎貓妖  卡片` `` 33003
3691 2 1 1 1 1 1 1 1 1 1 1 1 1 `靈幻師  卡片` `` 33003
3692 2 1 1 1 1 1 1 1 1 1 1 1 1 `馴獸者伽羅華  卡片` `` 33003
3693 2 1 1 1 1 1 1 1 1 1 1 1 1 `尚武者倫茨  卡片` `` 33003
3694 2 1 1 1 1 1 1 1 1 1 1 1 1 `魔法變异者霍伊恩  卡片` `` 33003
3695 2 1 1 1 1 1 1 1 1 1 1 1 1 `怪力變异者波杰斯  卡片` `` 33003
3696 2 1 1 1 1 1 1 1 1 1 1 1 1 `幻影變异者歐克瑟  卡片` `` 33003
3697 0 1 1 1 1 1 1 1 1 1 1 1 1 `史萊姆王 卡片` `` 33003
3698 1 1 1 1 1 1 1 1 1 1 1 1 1 `地獄哥布林直升机 卡片` `` 33003
3699 2 1 1 1 1 1 1 1 1 1 1 1 1 `卡姆拉 卡片` `` 33003
3700 2 1 1 1 1 1 1 1 1 1 1 1 1 `澤忒斯 卡片` `` 33003
3701 3 1 1 1 1 1 1 1 1 1 1 1 1 `阿加雷斯 卡片` `` 33003
3702 0 1 1 1 1 1 1 1 1 1 1 1 1 `魯斯歐拉  卡片` `` 33003
3703 0 1 1 1 1 1 1 1 1 1 1 1 1 `老中士  卡片` `` 33003
3704 1 1 1 1 1 1 1 1 1 1 1 1 1 `梅迪亞  卡片` `` 33003
3705 1 1 1 1 1 1 1 1 1 1 1 1 1 `西克特‧帕菲斯  卡片` `` 33003
3706 1 1 1 1 1 1 1 1 1 1 1 1 1 `裴特舒‧帕菲斯  卡片` `` 33003
3707 2 1 1 1 1 1 1 1 1 1 1 1 1 `UM-0 終結者  卡片` `` 33003
3708 2 1 1 1 1 1 1 1 1 1 1 1 1 `机械吉賽爾  卡片` `` 33003
3709 2 1 1 1 1 1 1 1 1 1 1 1 1 `諾絲克爾  卡片` `` 33003
3710 2 1 1 1 1 1 1 1 1 1 1 1 1 `魔女阿嘉璐  卡片` `` 33003
3711 2 1 1 1 1 1 1 1 1 1 1 1 1 `烈焰盾波迪爾  卡片` `` 33003
3712 3 1 1 1 1 1 1 1 1 1 1 1 1 `黑鱗莫貝尼  卡片` `` 33003
3713 1 1 1 1 1 1 1 1 1 1 1 1 1 `小美人魚空空伊  卡片` `` 33003
3715 2 1 1 1 1 1 1 1 1 1 1 1 1 `莎蘭  高級卡片` `` 33003
3714 1 1 1 1 1 1 1 1 1 1 1 1 1 `莎蘭  卡片` `` 33003
3716 3 1 1 1 1 1 1 1 1 1 1 1 1 `莎蘭  特級卡片` `` 33003
3717 1 1 1 1 1 1 1 1 1 1 1 1 1 `艾麗絲  卡片` `` 33003
3718 2 1 1 1 1 1 1 1 1 1 1 1 1 `艾麗絲  高級卡片` `` 33003
3719 3 1 1 1 1 1 1 1 1 1 1 1 1 `艾麗絲  特級卡片` `` 33003
3720 2 1 1 1 1 1 1 1 1 1 1 1 1 `刀疤鼠  卡片` `` 33003
3721 3 1 1 1 1 1 1 1 1 1 1 1 1 `公爵尤里斯  卡片` `` 33003
3722 3 1 1 1 1 1 1 1 1 1 1 1 1 `黑色瘟疫狄瑞吉  卡片` `` 33003
3723 2 1 1 1 1 1 1 1 1 1 1 1 1 `首領薩斯  卡片` `` 33003
3724 3 1 1 1 1 1 1 1 1 1 1 1 1 `夢幻列車長拉賓特  卡片` `` 33003
3725 3 1 1 1 1 1 1 1 1 1 1 1 1 `巨靈布魯  卡片` `` 33003
3726 2 1 1 1 1 1 1 1 1 1 1 1 1 `机械臂捷克  卡片` `` 33003
3727 2 1 1 1 1 1 1 1 1 1 1 1 1 `阿伽門農之力天使  卡片` `` 33003
3728 2 1 1 1 1 1 1 1 1 1 1 1 1 `阿伽門農之智天使  卡片` `` 33003
3729 2 1 1 1 1 1 1 1 1 1 1 1 1 `阿伽門農之大天使  卡片` `` 33003
3731 1 1 1 1 1 1 1 1 1 1 1 1 1 `德拉爾  卡片` `` 33003
3732 1 1 1 1 1 1 1 1 1 1 1 1 1 `圖盧斯族男精英戰士  卡片` `` 33003
3733 2 1 1 1 1 1 1 1 1 1 1 1 1 `藍影馬薩喬  卡片` `` 33003
3734 3 1 1 1 1 1 1 1 1 1 1 1 1 `爆龍王巴卡爾  卡片` `` 33003
3735 3 1 1 1 1 1 1 1 1 1 1 1 1 `空間支配者伽烏尼斯  卡片` `` 33003
3736 3 1 1 1 1 1 1 1 1 1 1 1 1 `混沌之奧茲瑪  卡片` `` 33003
3737 3 1 1 1 1 1 1 1 1 1 1 1 1 `圣者米歇爾  卡片` `` 33003
3745 0 1 1 1 1 1 1 1 1 1 1 1 1 `弗萊爾‧斯伯恩  卡片` `` 33003
3746 1 1 1 1 1 1 1 1 1 1 1 1 1 `樹精長老  卡片` `` 33003
3748 2 1 1 1 1 1 1 1 1 1 1 1 1 `墮落的信徒  卡片` `` 33003
3747 2 1 1 1 1 1 1 1 1 1 1 1 1 `木本植物  卡片` `` 33003
3750 1 1 1 1 1 1 1 1 1 1 1 1 1 `狙擊手艾麗格  卡片` `` 33003
3751 2 1 1 1 1 1 1 1 1 1 1 1 1 `派普‧喬  卡片` `` 33003
3753 2 1 1 1 1 1 1 1 1 1 1 1 1 `殺人狂伯納  卡片` `` 33003
3752 3 1 1 1 1 1 1 1 1 1 1 1 1 `范‧弗拉丁  卡片` `` 33003
3749 3 1 1 1 1 1 1 1 1 1 1 1 1 `墮落的阿索爾  卡片` `` 33003
3754 3 1 1 1 1 1 1 1 1 1 1 1 1 `安祖‧賽弗  卡片` `` 33003
4084 1 1 1 1 1 1 1 1 1 1 1 1 1 `燃燒的心臟` `` 13002
4328 2 1 1 1 1 1 1 1 1 1 1 1 1 `燃燒惡魔的挑戰書` `` 13002
4329 2 1 1 1 1 1 1 1 1 1 1 1 1 `藍冰惡魔的挑戰書` `` 13002
4331 2 1 1 1 1 1 1 1 1 1 1 1 1 `強韌惡魔的挑戰書` `` 13002
4330 2 1 1 1 1 1 1 1 1 1 1 1 1 `狂亂惡魔的挑戰書` `` 13002
4332 2 1 1 1 1 1 1 1 1 1 1 1 1 `灰色水晶` `` 13003
5001 1 1 1 1 1 1 1 1 1 1 1 1 5 `name_5001` `` 13006
5002 1 1 1 1 1 1 1 1 1 1 1 1 1 `name_5002` `` 13006
5003 1 1 1 1 1 1 1 1 1 1 1 1 3 `name_5003` `` 13006
5004 1 1 1 1 1 1 1 1 1 1 1 1 5 `name_5004` `` 13006
5007 1 1 1 1 1 1 1 1 1 1 1 1 1 `name_5007` `` 13006
5005 1 1 1 1 1 1 1 1 1 1 1 1 10 `name_5005` `` 13006
5006 1 1 1 1 1 1 1 1 1 1 1 1 10 `name_5006` `` 13006
5009 1 1 1 1 1 1 1 1 1 1 1 1 3 `name_5009` `` 13006
5010 1 1 1 1 1 1 1 1 1 1 1 1 1 `name_5010` `` 13006
5008 1 1 1 1 1 1 1 1 1 1 1 1 3 `name_5008` `` 13006
5011 1 1 1 1 1 1 1 1 1 1 1 1 1 `name_5011` `` 13006
5012 1 1 1 1 1 1 1 1 1 1 1 1 1 `name_5012` `` 13006
5014 1 1 1 1 1 1 1 1 1 1 1 1 1 `name_5014` `` 13006
5013 1 1 1 1 1 1 1 1 1 1 1 1 1 `name_5013` `` 13006
5015 1 1 1 1 1 1 1 1 1 1 1 1 1 `name_5015` `` 13006
5016 1 1 1 1 1 1 1 1 1 1 1 1 3 `name_5016` `` 13006
5017 1 1 1 1 1 1 1 1 1 1 1 1 3 `name_5017` `` 13006
5018 1 1 1 1 1 1 1 1 1 1 1 1 3 `name_5018` `` 13006
5019 1 1 1 1 1 1 1 1 1 1 1 1 17 `name_5019` `` 13006
5020 1 1 1 1 1 1 1 1 1 1 1 1 17 `name_5020` `` 13006
5021 1 1 1 1 1 1 1 1 1 1 1 1 17 `name_5021` `` 13006
5024 1 1 1 1 1 1 1 1 1 1 1 1 1 `name_5024` `` 13006
5025 1 1 1 1 1 1 1 1 1 1 1 1 1 `name_5025` `` 13006
5026 1 1 1 1 1 1 1 1 1 1 1 1 1 `name_5026` `` 13006
5027 1 1 1 1 1 1 1 1 1 1 1 1 1 `name_5027` `` 13006
5028 1 1 1 1 1 1 1 1 1 1 1 1 1 `name_5028` `` 13006
5029 1 1 1 1 1 1 1 1 1 1 1 1 1 `name_5029` `` 13006
5030 1 1 1 1 1 1 1 1 1 1 1 1 1 `name_5030` `` 13006
5031 1 1 1 1 1 1 1 1 1 1 1 1 1 `name_5031` `` 13006
5032 1 1 1 1 1 1 1 1 1 1 1 1 1 `name_5032` `` 13006
5033 1 1 1 1 1 1 1 1 1 1 1 1 1 `name_5033` `` 13006
5036 1 1 1 1 1 1 1 1 1 1 1 1 1 `name_5036` `` 13006
5035 1 1 1 1 1 1 1 1 1 1 1 1 1 `name_5035` `` 13006
5034 1 1 1 1 1 1 1 1 1 1 1 1 1 `name_5034` `` 13006
5037 1 1 1 1 1 1 1 1 1 1 1 1 1 `name_5037` `` 13006
5038 1 1 1 1 1 1 1 1 1 1 1 1 1 `name_5038` `` 13006
5039 1 1 1 1 1 1 1 1 1 1 1 1 1 `name_5039` `` 13006
5040 1 1 1 1 1 1 1 1 1 1 1 1 1 `name_5040` `` 13006
5041 1 1 1 1 1 1 1 1 1 1 1 1 1 `name_5041` `` 13006
5042 1 1 1 1 1 1 1 1 1 1 1 1 1 `name_5042` `` 13006
5043 1 1 1 1 1 1 1 1 1 1 1 1 1 `name_5043` `` 13006
5044 1 1 1 1 1 1 1 1 1 1 1 1 1 `name_5044` `` 13006
5045 1 1 1 1 1 1 1 1 1 1 1 1 1 `name_5045` `` 13006
5046 1 1 1 1 1 1 1 1 1 1 1 1 1 `name_5046` `` 13006
5047 1 1 1 1 1 1 1 1 1 1 1 1 1 `name_5047` `` 13006
5048 1 1 1 1 1 1 1 1 1 1 1 1 1 `name_5048` `` 13006
5049 1 1 1 1 1 1 1 1 1 1 1 1 1 `name_5049` `` 13006
5050 1 1 1 1 1 1 1 1 1 1 1 1 1 `name_5050` `` 13006
5051 1 1 1 1 1 1 1 1 1 1 1 1 1 `name_5051` `` 13006
5052 1 1 1 1 1 1 1 1 1 1 1 1 1 `name_5052` `` 13006
5053 1 1 1 1 1 1 1 1 1 1 1 1 1 `name_5053` `` 13006
5054 1 1 1 1 1 1 1 1 1 1 1 1 1 `name_5054` `` 13006
5055 1 1 1 1 1 1 1 1 1 1 1 1 1 `name_5055` `` 13006
5056 1 1 1 1 1 1 1 1 1 1 1 1 1 `name_5056` `` 13006
5092 2 1 1 1 1 1 1 1 1 1 1 1 39 `异界气息淨化書  設計圖` `` 13001
5200 2 1 1 1 1 1 1 1 1 1 1 1 21 `name_5200` `` 13006
5201 2 1 1 1 1 1 1 1 1 1 1 1 33 `name_5201` `` 13006
5205 2 1 1 1 1 1 1 1 1 1 1 1 33 `name_5205` `` 13006
5204 2 1 1 1 1 1 1 1 1 1 1 1 20 `name_5204` `` 13006
5203 2 1 1 1 1 1 1 1 1 1 1 1 21 `name_5203` `` 13006
5206 2 1 1 1 1 1 1 1 1 1 1 1 17 `name_5206` `` 13006
5202 2 1 1 1 1 1 1 1 1 1 1 1 31 `name_5202` `` 13006
5207 2 1 1 1 1 1 1 1 1 1 1 1 29 `name_5207` `` 13006
5208 2 1 1 1 1 1 1 1 1 1 1 1 19 `name_5208` `` 13006
5209 2 1 1 1 1 1 1 1 1 1 1 1 29 `name_5209` `` 13006
5250 2 1 1 1 1 1 1 1 1 1 1 1 15 `name_5250` `` 13006
5251 2 1 1 1 1 1 1 1 1 1 1 1 32 `name_5251` `` 13006
5252 2 1 1 1 1 1 1 1 1 1 1 1 17 `name_5252` `` 13006
5253 2 1 1 1 1 1 1 1 1 1 1 1 32 `name_5253` `` 13006
5254 2 1 1 1 1 1 1 1 1 1 1 1 21 `name_5254` `` 13006
5256 2 1 1 1 1 1 1 1 1 1 1 1 20 `name_5256` `` 13006
5255 2 1 1 1 1 1 1 1 1 1 1 1 33 `name_5255` `` 13006
5258 2 1 1 1 1 1 1 1 1 1 1 1 21 `name_5258` `` 13006
5257 2 1 1 1 1 1 1 1 1 1 1 1 33 `name_5257` `` 13006
5259 2 1 1 1 1 1 1 1 1 1 1 1 29 `name_5259` `` 13006
5300 2 1 1 1 1 1 1 1 1 1 1 1 14 `name_5300` `` 13006
5301 2 1 1 1 1 1 1 1 1 1 1 1 29 `name_5301` `` 13006
5302 2 1 1 1 1 1 1 1 1 1 1 1 17 `name_5302` `` 13006
5303 2 1 1 1 1 1 1 1 1 1 1 1 31 `name_5303` `` 13006
5304 2 1 1 1 1 1 1 1 1 1 1 1 18 `name_5304` `` 13006
5305 2 1 1 1 1 1 1 1 1 1 1 1 32 `name_5305` `` 13006
5306 2 1 1 1 1 1 1 1 1 1 1 1 19 `name_5306` `` 13006
5308 2 1 1 1 1 1 1 1 1 1 1 1 14 `name_5308` `` 13006
5307 2 1 1 1 1 1 1 1 1 1 1 1 30 `name_5307` `` 13006
5309 2 1 1 1 1 1 1 1 1 1 1 1 31 `name_5309` `` 13006
5500 2 1 1 1 1 1 1 1 1 1 1 1 19 `name_5500` `` 13006
5501 2 1 1 1 1 1 1 1 1 1 1 1 22 `name_5501` `` 13006
5503 2 1 1 1 1 1 1 1 1 1 1 1 33 `name_5503` `` 13006
5502 2 1 1 1 1 1 1 1 1 1 1 1 28 `name_5502` `` 13006
5507 2 1 1 1 1 1 1 1 1 1 1 1 32 `name_5507` `` 13006
5506 2 1 1 1 1 1 1 1 1 1 1 1 27 `name_5506` `` 13006
5504 2 1 1 1 1 1 1 1 1 1 1 1 15 `name_5504` `` 13006
5505 2 1 1 1 1 1 1 1 1 1 1 1 24 `name_5505` `` 13006
5511 2 1 1 1 1 1 1 1 1 1 1 1 31 `name_5511` `` 13006
5510 2 1 1 1 1 1 1 1 1 1 1 1 29 `name_5510` `` 13006
5508 2 1 1 1 1 1 1 1 1 1 1 1 17 `name_5508` `` 13006
5509 2 1 1 1 1 1 1 1 1 1 1 1 26 `name_5509` `` 13006
5512 2 1 1 1 1 1 1 1 1 1 1 1 14 `哥布林冥骨項墜  設計圖` `` 31202
5513 2 1 1 1 1 1 1 1 1 1 1 1 19 `幽冥黑蓮項墜  設計圖` `` 31202
5514 2 1 1 1 1 1 1 1 1 1 1 1 24 `牛頭巨獸的項墜  設計圖` `` 31202
5515 2 1 1 1 1 1 1 1 1 1 1 1 29 `班圖的冰晶項墜  設計圖` `` 31202
5516 2 1 1 1 1 1 1 1 1 1 1 1 34 `艾力斯的星芒項墜  設計圖` `` 31202
5517 2 1 1 1 1 1 1 1 1 1 1 1 34 `玄冰碧玉項墜  設計圖` `` 31202
5518 2 1 1 1 1 1 1 1 1 1 1 1 39 `天空之炎項墜  設計圖` `` 31202
5519 2 1 1 1 1 1 1 1 1 1 1 1 39 `貝爾瑪爾之星  設計圖` `` 31202
5520 2 1 1 1 1 1 1 1 1 1 1 1 14 `學者腕套  設計圖` `` 31204
5522 2 1 1 1 1 1 1 1 1 1 1 1 24 `墨竹手鐲  設計圖` `` 31204
5521 2 1 1 1 1 1 1 1 1 1 1 1 19 `琥珀手鐲  設計圖` `` 31204
5524 2 1 1 1 1 1 1 1 1 1 1 1 34 `毒蜥之鐲  設計圖` `` 31204
5523 2 1 1 1 1 1 1 1 1 1 1 1 29 `食人魔之鐲  設計圖` `` 31204
5525 2 1 1 1 1 1 1 1 1 1 1 1 34 `勿忘草手鐲  設計圖` `` 31204
5526 2 1 1 1 1 1 1 1 1 1 1 1 39 `蒼蟒手鐲  設計圖` `` 31204
5527 2 1 1 1 1 1 1 1 1 1 1 1 39 `玫瑰藤手鐲  設計圖` `` 31204
5528 2 1 1 1 1 1 1 1 1 1 1 1 14 `剜心指環  設計圖` `` 31203
5529 2 1 1 1 1 1 1 1 1 1 1 1 19 `幽冥黑蓮戒指  設計圖` `` 31203
5530 2 1 1 1 1 1 1 1 1 1 1 1 24 `法羅灣的珍珠戒指  設計圖` `` 31203
5531 2 1 1 1 1 1 1 1 1 1 1 1 29 `御魂之戒  設計圖` `` 31203
5532 2 1 1 1 1 1 1 1 1 1 1 1 34 `花影之戒  設計圖` `` 31203
5533 2 1 1 1 1 1 1 1 1 1 1 1 34 `藍月之戒  設計圖` `` 31203
5534 2 1 1 1 1 1 1 1 1 1 1 1 39 `血怒指環  設計圖` `` 31203
5535 2 1 1 1 1 1 1 1 1 1 1 1 39 `賢者之戒  設計圖` `` 31203
5539 2 1 1 1 1 1 1 1 1 1 1 1 45 `賢者的智慧項鏈  設計圖` `` 31202
5540 2 1 1 1 1 1 1 1 1 1 1 1 45 `敏者的榮譽項鏈  設計圖` `` 31202
5541 2 1 1 1 1 1 1 1 1 1 1 1 45 `強者的霸气項鏈  設計圖` `` 31202
5543 2 1 1 1 1 1 1 1 1 1 1 1 45 `斗者的信念項鏈  設計圖` `` 31202
5542 2 1 1 1 1 1 1 1 1 1 1 1 45 `守護者的意志項鏈  設計圖` `` 31202
5544 2 1 1 1 1 1 1 1 1 1 1 1 45 `賢者的智慧手鐲  設計圖` `` 31204
5545 2 1 1 1 1 1 1 1 1 1 1 1 45 `敏者的榮譽手鐲  設計圖` `` 31204
5546 2 1 1 1 1 1 1 1 1 1 1 1 45 `強者的霸气手鐲  設計圖` `` 31204
5551 2 1 1 1 1 1 1 1 1 1 1 1 31 `name_5551` `` 13006
5550 2 1 1 1 1 1 1 1 1 1 1 1 17 `name_5550` `` 13006
5552 2 1 1 1 1 1 1 1 1 1 1 1 17 `name_5552` `` 13006
5547 2 1 1 1 1 1 1 1 1 1 1 1 45 `守護者的意志手鐲  設計圖` `` 31204
5548 2 1 1 1 1 1 1 1 1 1 1 1 45 `斗者的信念手鐲  設計圖` `` 31204
5549 2 1 1 1 1 1 1 1 1 1 1 1 45 `賢者的智慧戒指  設計圖` `` 31203
5553 2 1 1 1 1 1 1 1 1 1 1 1 26 `name_5553` `` 13006
5554 2 1 1 1 1 1 1 1 1 1 1 1 31 `name_5554` `` 13006
5555 2 1 1 1 1 1 1 1 1 1 1 1 15 `name_5555` `` 13006
5556 2 1 1 1 1 1 1 1 1 1 1 1 29 `name_5556` `` 13006
5557 2 1 1 1 1 1 1 1 1 1 1 1 23 `name_5557` `` 13006
5558 2 1 1 1 1 1 1 1 1 1 1 1 31 `name_5558` `` 13006
5559 2 1 1 1 1 1 1 1 1 1 1 1 19 `炎麻長袍  設計圖` `` 31102
5560 2 1 1 1 1 1 1 1 1 1 1 1 24 `赫頓瑪爾貴族長袍  設計圖` `` 31102
5561 2 1 1 1 1 1 1 1 1 1 1 1 24 `悲鳴草背心  設計圖` `` 31102
5562 2 1 1 1 1 1 1 1 1 1 1 1 29 `賢者的訓練上衣  設計圖` `` 31102
5563 2 1 1 1 1 1 1 1 1 1 1 1 29 `冰凌長袍  設計圖` `` 31102
5564 2 1 1 1 1 1 1 1 1 1 1 1 34 `精靈祝福長袍  設計圖` `` 31102
5566 2 1 1 1 1 1 1 1 1 1 1 1 39 `七星長袍  設計圖` `` 31102
5565 2 1 1 1 1 1 1 1 1 1 1 1 34 `牛頭怪鬃毛背心  設計圖` `` 31102
5567 2 1 1 1 1 1 1 1 1 1 1 1 39 `青龍渡海上衣  設計圖` `` 31102
5568 2 1 1 1 1 1 1 1 1 1 1 1 39 `紫羽定魂長袍  設計圖` `` 31102
5569 2 1 1 1 1 1 1 1 1 1 1 1 19 `炎麻長褲  設計圖` `` 31102
5570 2 1 1 1 1 1 1 1 1 1 1 1 24 `赫頓瑪爾貴族綁腿  設計圖` `` 31102
5571 2 1 1 1 1 1 1 1 1 1 1 1 24 `精靈凱恩之褲  設計圖` `` 31102
5572 2 1 1 1 1 1 1 1 1 1 1 1 29 `賢者的訓練短褲  設計圖` `` 31102
5573 2 1 1 1 1 1 1 1 1 1 1 1 29 `圣神長褲  設計圖` `` 31102
5574 2 1 1 1 1 1 1 1 1 1 1 1 34 `精靈祝福綁腿  設計圖` `` 31102
5575 2 1 1 1 1 1 1 1 1 1 1 1 34 `机械師的粗布褲  設計圖` `` 31102
5576 2 1 1 1 1 1 1 1 1 1 1 1 39 `七星護腿  設計圖` `` 31102
5577 2 1 1 1 1 1 1 1 1 1 1 1 39 `青龍渡海綁腿  設計圖` `` 31102
5578 2 1 1 1 1 1 1 1 1 1 1 1 39 `紫羽定魂護腿  設計圖` `` 31102
5579 2 1 1 1 1 1 1 1 1 1 1 1 14 `炎麻護肩  設計圖` `` 31102
5580 2 1 1 1 1 1 1 1 1 1 1 1 19 `赫頓瑪爾貴族肩甲  設計圖` `` 31102
5581 2 1 1 1 1 1 1 1 1 1 1 1 19 `印紋護肩  設計圖` `` 31102
5582 2 1 1 1 1 1 1 1 1 1 1 1 24 `賢者的訓練護肩  設計圖` `` 31102
5583 2 1 1 1 1 1 1 1 1 1 1 1 24 `榮耀者肩甲  設計圖` `` 31102
5584 2 1 1 1 1 1 1 1 1 1 1 1 29 `精靈祝福斗篷  設計圖` `` 31102
5585 2 1 1 1 1 1 1 1 1 1 1 1 29 `沙狐護肩  設計圖` `` 31102
5586 2 1 1 1 1 1 1 1 1 1 1 1 34 `七星護肩  設計圖` `` 31102
5587 2 1 1 1 1 1 1 1 1 1 1 1 34 `青龍渡海護肩  設計圖` `` 31102
5588 2 1 1 1 1 1 1 1 1 1 1 1 34 `紫羽定魂護肩  設計圖` `` 31102
5589 2 1 1 1 1 1 1 1 1 1 1 1 14 `炎麻短靴  設計圖` `` 31102
5591 2 1 1 1 1 1 1 1 1 1 1 1 24 `賢者的訓練長靴  設計圖` `` 31102
5590 2 1 1 1 1 1 1 1 1 1 1 1 19 `赫頓瑪爾貴族短靴  設計圖` `` 31102
5592 2 1 1 1 1 1 1 1 1 1 1 1 29 `精靈祝福短靴  設計圖` `` 31102
5593 2 1 1 1 1 1 1 1 1 1 1 1 34 `七星短靴  設計圖` `` 31102
5595 2 1 1 1 1 1 1 1 1 1 1 1 34 `紫羽定魂短靴  設計圖` `` 31102
5594 2 1 1 1 1 1 1 1 1 1 1 1 34 `青龍渡海短靴  設計圖` `` 31102
5596 2 1 1 1 1 1 1 1 1 1 1 1 14 `炎麻腰帶  設計圖` `` 31102
5600 2 1 1 1 1 1 1 1 1 1 1 1 16 `name_5600` `` 13006
5601 2 1 1 1 1 1 1 1 1 1 1 1 17 `name_5601` `` 13006
5598 2 1 1 1 1 1 1 1 1 1 1 1 24 `賢者的訓練腰帶  設計圖` `` 31102
5597 2 1 1 1 1 1 1 1 1 1 1 1 19 `赫頓瑪爾貴族腰帶  設計圖` `` 31102
5602 2 1 1 1 1 1 1 1 1 1 1 1 26 `name_5602` `` 13006
5599 2 1 1 1 1 1 1 1 1 1 1 1 29 `精靈祝福腰帶  設計圖` `` 31102
5603 2 1 1 1 1 1 1 1 1 1 1 1 26 `name_5603` `` 13006
5604 2 1 1 1 1 1 1 1 1 1 1 1 31 `name_5604` `` 13006
5605 2 1 1 1 1 1 1 1 1 1 1 1 19 `罪惡布法羅胸甲  設計圖` `` 31103
5606 2 1 1 1 1 1 1 1 1 1 1 1 24 `烈焰騎士胸甲  設計圖` `` 31103
5607 2 1 1 1 1 1 1 1 1 1 1 1 29 `炎蟒胸甲  設計圖` `` 31103
5608 2 1 1 1 1 1 1 1 1 1 1 1 34 `天帷巨獸的皮胸甲  設計圖` `` 31103
5609 2 1 1 1 1 1 1 1 1 1 1 1 39 `暗襲胸甲  設計圖` `` 31103
5610 2 1 1 1 1 1 1 1 1 1 1 1 39 `聚冥胸甲  設計圖` `` 31103
5611 2 1 1 1 1 1 1 1 1 1 1 1 19 `罪惡布法羅綁腿  設計圖` `` 31103
5612 2 1 1 1 1 1 1 1 1 1 1 1 24 `烈焰騎士綁腿  設計圖` `` 31103
5613 2 1 1 1 1 1 1 1 1 1 1 1 29 `炎蟒綁腿  設計圖` `` 31103
5614 2 1 1 1 1 1 1 1 1 1 1 1 34 `天帷巨獸的皮短褲  設計圖` `` 31103
5615 2 1 1 1 1 1 1 1 1 1 1 1 39 `暗襲護腿  設計圖` `` 31103
5616 2 1 1 1 1 1 1 1 1 1 1 1 39 `聚冥綁腿  設計圖` `` 31103
5618 2 1 1 1 1 1 1 1 1 1 1 1 19 `烈焰騎士護肩  設計圖` `` 31103
5617 2 1 1 1 1 1 1 1 1 1 1 1 14 `罪惡布法羅護肩  設計圖` `` 31103
5619 2 1 1 1 1 1 1 1 1 1 1 1 24 `炎蟒護肩  設計圖` `` 31103
5620 2 1 1 1 1 1 1 1 1 1 1 1 29 `天帷巨獸的皮護肩  設計圖` `` 31103
5621 2 1 1 1 1 1 1 1 1 1 1 1 34 `暗襲護肩  設計圖` `` 31103
5622 2 1 1 1 1 1 1 1 1 1 1 1 34 `聚冥護肩  設計圖` `` 31103
5623 2 1 1 1 1 1 1 1 1 1 1 1 14 `罪惡布法羅長靴  設計圖` `` 31103
5624 2 1 1 1 1 1 1 1 1 1 1 1 19 `烈焰騎士長靴  設計圖` `` 31103
5626 2 1 1 1 1 1 1 1 1 1 1 1 29 `天帷巨獸的皮短靴  設計圖` `` 31103
5625 2 1 1 1 1 1 1 1 1 1 1 1 24 `炎蟒長靴  設計圖` `` 31103
5627 2 1 1 1 1 1 1 1 1 1 1 1 34 `暗襲皮靴  設計圖` `` 31103
5628 2 1 1 1 1 1 1 1 1 1 1 1 34 `聚冥皮靴  設計圖` `` 31103
5630 2 1 1 1 1 1 1 1 1 1 1 1 19 `烈焰騎士腰帶  設計圖` `` 31103
5629 2 1 1 1 1 1 1 1 1 1 1 1 14 `罪惡布法羅腰帶  設計圖` `` 31103
5632 2 1 1 1 1 1 1 1 1 1 1 1 29 `天帷巨獸的皮腰帶  設計圖` `` 31103
5631 2 1 1 1 1 1 1 1 1 1 1 1 24 `炎蟒腰帶  設計圖` `` 31103
5633 2 1 1 1 1 1 1 1 1 1 1 1 34 `暗襲腰帶  設計圖` `` 31103
5635 2 1 1 1 1 1 1 1 1 1 1 1 19 `赤星胸甲  設計圖` `` 31103
5634 2 1 1 1 1 1 1 1 1 1 1 1 34 `聚冥腰帶  設計圖` `` 31103
5636 2 1 1 1 1 1 1 1 1 1 1 1 39 `翼影胸甲  設計圖` `` 31103
5637 2 1 1 1 1 1 1 1 1 1 1 1 44 `傲凰夾克  設計圖` `` 31103
5638 2 1 1 1 1 1 1 1 1 1 1 1 44 `噬龍夾克  設計圖` `` 31103
5639 2 1 1 1 1 1 1 1 1 1 1 1 44 `暴風雨神長袍  設計圖` `` 31103
5640 2 1 1 1 1 1 1 1 1 1 1 1 19 `赤星綁腿  設計圖` `` 31103
5641 2 1 1 1 1 1 1 1 1 1 1 1 39 `翼影綁腿  設計圖` `` 31103
5642 2 1 1 1 1 1 1 1 1 1 1 1 44 `傲凰護腿  設計圖` `` 31103
5643 2 1 1 1 1 1 1 1 1 1 1 1 44 `噬龍護腿  設計圖` `` 31103
5644 2 1 1 1 1 1 1 1 1 1 1 1 44 `暴風雨神護腿  設計圖` `` 31103
5645 2 1 1 1 1 1 1 1 1 1 1 1 19 `赤星護肩  設計圖` `` 31103
5646 2 1 1 1 1 1 1 1 1 1 1 1 34 `翼影護肩  設計圖` `` 31103
5650 2 1 1 1 1 1 1 1 1 1 1 1 29 `name_5650` `` 13006
5648 2 1 1 1 1 1 1 1 1 1 1 1 39 `噬龍護肩  設計圖` `` 31103
5647 2 1 1 1 1 1 1 1 1 1 1 1 39 `傲凰護肩  設計圖` `` 31103
5649 2 1 1 1 1 1 1 1 1 1 1 1 39 `暴風雨神護肩  設計圖` `` 31103
5651 2 1 1 1 1 1 1 1 1 1 1 1 17 `name_5651` `` 13006
5652 2 1 1 1 1 1 1 1 1 1 1 1 15 `name_5652` `` 13006
5653 2 1 1 1 1 1 1 1 1 1 1 1 17 `name_5653` `` 13006
5654 2 1 1 1 1 1 1 1 1 1 1 1 19 `血靈暗咒胸甲  設計圖` `` 31104
5655 2 1 1 1 1 1 1 1 1 1 1 1 24 `大地祝福胸甲  設計圖` `` 31104
5656 2 1 1 1 1 1 1 1 1 1 1 1 29 `玄武岩胸甲  設計圖` `` 31104
5657 2 1 1 1 1 1 1 1 1 1 1 1 34 `遠古冰銀胸甲  設計圖` `` 31104
5659 2 1 1 1 1 1 1 1 1 1 1 1 39 `紫金守護胸甲  設計圖` `` 31104
5658 2 1 1 1 1 1 1 1 1 1 1 1 39 `瑪爾的天權胸甲  設計圖` `` 31104
5660 2 1 1 1 1 1 1 1 1 1 1 1 39 `幽靈結晶胸甲  設計圖` `` 31104
5662 2 1 1 1 1 1 1 1 1 1 1 1 24 `大地祝福綁腿  設計圖` `` 31104
5661 2 1 1 1 1 1 1 1 1 1 1 1 19 `血靈暗咒綁腿  設計圖` `` 31104
5664 2 1 1 1 1 1 1 1 1 1 1 1 34 `遠古冰銀綁腿  設計圖` `` 31104
5663 2 1 1 1 1 1 1 1 1 1 1 1 29 `玄武岩綁腿  設計圖` `` 31104
5666 2 1 1 1 1 1 1 1 1 1 1 1 39 `紫金守護綁腿  設計圖` `` 31104
5665 2 1 1 1 1 1 1 1 1 1 1 1 39 `瑪爾的天權綁腿  設計圖` `` 31104
5667 2 1 1 1 1 1 1 1 1 1 1 1 39 `幽靈結晶綁腿  設計圖` `` 31104
5668 2 1 1 1 1 1 1 1 1 1 1 1 14 `血靈暗咒肩甲  設計圖` `` 31104
5669 2 1 1 1 1 1 1 1 1 1 1 1 19 `大地祝福肩甲  設計圖` `` 31104
5670 2 1 1 1 1 1 1 1 1 1 1 1 24 `玄武岩護肩  設計圖` `` 31104
5672 2 1 1 1 1 1 1 1 1 1 1 1 34 `瑪爾的天權肩甲  設計圖` `` 31104
5671 2 1 1 1 1 1 1 1 1 1 1 1 29 `遠古冰銀護肩  設計圖` `` 31104
5675 2 1 1 1 1 1 1 1 1 1 1 1 14 `血靈暗咒長靴  設計圖` `` 31104
5674 2 1 1 1 1 1 1 1 1 1 1 1 34 `幽靈結晶護肩  設計圖` `` 31104
5673 2 1 1 1 1 1 1 1 1 1 1 1 34 `紫金守護肩甲  設計圖` `` 31104
5676 2 1 1 1 1 1 1 1 1 1 1 1 19 `大地祝福長靴  設計圖` `` 31104
5678 2 1 1 1 1 1 1 1 1 1 1 1 29 `遠古冰銀長靴  設計圖` `` 31104
5679 2 1 1 1 1 1 1 1 1 1 1 1 34 `瑪爾的天權短靴  設計圖` `` 31104
5677 2 1 1 1 1 1 1 1 1 1 1 1 24 `玄武岩長靴  設計圖` `` 31104
5680 2 1 1 1 1 1 1 1 1 1 1 1 34 `紫金守護長靴  設計圖` `` 31104
5682 2 1 1 1 1 1 1 1 1 1 1 1 14 `血靈暗咒腰帶  設計圖` `` 31104
5681 2 1 1 1 1 1 1 1 1 1 1 1 34 `幽靈結晶長靴  設計圖` `` 31104
5683 2 1 1 1 1 1 1 1 1 1 1 1 19 `大地祝福腰帶  設計圖` `` 31104
5685 2 1 1 1 1 1 1 1 1 1 1 1 29 `遠古冰銀腰帶  設計圖` `` 31104
5684 2 1 1 1 1 1 1 1 1 1 1 1 24 `玄武岩腰帶  設計圖` `` 31104
5687 2 1 1 1 1 1 1 1 1 1 1 1 34 `紫金守護腰帶  設計圖` `` 31104
5686 2 1 1 1 1 1 1 1 1 1 1 1 34 `瑪爾的天權腰帶  設計圖` `` 31104
5688 2 1 1 1 1 1 1 1 1 1 1 1 34 `幽靈結晶腰帶  設計圖` `` 31104
5689 2 1 1 1 1 1 1 1 1 1 1 1 44 `蠱藤胸甲  設計圖` `` 31104
5691 2 1 1 1 1 1 1 1 1 1 1 1 44 `蛟紋胸甲  設計圖` `` 31104
5690 2 1 1 1 1 1 1 1 1 1 1 1 44 `黃金戰士胸甲  設計圖` `` 31104
5692 2 1 1 1 1 1 1 1 1 1 1 1 44 `蠱藤綁腿  設計圖` `` 31104
5693 2 1 1 1 1 1 1 1 1 1 1 1 44 `黃金戰士綁腿  設計圖` `` 31104
5695 2 1 1 1 1 1 1 1 1 1 1 1 39 `蠱藤護肩  設計圖` `` 31104
5694 2 1 1 1 1 1 1 1 1 1 1 1 44 `蛟紋綁腿  設計圖` `` 31104
5697 2 1 1 1 1 1 1 1 1 1 1 1 39 `蛟紋護肩  設計圖` `` 31104
5696 2 1 1 1 1 1 1 1 1 1 1 1 39 `黃金戰士護肩  設計圖` `` 31104
5700 2 1 1 1 1 1 1 1 1 1 1 1 16 `name_5700` `` 13006
5698 2 1 1 1 1 1 1 1 1 1 1 1 39 `蠱藤長靴  設計圖` `` 31104
5699 2 1 1 1 1 1 1 1 1 1 1 1 39 `黃金戰士長靴  設計圖` `` 31104
5701 2 1 1 1 1 1 1 1 1 1 1 1 33 `name_5701` `` 13006
5702 2 1 1 1 1 1 1 1 1 1 1 1 28 `name_5702` `` 13006
5703 2 1 1 1 1 1 1 1 1 1 1 1 15 `name_5703` `` 13006
5704 2 1 1 1 1 1 1 1 1 1 1 1 18 `name_5704` `` 13006
5705 2 1 1 1 1 1 1 1 1 1 1 1 31 `name_5705` `` 13006
5706 2 1 1 1 1 1 1 1 1 1 1 1 14 `name_5706` `` 13006
5707 2 1 1 1 1 1 1 1 1 1 1 1 31 `name_5707` `` 13006
5708 2 1 1 1 1 1 1 1 1 1 1 1 19 `暗黑蛇紋鎖甲  設計圖` `` 31105
5709 2 1 1 1 1 1 1 1 1 1 1 1 24 `碧玉鎖甲  設計圖` `` 31105
5710 2 1 1 1 1 1 1 1 1 1 1 1 29 `閃靈兜甲  設計圖` `` 31105
5711 2 1 1 1 1 1 1 1 1 1 1 1 34 `龍鳴鏈甲  設計圖` `` 31105
5713 2 1 1 1 1 1 1 1 1 1 1 1 39 `赤霞胸甲  設計圖` `` 31105
5712 2 1 1 1 1 1 1 1 1 1 1 1 39 `血嘯胸甲  設計圖` `` 31105
5714 2 1 1 1 1 1 1 1 1 1 1 1 39 `鱗岩胸甲  設計圖` `` 31105
5715 2 1 1 1 1 1 1 1 1 1 1 1 19 `暗黑蛇紋護腿  設計圖` `` 31105
5716 2 1 1 1 1 1 1 1 1 1 1 1 24 `碧玉護腿  設計圖` `` 31105
5717 2 1 1 1 1 1 1 1 1 1 1 1 29 `閃靈護腿  設計圖` `` 31105
5718 2 1 1 1 1 1 1 1 1 1 1 1 34 `龍鳴護腿  設計圖` `` 31105
5719 2 1 1 1 1 1 1 1 1 1 1 1 39 `血嘯護腿  設計圖` `` 31105
5722 2 1 1 1 1 1 1 1 1 1 1 1 14 `暗黑蛇紋護肩  設計圖` `` 31105
5720 2 1 1 1 1 1 1 1 1 1 1 1 39 `赤霞護腿  設計圖` `` 31105
5723 2 1 1 1 1 1 1 1 1 1 1 1 19 `碧玉護肩  設計圖` `` 31105
5721 2 1 1 1 1 1 1 1 1 1 1 1 39 `鱗岩護腿  設計圖` `` 31105
5724 2 1 1 1 1 1 1 1 1 1 1 1 24 `閃靈護肩  設計圖` `` 31105
5725 2 1 1 1 1 1 1 1 1 1 1 1 29 `龍鳴護肩  設計圖` `` 31105
5726 2 1 1 1 1 1 1 1 1 1 1 1 34 `血嘯護肩  設計圖` `` 31105
5727 2 1 1 1 1 1 1 1 1 1 1 1 34 `赤霞護肩  設計圖` `` 31105
5728 2 1 1 1 1 1 1 1 1 1 1 1 34 `鱗岩護肩  設計圖` `` 31105
5729 2 1 1 1 1 1 1 1 1 1 1 1 14 `暗黑蛇紋長靴  設計圖` `` 31105
5730 2 1 1 1 1 1 1 1 1 1 1 1 19 `碧玉長靴  設計圖` `` 31105
5731 2 1 1 1 1 1 1 1 1 1 1 1 24 `閃靈長靴  設計圖` `` 31105
5732 2 1 1 1 1 1 1 1 1 1 1 1 29 `龍鳴長靴  設計圖` `` 31105
5735 2 1 1 1 1 1 1 1 1 1 1 1 34 `鱗岩長靴  設計圖` `` 31105
5733 2 1 1 1 1 1 1 1 1 1 1 1 34 `血嘯長靴  設計圖` `` 31105
5734 2 1 1 1 1 1 1 1 1 1 1 1 34 `赤霞長靴  設計圖` `` 31105
5736 2 1 1 1 1 1 1 1 1 1 1 1 14 `暗黑蛇紋腰帶  設計圖` `` 31105
5737 2 1 1 1 1 1 1 1 1 1 1 1 19 `碧玉腰帶  設計圖` `` 31105
5738 2 1 1 1 1 1 1 1 1 1 1 1 24 `閃靈腰帶  設計圖` `` 31105
5739 2 1 1 1 1 1 1 1 1 1 1 1 29 `龍鳴腰帶  設計圖` `` 31105
5743 2 1 1 1 1 1 1 1 1 1 1 1 44 `紫金胸甲  設計圖` `` 31105
5740 2 1 1 1 1 1 1 1 1 1 1 1 34 `血嘯腰帶  設計圖` `` 31105
5741 2 1 1 1 1 1 1 1 1 1 1 1 34 `赤霞腰帶  設計圖` `` 31105
5744 2 1 1 1 1 1 1 1 1 1 1 1 44 `藍水晶胸甲  設計圖` `` 31105
5745 2 1 1 1 1 1 1 1 1 1 1 1 44 `EL-XM25胸甲  設計圖` `` 31105
5742 2 1 1 1 1 1 1 1 1 1 1 1 34 `鱗岩腰帶  設計圖` `` 31105
5746 2 1 1 1 1 1 1 1 1 1 1 1 44 `紫金護腿  設計圖` `` 31105
5748 2 1 1 1 1 1 1 1 1 1 1 1 44 `EL-XM25護腿  設計圖` `` 31105
5747 2 1 1 1 1 1 1 1 1 1 1 1 44 `藍水晶護腿  設計圖` `` 31105
5751 2 1 1 1 1 1 1 1 1 1 1 1 31 `name_5751` `` 13006
5750 2 1 1 1 1 1 1 1 1 1 1 1 20 `name_5750` `` 13006
5752 2 1 1 1 1 1 1 1 1 1 1 1 30 `name_5752` `` 13006
5753 2 1 1 1 1 1 1 1 1 1 1 1 23 `name_5753` `` 13006
5749 2 1 1 1 1 1 1 1 1 1 1 1 39 `紫金護肩  設計圖` `` 31105
5754 2 1 1 1 1 1 1 1 1 1 1 1 29 `name_5754` `` 13006
5755 2 1 1 1 1 1 1 1 1 1 1 1 17 `name_5755` `` 13006
5756 2 1 1 1 1 1 1 1 1 1 1 1 24 `藍色日冕胸甲  設計圖` `` 31106
5757 2 1 1 1 1 1 1 1 1 1 1 1 29 `超合金虎嘯胸甲  設計圖` `` 31106
5759 2 1 1 1 1 1 1 1 1 1 1 1 39 `寂靜靈魂盔甲  設計圖` `` 31106
5758 2 1 1 1 1 1 1 1 1 1 1 1 34 `黑玉護魂胸甲  設計圖` `` 31106
5761 2 1 1 1 1 1 1 1 1 1 1 1 29 `超合金虎嘯脛甲  設計圖` `` 31106
5762 2 1 1 1 1 1 1 1 1 1 1 1 34 `黑玉護魂脛甲  設計圖` `` 31106
5763 2 1 1 1 1 1 1 1 1 1 1 1 39 `寂靜靈魂綁腿  設計圖` `` 31106
5766 2 1 1 1 1 1 1 1 1 1 1 1 29 `黑玉護魂肩甲  設計圖` `` 31106
5760 2 1 1 1 1 1 1 1 1 1 1 1 24 `藍色日冕脛甲  設計圖` `` 31106
5765 2 1 1 1 1 1 1 1 1 1 1 1 24 `超合金虎嘯肩甲  設計圖` `` 31106
5764 2 1 1 1 1 1 1 1 1 1 1 1 19 `藍色日冕肩甲  設計圖` `` 31106
5767 2 1 1 1 1 1 1 1 1 1 1 1 34 `寂靜靈魂肩甲  設計圖` `` 31106
5769 2 1 1 1 1 1 1 1 1 1 1 1 24 `超合金虎嘯長靴  設計圖` `` 31106
5770 2 1 1 1 1 1 1 1 1 1 1 1 29 `黑玉護魂長靴  設計圖` `` 31106
5768 2 1 1 1 1 1 1 1 1 1 1 1 19 `藍色日冕長靴  設計圖` `` 31106
5772 2 1 1 1 1 1 1 1 1 1 1 1 19 `藍色日冕腰帶  設計圖` `` 31106
5771 2 1 1 1 1 1 1 1 1 1 1 1 34 `寂靜靈魂長靴  設計圖` `` 31106
5774 2 1 1 1 1 1 1 1 1 1 1 1 29 `黑玉護魂腰帶  設計圖` `` 31106
5773 2 1 1 1 1 1 1 1 1 1 1 1 24 `超合金虎嘯腰帶  設計圖` `` 31106
5776 2 1 1 1 1 1 1 1 1 1 1 1 44 `幻影死神盔甲  設計圖` `` 31106
5775 2 1 1 1 1 1 1 1 1 1 1 1 34 `寂靜靈魂腰帶  設計圖` `` 31106
5777 2 1 1 1 1 1 1 1 1 1 1 1 44 `幻影死神綁腿  設計圖` `` 31106
5778 2 1 1 1 1 1 1 1 1 1 1 1 39 `幻影死神肩甲  設計圖` `` 31106
5779 2 1 1 1 1 1 1 1 1 1 1 1 39 `幻影死神長靴  設計圖` `` 31106
5780 2 1 1 1 1 1 1 1 1 1 1 1 39 `幻影死神腰帶  設計圖` `` 31106
5786 2 1 1 1 1 1 1 1 1 1 1 1 24 `天帷巨獸 : 赤龍板甲護肩  設計圖` `` 31106
5788 2 1 1 1 1 1 1 1 1 1 1 1 34 `暗黑城 : 地夕板甲護肩  設計圖` `` 31106
5787 2 1 1 1 1 1 1 1 1 1 1 1 29 `天帷巨獸 : 精靈的碎魄板甲護肩  設計圖` `` 31106
5790 2 1 1 1 1 1 1 1 1 1 1 1 24 `天帷巨獸 : 赤龍板甲腰帶  設計圖` `` 31106
5789 2 1 1 1 1 1 1 1 1 1 1 1 39 `暗黑城 : 精靈的碎魄板甲護肩  設計圖` `` 31106
5791 2 1 1 1 1 1 1 1 1 1 1 1 29 `天帷巨獸 : 精靈的碎魄板甲腰帶  設計圖` `` 31106
5792 2 1 1 1 1 1 1 1 1 1 1 1 34 `暗黑城 : 地夕板甲腰帶  設計圖` `` 31106
5800 3 1 1 1 1 1 1 1 1 1 1 1 1 `附魔卷軸 - 武器 : 光屬性` `` 13001
5793 2 1 1 1 1 1 1 1 1 1 1 1 39 `暗黑城 : 精靈的碎魄板甲腰帶  設計圖` `` 31106
5801 3 1 1 1 1 1 1 1 1 1 1 1 1 `附魔卷軸 - 上衣 : 力量 +9` `` 13001
5802 3 1 1 1 1 1 1 1 1 1 1 1 1 `附魔卷軸 - 頭肩 : 魔法暴擊 +3%%` `` 13001
5803 3 1 1 1 1 1 1 1 1 1 1 1 1 `附魔卷軸 - 上衣 : 智力 +9` `` 13001
5804 2 1 1 1 1 1 1 1 1 1 1 1 1 `附魔卷軸 - 武器 : 火屬性` `` 13001
5805 2 1 1 1 1 1 1 1 1 1 1 1 1 `附魔卷軸 - 下裝 : 所有屬性抗性 +5` `` 13001
5806 2 1 1 1 1 1 1 1 1 1 1 1 1 `附魔卷軸 - 腰帶 : HP MAX +90` `` 13001
5807 2 1 1 1 1 1 1 1 1 1 1 1 1 `附魔卷軸 - 手鐲 : 每分鐘恢复6點HP` `` 13001
5809 2 1 1 1 1 1 1 1 1 1 1 1 1 `附魔卷軸 - 鞋 : 移動速度 +0.9%%` `` 13001
5808 2 1 1 1 1 1 1 1 1 1 1 1 1 `附魔卷軸 - 武器 : 攻擊速度 +0.9%%` `` 13001
5810 1 1 1 1 1 1 1 1 1 1 1 1 1 `附魔卷軸 - 武器 : 施放速度 +1%%` `` 13001
5811 1 1 1 1 1 1 1 1 1 1 1 1 1 `附魔卷軸 - 腰帶 : HP MAX +60` `` 13001
5812 1 1 1 1 1 1 1 1 1 1 1 1 1 `附魔卷軸 - 項鏈 : 石化抗性 +8` `` 13001
5813 1 1 1 1 1 1 1 1 1 1 1 1 1 `附魔卷軸 - 下裝 : 暗屬性抗性 +4` `` 13001
5814 1 1 1 1 1 1 1 1 1 1 1 1 1 `附魔卷軸 - 腰帶 : MP MAX +60` `` 13001
5815 1 1 1 1 1 1 1 1 1 1 1 1 1 `附魔卷軸 - 下裝 : 火屬性抗性 +4` `` 13001
5816 1 1 1 1 1 1 1 1 1 1 1 1 1 `附魔卷軸 - 戒指 : 每分鐘恢复3點MP` `` 13001
5817 1 1 1 1 1 1 1 1 1 1 1 1 1 `附魔卷軸 - 鞋 : 回避率 +0.6%%` `` 13001
5820 0 1 1 1 1 1 1 1 1 1 1 1 1 `附魔卷軸 - 鞋 : 跳躍力 +5` `` 13001
5819 0 1 1 1 1 1 1 1 1 1 1 1 1 `附魔卷軸 - 鞋 : 回避率 +0.3%%` `` 13001
5818 1 1 1 1 1 1 1 1 1 1 1 1 1 `附魔卷軸 - 頭肩 : 物理暴擊 +2%%` `` 13001
5822 0 1 1 1 1 1 1 1 1 1 1 1 1 `附魔卷軸 - 手鐲 : 光屬性抗性 +2` `` 13001
5821 0 1 1 1 1 1 1 1 1 1 1 1 1 `附魔卷軸 - 腰帶 : HP MAX +30` `` 13001
5824 0 1 1 1 1 1 1 1 1 1 1 1 1 `附魔卷軸 - 武器 : 攻擊速度 +0.3%%` `` 13001
5823 0 1 1 1 1 1 1 1 1 1 1 1 1 `附魔卷軸 - 頭肩 : 施放速度 +0.4%%` `` 13001
5825 0 1 1 1 1 1 1 1 1 1 1 1 1 `附魔卷軸 - 上衣 : 力量 +2` `` 13001
5827 0 1 1 1 1 1 1 1 1 1 1 1 1 `附魔卷軸 - 項鏈 : 束縛抗性 +5` `` 13001
5826 0 1 1 1 1 1 1 1 1 1 1 1 1 `附魔卷軸 - 上衣 : 智力 +2` `` 13001
5828 0 1 1 1 1 1 1 1 1 1 1 1 1 `附魔卷軸 - 戒指 : 減速抗性 +5` `` 13001
5829 0 1 1 1 1 1 1 1 1 1 1 1 1 `附魔卷軸 - 武器 : 命中率 +0.3%%` `` 13001
5830 0 1 1 1 1 1 1 1 1 1 1 1 1 `附魔卷軸 - 下裝 : 移動速度 +0.3%%` `` 13001
5831 0 1 1 1 1 1 1 1 1 1 1 1 1 `附魔卷軸 - 鞋 : 力量 +2、 移動速度 +0.2%%` `` 13001
5832 0 1 1 1 1 1 1 1 1 1 1 1 1 `附魔卷軸 - 鞋 : 智力 +2、 移動速度 +0.2%%` `` 13001
5833 0 1 1 1 1 1 1 1 1 1 1 1 1 `附魔卷軸 - 項鏈 : 火屬性抗性 +3` `` 13001
5834 0 1 1 1 1 1 1 1 1 1 1 1 1 `附魔卷軸 - 頭肩 : 物理暴擊 +1%%、 魔法暴擊 +0.5%%` `` 13001
5835 0 1 1 1 1 1 1 1 1 1 1 1 1 `附魔卷軸 - 下裝 : 硬直 +15` `` 13001
5837 2 1 1 1 1 1 1 1 1 1 1 1 1 `附魔卷軸 - 武器 : 攻擊速度 +0.6%%、 施放速度 +1.2%%` `` 13001
5836 1 1 1 1 1 1 1 1 1 1 1 1 1 `附魔卷軸 - 腰帶 : HP MAX +40、 MP MAX +40` `` 13001
6001 0 1 1 1 1 1 1 1 1 1 1 1 12 `飛盤` `` 13003
6002 0 1 1 1 1 1 1 1 1 1 1 1 5 `回旋鏢` `` 13003
6003 0 1 1 1 1 1 1 1 1 1 1 1 1 `石頭` `` 13003
6004 0 1 1 1 1 1 1 1 1 1 1 1 3 `天空樹果實` `` 13003
6005 0 1 1 1 1 1 1 1 1 1 1 1 15 `燃燒瓶` `` 13003
6006 0 1 1 1 1 1 1 1 1 1 1 1 8 `砂礫` `` 13003
6007 0 1 1 1 1 1 1 1 1 1 1 1 12 `軍用回旋鏢` `` 13003
6008 0 1 1 1 1 1 1 1 1 1 1 1 19 `飛盤 2` `` 13003
6009 0 1 1 1 1 1 1 1 1 1 1 1 10 `飛鏢` `` 13003
6010 0 1 1 1 1 1 1 1 1 1 1 1 16 `裂空鏢` `` 13003
6012 0 1 1 1 1 1 1 1 1 1 1 1 16 `爆彈` `` 13003
6011 0 1 1 1 1 1 1 1 1 1 1 1 12 `轟雷樹果實` `` 13003
6013 0 1 1 1 1 1 1 1 1 1 1 1 23 `轟爆彈` `` 13003
6014 0 1 1 1 1 1 1 1 1 1 1 1 1 `下級袖珍罐碎片` `` 13003
6015 0 1 1 1 1 1 1 1 1 1 1 1 10 `中級袖珍罐碎片` `` 13003
6016 0 1 1 1 1 1 1 1 1 1 1 1 20 `上級袖珍罐碎片` `` 13003
6018 0 1 1 1 1 1 1 1 1 1 1 1 20 `空骨魚的利齒` `` 13003
6017 0 1 1 1 1 1 1 1 1 1 1 1 30 `极品袖珍罐碎片` `` 13003
6020 0 1 1 1 1 1 1 1 1 1 1 1 20 `堅綰萼 雖　` `` 13006
6019 0 1 1 1 1 1 1 1 1 1 1 1 20 `克洛庫的利齒` `` 13003
6021 0 1 1 1 1 1 1 1 1 1 1 1 14 `石頭 3` `` 13003
6022 0 1 1 1 1 1 1 1 1 1 1 1 21 `石頭 4` `` 13003
6024 0 1 1 1 1 1 1 1 1 1 1 1 35 `石頭 6` `` 13003
6023 0 1 1 1 1 1 1 1 1 1 1 1 28 `石頭 5` `` 13003
6025 0 1 1 1 1 1 1 1 1 1 1 1 42 `石頭 7` `` 13003
6026 0 1 1 1 1 1 1 1 1 1 1 1 18 `回旋鏢 3` `` 13003
6028 0 1 1 1 1 1 1 1 1 1 1 1 32 `回旋鏢 5` `` 13003
6027 0 1 1 1 1 1 1 1 1 1 1 1 25 `回旋鏢 4` `` 13003
6029 0 1 1 1 1 1 1 1 1 1 1 1 39 `回旋鏢 6` `` 13003
6030 0 1 1 1 1 1 1 1 1 1 1 1 23 `飛鏢 3` `` 13003
6031 0 1 1 1 1 1 1 1 1 1 1 1 30 `飛鏢 4` `` 13003
6032 0 1 1 1 1 1 1 1 1 1 1 1 37 `飛鏢 5` `` 13003
6033 0 1 1 1 1 1 1 1 1 1 1 1 44 `飛鏢 6` `` 13003
6034 0 1 1 1 1 1 1 1 1 1 1 1 25 `飛盤 3` `` 13003
6037 0 1 1 1 1 1 1 1 1 1 1 1 21 `燃燒瓶 2` `` 13003
6036 0 1 1 1 1 1 1 1 1 1 1 1 39 `飛盤 5` `` 13003
6038 0 1 1 1 1 1 1 1 1 1 1 1 28 `燃燒瓶 3` `` 13003
6035 0 1 1 1 1 1 1 1 1 1 1 1 32 `飛盤 4` `` 13003
6039 0 1 1 1 1 1 1 1 1 1 1 1 35 `燃燒瓶 4` `` 13003
6040 0 1 1 1 1 1 1 1 1 1 1 1 42 `燃燒瓶 5` `` 13003
6041 0 1 1 1 1 1 1 1 1 1 1 1 30 `爆彈 3` `` 13003
6042 0 1 1 1 1 1 1 1 1 1 1 1 37 `爆彈 4` `` 13003
6043 0 1 1 1 1 1 1 1 1 1 1 1 44 `爆彈 5` `` 13003
6046 0 1 1 1 1 1 1 1 1 1 1 1 41 `哥布林地雷 4` `` 13006
6044 0 1 1 1 1 1 1 1 1 1 1 1 26 `哥布林地雷 2` `` 13006
6045 0 1 1 1 1 1 1 1 1 1 1 1 34 `哥布林地雷 3` `` 13006
6050 1 1 1 1 1 1 1 1 1 1 1 1 60 `閃光彈` `` 13003
6051 1 1 1 1 1 1 1 1 1 1 1 1 60 `火焰瓶` `` 13003
6047 1 1 1 1 1 1 1 1 1 1 1 1 40 `詛咒爆彈` `` 13003
6052 1 1 1 1 1 1 1 1 1 1 1 1 65 `章魚` `` 13003
6053 1 1 1 1 1 1 1 1 1 1 1 1 65 `海蜇` `` 13003
7090 1 1 1 1 1 1 1 1 1 1 1 1 1 `` `` 13002
7089 1 1 1 1 1 1 1 1 1 1 1 1 1 `` `` 13001
7091 1 1 1 1 1 1 1 1 1 1 1 1 1 `` `` 13002
7094 1 1 1 1 1 1 1 1 1 1 1 1 1 `` `` 13002
7095 1 1 1 1 1 1 1 1 1 1 1 1 1 `` `` 13002
7093 1 1 1 1 1 1 1 1 1 1 1 1 1 `` `` 13002
7092 1 1 1 1 1 1 1 1 1 1 1 1 1 `` `` 13002
7096 1 1 1 1 1 1 1 1 1 1 1 1 1 `` `` 13002
7097 1 1 1 1 1 1 1 1 1 1 1 1 1 `祝福之可哥豆` `` 13002
7098 1 1 1 1 1 1 1 1 1 1 1 1 1 `幸福之可哥香精` `` 13002
7105 2 1 1 1 1 1 1 1 1 1 1 1 1 `可樂庇護` `` 13006
7108 2 1 1 1 1 1 1 1 1 1 1 1 1 `彎月型南瓜` `` 13002
7162 1 1 1 1 1 1 1 1 1 1 1 1 1 `雪砂糖` `` 13002
7160 1 1 1 1 1 1 1 1 1 1 1 1 1 `新鮮草莓` `` 13002
7165 1 1 1 1 1 1 1 1 1 1 1 1 1 `圣誕‘C’` `` 13002
7161 1 1 1 1 1 1 1 1 1 1 1 1 1 `美味葡萄` `` 13002
7166 1 1 1 1 1 1 1 1 1 1 1 1 1 `圣誕‘H’` `` 13002
7167 1 1 1 1 1 1 1 1 1 1 1 1 1 `圣誕‘R’` `` 13002
7168 1 1 1 1 1 1 1 1 1 1 1 1 1 `圣誕‘I’` `` 13002
7169 1 1 1 1 1 1 1 1 1 1 1 1 1 `圣誕‘S’` `` 13002
7170 1 1 1 1 1 1 1 1 1 1 1 1 1 `圣誕‘T’` `` 13002
7171 1 1 1 1 1 1 1 1 1 1 1 1 1 `圣誕‘M’` `` 13002
7173 2 1 1 1 1 1 1 1 1 1 1 1 1 `圣誕稱號設計圖` `` 13006
7172 1 1 1 1 1 1 1 1 1 1 1 1 1 `圣誕‘A’` `` 13002
7174 3 1 1 1 1 1 1 1 1 1 1 1 1 `賽麗亞的錢包` `` 13002
7177 1 1 1 1 1 1 1 1 1 1 1 1 1 `福豆` `` 13002
7182 1 1 1 1 1 1 1 1 1 1 1 1 1 `福笊篱` `` 13002
7179 2 1 1 1 1 1 1 1 1 1 1 1 1 `` `` 13006
7187 1 1 1 1 1 1 1 1 1 1 1 1 1 `白色情人節糖果` `` 13002
7248 2 1 1 1 1 1 1 1 1 1 1 1 1 `奇怪的章魚` `` 13002
7250 2 1 1 1 1 1 1 1 1 1 1 1 1 `天空之海的藏寶圖碎片` `` 13002
7249 2 1 1 1 1 1 1 1 1 1 1 1 1 `生龍活虎的鯊魚` `` 13002
7255 1 1 1 1 1 1 1 1 1 1 1 1 1 `中秋米糕盒` `` 13002
7253 2 1 1 1 1 1 1 1 1 1 1 1 1 `天空之海的神秘罐  藏寶圖` `` 13001
7261 1 1 1 1 1 1 1 1 1 1 1 1 1 `哥布林壓縮膠囊` `` 13006
7262 1 1 1 1 1 1 1 1 1 1 1 1 1 `牛頭兵壓縮膠囊` `` 13006
7264 1 1 1 1 1 1 1 1 1 1 1 1 1 `藍章魚壓縮膠囊` `` 13006
7265 1 1 1 1 1 1 1 1 1 1 1 1 1 `寒冰虎壓縮膠囊` `` 13006
7263 1 1 1 1 1 1 1 1 1 1 1 1 1 `翼龍壓縮膠囊` `` 13006
7266 1 1 1 1 1 1 1 1 1 1 1 1 1 `毒蜘蛛壓縮膠囊` `` 13006
7267 1 1 1 1 1 1 1 1 1 1 1 1 1 `摩震的獵犬壓縮膠囊` `` 13006
7271 1 1 1 1 1 1 1 1 1 1 1 1 1 `藍色南瓜` `` 13002
7270 1 1 1 1 1 1 1 1 1 1 1 1 1 `紅色南瓜` `` 13002
7272 1 1 1 1 1 1 1 1 1 1 1 1 1 `金色南瓜` `` 13002
7276 1 1 1 1 1 1 1 1 1 1 1 1 1 `可愛豆` `` 13002
7278 2 1 1 1 1 1 1 1 1 1 1 1 1 `DNF福豆設計圖` `` 13006
7279 2 1 1 1 1 1 1 1 1 1 1 1 1 `` `` 13002
7285 2 1 1 1 1 1 1 1 1 1 1 1 1 `` `` 13001
7289 1 1 1 1 1 1 1 1 1 1 1 1 1 `魯道夫鼻子裝飾` `` 13002
7290 1 1 1 1 1 1 1 1 1 1 1 1 1 `雪人玩偶` `` 13002
7288 1 1 1 1 1 1 1 1 1 1 1 1 1 `` `` 13002
7287 1 1 1 1 1 1 1 1 1 1 1 1 1 `祝福的袖珍罐碎片` `` 13002
7254 2 1 1 1 1 1 1 1 1 1 1 1 1 `天空之海的神秘罐` `` 13001
7303 1 1 1 1 1 1 1 1 1 1 1 1 1 `` `` 13002
7328 1 1 1 1 1 1 1 1 1 1 1 1 1 `電波收訊裝置` `` 13002
7329 1 1 1 1 1 1 1 1 1 1 1 1 1 `天線零件` `` 13002
7330 1 1 1 1 1 1 1 1 1 1 1 1 1 `` `` 13002
7364 1 1 1 1 1 1 1 1 1 1 1 1 1 `` `` 13002
7365 1 1 1 1 1 1 1 1 1 1 1 1 1 `` `` 13002
7366 1 1 1 1 1 1 1 1 1 1 1 1 1 `` `` 13002
7367 1 1 1 1 1 1 1 1 1 1 1 1 1 `` `` 13002
7369 1 1 1 1 1 1 1 1 1 1 1 1 1 `` `` 13002
7286 2 1 1 1 1 1 1 1 1 1 1 1 1 `祝福的袖珍罐` `` 13001
7368 1 1 1 1 1 1 1 1 1 1 1 1 1 `` `` 13002
7371 1 1 1 1 1 1 1 1 1 1 1 1 1 `` `` 13002
7370 1 1 1 1 1 1 1 1 1 1 1 1 1 `` `` 13002
7372 1 1 1 1 1 1 1 1 1 1 1 1 1 `` `` 13002
7402 1 1 1 1 1 1 1 1 1 1 1 1 1 `` `` 13002
7403 1 1 1 1 1 1 1 1 1 1 1 1 1 `` `` 13002
7401 1 1 1 1 1 1 1 1 1 1 1 1 1 `` `` 13002
7407 2 1 1 1 1 1 1 1 1 1 1 1 1 `(舊)土罐的高級袖珍罐 (首飾)` `` 13001
7408 2 1 1 1 1 1 1 1 1 1 1 1 1 `(舊)土罐的高級袖珍罐 (布甲)` `` 13001
7409 2 1 1 1 1 1 1 1 1 1 1 1 1 `(舊)土罐的高級袖珍罐 (皮甲)` `` 13001
7412 2 1 1 1 1 1 1 1 1 1 1 1 1 `(舊)土罐的高級袖珍罐 (板甲)` `` 13001
7410 2 1 1 1 1 1 1 1 1 1 1 1 1 `(舊)土罐的高級袖珍罐 (輕甲)` `` 13001
7411 2 1 1 1 1 1 1 1 1 1 1 1 1 `(舊)土罐的高級袖珍罐 (重甲)` `` 13001
7413 2 1 1 1 1 1 1 1 1 1 1 1 1 `(舊)土罐的高級袖珍罐 (鬼劍士武器)` `` 13001
7414 2 1 1 1 1 1 1 1 1 1 1 1 1 `(舊)土罐的高級袖珍罐 (格斗家武器)` `` 13001
7416 2 1 1 1 1 1 1 1 1 1 1 1 1 `(舊)土罐的高級袖珍罐 (魔法師武器)` `` 13001
7415 2 1 1 1 1 1 1 1 1 1 1 1 1 `(舊)土罐的高級袖珍罐 (神槍手武器)` `` 13001
7417 2 1 1 1 1 1 1 1 1 1 1 1 1 `(舊)土罐的高級袖珍罐 (圣職者武器)` `` 13001
7428 1 1 1 1 1 1 1 1 1 1 1 1 1 `` `` 13002
7437 1 1 1 1 1 1 1 1 1 1 1 1 1 `` `` 13002
7441 1 1 1 1 1 1 1 1 1 1 1 1 1 `碎石塊` `` 13002
7455 1 1 1 1 1 1 1 1 1 1 1 1 1 `GCA网咖販賣机代幣交換券` `` 13002
7466 1 1 1 1 1 1 1 1 1 1 1 1 1 `圣誕裝飾寶箱` `` 13002
7498 2 1 1 1 1 1 1 1 1 1 1 1 1 `寵物盒` `` 13001
7497 2 1 1 1 1 1 1 1 1 1 1 1 1 `偉大的杜爾夫召喚書` `` 13001
7512 1 1 1 1 1 1 1 1 1 1 1 1 1 `` `` 13002
7514 1 1 1 1 1 1 1 1 1 1 1 1 1 `` `` 13006
7520 1 1 1 1 1 1 1 1 1 1 1 1 1 `` `` 13002
7515 1 1 1 1 1 1 1 1 1 1 1 1 1 `` `` 13006
7546 1 1 1 1 1 1 1 1 1 1 1 1 1 `` `` 13002
7547 1 1 1 1 1 1 1 1 1 1 1 1 1 `` `` 13002
7548 1 1 1 1 1 1 1 1 1 1 1 1 1 `` `` 13002
7550 1 1 1 1 1 1 1 1 1 1 1 1 1 `` `` 13002
7549 1 1 1 1 1 1 1 1 1 1 1 1 1 `` `` 13002
7551 1 1 1 1 1 1 1 1 1 1 1 1 1 `G.S.D遺失的究极波動刃` `` 13002
7569 1 1 1 1 1 1 1 1 1 1 1 1 1 `` `` 13002
7580 1 1 1 1 1 1 1 1 1 1 1 1 1 `` `` 13002
7595 1 1 1 1 1 1 1 1 1 1 1 1 1 `` `` 13002
7600 2 1 1 1 1 1 1 1 1 1 1 1 1 `200万紀念` `` 13002
7611 1 1 1 1 1 1 1 1 1 1 1 1 1 `黃色的拼圖碎片` `` 13002
7612 1 1 1 1 1 1 1 1 1 1 1 1 1 `紅色的拼圖碎片` `` 13002
7695 2 1 1 1 1 1 1 1 1 1 1 1 1 `name_7695` `` 13001
7697 2 1 1 1 1 1 1 1 1 1 1 1 1 `name_7697` `` 13001
7694 2 1 1 1 1 1 1 1 1 1 1 1 1 `name_7694` `` 13001
7696 2 1 1 1 1 1 1 1 1 1 1 1 1 `name_7696` `` 13001
7698 2 1 1 1 1 1 1 1 1 1 1 1 1 `name_7698` `` 13001
7700 2 1 1 1 1 1 1 1 1 1 1 1 1 `name_7700` `` 13001
7701 2 1 1 1 1 1 1 1 1 1 1 1 1 `name_7701` `` 13001
7699 2 1 1 1 1 1 1 1 1 1 1 1 1 `name_7699` `` 13001
7702 2 1 1 1 1 1 1 1 1 1 1 1 1 `name_7702` `` 13001
7704 2 1 1 1 1 1 1 1 1 1 1 1 1 `name_7704` `` 13001
7703 2 1 1 1 1 1 1 1 1 1 1 1 1 `name_7703` `` 13001
7711 2 1 1 1 1 1 1 1 1 1 1 1 1 `` `` 13001
7714 2 1 1 1 1 1 1 1 1 1 1 1 1 `` `` 13001
7712 2 1 1 1 1 1 1 1 1 1 1 1 1 `` `` 13001
7713 2 1 1 1 1 1 1 1 1 1 1 1 1 `` `` 13001
7715 2 1 1 1 1 1 1 1 1 1 1 1 1 `` `` 13001
7716 2 1 1 1 1 1 1 1 1 1 1 1 1 `` `` 13001
7717 2 1 1 1 1 1 1 1 1 1 1 1 1 `` `` 13001
7718 2 1 1 1 1 1 1 1 1 1 1 1 1 `` `` 13001
7719 2 1 1 1 1 1 1 1 1 1 1 1 1 `` `` 13001
7720 2 1 1 1 1 1 1 1 1 1 1 1 1 `` `` 13001
7721 2 1 1 1 1 1 1 1 1 1 1 1 1 `` `` 13001
7722 2 1 1 1 1 1 1 1 1 1 1 1 1 `` `` 13001
7723 2 1 1 1 1 1 1 1 1 1 1 1 1 `` `` 13001
7724 2 1 1 1 1 1 1 1 1 1 1 1 1 `` `` 13001
7725 1 1 1 1 1 1 1 1 1 1 1 1 1 `有机南瓜` `` 13002
7784 1 1 1 1 1 1 1 1 1 1 1 1 1 `紅襪子` `` 13002
7805 1 1 1 1 1 1 1 1 1 1 1 1 1 `凱麗的信我罐` `` 13001
7843 1 1 1 1 1 1 1 1 1 1 1 1 1 `紅寶石粉末` `` 13002
7897 1 1 1 1 1 1 1 1 1 1 1 1 1 `迷你足球` `` 13002
7909 1 1 1 1 1 1 1 1 1 1 1 1 1 `5周年自動販賣机點券` `` 13002
7913 2 1 1 1 1 1 1 1 1 1 1 1 1 `用于變身的魔法材料` `` 13002
7943 1 1 1 1 1 1 1 1 1 1 1 1 1 `疑問的點券` `` 13002
7942 2 1 1 1 1 1 1 1 1 1 1 1 1 `限定的大晶体 （紅色气息）` `` 13006
7944 2 1 1 1 1 1 1 1 1 1 1 1 1 `細微的气息` `` 13002
7953 2 1 1 1 1 1 1 1 1 1 1 1 1 `限定的大晶体 （藍色气息）` `` 13006
7959 2 1 1 1 1 1 1 1 1 1 1 1 1 `瑞瓦貼紙` `` 13002
7941 2 1 1 1 1 1 1 1 1 1 1 1 1 `羅杰的高級袖珍罐` `` 13001
7996 2 1 1 1 1 1 1 1 1 1 1 1 1 `斗气師 (男)` `` 33002
7997 2 1 1 1 1 1 1 1 1 1 1 1 1 `街霸 (男)` `` 33002
7998 2 1 1 1 1 1 1 1 1 1 1 1 1 `武斗 (男)` `` 33002
7999 2 1 1 1 1 1 1 1 1 1 1 1 1 `柔道家家家 (男)` `` 33002
8008 2 1 1 1 1 1 1 1 1 1 1 1 1 `28號<活動>` `` 33002
8009 2 1 1 1 1 1 1 1 1 1 1 1 1 `偉大的杜爾夫<活動>` `` 33002
8044 1 1 1 1 1 1 1 1 1 1 1 1 1 `` `` 13002
8050 1 1 1 1 1 1 1 1 1 1 1 1 1 `裝備強化保護券` `` 13002
8051 1 1 1 1 1 1 1 1 1 1 1 1 1 `` `` 13002
8055 2 1 1 1 1 1 1 1 1 1 1 1 1 `` `` 13006
8057 1 1 1 1 1 1 1 1 1 1 1 1 1 `` `` 13002
8073 1 1 1 1 1 1 1 1 1 1 1 1 1 `` `` 13002
8077 1 1 1 1 1 1 1 1 1 1 1 1 55 `抗魔藥劑` `` 13006
8090 2 1 1 1 1 1 1 1 1 1 1 1 1 `斯卡迪女王的賞賜 (神槍手武器)` `` 13001
8089 2 1 1 1 1 1 1 1 1 1 1 1 1 `斯卡迪女王的賞賜 (格斗家武器)` `` 13001
8088 2 1 1 1 1 1 1 1 1 1 1 1 1 `斯卡迪女王的賞賜 (鬼劍士武器)` `` 13001
8091 2 1 1 1 1 1 1 1 1 1 1 1 1 `斯卡迪女王的賞賜 (魔法師武器)` `` 13001
8093 2 1 1 1 1 1 1 1 1 1 1 1 1 `斯卡迪女王的賞賜 (暗夜使者武器)` `` 13001
8092 2 1 1 1 1 1 1 1 1 1 1 1 1 `斯卡迪女王的賞賜 (圣職者武器)` `` 13001
8095 5 1 1 1 1 1 1 1 1 1 1 1 1 `英雄袖珍罐 (鬼劍士武器)` `` 13001
8096 5 1 1 1 1 1 1 1 1 1 1 1 1 `英雄袖珍罐 (格斗家武器)` `` 13001
8098 5 1 1 1 1 1 1 1 1 1 1 1 1 `英雄袖珍罐 (魔法師武器)` `` 13001
8097 5 1 1 1 1 1 1 1 1 1 1 1 1 `英雄袖珍罐 (神槍手武器)` `` 13001
8099 5 1 1 1 1 1 1 1 1 1 1 1 1 `英雄袖珍罐 (圣職者武器)` `` 13001
8100 5 1 1 1 1 1 1 1 1 1 1 1 1 `英雄袖珍罐 (暗夜使者武器)` `` 13001
8104 5 1 1 1 1 1 1 1 1 1 1 1 1 `英雄袖珍罐 (魔法石)` `` 13001
8103 5 1 1 1 1 1 1 1 1 1 1 1 1 `英雄袖珍罐 (輔助裝備)` `` 13001
8122 1 1 1 1 1 1 1 1 1 1 1 1 1 `` `` 13002
8227 1 1 1 1 1 1 1 1 1 1 1 1 1 `` `` 13006
8232 1 1 1 1 1 1 1 1 1 1 1 1 1 `6周年活動禮券` `` 13002
8236 3 1 1 1 1 1 1 1 1 1 1 1 1 `+10 裝備增幅券` `` 13006
8235 3 1 1 1 1 1 1 1 1 1 1 1 1 `+7 裝備增幅券` `` 13006
8237 3 1 1 1 1 1 1 1 1 1 1 1 1 `+12 裝備增幅券` `` 13006
8239 3 1 1 1 1 1 1 1 1 1 1 1 1 `name_8239` `` 13002
8241 1 1 1 1 1 1 1 1 1 1 1 1 1 `` `` 13002
8240 3 1 1 1 1 1 1 1 1 1 1 1 1 `name_8240` `` 13002
8238 3 1 1 1 1 1 1 1 1 1 1 1 1 `純淨的黃金增幅書` `` 13006
8263 1 1 1 1 1 1 1 1 1 1 1 1 1 `` `` 13002
8292 3 1 1 1 1 1 1 1 1 1 1 1 1 `1％ +12 裝備強化券` `` 13006
8293 3 1 1 1 1 1 1 1 1 1 1 1 1 `5％ +7 裝備強化券` `` 13006
8294 3 1 1 1 1 1 1 1 1 1 1 1 1 `5％ +10 裝備強化券` `` 13006
8295 3 1 1 1 1 1 1 1 1 1 1 1 1 `5％ +12 裝備強化券` `` 13006
8296 3 1 1 1 1 1 1 1 1 1 1 1 1 `10％ +7 裝備強化券` `` 13006
8297 3 1 1 1 1 1 1 1 1 1 1 1 1 `10％ +10 裝備強化券` `` 13006
8298 3 1 1 1 1 1 1 1 1 1 1 1 1 `10％ +12 裝備強化券` `` 13006
8299 3 1 1 1 1 1 1 1 1 1 1 1 1 `30％ +7 裝備強化券` `` 13006
8300 3 1 1 1 1 1 1 1 1 1 1 1 1 `30％ +10 裝備強化券` `` 13006
8301 3 1 1 1 1 1 1 1 1 1 1 1 1 `30％ +12 裝備強化券` `` 13006
8302 3 1 1 1 1 1 1 1 1 1 1 1 1 `50％ +7 裝備強化券` `` 13006
8303 3 1 1 1 1 1 1 1 1 1 1 1 1 `50％ +10 裝備強化券` `` 13006
8304 3 1 1 1 1 1 1 1 1 1 1 1 1 `50％ +12 裝備強化券` `` 13006
8305 3 1 1 1 1 1 1 1 1 1 1 1 1 `90％ +7 裝備強化券` `` 13006
8306 3 1 1 1 1 1 1 1 1 1 1 1 1 `90％ +10 裝備強化券` `` 13006
8307 3 1 1 1 1 1 1 1 1 1 1 1 1 `90％ +12 裝備強化券` `` 13006
8308 3 1 1 1 1 1 1 1 1 1 1 1 1 `+12 黑鐵裝備增幅券` `` 13006
8309 3 1 1 1 1 1 1 1 1 1 1 1 1 ` +7 初級裝備增幅券` `` 13006
8310 3 1 1 1 1 1 1 1 1 1 1 1 1 `((` `` 13006
8311 3 1 1 1 1 1 1 1 1 1 1 1 1 `+12 青銅裝備增幅券` `` 13006
8312 3 1 1 1 1 1 1 1 1 1 1 1 1 ` +7 中級裝備增幅券 ` `` 13006
8313 3 1 1 1 1 1 1 1 1 1 1 1 1 `+10 白銀裝備增幅券 ` `` 13006
8314 3 1 1 1 1 1 1 1 1 1 1 1 1 `+12 白銀裝備增幅券` `` 13006
8315 3 1 1 1 1 1 1 1 1 1 1 1 1 `+7 高級裝備增幅券 ` `` 13006
8316 3 1 1 1 1 1 1 1 1 1 1 1 1 `+10 黃金裝備增幅券 ` `` 13006
8317 3 1 1 1 1 1 1 1 1 1 1 1 1 `+12 黃金裝備增幅券` `` 13006
8318 3 1 1 1 1 1 1 1 1 1 1 1 1 `+7 特級裝備增幅券 ` `` 13006
8319 3 1 1 1 1 1 1 1 1 1 1 1 1 `+10 鉑金裝備增幅券 ` `` 13006
8320 3 1 1 1 1 1 1 1 1 1 1 1 1 `+12 鉑金裝備增幅券` `` 13006
8321 3 1 1 1 1 1 1 1 1 1 1 1 1 `+7 頂級裝備增幅券 ` `` 13006
8322 3 1 1 1 1 1 1 1 1 1 1 1 1 `+10 鑽石裝備增幅券 ` `` 13006
8323 3 1 1 1 1 1 1 1 1 1 1 1 1 `+12 鑽石裝備增幅券` `` 13006
8325 3 1 1 1 1 1 1 1 1 1 1 1 1 `青銅裝備增幅保護券` `` 13002
8326 3 1 1 1 1 1 1 1 1 1 1 1 1 `黑鐵裝備增幅保護券` `` 13002
8327 2 1 1 1 1 1 1 1 1 1 1 1 1 `稀有克隆裝扮單件禮盒` `` 13001
8331 2 1 1 1 1 1 1 1 1 1 1 1 1 `韓服稀有裝扮單件禮盒` `` 13001
8348 3 1 1 1 1 1 1 1 1 1 1 1 1 ` +7 翡翠裝備增幅券 ` `` 13006
8347 3 1 1 1 1 1 1 1 1 1 1 1 1 `+10 翡翠裝備增幅券 ` `` 13006
8386 2 1 1 1 1 1 1 1 1 1 1 1 1 `稀有克隆裝扮套裝禮盒` `` 13001
8387 2 1 1 1 1 1 1 1 1 1 1 1 1 `韓服稀有裝扮套裝禮盒` `` 13001
8398 2 1 1 1 1 1 1 1 1 1 1 1 1 `` `` 13001
8406 2 1 1 1 1 1 1 1 1 1 1 1 1 `` `` 13002
8407 2 1 1 1 1 1 1 1 1 1 1 1 1 `` `` 13002
8408 2 1 1 1 1 1 1 1 1 1 1 1 1 `` `` 13002
8409 2 1 1 1 1 1 1 1 1 1 1 1 1 `` `` 13002
8410 2 1 1 1 1 1 1 1 1 1 1 1 1 `` `` 13002
8411 2 1 1 1 1 1 1 1 1 1 1 1 1 `` `` 13002
8412 2 1 1 1 1 1 1 1 1 1 1 1 1 `` `` 13002
8413 3 1 1 1 1 1 1 1 1 1 1 1 1 `` `` 13001
8417 3 1 1 1 1 1 1 1 1 1 1 1 1 `` `` 13001
8416 3 1 1 1 1 1 1 1 1 1 1 1 1 `` `` 13001
8425 3 1 1 1 1 1 1 1 1 1 1 1 1 `name_8425` `` 13006
8424 3 1 1 1 1 1 1 1 1 1 1 1 1 `name_8424` `` 13006
8427 3 1 1 1 1 1 1 1 1 1 1 1 1 `name_8427` `` 13006
8426 3 1 1 1 1 1 1 1 1 1 1 1 1 `name_8426` `` 13006
8429 3 1 1 1 1 1 1 1 1 1 1 1 1 `name_8429` `` 13006
8428 3 1 1 1 1 1 1 1 1 1 1 1 1 `name_8428` `` 13006
8430 3 1 1 1 1 1 1 1 1 1 1 1 1 `name_8430` `` 13006
8431 3 1 1 1 1 1 1 1 1 1 1 1 1 `name_8431` `` 13006
8432 3 1 1 1 1 1 1 1 1 1 1 1 1 `name_8432` `` 13006
8434 3 1 1 1 1 1 1 1 1 1 1 1 1 `name_8434` `` 13006
8433 3 1 1 1 1 1 1 1 1 1 1 1 1 `name_8433` `` 13006
8435 3 1 1 1 1 1 1 1 1 1 1 1 1 `name_8435` `` 13006
8436 3 1 1 1 1 1 1 1 1 1 1 1 1 `name_8436` `` 13006
8437 3 1 1 1 1 1 1 1 1 1 1 1 1 `name_8437` `` 13006
8438 3 1 1 1 1 1 1 1 1 1 1 1 1 `name_8438` `` 13006
8439 3 1 1 1 1 1 1 1 1 1 1 1 1 `name_8439` `` 13006
8440 3 1 1 1 1 1 1 1 1 1 1 1 1 `name_8440` `` 13006
8441 3 1 1 1 1 1 1 1 1 1 1 1 1 `name_8441` `` 13006
8442 3 1 1 1 1 1 1 1 1 1 1 1 1 `name_8442` `` 13006
8443 3 1 1 1 1 1 1 1 1 1 1 1 1 `name_8443` `` 13006
8444 3 1 1 1 1 1 1 1 1 1 1 1 1 `name_8444` `` 13006
8445 3 1 1 1 1 1 1 1 1 1 1 1 1 `name_8445` `` 13006
8446 3 1 1 1 1 1 1 1 1 1 1 1 1 `name_8446` `` 13006
8447 3 1 1 1 1 1 1 1 1 1 1 1 1 `name_8447` `` 13006
8450 3 1 1 1 1 1 1 1 1 1 1 1 1 `name_8450` `` 13006
8449 3 1 1 1 1 1 1 1 1 1 1 1 1 `name_8449` `` 13006
8448 3 1 1 1 1 1 1 1 1 1 1 1 1 `name_8448` `` 13006
8451 3 1 1 1 1 1 1 1 1 1 1 1 1 `name_8451` `` 13006
8452 3 1 1 1 1 1 1 1 1 1 1 1 1 `name_8452` `` 13006
8453 3 1 1 1 1 1 1 1 1 1 1 1 1 `name_8453` `` 13006
8454 3 1 1 1 1 1 1 1 1 1 1 1 1 `name_8454` `` 13006
8455 3 1 1 1 1 1 1 1 1 1 1 1 1 `name_8455` `` 13006
8494 2 1 1 1 1 1 1 1 1 1 1 1 1 `神秘的免費入場券袋` `` 13001
8650 2 1 1 1 1 1 1 1 1 1 1 1 1 `火罐的名品黃金缸-鬼劍士` `` 13001
8652 2 1 1 1 1 1 1 1 1 1 1 1 1 `火罐的名品黃金缸-神槍手武器` `` 13001
8654 2 1 1 1 1 1 1 1 1 1 1 1 1 `火罐的名品黃金缸-圣職者武器` `` 13001
8653 2 1 1 1 1 1 1 1 1 1 1 1 1 `火罐的名品黃金缸-法師武器` `` 13001
8651 2 1 1 1 1 1 1 1 1 1 1 1 1 `火罐的名品黃金缸-格斗家武器` `` 13001
8655 2 1 1 1 1 1 1 1 1 1 1 1 1 `火罐的名品黃金缸-暗夜使者武器` `` 13001
8656 2 1 1 1 1 1 1 1 1 1 1 1 1 `火罐的名品黃金缸-布防具` `` 13001
8657 2 1 1 1 1 1 1 1 1 1 1 1 1 `火罐的名品黃金缸-皮革防具` `` 13001
8658 2 1 1 1 1 1 1 1 1 1 1 1 1 `火罐的名品黃金缸-輕甲防具` `` 13001
8659 2 1 1 1 1 1 1 1 1 1 1 1 1 `火罐的名品黃金缸-重甲防具` `` 13001
8661 1 1 1 1 1 1 1 1 1 1 1 1 1 `找不到代碼name_8661` `` 13002
8660 2 1 1 1 1 1 1 1 1 1 1 1 1 `火罐的名品黃金缸-鈑金防具` `` 13001
9400 2 1 1 1 1 1 1 1 1 1 1 1 45 `敏者的榮譽戒指  設計圖` `` 31203
9401 2 1 1 1 1 1 1 1 1 1 1 1 45 `強者的霸气戒指  設計圖` `` 31203
9402 2 1 1 1 1 1 1 1 1 1 1 1 45 `守護者的意志戒指  設計圖` `` 31203
9403 2 1 1 1 1 1 1 1 1 1 1 1 45 `斗者的信念戒指  設計圖` `` 31203
9500 2 1 1 1 1 1 1 1 1 1 1 1 34 `七星腰帶  設計圖` `` 31102
9501 2 1 1 1 1 1 1 1 1 1 1 1 34 `青龍渡海腰帶  設計圖` `` 31102
9503 2 1 1 1 1 1 1 1 1 1 1 1 19 `伽畢斯的皓月上衣  設計圖` `` 31102
9502 2 1 1 1 1 1 1 1 1 1 1 1 34 `紫羽定魂腰帶  設計圖` `` 31102
9504 2 1 1 1 1 1 1 1 1 1 1 1 29 `引魔長袍  設計圖` `` 31102
9505 2 1 1 1 1 1 1 1 1 1 1 1 39 `羽靈長袍  設計圖` `` 31102
9506 2 1 1 1 1 1 1 1 1 1 1 1 44 `夢魘縛靈長袍  設計圖` `` 31102
9507 2 1 1 1 1 1 1 1 1 1 1 1 44 `瞑想者長袍  設計圖` `` 31102
9508 2 1 1 1 1 1 1 1 1 1 1 1 44 `錦鱗上衣  設計圖` `` 31102
9509 2 1 1 1 1 1 1 1 1 1 1 1 44 `星紋長袍  設計圖` `` 31102
9510 2 1 1 1 1 1 1 1 1 1 1 1 19 `伽畢斯的皓月短褲  設計圖` `` 31102
9511 2 1 1 1 1 1 1 1 1 1 1 1 29 `引魔護腿  設計圖` `` 31102
9512 2 1 1 1 1 1 1 1 1 1 1 1 39 `羽靈護腿  設計圖` `` 31102
9513 2 1 1 1 1 1 1 1 1 1 1 1 44 `夢魘縛靈長褲  設計圖` `` 31102
9514 2 1 1 1 1 1 1 1 1 1 1 1 44 `瞑想者護腿  設計圖` `` 31102
9515 2 1 1 1 1 1 1 1 1 1 1 1 44 `錦鱗長褲  設計圖` `` 31102
9516 2 1 1 1 1 1 1 1 1 1 1 1 44 `星紋護腿  設計圖` `` 31102
9517 2 1 1 1 1 1 1 1 1 1 1 1 19 `伽畢斯的皓月肩甲  設計圖` `` 31102
9518 2 1 1 1 1 1 1 1 1 1 1 1 24 `引魔護肩  設計圖` `` 31102
9519 2 1 1 1 1 1 1 1 1 1 1 1 34 `羽靈護肩  設計圖` `` 31102
9520 2 1 1 1 1 1 1 1 1 1 1 1 39 `夢魘縛靈護肩  設計圖` `` 31102
9521 2 1 1 1 1 1 1 1 1 1 1 1 39 `瞑想者斗篷  設計圖` `` 31102
9523 2 1 1 1 1 1 1 1 1 1 1 1 39 `星紋斗篷  設計圖` `` 31102
9522 2 1 1 1 1 1 1 1 1 1 1 1 39 `錦鱗護肩  設計圖` `` 31102
9524 2 1 1 1 1 1 1 1 1 1 1 1 19 `伽畢斯的皓月短靴  設計圖` `` 31102
9525 2 1 1 1 1 1 1 1 1 1 1 1 24 `引魔短靴  設計圖` `` 31102
9527 2 1 1 1 1 1 1 1 1 1 1 1 39 `夢魘縛靈短靴  設計圖` `` 31102
9528 2 1 1 1 1 1 1 1 1 1 1 1 39 `瞑想者短靴  設計圖` `` 31102
9526 2 1 1 1 1 1 1 1 1 1 1 1 34 `羽靈短靴  設計圖` `` 31102
9529 2 1 1 1 1 1 1 1 1 1 1 1 39 `錦鱗短靴  設計圖` `` 31102
9530 2 1 1 1 1 1 1 1 1 1 1 1 39 `星紋短靴  設計圖` `` 31102
9531 2 1 1 1 1 1 1 1 1 1 1 1 19 `伽畢斯的皓月腰帶  設計圖` `` 31102
9532 2 1 1 1 1 1 1 1 1 1 1 1 24 `引魔腰帶  設計圖` `` 31102
9533 2 1 1 1 1 1 1 1 1 1 1 1 34 `羽靈腰帶  設計圖` `` 31102
9534 2 1 1 1 1 1 1 1 1 1 1 1 39 `夢魘縛靈腰帶  設計圖` `` 31102
9535 2 1 1 1 1 1 1 1 1 1 1 1 39 `瞑想者腰帶  設計圖` `` 31102
9536 2 1 1 1 1 1 1 1 1 1 1 1 39 `錦鱗腰帶  設計圖` `` 31102
9537 2 1 1 1 1 1 1 1 1 1 1 1 39 `星紋腰帶  設計圖` `` 31102
9538 2 1 1 1 1 1 1 1 1 1 1 1 34 `自然親和斗篷  設計圖` `` 31102
9539 2 1 1 1 1 1 1 1 1 1 1 1 39 `遠古旋魔斗篷  設計圖` `` 31102
9540 2 1 1 1 1 1 1 1 1 1 1 1 34 `自然親和腰帶  設計圖` `` 31102
9541 2 1 1 1 1 1 1 1 1 1 1 1 39 `遠古旋魔腰帶  設計圖` `` 31102
9543 2 1 1 1 1 1 1 1 1 1 1 1 24 `圣日雷影護肩  設計圖` `` 31102
9544 2 1 1 1 1 1 1 1 1 1 1 1 34 `暗黑戰印護肩  設計圖` `` 31102
9545 2 1 1 1 1 1 1 1 1 1 1 1 24 `圣日雷影腰帶  設計圖` `` 31102
9546 2 1 1 1 1 1 1 1 1 1 1 1 34 `暗黑戰印腰帶  設計圖` `` 31102
9547 2 1 1 1 1 1 1 1 1 1 1 1 24 `天帷巨獸 : 逆翎布甲護肩  設計圖` `` 31102
9548 2 1 1 1 1 1 1 1 1 1 1 1 24 `天帷巨獸 : 破曦布甲護肩  設計圖` `` 31102
9549 2 1 1 1 1 1 1 1 1 1 1 1 29 `天帷巨獸 : 精靈的雁翎布甲護肩  設計圖` `` 31102
9550 2 1 1 1 1 1 1 1 1 1 1 1 29 `天帷巨獸 : 精靈的隱靈布甲護肩  設計圖` `` 31102
9551 2 1 1 1 1 1 1 1 1 1 1 1 34 `暗黑城 : 逆翎布甲護肩  設計圖` `` 31102
9552 2 1 1 1 1 1 1 1 1 1 1 1 34 `暗黑城 : 破曦布甲護肩  設計圖` `` 31102
9553 2 1 1 1 1 1 1 1 1 1 1 1 39 `暗黑城 : 精靈的天脊布甲護肩  設計圖` `` 31102
9554 2 1 1 1 1 1 1 1 1 1 1 1 39 `暗黑城 : 精靈的隱靈布甲護肩  設計圖` `` 31102
9555 2 1 1 1 1 1 1 1 1 1 1 1 24 `天帷巨獸 : 逆翎布甲腰帶  設計圖` `` 31102
9556 2 1 1 1 1 1 1 1 1 1 1 1 24 `天帷巨獸 : 破曦布甲腰帶  設計圖` `` 31102
9557 2 1 1 1 1 1 1 1 1 1 1 1 29 `天帷巨獸 : 精靈的雁翎布甲腰帶  設計圖` `` 31102
9558 2 1 1 1 1 1 1 1 1 1 1 1 29 `天帷巨獸 : 精靈的隱靈布甲腰帶  設計圖` `` 31102
9559 2 1 1 1 1 1 1 1 1 1 1 1 34 `暗黑城 : 逆翎布甲腰帶  設計圖` `` 31102
9560 2 1 1 1 1 1 1 1 1 1 1 1 34 `暗黑城 : 破曦布甲腰帶  設計圖` `` 31102
9561 2 1 1 1 1 1 1 1 1 1 1 1 39 `暗黑城 : 精靈的天脊布甲腰帶  設計圖` `` 31102
9562 2 1 1 1 1 1 1 1 1 1 1 1 39 `暗黑城 : 精靈的隱靈布甲腰帶  設計圖` `` 31102
9563 2 1 1 1 1 1 1 1 1 1 1 1 54 `瘋狂工程師的斗篷  設計圖` `` 31102
9564 2 1 1 1 1 1 1 1 1 1 1 1 54 `歸隱的武士斗篷  設計圖` `` 31102
9565 2 1 1 1 1 1 1 1 1 1 1 1 54 `流云惊月斗篷  設計圖` `` 31102
9566 2 1 1 1 1 1 1 1 1 1 1 1 54 `無盡的元素之力護肩  設計圖` `` 31102
9568 2 1 1 1 1 1 1 1 1 1 1 1 54 `靈魂之信仰護肩  設計圖` `` 31102
9567 2 1 1 1 1 1 1 1 1 1 1 1 54 `契約支配者護肩  設計圖` `` 31102
9570 2 1 1 1 1 1 1 1 1 1 1 1 59 `懲戒之反擊護肩  設計圖` `` 31102
9569 2 1 1 1 1 1 1 1 1 1 1 1 59 `碧波印月斗篷  設計圖` `` 31102
9571 2 1 1 1 1 1 1 1 1 1 1 1 59 `陣法之奧秘護肩  設計圖` `` 31102
9572 2 1 1 1 1 1 1 1 1 1 1 1 59 `自然之和諧護肩  設計圖` `` 31102
9573 2 1 1 1 1 1 1 1 1 1 1 1 59 `天空之翼護肩  設計圖` `` 31102
9575 2 1 1 1 1 1 1 1 1 1 1 1 54 `瘋狂工程師的腰帶  設計圖` `` 31102
9574 2 1 1 1 1 1 1 1 1 1 1 1 59 `傲慢的祭祀者護肩  設計圖` `` 31102
9576 2 1 1 1 1 1 1 1 1 1 1 1 54 `歸隱的武士腰帶  設計圖` `` 31102
9577 2 1 1 1 1 1 1 1 1 1 1 1 54 `流云惊月腰帶  設計圖` `` 31102
9578 2 1 1 1 1 1 1 1 1 1 1 1 54 `無盡的元素之力腰帶  設計圖` `` 31102
9579 2 1 1 1 1 1 1 1 1 1 1 1 54 `契約支配者腰帶  設計圖` `` 31102
9580 2 1 1 1 1 1 1 1 1 1 1 1 54 `靈魂之信仰腰帶  設計圖` `` 31102
9581 2 1 1 1 1 1 1 1 1 1 1 1 59 `碧波印月腰帶  設計圖` `` 31102
9582 2 1 1 1 1 1 1 1 1 1 1 1 59 `懲戒之反擊腰帶  設計圖` `` 31102
9583 2 1 1 1 1 1 1 1 1 1 1 1 59 `陣法之奧秘腰帶  設計圖` `` 31102
9584 2 1 1 1 1 1 1 1 1 1 1 1 59 `自然之和諧腰帶  設計圖` `` 31102
9585 2 1 1 1 1 1 1 1 1 1 1 1 59 `天空之翼腰帶  設計圖` `` 31102
9586 2 1 1 1 1 1 1 1 1 1 1 1 59 `傲慢的祭祀者腰帶  設計圖` `` 31102
9587 2 1 1 1 1 1 1 1 1 1 1 1 64 `机械工程師護肩  設計圖` `` 31102
9588 2 1 1 1 1 1 1 1 1 1 1 1 64 `古巴比倫護肩  設計圖` `` 31102
9589 2 1 1 1 1 1 1 1 1 1 1 1 64 `無盡之魂斗篷  設計圖` `` 31102
9590 2 1 1 1 1 1 1 1 1 1 1 1 64 `王者之尊護肩  設計圖` `` 31102
9591 2 1 1 1 1 1 1 1 1 1 1 1 64 `王之威嚴護肩  設計圖` `` 31102
9592 2 1 1 1 1 1 1 1 1 1 1 1 64 `泣靈之紗護肩  設計圖` `` 31102
9593 2 1 1 1 1 1 1 1 1 1 1 1 64 `机械工程師腰帶  設計圖` `` 31102
9594 2 1 1 1 1 1 1 1 1 1 1 1 64 `古巴比倫腰帶  設計圖` `` 31102
9595 2 1 1 1 1 1 1 1 1 1 1 1 64 `無盡之魂腰帶  設計圖` `` 31102
9596 2 1 1 1 1 1 1 1 1 1 1 1 64 `王者之尊腰帶  設計圖` `` 31102
9597 2 1 1 1 1 1 1 1 1 1 1 1 64 `王之威嚴腰帶  設計圖` `` 31102
9598 2 1 1 1 1 1 1 1 1 1 1 1 64 `泣靈之紗腰帶  設計圖` `` 31102
9600 2 1 1 1 1 1 1 1 1 1 1 1 19 `赤星皮靴  設計圖` `` 31103
9601 2 1 1 1 1 1 1 1 1 1 1 1 34 `翼影皮靴  設計圖` `` 31103
9602 2 1 1 1 1 1 1 1 1 1 1 1 39 `傲凰皮靴  設計圖` `` 31103
9603 2 1 1 1 1 1 1 1 1 1 1 1 39 `噬龍皮靴  設計圖` `` 31103
9604 2 1 1 1 1 1 1 1 1 1 1 1 39 `暴風雨神皮靴  設計圖` `` 31103
9605 2 1 1 1 1 1 1 1 1 1 1 1 19 `赤星腰帶  設計圖` `` 31103
9606 2 1 1 1 1 1 1 1 1 1 1 1 34 `翼影腰帶  設計圖` `` 31103
9607 2 1 1 1 1 1 1 1 1 1 1 1 39 `傲凰腰帶  設計圖` `` 31103
9608 2 1 1 1 1 1 1 1 1 1 1 1 39 `噬龍腰帶  設計圖` `` 31103
9609 2 1 1 1 1 1 1 1 1 1 1 1 39 `暴風雨神腰帶  設計圖` `` 31103
9617 2 1 1 1 1 1 1 1 1 1 1 1 24 `天帷巨獸 : 赤龍皮甲護肩  設計圖` `` 31103
9618 2 1 1 1 1 1 1 1 1 1 1 1 24 `天帷巨獸 : 斬影皮甲護肩  設計圖` `` 31103
9619 2 1 1 1 1 1 1 1 1 1 1 1 29 `天帷巨獸 : 精靈的夜麟皮甲護肩  設計圖` `` 31103
9620 2 1 1 1 1 1 1 1 1 1 1 1 29 `天帷巨獸 : 精靈的天襲皮甲護肩  設計圖` `` 31103
9621 2 1 1 1 1 1 1 1 1 1 1 1 34 `暗黑城 : 赤龍皮甲護肩  設計圖` `` 31103
9622 2 1 1 1 1 1 1 1 1 1 1 1 34 `暗黑城 : 斬影皮甲護肩  設計圖` `` 31103
9623 2 1 1 1 1 1 1 1 1 1 1 1 39 `暗黑城 : 精靈的夜麟皮甲護肩  設計圖` `` 31103
9625 2 1 1 1 1 1 1 1 1 1 1 1 24 `天帷巨獸 : 赤龍皮甲腰帶  設計圖` `` 31103
9624 2 1 1 1 1 1 1 1 1 1 1 1 39 `暗黑城 : 精靈的天襲皮甲護肩  設計圖` `` 31103
9627 2 1 1 1 1 1 1 1 1 1 1 1 29 `天帷巨獸 : 精靈的夜麟皮甲腰帶  設計圖` `` 31103
9626 2 1 1 1 1 1 1 1 1 1 1 1 24 `天帷巨獸 : 斬影皮甲腰帶  設計圖` `` 31103
9628 2 1 1 1 1 1 1 1 1 1 1 1 29 `天帷巨獸 : 精靈的天襲皮甲腰帶  設計圖` `` 31103
9629 2 1 1 1 1 1 1 1 1 1 1 1 34 `暗黑城 : 赤龍皮甲腰帶  設計圖` `` 31103
9630 2 1 1 1 1 1 1 1 1 1 1 1 34 `暗黑城 : 斬影皮甲腰帶  設計圖` `` 31103
9631 2 1 1 1 1 1 1 1 1 1 1 1 39 `暗黑城 : 精靈的夜麟皮甲腰帶  設計圖` `` 31103
9632 2 1 1 1 1 1 1 1 1 1 1 1 39 `暗黑城 : 精靈的天襲皮甲腰帶  設計圖` `` 31103
9633 2 1 1 1 1 1 1 1 1 1 1 1 34 `恐懼女巫的羊皮護肩  設計圖` `` 31103
9634 2 1 1 1 1 1 1 1 1 1 1 1 39 `燃燒魔女的南瓜護肩  設計圖` `` 31103
9635 2 1 1 1 1 1 1 1 1 1 1 1 34 `恐懼女巫的羊皮腰帶  設計圖` `` 31103
9636 2 1 1 1 1 1 1 1 1 1 1 1 39 `燃燒魔女的南瓜腰帶  設計圖` `` 31103
9637 2 1 1 1 1 1 1 1 1 1 1 1 34 `卡諾凡恩皮護肩  設計圖` `` 31103
9638 2 1 1 1 1 1 1 1 1 1 1 1 39 `斯匹奧皮護肩  設計圖` `` 31103
9639 2 1 1 1 1 1 1 1 1 1 1 1 34 `卡諾凡恩皮腰帶  設計圖` `` 31103
9640 2 1 1 1 1 1 1 1 1 1 1 1 39 `斯匹奧皮腰帶  設計圖` `` 31103
9641 2 1 1 1 1 1 1 1 1 1 1 1 54 `西部槍手護肩  設計圖` `` 31103
9642 2 1 1 1 1 1 1 1 1 1 1 1 54 `巨鯨之王護肩  設計圖` `` 31103
9643 2 1 1 1 1 1 1 1 1 1 1 1 54 `暮星護肩  設計圖` `` 31103
9644 2 1 1 1 1 1 1 1 1 1 1 1 54 `慈悲之心護肩  設計圖` `` 31103
9645 2 1 1 1 1 1 1 1 1 1 1 1 54 `精靈的智慧護肩  設計圖` `` 31103
9646 2 1 1 1 1 1 1 1 1 1 1 1 59 `槍之煙霧護肩  設計圖` `` 31103
9647 2 1 1 1 1 1 1 1 1 1 1 1 59 `王族戰士護肩  設計圖` `` 31103
9648 2 1 1 1 1 1 1 1 1 1 1 1 59 `公會守護者護肩  設計圖` `` 31103
9649 2 1 1 1 1 1 1 1 1 1 1 1 59 `戰爭預言家護肩  設計圖` `` 31103
9650 2 1 1 1 1 1 1 1 1 1 1 1 59 `輝煌之祈愿護肩  設計圖` `` 31103
9651 2 1 1 1 1 1 1 1 1 1 1 1 54 `西部槍手腰帶  設計圖` `` 31103
9652 2 1 1 1 1 1 1 1 1 1 1 1 54 `巨鯨之王腰帶  設計圖` `` 31103
9653 2 1 1 1 1 1 1 1 1 1 1 1 54 `暮星腰帶  設計圖` `` 31103
9654 2 1 1 1 1 1 1 1 1 1 1 1 54 `慈悲之心腰帶  設計圖` `` 31103
9655 2 1 1 1 1 1 1 1 1 1 1 1 54 `精靈的智慧腰帶  設計圖` `` 31103
9656 2 1 1 1 1 1 1 1 1 1 1 1 59 `槍之煙霧腰帶  設計圖` `` 31103
9658 2 1 1 1 1 1 1 1 1 1 1 1 59 `公會守護者腰帶  設計圖` `` 31103
9657 2 1 1 1 1 1 1 1 1 1 1 1 59 `王族戰士腰帶  設計圖` `` 31103
9660 2 1 1 1 1 1 1 1 1 1 1 1 59 `輝煌之祈愿腰帶  設計圖` `` 31103
9661 2 1 1 1 1 1 1 1 1 1 1 1 64 `西部奇兵護肩  設計圖` `` 31103
9659 2 1 1 1 1 1 1 1 1 1 1 1 59 `戰爭預言家腰帶  設計圖` `` 31103
9662 2 1 1 1 1 1 1 1 1 1 1 1 64 `軍事狂潮護肩  設計圖` `` 31103
9663 2 1 1 1 1 1 1 1 1 1 1 1 64 `鋼鐵亡靈護肩  設計圖` `` 31103
9664 2 1 1 1 1 1 1 1 1 1 1 1 64 `獵豹冥紋護肩  設計圖` `` 31103
9665 2 1 1 1 1 1 1 1 1 1 1 1 64 `魔幻精靈護肩  設計圖` `` 31103
9666 2 1 1 1 1 1 1 1 1 1 1 1 64 `西部奇兵腰帶  設計圖` `` 31103
9667 2 1 1 1 1 1 1 1 1 1 1 1 64 `軍事狂潮腰帶  設計圖` `` 31103
9668 2 1 1 1 1 1 1 1 1 1 1 1 64 `鋼鐵亡靈腰帶  設計圖` `` 31103
9669 2 1 1 1 1 1 1 1 1 1 1 1 64 `獵豹冥紋腰帶  設計圖` `` 31103
9670 2 1 1 1 1 1 1 1 1 1 1 1 64 `魔幻精靈腰帶  設計圖` `` 31103
9700 2 1 1 1 1 1 1 1 1 1 1 1 39 `蛟紋長靴  設計圖` `` 31104
9701 2 1 1 1 1 1 1 1 1 1 1 1 39 `蠱藤腰帶  設計圖` `` 31104
9702 2 1 1 1 1 1 1 1 1 1 1 1 39 `黃金戰士腰帶  設計圖` `` 31104
9703 2 1 1 1 1 1 1 1 1 1 1 1 39 `蛟紋腰帶  設計圖` `` 31104
9705 2 1 1 1 1 1 1 1 1 1 1 1 24 `獅鷲護肩  設計圖` `` 31104
9706 2 1 1 1 1 1 1 1 1 1 1 1 34 `破魔護肩  設計圖` `` 31104
9707 2 1 1 1 1 1 1 1 1 1 1 1 24 `獅鷲腰帶  設計圖` `` 31104
9708 2 1 1 1 1 1 1 1 1 1 1 1 34 `破魔腰帶  設計圖` `` 31104
9709 2 1 1 1 1 1 1 1 1 1 1 1 24 `天帷巨獸 : 戾龍輕甲護肩  設計圖` `` 31104
9710 2 1 1 1 1 1 1 1 1 1 1 1 24 `天帷巨獸 : 斬影輕甲護肩  設計圖` `` 31104
9711 2 1 1 1 1 1 1 1 1 1 1 1 29 `天帷巨獸 : 精靈的奔雷輕甲護肩  設計圖` `` 31104
9712 2 1 1 1 1 1 1 1 1 1 1 1 29 `天帷巨獸 : 精靈的天襲輕甲護肩  設計圖` `` 31104
9713 2 1 1 1 1 1 1 1 1 1 1 1 34 `暗黑城 : 戾龍輕甲護肩  設計圖` `` 31104
9714 2 1 1 1 1 1 1 1 1 1 1 1 34 `暗黑城 : 斬影輕甲護肩  設計圖` `` 31104
9715 2 1 1 1 1 1 1 1 1 1 1 1 39 `暗黑城 : 精靈的奔雷輕甲護肩  設計圖` `` 31104
9716 2 1 1 1 1 1 1 1 1 1 1 1 39 `暗黑城 : 精靈的天襲輕甲護肩  設計圖` `` 31104
9717 2 1 1 1 1 1 1 1 1 1 1 1 24 `天帷巨獸 : 戾龍輕甲腰帶  設計圖` `` 31104
9718 2 1 1 1 1 1 1 1 1 1 1 1 24 `天帷巨獸 : 斬影輕甲腰帶  設計圖` `` 31104
9720 2 1 1 1 1 1 1 1 1 1 1 1 29 `天帷巨獸 : 精靈的天襲輕甲腰帶  設計圖` `` 31104
9719 2 1 1 1 1 1 1 1 1 1 1 1 29 `天帷巨獸 : 精靈的奔雷輕甲腰帶  設計圖` `` 31104
9721 2 1 1 1 1 1 1 1 1 1 1 1 34 `暗黑城 : 戾龍輕甲腰帶  設計圖` `` 31104
9722 2 1 1 1 1 1 1 1 1 1 1 1 34 `暗黑城 : 斬影輕甲腰帶  設計圖` `` 31104
9723 2 1 1 1 1 1 1 1 1 1 1 1 39 `暗黑城 : 精靈的奔雷輕甲腰帶  設計圖` `` 31104
9724 2 1 1 1 1 1 1 1 1 1 1 1 39 `暗黑城 : 精靈的天襲輕甲腰帶  設計圖` `` 31104
9725 2 1 1 1 1 1 1 1 1 1 1 1 34 `拉馬斯肩甲  設計圖` `` 31104
9726 2 1 1 1 1 1 1 1 1 1 1 1 39 `哈勒斯肩甲  設計圖` `` 31104
9727 2 1 1 1 1 1 1 1 1 1 1 1 34 `拉馬斯腰帶  設計圖` `` 31104
9728 2 1 1 1 1 1 1 1 1 1 1 1 39 `哈勒斯腰帶  設計圖` `` 31104
9729 2 1 1 1 1 1 1 1 1 1 1 1 54 `精武之魂護肩  設計圖` `` 31104
9730 2 1 1 1 1 1 1 1 1 1 1 1 54 `米格拉的英雄護肩  設計圖` `` 31104
9731 2 1 1 1 1 1 1 1 1 1 1 1 54 `霸權者的智慧護肩  設計圖` `` 31104
9733 2 1 1 1 1 1 1 1 1 1 1 1 54 `拳王的獨孤護肩  設計圖` `` 31104
9732 2 1 1 1 1 1 1 1 1 1 1 1 54 `暗黑之焰護肩  設計圖` `` 31104
9734 2 1 1 1 1 1 1 1 1 1 1 1 59 `黑豹突擊者護肩  設計圖` `` 31104
9735 2 1 1 1 1 1 1 1 1 1 1 1 59 `風暴追擊者護肩  設計圖` `` 31104
9736 2 1 1 1 1 1 1 1 1 1 1 1 59 `戰神的兵戎護肩  設計圖` `` 31104
9737 2 1 1 1 1 1 1 1 1 1 1 1 59 `響尾蛇的誘惑護肩  設計圖` `` 31104
9738 2 1 1 1 1 1 1 1 1 1 1 1 59 `白馬之影護肩  設計圖` `` 31104
9739 2 1 1 1 1 1 1 1 1 1 1 1 54 `精武之魂腰帶  設計圖` `` 31104
9740 2 1 1 1 1 1 1 1 1 1 1 1 54 `米格拉的英雄腰帶  設計圖` `` 31104
9741 2 1 1 1 1 1 1 1 1 1 1 1 54 `霸權者的智慧腰帶  設計圖` `` 31104
9742 2 1 1 1 1 1 1 1 1 1 1 1 54 `暗黑之焰腰帶  設計圖` `` 31104
9743 2 1 1 1 1 1 1 1 1 1 1 1 54 `拳王的獨孤腰帶  設計圖` `` 31104
9744 2 1 1 1 1 1 1 1 1 1 1 1 59 `黑豹突擊者腰帶  設計圖` `` 31104
9745 2 1 1 1 1 1 1 1 1 1 1 1 59 `風暴追擊者腰帶  設計圖` `` 31104
9746 2 1 1 1 1 1 1 1 1 1 1 1 59 `戰神的兵戎腰帶  設計圖` `` 31104
9747 2 1 1 1 1 1 1 1 1 1 1 1 59 `響尾蛇的誘惑腰帶  設計圖` `` 31104
9748 2 1 1 1 1 1 1 1 1 1 1 1 59 `白馬之影腰帶  設計圖` `` 31104
9749 2 1 1 1 1 1 1 1 1 1 1 1 64 `冶煉鋼甲護肩  設計圖` `` 31104
9750 2 1 1 1 1 1 1 1 1 1 1 1 64 `亡命靈魂肩甲  設計圖` `` 31104
9751 2 1 1 1 1 1 1 1 1 1 1 1 64 `逐光護肩  設計圖` `` 31104
9752 2 1 1 1 1 1 1 1 1 1 1 1 64 `命運逆轉護肩  設計圖` `` 31104
9753 2 1 1 1 1 1 1 1 1 1 1 1 64 `聚力之魂肩甲  設計圖` `` 31104
9754 2 1 1 1 1 1 1 1 1 1 1 1 64 `冶煉鋼甲腰帶  設計圖` `` 31104
9755 2 1 1 1 1 1 1 1 1 1 1 1 64 `亡命靈魂腰帶  設計圖` `` 31104
9756 2 1 1 1 1 1 1 1 1 1 1 1 64 `逐光腰帶  設計圖` `` 31104
9757 2 1 1 1 1 1 1 1 1 1 1 1 64 `命運逆轉腰帶  設計圖` `` 31104
9758 2 1 1 1 1 1 1 1 1 1 1 1 64 `聚力之魂腰帶  設計圖` `` 31104
9800 2 1 1 1 1 1 1 1 1 1 1 1 39 `藍水晶護肩  設計圖` `` 31105
9801 2 1 1 1 1 1 1 1 1 1 1 1 39 `EL-XM25護肩  設計圖` `` 31105
9802 2 1 1 1 1 1 1 1 1 1 1 1 39 `紫金長靴  設計圖` `` 31105
9803 2 1 1 1 1 1 1 1 1 1 1 1 39 `藍水晶長靴  設計圖` `` 31105
9804 2 1 1 1 1 1 1 1 1 1 1 1 39 `EL-XM25長靴  設計圖` `` 31105
9805 2 1 1 1 1 1 1 1 1 1 1 1 39 `紫金腰帶  設計圖` `` 31105
9806 2 1 1 1 1 1 1 1 1 1 1 1 39 `藍水晶腰帶  設計圖` `` 31105
9807 2 1 1 1 1 1 1 1 1 1 1 1 39 `EL-XM25腰帶  設計圖` `` 31105
9814 2 1 1 1 1 1 1 1 1 1 1 1 34 `黎明七星護肩  設計圖` `` 31106
9815 2 1 1 1 1 1 1 1 1 1 1 1 24 `正義守護腰帶  設計圖` `` 31106
9813 2 1 1 1 1 1 1 1 1 1 1 1 24 `正義守護肩甲  設計圖` `` 31106
9816 2 1 1 1 1 1 1 1 1 1 1 1 34 `黎明七星腰帶  設計圖` `` 31106
9818 2 1 1 1 1 1 1 1 1 1 1 1 24 `天帷巨獸 : 斬影重甲護肩  設計圖` `` 31105
9817 2 1 1 1 1 1 1 1 1 1 1 1 24 `天帷巨獸 : 戾龍重甲護肩  設計圖` `` 31105
9819 2 1 1 1 1 1 1 1 1 1 1 1 29 `天帷巨獸 : 精靈的銀刃重甲護肩  設計圖` `` 31105
9820 2 1 1 1 1 1 1 1 1 1 1 1 29 `天帷巨獸 : 精靈的蒼蟒重甲護肩  設計圖` `` 31105
9821 2 1 1 1 1 1 1 1 1 1 1 1 34 `暗黑城 : 戾龍重甲護肩  設計圖` `` 31105
9822 2 1 1 1 1 1 1 1 1 1 1 1 34 `暗黑城 : 斬影重甲護肩  設計圖` `` 31105
9823 2 1 1 1 1 1 1 1 1 1 1 1 39 `暗黑城 : 精靈的銀刃重甲護肩  設計圖` `` 31105
9824 2 1 1 1 1 1 1 1 1 1 1 1 39 `暗黑城 : 精靈的蒼蟒重甲護肩  設計圖` `` 31105
9825 2 1 1 1 1 1 1 1 1 1 1 1 24 `天帷巨獸 : 戾龍重甲腰帶  設計圖` `` 31105
9826 2 1 1 1 1 1 1 1 1 1 1 1 24 `天帷巨獸 : 斬影重甲腰帶  設計圖` `` 31105
9827 2 1 1 1 1 1 1 1 1 1 1 1 29 `天帷巨獸 : 精靈的銀刃重甲腰帶  設計圖` `` 31105
9828 2 1 1 1 1 1 1 1 1 1 1 1 29 `天帷巨獸 : 精靈的蒼蟒重甲腰帶  設計圖` `` 31105
9829 2 1 1 1 1 1 1 1 1 1 1 1 34 `暗黑城 : 戾龍重甲腰帶  設計圖` `` 31105
9830 2 1 1 1 1 1 1 1 1 1 1 1 34 `暗黑城 : 斬影重甲腰帶  設計圖` `` 31105
9831 2 1 1 1 1 1 1 1 1 1 1 1 39 `暗黑城 : 精靈的銀刃重甲腰帶  設計圖` `` 31105
9832 2 1 1 1 1 1 1 1 1 1 1 1 39 `暗黑城 : 精靈的蒼蟒重甲腰帶  設計圖` `` 31105
9833 2 1 1 1 1 1 1 1 1 1 1 1 54 `巨武器破坏者護肩  設計圖` `` 31105
9834 2 1 1 1 1 1 1 1 1 1 1 1 54 `赤煉肩甲  設計圖` `` 31105
9835 2 1 1 1 1 1 1 1 1 1 1 1 54 `血之結界護肩  設計圖` `` 31105
9836 2 1 1 1 1 1 1 1 1 1 1 1 59 `惊魂之厄運護肩  設計圖` `` 31105
9837 2 1 1 1 1 1 1 1 1 1 1 1 59 `后街之王護肩  設計圖` `` 31105
9838 2 1 1 1 1 1 1 1 1 1 1 1 59 `蒼狼戰士護肩  設計圖` `` 31105
9839 2 1 1 1 1 1 1 1 1 1 1 1 54 `巨武器破坏者腰帶  設計圖` `` 31105
9840 2 1 1 1 1 1 1 1 1 1 1 1 54 `赤煉腰帶  設計圖` `` 31105
9841 2 1 1 1 1 1 1 1 1 1 1 1 54 `血之結界腰帶  設計圖` `` 31105
9842 2 1 1 1 1 1 1 1 1 1 1 1 59 `惊魂之厄運腰帶  設計圖` `` 31105
9843 2 1 1 1 1 1 1 1 1 1 1 1 59 `后街之王腰帶  設計圖` `` 31105
9844 2 1 1 1 1 1 1 1 1 1 1 1 59 `蒼狼戰士腰帶  設計圖` `` 31105
9845 2 1 1 1 1 1 1 1 1 1 1 1 19 `惡靈騎士戰甲  設計圖` `` 31105
9846 2 1 1 1 1 1 1 1 1 1 1 1 24 `亡者之怒戰甲  設計圖` `` 31105
9847 2 1 1 1 1 1 1 1 1 1 1 1 29 `地獄天使胸甲  設計圖` `` 31105
9848 2 1 1 1 1 1 1 1 1 1 1 1 34 `惡魔之侍胸甲  設計圖` `` 31105
9849 2 1 1 1 1 1 1 1 1 1 1 1 39 `狂魔風舞戰甲  設計圖` `` 31105
9850 2 1 1 1 1 1 1 1 1 1 1 1 44 `蒼茫之惡胸甲  設計圖` `` 31105
9851 2 1 1 1 1 1 1 1 1 1 1 1 19 `惡靈騎士腿甲  設計圖` `` 31105
9852 2 1 1 1 1 1 1 1 1 1 1 1 24 `亡者之怒腿甲  設計圖` `` 31105
9853 2 1 1 1 1 1 1 1 1 1 1 1 29 `地獄天使腿甲  設計圖` `` 31105
9854 2 1 1 1 1 1 1 1 1 1 1 1 34 `惡魔之侍綁腿  設計圖` `` 31105
9855 2 1 1 1 1 1 1 1 1 1 1 1 39 `狂魔風舞護腿  設計圖` `` 31105
9857 2 1 1 1 1 1 1 1 1 1 1 1 14 `惡靈騎士肩甲  設計圖` `` 31105
9856 2 1 1 1 1 1 1 1 1 1 1 1 44 `蒼茫之惡腿甲  設計圖` `` 31105
9858 2 1 1 1 1 1 1 1 1 1 1 1 19 `亡者之怒護肩  設計圖` `` 31105
9859 2 1 1 1 1 1 1 1 1 1 1 1 24 `地獄天使護肩  設計圖` `` 31105
9860 2 1 1 1 1 1 1 1 1 1 1 1 29 `惡魔之侍肩甲  設計圖` `` 31105
9861 2 1 1 1 1 1 1 1 1 1 1 1 34 `狂魔風舞護肩  設計圖` `` 31105
9863 2 1 1 1 1 1 1 1 1 1 1 1 14 `惡靈騎士腰帶  設計圖` `` 31105
9862 2 1 1 1 1 1 1 1 1 1 1 1 39 `蒼茫之惡護肩  設計圖` `` 31105
9864 2 1 1 1 1 1 1 1 1 1 1 1 19 `亡者之怒腰帶  設計圖` `` 31105
9865 2 1 1 1 1 1 1 1 1 1 1 1 24 `地獄天使腰帶  設計圖` `` 31105
9866 2 1 1 1 1 1 1 1 1 1 1 1 29 `惡魔之侍腰帶  設計圖` `` 31105
9867 2 1 1 1 1 1 1 1 1 1 1 1 34 `狂魔風舞腰帶  設計圖` `` 31105
9868 2 1 1 1 1 1 1 1 1 1 1 1 39 `蒼茫之惡腰帶  設計圖` `` 31105
9869 2 1 1 1 1 1 1 1 1 1 1 1 14 `惡靈騎士戰靴  設計圖` `` 31105
9870 2 1 1 1 1 1 1 1 1 1 1 1 19 `亡者之怒戰靴  設計圖` `` 31105
9871 2 1 1 1 1 1 1 1 1 1 1 1 24 `地獄天使短靴  設計圖` `` 31105
9872 2 1 1 1 1 1 1 1 1 1 1 1 29 `惡魔之侍短靴  設計圖` `` 31105
9873 2 1 1 1 1 1 1 1 1 1 1 1 34 `狂魔風舞戰靴  設計圖` `` 31105
9874 2 1 1 1 1 1 1 1 1 1 1 1 39 `蒼茫之惡短靴  設計圖` `` 31105
9875 2 1 1 1 1 1 1 1 1 1 1 1 54 `血色禁忌護肩  設計圖` `` 31105
9876 2 1 1 1 1 1 1 1 1 1 1 1 59 `惡魔戰魂護肩  設計圖` `` 31105
9877 2 1 1 1 1 1 1 1 1 1 1 1 54 `血色禁忌腰帶  設計圖` `` 31105
9878 2 1 1 1 1 1 1 1 1 1 1 1 59 `惡魔戰魂腰帶  設計圖` `` 31105
9879 2 1 1 1 1 1 1 1 1 1 1 1 64 `鋼鐵意志肩甲  設計圖` `` 31105
9880 2 1 1 1 1 1 1 1 1 1 1 1 64 `迅襲肩甲  設計圖` `` 31105
9881 2 1 1 1 1 1 1 1 1 1 1 1 64 `凶神之煞護肩  設計圖` `` 31105
9882 2 1 1 1 1 1 1 1 1 1 1 1 64 `罪惡制裁護肩  設計圖` `` 31105
9883 2 1 1 1 1 1 1 1 1 1 1 1 64 `鋼鐵意志腰帶  設計圖` `` 31105
9884 2 1 1 1 1 1 1 1 1 1 1 1 64 `迅襲腰帶  設計圖` `` 31105
9885 2 1 1 1 1 1 1 1 1 1 1 1 64 `凶神之煞腰帶  設計圖` `` 31105
9900 2 1 1 1 1 1 1 1 1 1 1 1 24 `卡露亞的希望 - 圣日護肩  設計圖` `` 31106
9886 2 1 1 1 1 1 1 1 1 1 1 1 64 `罪惡制裁腰帶  設計圖` `` 31105
9901 2 1 1 1 1 1 1 1 1 1 1 1 34 `純白之甲 - 諧音護肩  設計圖` `` 31106
9902 2 1 1 1 1 1 1 1 1 1 1 1 24 `卡露亞的希望 - 圣日腰帶  設計圖` `` 31106
9904 2 1 1 1 1 1 1 1 1 1 1 1 54 `光之流影護肩  設計圖` `` 31106
9903 2 1 1 1 1 1 1 1 1 1 1 1 34 `純白之甲 - 諧音腰帶  設計圖` `` 31106
9905 2 1 1 1 1 1 1 1 1 1 1 1 54 `守護者的獻祭護肩  設計圖` `` 31106
9906 2 1 1 1 1 1 1 1 1 1 1 1 54 `暮光信徒護肩  設計圖` `` 31106
9907 2 1 1 1 1 1 1 1 1 1 1 1 59 `絕地武士護肩  設計圖` `` 31106
9908 2 1 1 1 1 1 1 1 1 1 1 1 59 `重生之靈魂護肩  設計圖` `` 31106
9909 2 1 1 1 1 1 1 1 1 1 1 1 59 `邪惡之擊護肩  設計圖` `` 31106
9910 2 1 1 1 1 1 1 1 1 1 1 1 54 `光之流影腰帶  設計圖` `` 31106
9911 2 1 1 1 1 1 1 1 1 1 1 1 54 `守護者的獻祭腰帶  設計圖` `` 31106
9912 2 1 1 1 1 1 1 1 1 1 1 1 54 `暮光信徒腰帶  設計圖` `` 31106
9914 2 1 1 1 1 1 1 1 1 1 1 1 59 `重生之靈魂腰帶  設計圖` `` 31106
9913 2 1 1 1 1 1 1 1 1 1 1 1 59 `絕地武士腰帶  設計圖` `` 31106
9916 2 1 1 1 1 1 1 1 1 1 1 1 64 `波動奧義護肩  設計圖` `` 31106
9915 2 1 1 1 1 1 1 1 1 1 1 1 59 `邪惡之擊腰帶  設計圖` `` 31106
9917 2 1 1 1 1 1 1 1 1 1 1 1 64 `意念之守護肩甲  設計圖` `` 31106
9918 2 1 1 1 1 1 1 1 1 1 1 1 64 `金屬風暴護肩  設計圖` `` 31106
9919 2 1 1 1 1 1 1 1 1 1 1 1 64 `波動奧義腰帶  設計圖` `` 31106
9920 2 1 1 1 1 1 1 1 1 1 1 1 64 `意念之守護腰帶  設計圖` `` 31106
9921 2 1 1 1 1 1 1 1 1 1 1 1 64 `金屬風暴腰帶  設計圖` `` 31106
80000 1 1 1 1 1 1 1 1 1 1 1 1 1 `野生草莓` `` 13006
80006 0 1 1 1 1 1 1 1 1 1 1 1 1 `石頭` `` 13003
80004 0 1 1 1 1 1 1 1 1 1 1 1 1 `蒔芽樹枝` `` 13002
80007 2 1 1 1 1 1 1 1 1 1 1 1 1 `土罐的袖珍罐 (首飾)` `` 13001
2500000 0 1 1 1 1 1 1 1 1 1 1 1 1 `黯淡的紅色徽章 [力量]` `` 13006
2500002 0 1 1 1 1 1 1 1 1 1 1 1 1 `黯淡的紅色徽章 [体力]` `` 13006
2500001 0 1 1 1 1 1 1 1 1 1 1 1 1 `黯淡的紅色徽章 [智力]` `` 13006
80009 2 1 1 1 1 1 1 1 1 1 1 1 34 `純白之甲 - 諧音腰帶  設計圖` `` 31106
2500003 0 1 1 1 1 1 1 1 1 1 1 1 1 `黯淡的紅色徽章 [精神]` `` 13006
2500004 0 1 1 1 1 1 1 1 1 1 1 1 1 `黯淡的紅色徽章 [所有屬性]` `` 13006
2500005 1 1 1 1 1 1 1 1 1 1 1 1 1 `閃耀的紅色徽章 [力量]` `` 13006
2500006 1 1 1 1 1 1 1 1 1 1 1 1 1 `閃耀的紅色徽章 [力量]` `` 13006
2500007 2 1 1 1 1 1 1 1 1 1 1 1 1 `閃耀的紅色徽章 [力量]` `` 13006
2500008 1 1 1 1 1 1 1 1 1 1 1 1 1 `閃耀的紅色徽章 [智力]` `` 13006
2500009 1 1 1 1 1 1 1 1 1 1 1 1 1 `閃耀的紅色徽章 [智力]` `` 13006
2500010 2 1 1 1 1 1 1 1 1 1 1 1 1 `閃耀的紅色徽章 [智力]` `` 13006
2500011 1 1 1 1 1 1 1 1 1 1 1 1 1 `閃耀的紅色徽章 [体力]` `` 13006
2500012 1 1 1 1 1 1 1 1 1 1 1 1 1 `閃耀的紅色徽章 [体力]` `` 13006
2500013 2 1 1 1 1 1 1 1 1 1 1 1 1 `閃耀的紅色徽章 [体力]` `` 13006
2500014 1 1 1 1 1 1 1 1 1 1 1 1 1 `閃耀的紅色徽章 [精神]` `` 13006
2500015 1 1 1 1 1 1 1 1 1 1 1 1 1 `閃耀的紅色徽章 [精神]` `` 13006
2500016 2 1 1 1 1 1 1 1 1 1 1 1 1 `閃耀的紅色徽章 [精神]` `` 13006
2500017 2 1 1 1 1 1 1 1 1 1 1 1 1 `閃耀的紅色徽章 [所有屬性]` `` 13006
2500018 2 1 1 1 1 1 1 1 1 1 1 1 1 `華麗的紅色徽章 [力量]` `` 13006
2500019 2 1 1 1 1 1 1 1 1 1 1 1 1 `華麗的紅色徽章 [力量]` `` 13006
2500020 2 1 1 1 1 1 1 1 1 1 1 1 1 `華麗的紅色徽章 [力量]` `` 13006
2500021 2 1 1 1 1 1 1 1 1 1 1 1 1 `華麗的紅色徽章 [智力]` `` 13006
2500022 2 1 1 1 1 1 1 1 1 1 1 1 1 `華麗的紅色徽章 [智力]` `` 13006
2500023 2 1 1 1 1 1 1 1 1 1 1 1 1 `華麗的紅色徽章 [智力]` `` 13006
2500024 2 1 1 1 1 1 1 1 1 1 1 1 1 `華麗的紅色徽章 [体力]` `` 13006
2500025 2 1 1 1 1 1 1 1 1 1 1 1 1 `華麗的紅色徽章 [体力]` `` 13006
2500026 2 1 1 1 1 1 1 1 1 1 1 1 1 `華麗的紅色徽章 [体力]` `` 13006
2500027 2 1 1 1 1 1 1 1 1 1 1 1 1 `華麗的紅色徽章 [精神]` `` 13006
2500028 2 1 1 1 1 1 1 1 1 1 1 1 1 `華麗的紅色徽章 [精神]` `` 13006
2500029 2 1 1 1 1 1 1 1 1 1 1 1 1 `華麗的紅色徽章 [精神]` `` 13006
2500030 2 1 1 1 1 1 1 1 1 1 1 1 1 `華麗的紅色徽章 [所有屬性]` `` 13006
2500031 2 1 1 1 1 1 1 1 1 1 1 1 1 `燦爛的紅色徽章 [力量]` `` 13006
2500032 2 1 1 1 1 1 1 1 1 1 1 1 1 `燦爛的紅色徽章 [力量]` `` 13006
2500033 2 1 1 1 1 1 1 1 1 1 1 1 1 `燦爛的紅色徽章 [力量]` `` 13006
2500034 2 1 1 1 1 1 1 1 1 1 1 1 1 `燦爛的紅色徽章 [智力]` `` 13006
2500035 2 1 1 1 1 1 1 1 1 1 1 1 1 `燦爛的紅色徽章 [智力]` `` 13006
2500036 2 1 1 1 1 1 1 1 1 1 1 1 1 `燦爛的紅色徽章 [智力]` `` 13006
2500037 2 1 1 1 1 1 1 1 1 1 1 1 1 `燦爛的紅色徽章 [体力]` `` 13006
2500038 2 1 1 1 1 1 1 1 1 1 1 1 1 `燦爛的紅色徽章 [体力]` `` 13006
2500039 2 1 1 1 1 1 1 1 1 1 1 1 1 `燦爛的紅色徽章 [体力]` `` 13006
2500040 2 1 1 1 1 1 1 1 1 1 1 1 1 `燦爛的紅色徽章 [精神]` `` 13006
2500041 2 1 1 1 1 1 1 1 1 1 1 1 1 `燦爛的紅色徽章 [精神]` `` 13006
2500042 2 1 1 1 1 1 1 1 1 1 1 1 1 `燦爛的紅色徽章 [精神]` `` 13006
2500043 2 1 1 1 1 1 1 1 1 1 1 1 1 `燦爛的紅色徽章 [所有屬性]` `` 13006
2500044 2 1 1 1 1 1 1 1 1 1 1 1 1 `紅色逐夢勇士徽章 [力量]` `` 13006
2500045 2 1 1 1 1 1 1 1 1 1 1 1 1 `紅色逐夢勇士徽章 [智力]` `` 13006
2500046 2 1 1 1 1 1 1 1 1 1 1 1 1 `紅色逐夢勇士徽章 [体力]` `` 13006
2500047 2 1 1 1 1 1 1 1 1 1 1 1 1 `紅色逐夢勇士徽章 [精神]` `` 13006
2500048 2 1 1 1 1 1 1 1 1 1 1 1 1 `紅色逐夢勇士徽章 [所有屬性]` `` 13006
2500049 1 1 1 1 1 1 1 1 1 1 1 1 1 `閃耀的紅色徽章 [力量]` `` 13006
2500050 1 1 1 1 1 1 1 1 1 1 1 1 1 `閃耀的紅色徽章 [力量]` `` 13006
2500051 1 1 1 1 1 1 1 1 1 1 1 1 1 `閃耀的紅色徽章 [力量]` `` 13006
2500052 1 1 1 1 1 1 1 1 1 1 1 1 1 `閃耀的紅色徽章 [智力]` `` 13006
2500053 1 1 1 1 1 1 1 1 1 1 1 1 1 `閃耀的紅色徽章 [智力]` `` 13006
2500054 1 1 1 1 1 1 1 1 1 1 1 1 1 `閃耀的紅色徽章 [智力]` `` 13006
2500057 1 1 1 1 1 1 1 1 1 1 1 1 1 `閃耀的紅色徽章 [体力]` `` 13006
2500056 1 1 1 1 1 1 1 1 1 1 1 1 1 `閃耀的紅色徽章 [体力]` `` 13006
2500055 1 1 1 1 1 1 1 1 1 1 1 1 1 `閃耀的紅色徽章 [体力]` `` 13006
2500058 1 1 1 1 1 1 1 1 1 1 1 1 1 `閃耀的紅色徽章 [精神]` `` 13006
2500059 1 1 1 1 1 1 1 1 1 1 1 1 1 `閃耀的紅色徽章 [精神]` `` 13006
2500060 1 1 1 1 1 1 1 1 1 1 1 1 1 `閃耀的紅色徽章 [精神]` `` 13006
2500061 1 1 1 1 1 1 1 1 1 1 1 1 1 `閃耀的紅色徽章 [所有屬性]` `` 13006
2510000 0 1 1 1 1 1 1 1 1 1 1 1 1 `黯淡的黃色徽章 [施放速度]` `` 13006
2510001 0 1 1 1 1 1 1 1 1 1 1 1 1 `黯淡的黃色徽章 [硬直]` `` 13006
2510002 0 1 1 1 1 1 1 1 1 1 1 1 1 `黯淡的黃色徽章 [HP恢复]` `` 13006
2510003 0 1 1 1 1 1 1 1 1 1 1 1 1 `黯淡的黃色徽章 [攻擊速度]` `` 13006
2510006 1 1 1 1 1 1 1 1 1 1 1 1 1 `閃耀的黃色徽章 [施放速度]` `` 13006
2510005 1 1 1 1 1 1 1 1 1 1 1 1 1 `閃耀的黃色徽章 [施放速度]` `` 13006
2510004 0 1 1 1 1 1 1 1 1 1 1 1 1 `黯淡的黃色徽章 [MP恢复]` `` 13006
2510007 2 1 1 1 1 1 1 1 1 1 1 1 1 `閃耀的黃色徽章 [施放速度]` `` 13006
2510008 1 1 1 1 1 1 1 1 1 1 1 1 1 `閃耀的黃色徽章 [硬直]` `` 13006
2510009 1 1 1 1 1 1 1 1 1 1 1 1 1 `閃耀的黃色徽章 [硬直]` `` 13006
2510010 2 1 1 1 1 1 1 1 1 1 1 1 1 `閃耀的黃色徽章 [硬直]` `` 13006
2510011 1 1 1 1 1 1 1 1 1 1 1 1 1 `閃耀的黃色徽章 [HP恢复]` `` 13006
2510012 1 1 1 1 1 1 1 1 1 1 1 1 1 `閃耀的黃色徽章 [HP恢复]` `` 13006
2510013 2 1 1 1 1 1 1 1 1 1 1 1 1 `閃耀的黃色徽章 [HP恢复]` `` 13006
2510014 1 1 1 1 1 1 1 1 1 1 1 1 1 `閃耀的黃色徽章 [攻擊速度]` `` 13006
2510015 1 1 1 1 1 1 1 1 1 1 1 1 1 `閃耀的黃色徽章 [攻擊速度]` `` 13006
2510016 2 1 1 1 1 1 1 1 1 1 1 1 1 `閃耀的黃色徽章 [攻擊速度]` `` 13006
2510017 1 1 1 1 1 1 1 1 1 1 1 1 1 `閃耀的黃色徽章 [MP恢复]` `` 13006
2510018 1 1 1 1 1 1 1 1 1 1 1 1 1 `閃耀的黃色徽章 [MP恢复]` `` 13006
2510019 2 1 1 1 1 1 1 1 1 1 1 1 1 `閃耀的黃色徽章 [MP恢复]` `` 13006
2510020 2 1 1 1 1 1 1 1 1 1 1 1 1 `華麗的黃色徽章 [施放速度]` `` 13006
2510021 2 1 1 1 1 1 1 1 1 1 1 1 1 `華麗的黃色徽章 [施放速度]` `` 13006
2510022 2 1 1 1 1 1 1 1 1 1 1 1 1 `華麗的黃色徽章 [施放速度]` `` 13006
2510023 2 1 1 1 1 1 1 1 1 1 1 1 1 `華麗的黃色徽章 [硬直]` `` 13006
2510024 2 1 1 1 1 1 1 1 1 1 1 1 1 `華麗的黃色徽章 [硬直]` `` 13006
2510025 2 1 1 1 1 1 1 1 1 1 1 1 1 `華麗的黃色徽章 [硬直]` `` 13006
2510026 2 1 1 1 1 1 1 1 1 1 1 1 1 `華麗的黃色徽章 [HP恢复]` `` 13006
2510027 2 1 1 1 1 1 1 1 1 1 1 1 1 `華麗的黃色徽章 [HP恢复]` `` 13006
2510028 2 1 1 1 1 1 1 1 1 1 1 1 1 `華麗的黃色徽章 [HP恢复]` `` 13006
2510029 2 1 1 1 1 1 1 1 1 1 1 1 1 `華麗的黃色徽章 [攻擊速度]` `` 13006
2510030 2 1 1 1 1 1 1 1 1 1 1 1 1 `華麗的黃色徽章 [攻擊速度]` `` 13006
2510031 2 1 1 1 1 1 1 1 1 1 1 1 1 `華麗的黃色徽章 [攻擊速度]` `` 13006
2510032 2 1 1 1 1 1 1 1 1 1 1 1 1 `華麗的黃色徽章 [MP恢复]` `` 13006
2510033 2 1 1 1 1 1 1 1 1 1 1 1 1 `華麗的黃色徽章 [MP恢复]` `` 13006
2510034 2 1 1 1 1 1 1 1 1 1 1 1 1 `華麗的黃色徽章 [MP恢复]` `` 13006
2510035 2 1 1 1 1 1 1 1 1 1 1 1 1 `燦爛的黃色徽章 [施放速度]` `` 13006
2510036 2 1 1 1 1 1 1 1 1 1 1 1 1 `燦爛的黃色徽章 [施放速度]` `` 13006
2510037 2 1 1 1 1 1 1 1 1 1 1 1 1 `燦爛的黃色徽章 [施放速度]` `` 13006
2510038 2 1 1 1 1 1 1 1 1 1 1 1 1 `燦爛的黃色徽章 [硬直]` `` 13006
2510039 2 1 1 1 1 1 1 1 1 1 1 1 1 `燦爛的黃色徽章 [硬直]` `` 13006
2510040 2 1 1 1 1 1 1 1 1 1 1 1 1 `燦爛的黃色徽章 [硬直]` `` 13006
2510041 2 1 1 1 1 1 1 1 1 1 1 1 1 `燦爛的黃色徽章 [HP恢复]` `` 13006
2510042 2 1 1 1 1 1 1 1 1 1 1 1 1 `燦爛的黃色徽章 [HP恢复]` `` 13006
2510043 2 1 1 1 1 1 1 1 1 1 1 1 1 `燦爛的黃色徽章 [HP恢复]` `` 13006
2510044 2 1 1 1 1 1 1 1 1 1 1 1 1 `燦爛的黃色徽章 [攻擊速度]` `` 13006
2510045 2 1 1 1 1 1 1 1 1 1 1 1 1 `燦爛的黃色徽章 [攻擊速度]` `` 13006
2510046 2 1 1 1 1 1 1 1 1 1 1 1 1 `燦爛的黃色徽章 [攻擊速度]` `` 13006
2510047 2 1 1 1 1 1 1 1 1 1 1 1 1 `燦爛的黃色徽章 [MP恢复]` `` 13006
2510048 2 1 1 1 1 1 1 1 1 1 1 1 1 `燦爛的黃色徽章 [MP恢复]` `` 13006
2510049 2 1 1 1 1 1 1 1 1 1 1 1 1 `燦爛的黃色徽章 [MP恢复]` `` 13006
2510050 2 1 1 1 1 1 1 1 1 1 1 1 1 `黃色逐夢勇士徽章 [施放速度]` `` 13006
2510051 2 1 1 1 1 1 1 1 1 1 1 1 1 `黃色逐夢勇士徽章 [硬直]` `` 13006
2510052 2 1 1 1 1 1 1 1 1 1 1 1 1 `黃色逐夢勇士徽章 [HP恢复]` `` 13006
2510053 2 1 1 1 1 1 1 1 1 1 1 1 1 `黃色逐夢勇士徽章 [攻擊速度]` `` 13006
2510054 2 1 1 1 1 1 1 1 1 1 1 1 1 `黃色逐夢勇士徽章 [MP恢复]` `` 13006
2510055 1 1 1 1 1 1 1 1 1 1 1 1 1 `閃耀的黃色徽章 [施放速度]` `` 13006
2510056 1 1 1 1 1 1 1 1 1 1 1 1 1 `閃耀的黃色徽章 [施放速度]` `` 13006
2510057 1 1 1 1 1 1 1 1 1 1 1 1 1 `閃耀的黃色徽章 [施放速度]` `` 13006
2510058 1 1 1 1 1 1 1 1 1 1 1 1 1 `閃耀的黃色徽章 [硬直]` `` 13006
2510059 1 1 1 1 1 1 1 1 1 1 1 1 1 `閃耀的黃色徽章 [硬直]` `` 13006
2510060 1 1 1 1 1 1 1 1 1 1 1 1 1 `閃耀的黃色徽章 [硬直]` `` 13006
2510061 1 1 1 1 1 1 1 1 1 1 1 1 1 `閃耀的黃色徽章 [HP恢复]` `` 13006
2510062 1 1 1 1 1 1 1 1 1 1 1 1 1 `閃耀的黃色徽章 [HP恢复]` `` 13006
2510063 1 1 1 1 1 1 1 1 1 1 1 1 1 `閃耀的黃色徽章 [攻擊速度]` `` 13006
2510064 1 1 1 1 1 1 1 1 1 1 1 1 1 `閃耀的黃色徽章 [攻擊速度]` `` 13006
2510065 1 1 1 1 1 1 1 1 1 1 1 1 1 `閃耀的黃色徽章 [攻擊速度]` `` 13006
2510066 1 1 1 1 1 1 1 1 1 1 1 1 1 `閃耀的黃色徽章 [MP恢复]` `` 13006
2510067 1 1 1 1 1 1 1 1 1 1 1 1 1 `閃耀的黃色徽章 [MP恢复]` `` 13006
2520000 0 1 1 1 1 1 1 1 1 1 1 1 1 `黯淡的綠色徽章 [物理暴擊]` `` 13006
2520001 0 1 1 1 1 1 1 1 1 1 1 1 1 `黯淡的綠色徽章 [HP最大值]` `` 13006
2520002 0 1 1 1 1 1 1 1 1 1 1 1 1 `黯淡的綠色徽章 [魔法暴擊]` `` 13006
2520003 0 1 1 1 1 1 1 1 1 1 1 1 1 `黯淡的綠色徽章 [MP最大值]` `` 13006
2520004 0 1 1 1 1 1 1 1 1 1 1 1 1 `黯淡的綠色徽章 [回避率]` `` 13006
2520005 1 1 1 1 1 1 1 1 1 1 1 1 1 `閃耀的綠色徽章 [物理暴擊]` `` 13006
2520008 1 1 1 1 1 1 1 1 1 1 1 1 1 `閃耀的綠色徽章 [HP最大值]` `` 13006
2520007 2 1 1 1 1 1 1 1 1 1 1 1 1 `閃耀的綠色徽章 [物理暴擊]` `` 13006
2520006 1 1 1 1 1 1 1 1 1 1 1 1 1 `閃耀的綠色徽章 [物理暴擊]` `` 13006
2520009 1 1 1 1 1 1 1 1 1 1 1 1 1 `閃耀的綠色徽章 [HP最大值]` `` 13006
2520010 2 1 1 1 1 1 1 1 1 1 1 1 1 `閃耀的綠色徽章 [HP最大值]` `` 13006
2520011 1 1 1 1 1 1 1 1 1 1 1 1 1 `閃耀的綠色徽章 [魔法暴擊]` `` 13006
2520012 1 1 1 1 1 1 1 1 1 1 1 1 1 `閃耀的綠色徽章 [魔法暴擊]` `` 13006
2520013 2 1 1 1 1 1 1 1 1 1 1 1 1 `閃耀的綠色徽章 [魔法暴擊]` `` 13006
2520014 1 1 1 1 1 1 1 1 1 1 1 1 1 `閃耀的綠色徽章 [MP最大值]` `` 13006
2520015 1 1 1 1 1 1 1 1 1 1 1 1 1 `閃耀的綠色徽章 [MP最大值]` `` 13006
2520016 2 1 1 1 1 1 1 1 1 1 1 1 1 `閃耀的綠色徽章 [MP最大值]` `` 13006
2520017 1 1 1 1 1 1 1 1 1 1 1 1 1 `閃耀的綠色徽章 [回避率]` `` 13006
2520018 1 1 1 1 1 1 1 1 1 1 1 1 1 `閃耀的綠色徽章 [回避率]` `` 13006
2520019 2 1 1 1 1 1 1 1 1 1 1 1 1 `閃耀的綠色徽章 [回避率]` `` 13006
2520020 2 1 1 1 1 1 1 1 1 1 1 1 1 `華麗的綠色徽章 [物理暴擊]` `` 13006
2520021 2 1 1 1 1 1 1 1 1 1 1 1 1 `華麗的綠色徽章 [物理暴擊]` `` 13006
2520022 2 1 1 1 1 1 1 1 1 1 1 1 1 `華麗的綠色徽章 [物理暴擊]` `` 13006
2520023 2 1 1 1 1 1 1 1 1 1 1 1 1 `華麗的綠色徽章 [HP最大值]` `` 13006
2520024 2 1 1 1 1 1 1 1 1 1 1 1 1 `華麗的綠色徽章 [HP最大值]` `` 13006
2520025 2 1 1 1 1 1 1 1 1 1 1 1 1 `華麗的綠色徽章 [HP最大值]` `` 13006
2520026 2 1 1 1 1 1 1 1 1 1 1 1 1 `華麗的綠色徽章 [魔法暴擊]` `` 13006
2520027 2 1 1 1 1 1 1 1 1 1 1 1 1 `華麗的綠色徽章 [魔法暴擊]` `` 13006
2520028 2 1 1 1 1 1 1 1 1 1 1 1 1 `華麗的綠色徽章 [魔法暴擊]` `` 13006
2520029 2 1 1 1 1 1 1 1 1 1 1 1 1 `華麗的綠色徽章 [MP最大值]` `` 13006
2520030 2 1 1 1 1 1 1 1 1 1 1 1 1 `華麗的綠色徽章 [MP最大值]` `` 13006
2520031 2 1 1 1 1 1 1 1 1 1 1 1 1 `華麗的綠色徽章 [MP最大值]` `` 13006
2520032 2 1 1 1 1 1 1 1 1 1 1 1 1 `華麗的綠色徽章 [回避率]` `` 13006
2520033 2 1 1 1 1 1 1 1 1 1 1 1 1 `華麗的綠色徽章 [回避率]` `` 13006
2520034 2 1 1 1 1 1 1 1 1 1 1 1 1 `華麗的綠色徽章 [回避率]` `` 13006
2520035 2 1 1 1 1 1 1 1 1 1 1 1 1 `燦爛的綠色徽章 [物理暴擊]` `` 13006
2520036 2 1 1 1 1 1 1 1 1 1 1 1 1 `燦爛的綠色徽章 [物理暴擊]` `` 13006
2520037 2 1 1 1 1 1 1 1 1 1 1 1 1 `燦爛的綠色徽章 [物理暴擊]` `` 13006
2520038 2 1 1 1 1 1 1 1 1 1 1 1 1 `燦爛的綠色徽章 [HP最大值]` `` 13006
2520039 2 1 1 1 1 1 1 1 1 1 1 1 1 `燦爛的綠色徽章 [HP最大值]` `` 13006
2520040 2 1 1 1 1 1 1 1 1 1 1 1 1 `燦爛的綠色徽章 [HP最大值]` `` 13006
2520041 2 1 1 1 1 1 1 1 1 1 1 1 1 `燦爛的綠色徽章 [魔法暴擊]` `` 13006
2520042 2 1 1 1 1 1 1 1 1 1 1 1 1 `燦爛的綠色徽章 [魔法暴擊]` `` 13006
2520043 2 1 1 1 1 1 1 1 1 1 1 1 1 `燦爛的綠色徽章 [魔法暴擊]` `` 13006
2520044 2 1 1 1 1 1 1 1 1 1 1 1 1 `燦爛的綠色徽章 [MP最大值]` `` 13006
2520045 2 1 1 1 1 1 1 1 1 1 1 1 1 `燦爛的綠色徽章 [MP最大值]` `` 13006
2520049 2 1 1 1 1 1 1 1 1 1 1 1 1 `燦爛的綠色徽章 [回避率]` `` 13006
2520047 2 1 1 1 1 1 1 1 1 1 1 1 1 `燦爛的綠色徽章 [回避率]` `` 13006
2520048 2 1 1 1 1 1 1 1 1 1 1 1 1 `燦爛的綠色徽章 [回避率]` `` 13006
2520046 2 1 1 1 1 1 1 1 1 1 1 1 1 `燦爛的綠色徽章 [MP最大值]` `` 13006
2520050 2 1 1 1 1 1 1 1 1 1 1 1 1 `綠色逐夢勇士徽章 [物理暴擊]` `` 13006
2520051 2 1 1 1 1 1 1 1 1 1 1 1 1 `綠色逐夢勇士徽章 [HP最大值]` `` 13006
2520052 2 1 1 1 1 1 1 1 1 1 1 1 1 `綠色逐夢勇士徽章 [魔法暴擊]` `` 13006
2520053 2 1 1 1 1 1 1 1 1 1 1 1 1 `綠色逐夢勇士徽章 [MP最大值]` `` 13006
2520054 2 1 1 1 1 1 1 1 1 1 1 1 1 `綠色逐夢勇士徽章 [回避率]` `` 13006
2520055 1 1 1 1 1 1 1 1 1 1 1 1 1 `閃耀的綠色徽章 [物理暴擊]` `` 13006
2520056 1 1 1 1 1 1 1 1 1 1 1 1 1 `閃耀的綠色徽章 [物理暴擊]` `` 13006
2520057 1 1 1 1 1 1 1 1 1 1 1 1 1 `閃耀的綠色徽章 [物理暴擊]` `` 13006
2520058 1 1 1 1 1 1 1 1 1 1 1 1 1 `閃耀的綠色徽章 [HP最大值]` `` 13006
2520059 1 1 1 1 1 1 1 1 1 1 1 1 1 `閃耀的綠色徽章 [HP最大值]` `` 13006
2520060 1 1 1 1 1 1 1 1 1 1 1 1 1 `閃耀的綠色徽章 [HP最大值]` `` 13006
2520061 1 1 1 1 1 1 1 1 1 1 1 1 1 `閃耀的綠色徽章 [魔法暴擊]` `` 13006
2520062 1 1 1 1 1 1 1 1 1 1 1 1 1 `閃耀的綠色徽章 [魔法暴擊]` `` 13006
2520063 1 1 1 1 1 1 1 1 1 1 1 1 1 `閃耀的綠色徽章 [魔法暴擊]` `` 13006
2520064 1 1 1 1 1 1 1 1 1 1 1 1 1 `閃耀的綠色徽章 [MP最大值]` `` 13006
2520065 1 1 1 1 1 1 1 1 1 1 1 1 1 `閃耀的綠色徽章 [MP最大值]` `` 13006
2520066 1 1 1 1 1 1 1 1 1 1 1 1 1 `閃耀的綠色徽章 [MP最大值]` `` 13006
2520067 1 1 1 1 1 1 1 1 1 1 1 1 1 `閃耀的綠色徽章 [回避率]` `` 13006
2520069 1 1 1 1 1 1 1 1 1 1 1 1 1 `閃耀的綠色徽章 [回避率]` `` 13006
2520068 1 1 1 1 1 1 1 1 1 1 1 1 1 `閃耀的綠色徽章 [回避率]` `` 13006
2530000 0 1 1 1 1 1 1 1 1 1 1 1 1 `黯淡的藍色徽章 [命中率]` `` 13006
2530001 0 1 1 1 1 1 1 1 1 1 1 1 1 `黯淡的藍色徽章 [移動速度]` `` 13006
2530002 0 1 1 1 1 1 1 1 1 1 1 1 1 `黯淡的藍色徽章 [物理防御]` `` 13006
2530003 0 1 1 1 1 1 1 1 1 1 1 1 1 `黯淡的藍色徽章 [跳躍力]` `` 13006
2530004 0 1 1 1 1 1 1 1 1 1 1 1 1 `黯淡的藍色徽章 [魔法防御]` `` 13006
2530005 1 1 1 1 1 1 1 1 1 1 1 1 1 `閃耀的藍色徽章 [命中率]` `` 13006
2530006 1 1 1 1 1 1 1 1 1 1 1 1 1 `閃耀的藍色徽章 [命中率]` `` 13006
2530007 2 1 1 1 1 1 1 1 1 1 1 1 1 `閃耀的藍色徽章 [命中率]` `` 13006
2530008 1 1 1 1 1 1 1 1 1 1 1 1 1 `閃耀的藍色徽章 [移動速度]` `` 13006
2530009 1 1 1 1 1 1 1 1 1 1 1 1 1 `閃耀的藍色徽章 [移動速度]` `` 13006
2530010 2 1 1 1 1 1 1 1 1 1 1 1 1 `閃耀的藍色徽章 [移動速度]` `` 13006
2530011 1 1 1 1 1 1 1 1 1 1 1 1 1 `閃耀的藍色徽章 [物理防御]` `` 13006
2530012 1 1 1 1 1 1 1 1 1 1 1 1 1 `閃耀的藍色徽章 [物理防御]` `` 13006
2530013 2 1 1 1 1 1 1 1 1 1 1 1 1 `閃耀的藍色徽章 [物理防御]` `` 13006
2530014 1 1 1 1 1 1 1 1 1 1 1 1 1 `閃耀的藍色徽章 [跳躍力]` `` 13006
2530015 1 1 1 1 1 1 1 1 1 1 1 1 1 `閃耀的藍色徽章 [跳躍力]` `` 13006
2530016 2 1 1 1 1 1 1 1 1 1 1 1 1 `閃耀的藍色徽章 [跳躍力]` `` 13006
2530017 1 1 1 1 1 1 1 1 1 1 1 1 1 `閃耀的藍色徽章 [魔法防御]` `` 13006
2530018 1 1 1 1 1 1 1 1 1 1 1 1 1 `閃耀的藍色徽章 [魔法防御]` `` 13006
2530019 2 1 1 1 1 1 1 1 1 1 1 1 1 `閃耀的藍色徽章 [魔法防御]` `` 13006
2530020 2 1 1 1 1 1 1 1 1 1 1 1 1 `華麗的藍色徽章 [命中率]` `` 13006
2530021 2 1 1 1 1 1 1 1 1 1 1 1 1 `華麗的藍色徽章 [命中率]` `` 13006
2530022 2 1 1 1 1 1 1 1 1 1 1 1 1 `華麗的藍色徽章 [命中率]` `` 13006
2530023 2 1 1 1 1 1 1 1 1 1 1 1 1 `華麗的藍色徽章 [移動速度]` `` 13006
2530024 2 1 1 1 1 1 1 1 1 1 1 1 1 `華麗的藍色徽章 [移動速度]` `` 13006
2530025 2 1 1 1 1 1 1 1 1 1 1 1 1 `華麗的藍色徽章 [移動速度]` `` 13006
2530026 2 1 1 1 1 1 1 1 1 1 1 1 1 `華麗的藍色徽章 [物理防御]` `` 13006
2530027 2 1 1 1 1 1 1 1 1 1 1 1 1 `華麗的藍色徽章 [物理防御]` `` 13006
2530028 2 1 1 1 1 1 1 1 1 1 1 1 1 `華麗的藍色徽章 [物理防御]` `` 13006
2530029 2 1 1 1 1 1 1 1 1 1 1 1 1 `華麗的藍色徽章 [跳躍力]` `` 13006
2530030 2 1 1 1 1 1 1 1 1 1 1 1 1 `華麗的藍色徽章 [跳躍力]` `` 13006
2530031 2 1 1 1 1 1 1 1 1 1 1 1 1 `華麗的藍色徽章 [跳躍力]` `` 13006
2530032 2 1 1 1 1 1 1 1 1 1 1 1 1 `華麗的藍色徽章 [魔法防御]` `` 13006
2530033 2 1 1 1 1 1 1 1 1 1 1 1 1 `華麗的藍色徽章 [魔法防御]` `` 13006
2530034 2 1 1 1 1 1 1 1 1 1 1 1 1 `華麗的藍色徽章 [魔法防御]` `` 13006
2530035 2 1 1 1 1 1 1 1 1 1 1 1 1 `燦爛的藍色徽章 [命中率]` `` 13006
2530036 2 1 1 1 1 1 1 1 1 1 1 1 1 `燦爛的藍色徽章 [命中率]` `` 13006
2530037 2 1 1 1 1 1 1 1 1 1 1 1 1 `燦爛的藍色徽章 [命中率]` `` 13006
2530038 2 1 1 1 1 1 1 1 1 1 1 1 1 `燦爛的藍色徽章 [移動速度]` `` 13006
2530039 2 1 1 1 1 1 1 1 1 1 1 1 1 `燦爛的藍色徽章 [移動速度]` `` 13006
2530040 2 1 1 1 1 1 1 1 1 1 1 1 1 `燦爛的藍色徽章 [移動速度]` `` 13006
2530041 2 1 1 1 1 1 1 1 1 1 1 1 1 `燦爛的藍色徽章 [物理防御]` `` 13006
2530042 2 1 1 1 1 1 1 1 1 1 1 1 1 `燦爛的藍色徽章 [物理防御]` `` 13006
2530043 2 1 1 1 1 1 1 1 1 1 1 1 1 `燦爛的藍色徽章 [物理防御]` `` 13006
2530044 2 1 1 1 1 1 1 1 1 1 1 1 1 `燦爛的藍色徽章 [跳躍力]` `` 13006
2530045 2 1 1 1 1 1 1 1 1 1 1 1 1 `燦爛的藍色徽章 [跳躍力]` `` 13006
2530046 2 1 1 1 1 1 1 1 1 1 1 1 1 `燦爛的藍色徽章 [跳躍力]` `` 13006
2530047 2 1 1 1 1 1 1 1 1 1 1 1 1 `燦爛的藍色徽章 [魔法防御]` `` 13006
2530048 2 1 1 1 1 1 1 1 1 1 1 1 1 `燦爛的藍色徽章 [魔法防御]` `` 13006
2530049 2 1 1 1 1 1 1 1 1 1 1 1 1 `燦爛的藍色徽章 [魔法防御]` `` 13006
2530050 2 1 1 1 1 1 1 1 1 1 1 1 1 `藍色逐夢勇士徽章 [命中率]` `` 13006
2530051 2 1 1 1 1 1 1 1 1 1 1 1 1 `藍色逐夢勇士徽章 [移動速度]` `` 13006
2530052 2 1 1 1 1 1 1 1 1 1 1 1 1 `藍色逐夢勇士徽章 [物理防御]` `` 13006
2530053 2 1 1 1 1 1 1 1 1 1 1 1 1 `藍色逐夢勇士徽章 [跳躍力]` `` 13006
2530054 2 1 1 1 1 1 1 1 1 1 1 1 1 `藍色逐夢勇士徽章 [魔法防御]` `` 13006
2530055 1 1 1 1 1 1 1 1 1 1 1 1 1 `閃耀的藍色徽章 [命中率]` `` 13006
2530056 1 1 1 1 1 1 1 1 1 1 1 1 1 `閃耀的藍色徽章 [命中率]` `` 13006
2530057 1 1 1 1 1 1 1 1 1 1 1 1 1 `閃耀的藍色徽章 [命中率]` `` 13006
2530058 1 1 1 1 1 1 1 1 1 1 1 1 1 `閃耀的藍色徽章 [移動速度]` `` 13006
2530059 1 1 1 1 1 1 1 1 1 1 1 1 1 `閃耀的藍色徽章 [移動速度]` `` 13006
2530060 1 1 1 1 1 1 1 1 1 1 1 1 1 `閃耀的藍色徽章 [移動速度]` `` 13006
2530061 1 1 1 1 1 1 1 1 1 1 1 1 1 `閃耀的藍色徽章 [物理防御]` `` 13006
2530062 1 1 1 1 1 1 1 1 1 1 1 1 1 `閃耀的藍色徽章 [物理防御]` `` 13006
2530063 1 1 1 1 1 1 1 1 1 1 1 1 1 `閃耀的藍色徽章 [物理防御]` `` 13006
2530064 1 1 1 1 1 1 1 1 1 1 1 1 1 `閃耀的藍色徽章 [跳躍力]` `` 13006
2530065 1 1 1 1 1 1 1 1 1 1 1 1 1 `閃耀的藍色徽章 [跳躍力]` `` 13006
2530066 1 1 1 1 1 1 1 1 1 1 1 1 1 `閃耀的藍色徽章 [跳躍力]` `` 13006
2530067 1 1 1 1 1 1 1 1 1 1 1 1 1 `閃耀的藍色徽章 [魔法防御]` `` 13006
2530068 1 1 1 1 1 1 1 1 1 1 1 1 1 `閃耀的藍色徽章 [魔法防御]` `` 13006
2530069 1 1 1 1 1 1 1 1 1 1 1 1 1 `閃耀的藍色徽章 [魔法防御]` `` 13006
2540000 2 1 1 1 1 1 1 1 1 1 1 1 1 `冒險家的白金徽章` `` 13006
2540001 2 1 1 1 1 1 1 1 1 1 1 1 1 `鬼劍士的白金徽章` `` 13006
2540002 2 1 1 1 1 1 1 1 1 1 1 1 1 `格斗家的白金徽章` `` 13006
2540003 2 1 1 1 1 1 1 1 1 1 1 1 1 `神槍手的白金徽章` `` 13006
2540004 2 1 1 1 1 1 1 1 1 1 1 1 1 `魔法師的白金徽章` `` 13006
2540005 2 1 1 1 1 1 1 1 1 1 1 1 1 `圣職者的白金徽章` `` 13006
2540006 2 1 1 1 1 1 1 1 1 1 1 1 1 `白金徽章 [鬼斬+上挑]` `` 13006
2540007 2 1 1 1 1 1 1 1 1 1 1 1 1 `白金徽章 [拔刀斬]` `` 13006
2540008 2 1 1 1 1 1 1 1 1 1 1 1 1 `白金徽章 [破軍升龍擊]` `` 13006
2540010 2 1 1 1 1 1 1 1 1 1 1 1 1 `白金徽章 [幻影劍舞]` `` 13006
2540009 2 1 1 1 1 1 1 1 1 1 1 1 1 `白金徽章 [猛龍斷空斬]` `` 13006
2540011 2 1 1 1 1 1 1 1 1 1 1 1 1 `白金徽章 [冰霜之薩亞]` `` 13006
2540012 2 1 1 1 1 1 1 1 1 1 1 1 1 `白金徽章 [鬼影步]` `` 13006
2540016 2 1 1 1 1 1 1 1 1 1 1 1 1 `白金徽章 [冥炎之卡洛]` `` 13006
2540014 2 1 1 1 1 1 1 1 1 1 1 1 1 `白金徽章 [瘟疫之羅剎]` `` 13006
2540015 2 1 1 1 1 1 1 1 1 1 1 1 1 `白金徽章 [鬼影閃]` `` 13006
2540013 2 1 1 1 1 1 1 1 1 1 1 1 1 `白金徽章 [死亡墓碑]` `` 13006
2540017 2 1 1 1 1 1 1 1 1 1 1 1 1 `白金徽章 [怒气爆發]` `` 13006
2540018 2 1 1 1 1 1 1 1 1 1 1 1 1 `白金徽章 [血之狂暴]` `` 13006
2540019 2 1 1 1 1 1 1 1 1 1 1 1 1 `白金徽章 [嗜魂封魔斬]` `` 13006
2540020 2 1 1 1 1 1 1 1 1 1 1 1 1 `白金徽章 [崩山裂地斬]` `` 13006
2540021 2 1 1 1 1 1 1 1 1 1 1 1 1 `白金徽章 [爆炎 ‧ 波動劍]` `` 13006
2540023 2 1 1 1 1 1 1 1 1 1 1 1 1 `白金徽章 [不動明王陣]` `` 13006
2540022 2 1 1 1 1 1 1 1 1 1 1 1 1 `白金徽章 [邪光波動陣]` `` 13006
2540024 2 1 1 1 1 1 1 1 1 1 1 1 1 `白金徽章 [上勾拳 + 前踢]` `` 13006
2540025 2 1 1 1 1 1 1 1 1 1 1 1 1 `白金徽章 [獅子吼]` `` 13006
2540026 2 1 1 1 1 1 1 1 1 1 1 1 1 `白金徽章 [念獸 : 龍虎嘯]` `` 13006
2540027 2 1 1 1 1 1 1 1 1 1 1 1 1 `白金徽章 [螺旋念气場]` `` 13006
2540028 2 1 1 1 1 1 1 1 1 1 1 1 1 `白金徽章 [雷龍出海]` `` 13006
2540029 2 1 1 1 1 1 1 1 1 1 1 1 1 `白金徽章 [閃電之舞]` `` 13006
2540030 2 1 1 1 1 1 1 1 1 1 1 1 1 `白金徽章 [紛影連環踢]` `` 13006
2540031 2 1 1 1 1 1 1 1 1 1 1 1 1 `白金徽章 [天羅地网]` `` 13006
2540032 2 1 1 1 1 1 1 1 1 1 1 1 1 `白金徽章 [毒雷引爆]` `` 13006
2540033 2 1 1 1 1 1 1 1 1 1 1 1 1 `白金徽章 [街頭風暴]` `` 13006
2540034 2 1 1 1 1 1 1 1 1 1 1 1 1 `白金徽章 [螺旋彗星落]` `` 13006
2540035 2 1 1 1 1 1 1 1 1 1 1 1 1 `白金徽章 [地獄搖籃]` `` 13006
2540036 2 1 1 1 1 1 1 1 1 1 1 1 1 `白金徽章 [裂石破天]` `` 13006
2540037 2 1 1 1 1 1 1 1 1 1 1 1 1 `白金徽章 [膝撞 + 浮空彈]` `` 13006
2540038 2 1 1 1 1 1 1 1 1 1 1 1 1 `白金徽章 [移動射擊]` `` 13006
2540039 2 1 1 1 1 1 1 1 1 1 1 1 1 `白金徽章 [亂射]` `` 13006
2540040 2 1 1 1 1 1 1 1 1 1 1 1 1 `白金徽章 [雙鷹回旋]` `` 13006
2540041 2 1 1 1 1 1 1 1 1 1 1 1 1 `白金徽章 [量子爆彈]` `` 13006
2540042 2 1 1 1 1 1 1 1 1 1 1 1 1 `白金徽章 [偽裝]` `` 13006
2540043 2 1 1 1 1 1 1 1 1 1 1 1 1 `白金徽章 [空戰机械 : 風暴]` `` 13006
2540044 2 1 1 1 1 1 1 1 1 1 1 1 1 `白金徽章 [空投支援]` `` 13006
2540045 2 1 1 1 1 1 1 1 1 1 1 1 1 `白金徽章 [攔截机工厂]` `` 13006
2540046 2 1 1 1 1 1 1 1 1 1 1 1 1 `白金徽章 [C4遠程炸彈]` `` 13006
2540047 2 1 1 1 1 1 1 1 1 1 1 1 1 `白金徽章 [G-18C冰凍手雷]` `` 13006
2540048 2 1 1 1 1 1 1 1 1 1 1 1 1 `白金徽章 [地獄烈炎]` `` 13006
2540049 2 1 1 1 1 1 1 1 1 1 1 1 1 `白金徽章 [尼爾狙擊]` `` 13006
2540050 2 1 1 1 1 1 1 1 1 1 1 1 1 `白金徽章 [魔法星彈 + 天擊]` `` 13006
2540051 2 1 1 1 1 1 1 1 1 1 1 1 1 `白金徽章 [杰克降臨]` `` 13006
2540052 2 1 1 1 1 1 1 1 1 1 1 1 1 `白金徽章 [天雷]` `` 13006
2540053 2 1 1 1 1 1 1 1 1 1 1 1 1 `白金徽章 [极冰盛宴]` `` 13006
2540054 2 1 1 1 1 1 1 1 1 1 1 1 1 `白金徽章 [湮滅黑洞]` `` 13006
2540055 2 1 1 1 1 1 1 1 1 1 1 1 1 `白金徽章 [契約召喚 : 路易絲]` `` 13006
2540056 2 1 1 1 1 1 1 1 1 1 1 1 1 `白金徽章 [伊伽貝拉]` `` 13006
2540057 2 1 1 1 1 1 1 1 1 1 1 1 1 `白金徽章 [精靈獻祭]` `` 13006
2540058 2 1 1 1 1 1 1 1 1 1 1 1 1 `白金徽章 [流星閃影擊]` `` 13006
2540059 2 1 1 1 1 1 1 1 1 1 1 1 1 `白金徽章 [炫紋強壓]` `` 13006
2540060 2 1 1 1 1 1 1 1 1 1 1 1 1 `白金徽章 [強襲流星打]` `` 13006
2540061 2 1 1 1 1 1 1 1 1 1 1 1 1 `白金徽章 [煌龍偃月]` `` 13006
2540062 2 1 1 1 1 1 1 1 1 1 1 1 1 `白金徽章 [魔道酸雨云]` `` 13006
2540063 2 1 1 1 1 1 1 1 1 1 1 1 1 `白金徽章 [熔岩藥瓶]` `` 13006
2540064 2 1 1 1 1 1 1 1 1 1 1 1 1 `白金徽章 [旋轉掃把]` `` 13006
2540065 2 1 1 1 1 1 1 1 1 1 1 1 1 `白金徽章 [暴炎加熱爐]` `` 13006
2540066 2 1 1 1 1 1 1 1 1 1 1 1 1 `白金徽章 [反重力裝置]` `` 13006
2540067 2 1 1 1 1 1 1 1 1 1 1 1 1 `白金徽章 [電鰻碰撞机]` `` 13006
2540068 2 1 1 1 1 1 1 1 1 1 1 1 1 `白金徽章 [冰霜鑽孔車]` `` 13006
2540069 2 1 1 1 1 1 1 1 1 1 1 1 1 `白金徽章 [空斬打 + 虎襲]` `` 13006
2540070 2 1 1 1 1 1 1 1 1 1 1 1 1 `白金徽章 [榮譽祝福]` `` 13006
2540071 2 1 1 1 1 1 1 1 1 1 1 1 1 `白金徽章 [天堂諧音]` `` 13006
2540072 2 1 1 1 1 1 1 1 1 1 1 1 1 `白金徽章 [圣光球]` `` 13006
2540073 2 1 1 1 1 1 1 1 1 1 1 1 1 `白金徽章 [生命源泉]` `` 13006
2540074 2 1 1 1 1 1 1 1 1 1 1 1 1 `白金徽章 [圣愈之風]` `` 13006
2540075 2 1 1 1 1 1 1 1 1 1 1 1 1 `白金徽章 [天譴颶風]` `` 13006
2540076 2 1 1 1 1 1 1 1 1 1 1 1 1 `白金徽章 [幻影化身]` `` 13006
2540077 2 1 1 1 1 1 1 1 1 1 1 1 1 `白金徽章 [极速颶風拳]` `` 13006
2540078 2 1 1 1 1 1 1 1 1 1 1 1 1 `白金徽章 [玄武]` `` 13006
2540079 2 1 1 1 1 1 1 1 1 1 1 1 1 `白金徽章 [狂亂錘擊]` `` 13006
2540080 2 1 1 1 1 1 1 1 1 1 1 1 1 `白金徽章 [疾空旋風破]` `` 13006
2540081 2 1 1 1 1 1 1 1 1 1 1 1 1 `白金徽章 [落雷符]` `` 13006
2540082 2 1 1 1 1 1 1 1 1 1 1 1 1 `白金徽章 [無雙擊]` `` 13006
2540083 2 1 1 1 1 1 1 1 1 1 1 1 1 `白金徽章 [后撩踢 + 浮空彈]` `` 13006
2540084 2 1 1 1 1 1 1 1 1 1 1 1 1 `((` `` 13006
2540085 2 1 1 1 1 1 1 1 1 1 1 1 1 `白金徽章 [槍舞]` `` 13006
2540086 2 1 1 1 1 1 1 1 1 1 1 1 1 `((` `` 13006
2540087 2 1 1 1 1 1 1 1 1 1 1 1 1 `((` `` 13006
2540088 2 1 1 1 1 1 1 1 1 1 1 1 1 `((` `` 13006
2540089 2 1 1 1 1 1 1 1 1 1 1 1 1 `白金徽章 [空戰机械 : 狂風]` `` 13006
2540090 2 1 1 1 1 1 1 1 1 1 1 1 1 `((` `` 13006
2540091 2 1 1 1 1 1 1 1 1 1 1 1 1 `((` `` 13006
2540092 2 1 1 1 1 1 1 1 1 1 1 1 1 `((` `` 13006
2540093 2 1 1 1 1 1 1 1 1 1 1 1 1 `((` `` 13006
2540094 2 1 1 1 1 1 1 1 1 1 1 1 1 `白金徽章 [光子爆彈]` `` 13006
2540095 2 1 1 1 1 1 1 1 1 1 1 1 1 `((` `` 13006
2540096 2 1 1 1 1 1 1 1 1 1 1 1 1 `白金徽章 [攻擊時效果]` `` 13006
2540097 2 1 1 1 1 1 1 1 1 1 1 1 1 `白金徽章 [攻擊時效果]` `` 13006
2540098 2 1 1 1 1 1 1 1 1 1 1 1 1 `白金徽章 [攻擊時效果]` `` 13006
2540099 2 1 1 1 1 1 1 1 1 1 1 1 1 `白金徽章 [施放時效果]` `` 13006
2540100 2 1 1 1 1 1 1 1 1 1 1 1 1 `白金徽章 [施放時效果]` `` 13006
2540101 2 1 1 1 1 1 1 1 1 1 1 1 1 `白金徽章 [施放時效果]` `` 13006
2540102 2 1 1 1 1 1 1 1 1 1 1 1 1 `冒險家的白金徽章` `` 13006
2540103 2 1 1 1 1 1 1 1 1 1 1 1 1 `鬼劍士的白金徽章` `` 13006
2540104 2 1 1 1 1 1 1 1 1 1 1 1 1 `格斗家的白金徽章` `` 13006
2540105 2 1 1 1 1 1 1 1 1 1 1 1 1 `神槍手的白金徽章` `` 13006
2540106 2 1 1 1 1 1 1 1 1 1 1 1 1 `魔法師的白金徽章` `` 13006
2540107 2 1 1 1 1 1 1 1 1 1 1 1 1 `圣職者的白金徽章` `` 13006
2540108 2 1 1 1 1 1 1 1 1 1 1 1 1 `白金徽章 [X-1壓縮量子炮]` `` 13006
2540109 2 1 1 1 1 1 1 1 1 1 1 1 1 `白金徽章 [翔擊 + 疾空踏]` `` 13006
2540110 2 1 1 1 1 1 1 1 1 1 1 1 1 `白金徽章 [螺旋穿刺]` `` 13006
2540111 2 1 1 1 1 1 1 1 1 1 1 1 1 `白金徽章 [疾風亂舞]` `` 13006
2540112 2 1 1 1 1 1 1 1 1 1 1 1 1 `白金徽章 [雷光刃影]` `` 13006
2540114 2 1 1 1 1 1 1 1 1 1 1 1 1 `白金徽章 [暴君巴拉克]` `` 13006
2540113 2 1 1 1 1 1 1 1 1 1 1 1 1 `白金徽章 [絕命瞬獄殺]` `` 13006
2540115 2 1 1 1 1 1 1 1 1 1 1 1 1 `白金徽章 [巴拉克的野心]` `` 13006
2540116 2 1 1 1 1 1 1 1 1 1 1 1 1 `白金徽章 [巴拉克的憤怒]` `` 13006
2540117 2 1 1 1 1 1 1 1 1 1 1 1 1 `白金徽章 [吸魂暗勁波]` `` 13006
2540118 2 1 1 1 1 1 1 1 1 1 1 1 1 `暗夜使者的白金徽章` `` 13006
2540119 2 1 1 1 1 1 1 1 1 1 1 1 1 `白金徽章[后踢 + 前踢]` `` 13006
2540123 2 1 1 1 1 1 1 1 1 1 1 1 1 `白金徽章[念獸 : 猛虎震地]` `` 13006
2540125 2 1 1 1 1 1 1 1 1 1 1 1 1 `白金徽章[瞬影連環踢]` `` 13006
2540126 2 1 1 1 1 1 1 1 1 1 1 1 1 `白金徽章[羅网投擲]` `` 13006
2540128 2 1 1 1 1 1 1 1 1 1 1 1 1 `白金徽章[血色風暴]` `` 13006
2540129 2 1 1 1 1 1 1 1 1 1 1 1 1 `白金徽章[浮空凌云踢]` `` 13006
2540133 2 1 1 1 1 1 1 1 1 1 1 1 1 `白金徽章[黑暗權能]` `` 13006
2540132 2 1 1 1 1 1 1 1 1 1 1 1 1 `白金徽章[黑暗之触]` `` 13006
2540130 2 1 1 1 1 1 1 1 1 1 1 1 1 `白金徽章[地獄風火輪]` `` 13006
2540134 2 1 1 1 1 1 1 1 1 1 1 1 1 `白金徽章[血气之刃]` `` 13006
2540135 2 1 1 1 1 1 1 1 1 1 1 1 1 `白金徽章[無雙波]` `` 13006
2540136 2 1 1 1 1 1 1 1 1 1 1 1 1 `白金徽章[寸拳]` `` 13006
2540139 2 1 1 1 1 1 1 1 1 1 1 1 1 `白金徽章[狂 ‧ 霸王拳]` `` 13006
2540138 2 1 1 1 1 1 1 1 1 1 1 1 1 `白金徽章[裂地飛沙]` `` 13006
2540137 2 1 1 1 1 1 1 1 1 1 1 1 1 `白金徽章[升龍拳]` `` 13006
2540140 2 1 1 1 1 1 1 1 1 1 1 1 1 `白金徽章[沖膝]` `` 13006
2540141 2 1 1 1 1 1 1 1 1 1 1 1 1 `白金徽章[多重爆頭]` `` 13006
2540142 2 1 1 1 1 1 1 1 1 1 1 1 1 `白金徽章[FM-92刺彈炮]` `` 13006
2540143 2 1 1 1 1 1 1 1 1 1 1 1 1 `白金徽章[FM-92 mk2榴彈]` `` 13006
2540144 2 1 1 1 1 1 1 1 1 1 1 1 1 `白金徽章[正義審判]` `` 13006
2540145 2 1 1 1 1 1 1 1 1 1 1 1 1 `白金徽章[忏悔之錘]` `` 13006
2540146 2 1 1 1 1 1 1 1 1 1 1 1 1 `白金徽章[神圣組合拳]` `` 13006
2540147 2 1 1 1 1 1 1 1 1 1 1 1 1 `白金徽章[式神‧殤]` `` 13006
2540148 2 1 1 1 1 1 1 1 1 1 1 1 1 `白金徽章 [暗影斬 + 挑擊]` `` 13006
2540149 2 1 1 1 1 1 1 1 1 1 1 1 1 `白金徽章 [魔影劍舞]` `` 13006
2540150 2 1 1 1 1 1 1 1 1 1 1 1 1 `白金徽章 [冥炎破空斬]` `` 13006
2540151 2 1 1 1 1 1 1 1 1 1 1 1 1 `白金徽章 [魔獄裂魂斬]` `` 13006
2540152 2 1 1 1 1 1 1 1 1 1 1 1 1 `白金徽章 [黑暗明王陣]` `` 13006
2540153 2 1 1 1 1 1 1 1 1 1 1 1 1 `白金徽章 [烈火燎原 + 熾炎星隕]` `` 13006
2540154 2 1 1 1 1 1 1 1 1 1 1 1 1 `白金徽章 [超能旋風波]` `` 13006
2540155 2 1 1 1 1 1 1 1 1 1 1 1 1 `白金徽章 [風暴漩渦]` `` 13006
2540156 2 1 1 1 1 1 1 1 1 1 1 1 1 `暗黑暗武士的白金徽章` `` 13006
2540157 2 1 1 1 1 1 1 1 1 1 1 1 1 `締造者的白金徽章` `` 13006
2540158 2 1 1 1 1 1 1 1 1 1 1 1 1 `白金徽章 [魔法旋風 + 魔法冰球]` `` 13006
2540159 2 1 1 1 1 1 1 1 1 1 1 1 1 `白金徽章 [黑暗禁域]` `` 13006
2540160 2 1 1 1 1 1 1 1 1 1 1 1 1 `白金徽章 [雷光屏障]` `` 13006
2540161 2 1 1 1 1 1 1 1 1 1 1 1 1 `白金徽章 [元素轟炸]` `` 13006
2540162 2 1 1 1 1 1 1 1 1 1 1 1 1 `白金徽章 [冰魄錘擊]` `` 13006
2540163 2 1 1 1 1 1 1 1 1 1 1 1 1 `白金徽章 [极冰綻放]` `` 13006
2540164 2 1 1 1 1 1 1 1 1 1 1 1 1 `白金徽章 [冰龍旋舞]` `` 13006
2550000 0 1 1 1 1 1 1 1 1 1 1 1 1 `黯淡的彩色徽章 [所有狀態抗性]` `` 13006
2550001 0 1 1 1 1 1 1 1 1 1 1 1 1 `黯淡的彩色徽章 [負重上限]` `` 13006
2550002 0 1 1 1 1 1 1 1 1 1 1 1 1 `黯淡的彩色徽章 [所有屬性抗性]` `` 13006
2550004 1 1 1 1 1 1 1 1 1 1 1 1 1 `閃耀的彩色徽章 [負重上限]` `` 13006
2550003 2 1 1 1 1 1 1 1 1 1 1 1 1 `閃耀的彩色徽章 [所有狀態抗性]` `` 13006
2550005 1 1 1 1 1 1 1 1 1 1 1 1 1 `閃耀的彩色徽章 [負重上限]` `` 13006
2550006 2 1 1 1 1 1 1 1 1 1 1 1 1 `閃耀的彩色徽章 [負重上限]` `` 13006
2550007 2 1 1 1 1 1 1 1 1 1 1 1 1 `閃耀的彩色徽章 [所有屬性抗性]` `` 13006
2550008 2 1 1 1 1 1 1 1 1 1 1 1 1 `華麗的彩色徽章 [所有狀態抗性]` `` 13006
2550012 2 1 1 1 1 1 1 1 1 1 1 1 1 `華麗的彩色徽章 [所有屬性抗性]` `` 13006
2550010 2 1 1 1 1 1 1 1 1 1 1 1 1 `華麗的彩色徽章 [負重上限]` `` 13006
2550009 2 1 1 1 1 1 1 1 1 1 1 1 1 `華麗的彩色徽章 [負重上限]` `` 13006
2550011 2 1 1 1 1 1 1 1 1 1 1 1 1 `華麗的彩色徽章 [負重上限]` `` 13006
2550013 2 1 1 1 1 1 1 1 1 1 1 1 1 `燦爛的彩色徽章 [所有狀態抗性]` `` 13006
2550014 2 1 1 1 1 1 1 1 1 1 1 1 1 `燦爛的彩色徽章 [負重上限]` `` 13006
2550015 2 1 1 1 1 1 1 1 1 1 1 1 1 `燦爛的彩色徽章 [負重上限]` `` 13006
2550016 2 1 1 1 1 1 1 1 1 1 1 1 1 `燦爛的彩色徽章 [負重上限]` `` 13006
2550017 2 1 1 1 1 1 1 1 1 1 1 1 1 `燦爛的彩色徽章 [所有屬性抗性]` `` 13006
2550018 2 1 1 1 1 1 1 1 1 1 1 1 1 `雙重逐夢勇士徽章 [力量 + HP最大值]` `` 13006
2550019 2 1 1 1 1 1 1 1 1 1 1 1 1 `雙重逐夢勇士徽章 [力量 + MP最大值]` `` 13006
2550020 2 1 1 1 1 1 1 1 1 1 1 1 1 `雙重逐夢勇士徽章 [智力 + HP最大值]` `` 13006
2550021 2 1 1 1 1 1 1 1 1 1 1 1 1 `雙重逐夢勇士徽章 [智力 + MP最大值]` `` 13006
2550022 2 1 1 1 1 1 1 1 1 1 1 1 1 `雙重逐夢勇士徽章 [力量 + 物理暴擊]` `` 13006
2550023 2 1 1 1 1 1 1 1 1 1 1 1 1 `雙重逐夢勇士徽章 [智力 + 魔法暴擊]` `` 13006
2550024 2 1 1 1 1 1 1 1 1 1 1 1 1 `雙重逐夢勇士徽章 [力量 + 回避率]` `` 13006
2550025 2 1 1 1 1 1 1 1 1 1 1 1 1 `雙重逐夢勇士徽章 [智力 + 回避率]` `` 13006
2550026 2 1 1 1 1 1 1 1 1 1 1 1 1 `雙重逐夢勇士徽章 [攻擊速度 + 移動速度]` `` 13006
2550027 2 1 1 1 1 1 1 1 1 1 1 1 1 `雙重逐夢勇士徽章 [攻擊速度 + 命中率]` `` 13006
2550028 2 1 1 1 1 1 1 1 1 1 1 1 1 `雙重逐夢勇士徽章 [施放速度 + 移動速度]` `` 13006
2550029 2 1 1 1 1 1 1 1 1 1 1 1 1 `雙重逐夢勇士徽章 [施放速度 + 命中率]` `` 13006
2550030 2 1 1 1 1 1 1 1 1 1 1 1 1 `雙重逐夢勇士徽章 [硬直 + 移動速度]` `` 13006
2550031 2 1 1 1 1 1 1 1 1 1 1 1 1 `雙重逐夢勇士徽章 [硬直 + 命中率]` `` 13006
2550032 2 1 1 1 1 1 1 1 1 1 1 1 1 `華麗的雙重徽章 [力量 + HP最大值]` `` 13006
2550033 2 1 1 1 1 1 1 1 1 1 1 1 1 `華麗的雙重徽章 [力量 + HP最大值]` `` 13006
2550034 2 1 1 1 1 1 1 1 1 1 1 1 1 `華麗的雙重徽章 [力量 + HP最大值]` `` 13006
2550035 2 1 1 1 1 1 1 1 1 1 1 1 1 `華麗的雙重徽章 [力量 + MP最大值]` `` 13006
2550036 2 1 1 1 1 1 1 1 1 1 1 1 1 `華麗的雙重徽章 [力量 + MP最大值]` `` 13006
2550037 2 1 1 1 1 1 1 1 1 1 1 1 1 `華麗的雙重徽章 [力量 + MP最大值]` `` 13006
2550038 2 1 1 1 1 1 1 1 1 1 1 1 1 `華麗的雙重徽章 [智力 + HP最大值]` `` 13006
2550039 2 1 1 1 1 1 1 1 1 1 1 1 1 `華麗的雙重徽章 [智力 + HP最大值]` `` 13006
2550040 2 1 1 1 1 1 1 1 1 1 1 1 1 `華麗的雙重徽章 [智力 + HP最大值]` `` 13006
2550041 2 1 1 1 1 1 1 1 1 1 1 1 1 `華麗的雙重徽章 [智力 + MP最大值]` `` 13006
2550042 2 1 1 1 1 1 1 1 1 1 1 1 1 `華麗的雙重徽章 [智力 + MP最大值]` `` 13006
2550043 2 1 1 1 1 1 1 1 1 1 1 1 1 `華麗的雙重徽章 [智力 + MP最大值]` `` 13006
2550046 2 1 1 1 1 1 1 1 1 1 1 1 1 `華麗的雙重徽章 [力量 + 物理暴擊]` `` 13006
2550045 2 1 1 1 1 1 1 1 1 1 1 1 1 `華麗的雙重徽章 [力量 + 物理暴擊]` `` 13006
2550044 2 1 1 1 1 1 1 1 1 1 1 1 1 `華麗的雙重徽章 [力量 + 物理暴擊]` `` 13006
2550047 2 1 1 1 1 1 1 1 1 1 1 1 1 `華麗的雙重徽章 [智力 + 魔法暴擊]` `` 13006
2550048 2 1 1 1 1 1 1 1 1 1 1 1 1 `華麗的雙重徽章 [智力 + 魔法暴擊]` `` 13006
2550049 2 1 1 1 1 1 1 1 1 1 1 1 1 `華麗的雙重徽章 [智力 + 魔法暴擊]` `` 13006
2550050 2 1 1 1 1 1 1 1 1 1 1 1 1 `華麗的雙重徽章 [力量 + 回避率]` `` 13006
2550051 2 1 1 1 1 1 1 1 1 1 1 1 1 `華麗的雙重徽章 [力量 + 回避率]` `` 13006
2550052 2 1 1 1 1 1 1 1 1 1 1 1 1 `華麗的雙重徽章 [力量 + 回避率]` `` 13006
2550053 2 1 1 1 1 1 1 1 1 1 1 1 1 `華麗的雙重徽章 [智力 + 回避率]` `` 13006
2550054 2 1 1 1 1 1 1 1 1 1 1 1 1 `華麗的雙重徽章 [智力 + 回避率]` `` 13006
2550055 2 1 1 1 1 1 1 1 1 1 1 1 1 `華麗的雙重徽章 [智力 + 回避率]` `` 13006
2550056 2 1 1 1 1 1 1 1 1 1 1 1 1 `華麗的雙重徽章 [攻擊速度 + 移動速度]` `` 13006
2550058 2 1 1 1 1 1 1 1 1 1 1 1 1 `華麗的雙重徽章 [攻擊速度 + 移動速度]` `` 13006
2550059 2 1 1 1 1 1 1 1 1 1 1 1 1 `華麗的雙重徽章 [攻擊速度 + 命中率]` `` 13006
2550061 2 1 1 1 1 1 1 1 1 1 1 1 1 `華麗的雙重徽章 [攻擊速度 + 命中率]` `` 13006
2550062 2 1 1 1 1 1 1 1 1 1 1 1 1 `華麗的雙重徽章 [施放速度 + 移動速度]` `` 13006
2550064 2 1 1 1 1 1 1 1 1 1 1 1 1 `華麗的雙重徽章 [施放速度 + 移動速度]` `` 13006
2550065 2 1 1 1 1 1 1 1 1 1 1 1 1 `華麗的雙重徽章 [施放速度 + 命中率]` `` 13006
2550067 2 1 1 1 1 1 1 1 1 1 1 1 1 `華麗的雙重徽章 [施放速度 + 命中率]` `` 13006
2550068 2 1 1 1 1 1 1 1 1 1 1 1 1 `華麗的雙重徽章 [硬直 + 移動速度]` `` 13006
2550069 2 1 1 1 1 1 1 1 1 1 1 1 1 `華麗的雙重徽章 [硬直 + 移動速度]` `` 13006
2550070 2 1 1 1 1 1 1 1 1 1 1 1 1 `華麗的雙重徽章 [硬直 + 移動速度]` `` 13006
2550071 2 1 1 1 1 1 1 1 1 1 1 1 1 `華麗的雙重徽章 [硬直 + 命中率]` `` 13006
2550072 2 1 1 1 1 1 1 1 1 1 1 1 1 `華麗的雙重徽章 [硬直 + 命中率]` `` 13006
2550073 2 1 1 1 1 1 1 1 1 1 1 1 1 `華麗的雙重徽章 [硬直 + 命中率]` `` 13006
2550074 2 1 1 1 1 1 1 1 1 1 1 1 1 `燦爛的雙重徽章 [力量 + HP最大值]` `` 13006
2550075 2 1 1 1 1 1 1 1 1 1 1 1 1 `燦爛的雙重徽章 [力量 + HP最大值]` `` 13006
2550076 2 1 1 1 1 1 1 1 1 1 1 1 1 `燦爛的雙重徽章 [力量 + HP最大值]` `` 13006
2550077 2 1 1 1 1 1 1 1 1 1 1 1 1 `燦爛的雙重徽章 [力量 + MP最大值]` `` 13006
2550078 2 1 1 1 1 1 1 1 1 1 1 1 1 `燦爛的雙重徽章 [力量 + MP最大值]` `` 13006
2550079 2 1 1 1 1 1 1 1 1 1 1 1 1 `燦爛的雙重徽章 [力量 + MP最大值]` `` 13006
2550080 2 1 1 1 1 1 1 1 1 1 1 1 1 `燦爛的雙重徽章 [智力 + HP最大值]` `` 13006
2550081 2 1 1 1 1 1 1 1 1 1 1 1 1 `燦爛的雙重徽章 [智力 + HP最大值]` `` 13006
2550082 2 1 1 1 1 1 1 1 1 1 1 1 1 `燦爛的雙重徽章 [智力 + HP最大值]` `` 13006
2550083 2 1 1 1 1 1 1 1 1 1 1 1 1 `燦爛的雙重徽章 [智力 + MP最大值]` `` 13006
2550084 2 1 1 1 1 1 1 1 1 1 1 1 1 `燦爛的雙重徽章 [智力 + MP最大值]` `` 13006
2550085 2 1 1 1 1 1 1 1 1 1 1 1 1 `燦爛的雙重徽章 [智力 + MP最大值]` `` 13006
2550086 2 1 1 1 1 1 1 1 1 1 1 1 1 `燦爛的雙重徽章 [力量 + 物理暴擊]` `` 13006
2550087 2 1 1 1 1 1 1 1 1 1 1 1 1 `燦爛的雙重徽章 [力量 + 物理暴擊]` `` 13006
2550088 2 1 1 1 1 1 1 1 1 1 1 1 1 `燦爛的雙重徽章 [力量 + 物理暴擊]` `` 13006
2550092 2 1 1 1 1 1 1 1 1 1 1 1 1 `燦爛的雙重徽章 [力量 + 回避率]` `` 13006
2550090 2 1 1 1 1 1 1 1 1 1 1 1 1 `燦爛的雙重徽章 [智力 + 魔法暴擊]` `` 13006
2550091 2 1 1 1 1 1 1 1 1 1 1 1 1 `燦爛的雙重徽章 [智力 + 魔法暴擊]` `` 13006
2550089 2 1 1 1 1 1 1 1 1 1 1 1 1 `燦爛的雙重徽章 [智力 + 魔法暴擊]` `` 13006
2550093 2 1 1 1 1 1 1 1 1 1 1 1 1 `燦爛的雙重徽章 [力量 + 回避率]` `` 13006
2550094 2 1 1 1 1 1 1 1 1 1 1 1 1 `燦爛的雙重徽章 [力量 + 回避率]` `` 13006
2550095 2 1 1 1 1 1 1 1 1 1 1 1 1 `燦爛的雙重徽章 [智力 + 回避率]` `` 13006
2550096 2 1 1 1 1 1 1 1 1 1 1 1 1 `燦爛的雙重徽章 [智力 + 回避率]` `` 13006
2550097 2 1 1 1 1 1 1 1 1 1 1 1 1 `燦爛的雙重徽章 [智力 + 回避率]` `` 13006
2550098 2 1 1 1 1 1 1 1 1 1 1 1 1 `燦爛的雙重徽章 [攻擊速度 + 移動速度]` `` 13006
2550100 2 1 1 1 1 1 1 1 1 1 1 1 1 `燦爛的雙重徽章 [攻擊速度 + 移動速度]` `` 13006
2550101 2 1 1 1 1 1 1 1 1 1 1 1 1 `燦爛的雙重徽章 [攻擊速度 + 命中率]` `` 13006
2550103 2 1 1 1 1 1 1 1 1 1 1 1 1 `燦爛的雙重徽章 [攻擊速度 + 命中率]` `` 13006
2550104 2 1 1 1 1 1 1 1 1 1 1 1 1 `燦爛的雙重徽章 [施放速度 + 移動速度]` `` 13006
2550106 2 1 1 1 1 1 1 1 1 1 1 1 1 `燦爛的雙重徽章 [施放速度 + 移動速度]` `` 13006
2550107 2 1 1 1 1 1 1 1 1 1 1 1 1 `燦爛的雙重徽章 [施放速度 + 命中率]` `` 13006
2550109 2 1 1 1 1 1 1 1 1 1 1 1 1 `燦爛的雙重徽章 [施放速度 + 命中率]` `` 13006
2550110 2 1 1 1 1 1 1 1 1 1 1 1 1 `燦爛的雙重徽章 [硬直 + 移動速度]` `` 13006
2550111 2 1 1 1 1 1 1 1 1 1 1 1 1 `燦爛的雙重徽章 [硬直 + 移動速度]` `` 13006
2550112 2 1 1 1 1 1 1 1 1 1 1 1 1 `燦爛的雙重徽章 [硬直 + 移動速度]` `` 13006
2550113 2 1 1 1 1 1 1 1 1 1 1 1 1 `燦爛的雙重徽章 [硬直 + 命中率]` `` 13006
2550114 2 1 1 1 1 1 1 1 1 1 1 1 1 `燦爛的雙重徽章 [硬直 + 命中率]` `` 13006
2550115 2 1 1 1 1 1 1 1 1 1 1 1 1 `燦爛的雙重徽章 [硬直 + 命中率]` `` 13006
2550116 1 1 1 1 1 1 1 1 1 1 1 1 1 `閃耀的彩色徽章 [所有狀態抗性]` `` 13006
2550117 1 1 1 1 1 1 1 1 1 1 1 1 1 `閃耀的彩色徽章 [負重上限]` `` 13006
2550118 1 1 1 1 1 1 1 1 1 1 1 1 1 `閃耀的彩色徽章 [負重上限]` `` 13006
2550119 1 1 1 1 1 1 1 1 1 1 1 1 1 `閃耀的彩色徽章 [負重上限]` `` 13006
2550120 1 1 1 1 1 1 1 1 1 1 1 1 1 `閃耀的彩色徽章 [所有屬性抗性]` `` 13006
2600001 0 1 1 1 1 1 1 1 1 1 1 1 36 `下級魔力靈藥` `` 13006
2600000 0 1 1 1 1 1 1 1 1 1 1 1 36 `下級生命靈藥` `` 13006
2600002 0 1 1 1 1 1 1 1 1 1 1 1 36 `下級力量靈藥` `` 13006
2600003 0 1 1 1 1 1 1 1 1 1 1 1 36 `下級智力靈藥` `` 13006
2600004 1 1 1 1 1 1 1 1 1 1 1 1 46 `中級生命靈藥` `` 13006
2600005 1 1 1 1 1 1 1 1 1 1 1 1 46 `中級魔力靈藥` `` 13006
2600007 1 1 1 1 1 1 1 1 1 1 1 1 46 `中級智力靈藥` `` 13006
2600006 1 1 1 1 1 1 1 1 1 1 1 1 46 `中級力量靈藥` `` 13006
2600008 1 1 1 1 1 1 1 1 1 1 1 1 55 `諾頓的大師HP藥劑` `` 13006
2600009 1 1 1 1 1 1 1 1 1 1 1 1 55 `羅莉安的大師MP藥劑` `` 13006
2600010 2 1 1 1 1 1 1 1 1 1 1 1 1 `和平的吶喊` `` 13006
2600011 2 1 1 1 1 1 1 1 1 1 1 1 1 `強化的命運硬幣` `` 13006
2600012 1 1 1 1 1 1 1 1 1 1 1 1 55 `上級生命靈藥` `` 13006
2600013 1 1 1 1 1 1 1 1 1 1 1 1 55 `上級魔力靈藥` `` 13006
2600014 2 1 1 1 1 1 1 1 1 1 1 1 60 `瞬間移動藥劑` `` 13006
2600015 1 1 1 1 1 1 1 1 1 1 1 1 55 `上級力量靈藥` `` 13006
2600016 1 1 1 1 1 1 1 1 1 1 1 1 55 `上級智力靈藥` `` 13006
2600017 1 1 1 1 1 1 1 1 1 1 1 1 55 `抗魔藥劑` `` 13006
2600018 2 1 1 1 1 1 1 1 1 1 1 1 1 `財寶獵人的藥水` `` 13006
2600019 1 1 1 1 1 1 1 1 1 1 1 1 1 `鷹眼藥劑` `` 13006
2600020 2 1 1 1 1 1 1 1 1 1 1 1 1 `神圣祝福藥水` `` 13006
2600021 2 1 1 1 1 1 1 1 1 1 1 1 1 `精神刺激靈藥` `` 13006
2600022 2 1 1 1 1 1 1 1 1 1 1 1 1 `霸体護甲藥水` `` 13006
2600023 2 1 1 1 1 1 1 1 1 1 1 1 55 `天堂的HP藥劑` `` 13006
2600024 2 1 1 1 1 1 1 1 1 1 1 1 55 `天堂的MP藥劑` `` 13006
2600027 2 1 1 1 1 1 1 1 1 1 1 1 1 `神靈的庇佑` `` 13006
2600026 2 1 1 1 1 1 1 1 1 1 1 1 1 `緩解疲勞之靈藥` `` 13006
2600028 2 1 1 1 1 1 1 1 1 1 1 1 55 `天堂的痊愈藥劑` `` 13006
2600029 0 1 1 1 1 1 1 1 1 1 1 1 25 `阿拉德初階格斗家` `` 33002
2600030 0 1 1 1 1 1 1 1 1 1 1 1 25 `奧斯巴‧格林尼達` `` 33002
2600031 0 1 1 1 1 1 1 1 1 1 1 1 25 `冰之塔拉庫沓團員` `` 33002
2600032 0 1 1 1 1 1 1 1 1 1 1 1 25 `章魚獵人` `` 33002
2600033 1 1 1 1 1 1 1 1 1 1 1 1 30 `瘋狂囧克` `` 33002
2600034 1 1 1 1 1 1 1 1 1 1 1 1 30 `雷劍克魯斯` `` 33002
2600035 1 1 1 1 1 1 1 1 1 1 1 1 30 `疾行者霍利奧` `` 33002
2600036 1 1 1 1 1 1 1 1 1 1 1 1 30 `賢智的薩姆` `` 33002
2600037 1 1 1 1 1 1 1 1 1 1 1 1 35 `烈炎之手波爾拉` `` 33002
2600038 1 1 1 1 1 1 1 1 1 1 1 1 35 `克里斯汀‧羅納爾多` `` 33002
2600039 1 1 1 1 1 1 1 1 1 1 1 1 35 `凍死的劍士歌拉斯` `` 33002
2600040 1 1 1 1 1 1 1 1 1 1 1 1 35 `爆炎里格哈文` `` 33002
2600041 1 1 1 1 1 1 1 1 1 1 1 1 40 `猥瑣的薩摩拉納` `` 33002
2600042 1 1 1 1 1 1 1 1 1 1 1 1 40 `喋喋不休宇郭` `` 33002
2600043 1 1 1 1 1 1 1 1 1 1 1 1 40 `暴風雪雀瑟` `` 33002
2600044 1 1 1 1 1 1 1 1 1 1 1 1 40 `天羅的索雅娜` `` 33002
2600045 2 1 1 1 1 1 1 1 1 1 1 1 55 `臭水溝公主‧帕麗絲` `` 33002
2600046 2 1 1 1 1 1 1 1 1 1 1 1 45 `爆頭狂人巴迪斯坦` `` 33002
2600047 2 1 1 1 1 1 1 1 1 1 1 1 45 `死亡之納特亞` `` 33002
2600048 2 1 1 1 1 1 1 1 1 1 1 1 50 `瘋癲的莉莉` `` 33002
2600049 2 1 1 1 1 1 1 1 1 1 1 1 50 `長三郎` `` 33002
2600050 2 1 1 1 1 1 1 1 1 1 1 1 50 `希蘇拉` `` 33002
2600051 2 1 1 1 1 1 1 1 1 1 1 1 55 `G.S.D` `` 33002
2600052 2 1 1 1 1 1 1 1 1 1 1 1 45 `颶風博爾赫` `` 33002
2600053 2 1 1 1 1 1 1 1 1 1 1 1 55 `阿甘左` `` 33002
2600065 1 1 1 1 1 1 1 1 1 1 1 1 1 `強化的命運硬幣 制作圖` `` 13001
2600068 1 1 1 1 1 1 1 1 1 1 1 1 1 `瞬間移動藥劑 制作圖` `` 13001
2600075 1 1 1 1 1 1 1 1 1 1 1 1 1 `精神刺激靈藥 制作圖` `` 13001
2600074 1 1 1 1 1 1 1 1 1 1 1 1 1 `神圣祝福藥水 制作圖` `` 13001
2600080 1 1 1 1 1 1 1 1 1 1 1 1 1 `緩解疲勞之靈藥 制作圖` `` 13001
2600081 1 1 1 1 1 1 1 1 1 1 1 1 1 `神靈的庇佑 制作圖` `` 13001
2600154 2 1 1 1 1 1 1 1 1 1 1 1 45 `德利拉` `` 13006
2600182 1 1 1 1 1 1 1 1 1 1 1 1 1 `冰雪女王洛絲 卷軸 : 冰屬性強化 +9` `` 13001
2600183 1 1 1 1 1 1 1 1 1 1 1 1 1 `范哲利斯 卷軸 : MP MAX +210` `` 13001
2600184 1 1 1 1 1 1 1 1 1 1 1 1 1 `犬使摩震 卷軸 : 体力 +23` `` 13001
2600185 1 1 1 1 1 1 1 1 1 1 1 1 1 `牛頭統帥 卷軸 : 力量 +23` `` 13001
2600186 1 1 1 1 1 1 1 1 1 1 1 1 1 `火箭俠 卷軸 : HP MAX +210` `` 13001
2600187 1 1 1 1 1 1 1 1 1 1 1 1 1 `魔雷者麥瑟‧莫納亨 卷軸 : 精神 +23` `` 13001
2600188 1 1 1 1 1 1 1 1 1 1 1 1 1 `骷髏凱恩 卷軸 : 暗屬性強化 +9` `` 13001
2600190 1 1 1 1 1 1 1 1 1 1 1 1 1 `狂亂的偽裝者 卷軸 : 魔法攻擊力 +15` `` 13001
2600189 1 1 1 1 1 1 1 1 1 1 1 1 1 `縱火犯本汀克 卷軸 : 火屬性強化 +9` `` 13001
2600191 1 1 1 1 1 1 1 1 1 1 1 1 1 `机動隊長蘇雷德 卷軸 : 僵直度 +105` `` 13001
2600192 1 1 1 1 1 1 1 1 1 1 1 1 1 `莫格尼斯 卷軸 : 光屬性強化 +9` `` 13001
2600193 1 1 1 1 1 1 1 1 1 1 1 1 1 `比特‧伯斯提 卷軸 : 物理攻擊力 +15` `` 13001
2600194 1 1 1 1 1 1 1 1 1 1 1 1 1 `守護者沃利 卷軸 : 智力 +23` `` 13001
2600195 1 1 1 1 1 1 1 1 1 1 1 1 1 `布万加 卷軸 : 精神 +35` `` 13001
2600196 1 1 1 1 1 1 1 1 1 1 1 1 1 `錘王波羅丁 卷軸 : MP MAX +280` `` 13001
2600197 1 1 1 1 1 1 1 1 1 1 1 1 1 `牛頭械王 卷軸 : 火屬性強化 +12` `` 13001
2600198 1 1 1 1 1 1 1 1 1 1 1 1 1 `無頭騎士 卷軸 : 僵直度 +140` `` 13001
2600199 1 1 1 1 1 1 1 1 1 1 1 1 1 `虫王戮蠱 卷軸 : 物理攻擊力 +20` `` 13001
2600203 1 1 1 1 1 1 1 1 1 1 1 1 1 `暴戾搜捕團祭司諾比斯 卷軸 : 体力 +35` `` 13001
2600201 1 1 1 1 1 1 1 1 1 1 1 1 1 `冰龍斯卡薩 卷軸 : 冰屬性強化 +12` `` 13001
2600202 1 1 1 1 1 1 1 1 1 1 1 1 1 `狄瑞吉的幻影 卷軸 : 智力 +35` `` 13001
2600200 1 1 1 1 1 1 1 1 1 1 1 1 1 `魔劍阿波菲斯 卷軸 : 暗屬性強化 +12` `` 13001
2600204 1 1 1 1 1 1 1 1 1 1 1 1 1 `GT-9600 卷軸 : HP MAX +280` `` 13001
2600205 1 1 1 1 1 1 1 1 1 1 1 1 1 `貝里斯克 卷軸 : 光屬性強化 +12` `` 13001
2600206 1 1 1 1 1 1 1 1 1 1 1 1 1 `杰森‧格里克 卷軸 : 魔法攻擊力 +20` `` 13001
2600207 1 1 1 1 1 1 1 1 1 1 1 1 1 `哥布林王高格 卷軸 : 力量 +35` `` 13001
2600222 1 1 1 1 1 1 1 1 1 1 1 1 1 `光之城主賽格哈特 卷軸 : 光屬性` `` 13001
2600228 1 1 1 1 1 1 1 1 1 1 1 1 1 `長腳羅特斯 卷軸 : 力量 +26` `` 13001
2600233 1 1 1 1 1 1 1 1 1 1 1 1 1 `邪龍斯皮茲 卷軸 : 魔法暴擊率 +3%%` `` 13001
2600236 1 1 1 1 1 1 1 1 1 1 1 1 1 `魔笛使者皮特 卷軸 : 智力 +26` `` 13001
2600240 1 1 1 1 1 1 1 1 1 1 1 1 1 `靈幻師 卷軸 : 通用技能 +Lv1` `` 13001
2600239 1 1 1 1 1 1 1 1 1 1 1 1 1 `炎貓妖 卷軸 : 通用技能 +Lv1` `` 13001
2600241 1 1 1 1 1 1 1 1 1 1 1 1 1 `馴獸者伽羅華 卷軸 : 圣職者技能 +Lv1` `` 13001
2600242 1 1 1 1 1 1 1 1 1 1 1 1 1 `尚武者倫茨 卷軸 : 神槍手技能 +Lv1` `` 13001
2600243 1 1 1 1 1 1 1 1 1 1 1 1 1 `魔法變异者霍伊恩 卷軸 : 魔法師技能 +Lv1` `` 13001
2600244 1 1 1 1 1 1 1 1 1 1 1 1 1 `怪力變异者波杰斯 卷軸 : 鬼劍士技能 +Lv1` `` 13001
2600245 1 1 1 1 1 1 1 1 1 1 1 1 1 `幻影變异者歐克瑟 卷軸 : 格斗家技能 +Lv1` `` 13001
2600246 1 1 1 1 1 1 1 1 1 1 1 1 1 `史萊姆王 卷軸 : 僵直度 +20、 硬直 +20` `` 13001
2600248 1 1 1 1 1 1 1 1 1 1 1 1 1 `卡姆拉 卷軸 : HP MAX +105、 MP MAX +105` `` 13001
2600247 1 1 1 1 1 1 1 1 1 1 1 1 1 `地獄哥布林直升机 卷軸 : 体力 +8、 精神 +8` `` 13001
2600249 1 1 1 1 1 1 1 1 1 1 1 1 1 `澤忒斯 卷軸 : 物理攻擊力 +7、 魔法攻擊力 +7` `` 13001
2600250 1 1 1 1 1 1 1 1 1 1 1 1 1 `死神阿加雷斯 卷軸 : 力量 +15、 智力 +15` `` 13001
2600251 2 1 1 1 1 1 1 1 1 1 1 1 60 `特級生命秘藥` `` 13006
2600252 2 1 1 1 1 1 1 1 1 1 1 1 60 `特級魔力秘藥` `` 13006
2600253 2 1 1 1 1 1 1 1 1 1 1 1 60 `諾頓的至尊HP藥劑` `` 13006
2600254 2 1 1 1 1 1 1 1 1 1 1 1 60 `羅莉安的至尊MP藥劑` `` 13006
2600255 2 1 1 1 1 1 1 1 1 1 1 1 60 `特級力量秘藥` `` 13006
2600256 2 1 1 1 1 1 1 1 1 1 1 1 60 `特級智力秘藥` `` 13006
2600257 2 1 1 1 1 1 1 1 1 1 1 1 50 `神秘世界的玩具` `` 13006
2600258 2 1 1 1 1 1 1 1 1 1 1 1 60 `蕾娜` `` 33002
2600259 2 1 1 1 1 1 1 1 1 1 1 1 60 `可愛的哈尼` `` 33002
2600260 2 1 1 1 1 1 1 1 1 1 1 1 60 `拉特雷亞` `` 33002
2600261 2 1 1 1 1 1 1 1 1 1 1 1 60 `28號` `` 33002
2600262 2 1 1 1 1 1 1 1 1 1 1 1 35 `比爾馬克的變异少女` `` 33002
2600263 2 1 1 1 1 1 1 1 1 1 1 1 35 `埃尼歐` `` 33002
2600264 2 1 1 1 1 1 1 1 1 1 1 1 35 `遺跡少女` `` 33002
2600265 2 1 1 1 1 1 1 1 1 1 1 1 35 `諾伊爾本` `` 33002
2600266 1 1 1 1 1 1 1 1 1 1 1 1 1 `魯斯歐拉 卷軸 : 僵直度 +50` `` 13001
2600267 1 1 1 1 1 1 1 1 1 1 1 1 1 `老中士 卷軸 : 体力 +14` `` 13001
2600268 1 1 1 1 1 1 1 1 1 1 1 1 1 `梅迪亞 卷軸 : 暗屬性強化 +8` `` 13001
2600269 1 1 1 1 1 1 1 1 1 1 1 1 1 `西克特‧帕菲斯 卷軸 : 精神 +22` `` 13001
2600270 1 1 1 1 1 1 1 1 1 1 1 1 1 `裴特舒‧帕菲斯 卷軸 : MP MAX +180` `` 13001
2600271 1 1 1 1 1 1 1 1 1 1 1 1 1 `UM-0 終結者 卷軸 : HP MAX +250` `` 13001
2600272 1 1 1 1 1 1 1 1 1 1 1 1 1 `机械吉賽爾 卷軸 : 力量 +30` `` 13001
2600273 1 1 1 1 1 1 1 1 1 1 1 1 1 `諾絲克爾 卷軸 : 智力 +30` `` 13001
2600274 1 1 1 1 1 1 1 1 1 1 1 1 1 `魔女阿嘉璐 卷軸 : 魔法攻擊力 +18` `` 13001
2600275 1 1 1 1 1 1 1 1 1 1 1 1 1 `烈焰盾波迪爾 卷軸 : 火屬性強化 +11` `` 13001
2600276 1 1 1 1 1 1 1 1 1 1 1 1 1 `黑鱗莫貝尼 卷軸 : 物理攻擊力 +25` `` 13001
2600277 1 1 1 1 1 1 1 1 1 1 1 1 1 `小美人魚空空伊 卷軸 : 冰屬性強化 +8` `` 13001
2600278 1 1 1 1 1 1 1 1 1 1 1 1 1 `蕾娜 制作圖` `` 13001
2600279 1 1 1 1 1 1 1 1 1 1 1 1 1 `可愛的哈尼 制作圖` `` 13001
2600280 1 1 1 1 1 1 1 1 1 1 1 1 1 `拉特雷亞 制作圖` `` 13001
2600281 1 1 1 1 1 1 1 1 1 1 1 1 1 `28號 制作圖` `` 13001
2600282 1 1 1 1 1 1 1 1 1 1 1 1 1 `比爾馬克的變异少女 制作圖` `` 13001
2600283 1 1 1 1 1 1 1 1 1 1 1 1 1 `埃尼歐 制作圖` `` 13001
2600284 1 1 1 1 1 1 1 1 1 1 1 1 1 `遺跡少女 制作圖` `` 13001
2600285 1 1 1 1 1 1 1 1 1 1 1 1 1 `諾伊爾本 制作圖` `` 13001
2600286 1 1 1 1 1 1 1 1 1 1 1 1 1 `特級生命秘藥 制作圖` `` 13001
2600287 1 1 1 1 1 1 1 1 1 1 1 1 1 `特級魔力秘藥 制作圖` `` 13001
2600288 1 1 1 1 1 1 1 1 1 1 1 1 1 `諾頓的至尊HP藥劑 制作圖` `` 13001
2600289 1 1 1 1 1 1 1 1 1 1 1 1 1 `羅莉安的至尊MP藥劑 制作圖` `` 13001
2600290 1 1 1 1 1 1 1 1 1 1 1 1 1 `特級力量秘藥 制作圖` `` 13001
2600291 1 1 1 1 1 1 1 1 1 1 1 1 1 `特級智力秘藥 制作圖` `` 13001
2600292 1 1 1 1 1 1 1 1 1 1 1 1 1 `神秘世界的玩具 制作圖` `` 13001
2600293 1 1 1 1 1 1 1 1 1 1 1 1 1 `上級元素結晶 制作圖` `` 13001
2600294 3 1 1 1 1 1 1 1 1 1 1 1 1 `光之城主賽格哈特的寶珠` `` 33003
2600295 3 1 1 1 1 1 1 1 1 1 1 1 1 `長腳羅特斯的寶珠` `` 33003
2600296 3 1 1 1 1 1 1 1 1 1 1 1 1 `邪龍斯皮茲的寶珠` `` 33003
2600297 3 1 1 1 1 1 1 1 1 1 1 1 1 `魔笛使者皮特的寶珠` `` 33003
2600298 1 1 1 1 1 1 1 1 1 1 1 1 1 `烈焰彼諾修的寶珠` `` 33003
2600299 1 1 1 1 1 1 1 1 1 1 1 1 1 `黃金巨人普拉塔尼的寶珠` `` 33003
2600301 1 1 1 1 1 1 1 1 1 1 1 1 1 `怨恨之摩根的寶珠` `` 33003
2600300 1 1 1 1 1 1 1 1 1 1 1 1 1 `巨樹守護者羅丁的寶珠` `` 33003
2600302 1 1 1 1 1 1 1 1 1 1 1 1 1 `冰齒沙凡特的寶珠` `` 33003
2600304 1 1 1 1 1 1 1 1 1 1 1 1 1 `哥布林隊長的寶珠` `` 33003
2600303 1 1 1 1 1 1 1 1 1 1 1 1 1 `犬人哈多的寶珠` `` 33003
2600305 1 1 1 1 1 1 1 1 1 1 1 1 1 `牛頭巨獸的寶珠` `` 33003
2600306 1 1 1 1 1 1 1 1 1 1 1 1 1 `岩石人偶師的寶珠` `` 33003
2600307 1 1 1 1 1 1 1 1 1 1 1 1 1 `夜視鏡卡格的寶珠` `` 33003
2600308 1 1 1 1 1 1 1 1 1 1 1 1 1 `GBL教神官的寶珠` `` 33003
2600309 1 1 1 1 1 1 1 1 1 1 1 1 1 `火焰龍頭炮的寶珠` `` 33003
2600310 1 1 1 1 1 1 1 1 1 1 1 1 1 `吞靈者的寶珠` `` 33003
2600311 1 1 1 1 1 1 1 1 1 1 1 1 1 `班圖女戰士的寶珠` `` 33003
2600312 1 1 1 1 1 1 1 1 1 1 1 1 1 `瘋狂盜匪的寶珠` `` 33003
2600313 1 1 1 1 1 1 1 1 1 1 1 1 1 `青哥布林的寶珠` `` 33003
2600314 1 1 1 1 1 1 1 1 1 1 1 1 1 `貓妖的寶珠` `` 33003
2600315 1 1 1 1 1 1 1 1 1 1 1 1 1 `牛頭護衛的寶珠` `` 33003
2600316 1 1 1 1 1 1 1 1 1 1 1 1 1 `龍人的寶珠` `` 33003
2600317 1 1 1 1 1 1 1 1 1 1 1 1 1 `爆彈卡格的寶珠` `` 33003
2600318 1 1 1 1 1 1 1 1 1 1 1 1 1 `斧之驅逐者的寶珠` `` 33003
2600319 1 1 1 1 1 1 1 1 1 1 1 1 1 `夜叉的寶珠` `` 33003
2600320 1 1 1 1 1 1 1 1 1 1 1 1 1 `GBL教信徒的寶珠` `` 33003
2600321 1 1 1 1 1 1 1 1 1 1 1 1 1 `章魚怪的寶珠` `` 33003
2600322 1 1 1 1 1 1 1 1 1 1 1 1 1 `蜘蛛的寶珠` `` 33003
2600323 1 1 1 1 1 1 1 1 1 1 1 1 1 `暗精靈護衛的寶珠` `` 33003
2600326 1 1 1 1 1 1 1 1 1 1 1 1 1 `巨型黑章魚的寶珠` `` 33003
2600325 1 1 1 1 1 1 1 1 1 1 1 1 1 `EX多尼爾的寶珠` `` 33003
2600324 1 1 1 1 1 1 1 1 1 1 1 1 1 `摩震的獵犬的寶珠` `` 33003
2600327 1 1 1 1 1 1 1 1 1 1 1 1 1 `審判者馬塞爾的寶珠` `` 33003
2600328 1 1 1 1 1 1 1 1 1 1 1 1 1 `雪崩拉比納的寶珠` `` 33003
2600329 1 1 1 1 1 1 1 1 1 1 1 1 1 `魔女莉斯的寶珠` `` 33003
2600330 1 1 1 1 1 1 1 1 1 1 1 1 1 `歌利亞的寶珠` `` 33003
2600331 1 1 1 1 1 1 1 1 1 1 1 1 1 `GBL巨像的寶珠` `` 33003
2600332 1 1 1 1 1 1 1 1 1 1 1 1 1 `羅特斯的孵化寶珠` `` 33003
2600333 1 1 1 1 1 1 1 1 1 1 1 1 1 `毒葡萄艾米迪的寶珠` `` 33003
2600334 1 1 1 1 1 1 1 1 1 1 1 1 1 `老鼠商人洛克沙的寶珠` `` 33003
2600335 1 1 1 1 1 1 1 1 1 1 1 1 1 `詭异的念動力寶珠` `` 33003
2600336 1 1 1 1 1 1 1 1 1 1 1 1 1 `奈普‧克拉斯的寶珠` `` 33003
2600337 1 1 1 1 1 1 1 1 1 1 1 1 1 `輔修師斯佩特的寶珠` `` 33003
2600338 1 1 1 1 1 1 1 1 1 1 1 1 1 `艾克洛索的寶珠` `` 33003
2600339 1 1 1 1 1 1 1 1 1 1 1 1 1 `寒冰巨人利庫的寶珠` `` 33003
2600340 1 1 1 1 1 1 1 1 1 1 1 1 1 `泰坦的寶珠` `` 33003
2600341 1 1 1 1 1 1 1 1 1 1 1 1 1 `塞斯奇的寶珠` `` 33003
2600342 1 1 1 1 1 1 1 1 1 1 1 1 1 `萊里特‧拉里的寶珠` `` 33003
2600343 1 1 1 1 1 1 1 1 1 1 1 1 1 `西特拉克的寶珠` `` 33003
2600344 1 1 1 1 1 1 1 1 1 1 1 1 1 `伊沙杜拉的寶珠` `` 33003
2600345 1 1 1 1 1 1 1 1 1 1 1 1 1 `炎之古拉德的寶珠` `` 33003
2600346 1 1 1 1 1 1 1 1 1 1 1 1 1 `倔強的哈尼克的寶珠` `` 33003
2600347 1 1 1 1 1 1 1 1 1 1 1 1 1 `沉默的亨普利的寶珠` `` 33003
2600348 1 1 1 1 1 1 1 1 1 1 1 1 1 `漫游者麥吉的寶珠` `` 33003
2600349 1 1 1 1 1 1 1 1 1 1 1 1 1 `北极風納斯拉的寶珠` `` 33003
2600350 1 1 1 1 1 1 1 1 1 1 1 1 1 `前鋒衛隊長波西克的寶珠` `` 33003
2600351 1 1 1 1 1 1 1 1 1 1 1 1 1 `冰雪女王洛絲的寶珠` `` 33003
2600352 1 1 1 1 1 1 1 1 1 1 1 1 1 `范哲利斯的寶珠` `` 33003
2600354 1 1 1 1 1 1 1 1 1 1 1 1 1 `牛頭統帥的寶珠` `` 33003
2600353 1 1 1 1 1 1 1 1 1 1 1 1 1 `犬使摩震的寶珠` `` 33003
2600355 1 1 1 1 1 1 1 1 1 1 1 1 1 `火箭俠的寶珠` `` 33003
2600356 1 1 1 1 1 1 1 1 1 1 1 1 1 `魔雷者麥瑟‧莫納亨的寶珠` `` 33003
2600357 1 1 1 1 1 1 1 1 1 1 1 1 1 `骷髏凱恩的寶珠` `` 33003
2600358 1 1 1 1 1 1 1 1 1 1 1 1 1 `縱火犯本汀克的寶珠` `` 33003
2600359 1 1 1 1 1 1 1 1 1 1 1 1 1 `狂亂的偽裝者的寶珠` `` 33003
2600360 1 1 1 1 1 1 1 1 1 1 1 1 1 `机動隊長蘇雷德的寶珠` `` 33003
2600361 1 1 1 1 1 1 1 1 1 1 1 1 1 `莫格尼斯的寶珠` `` 33003
2600362 1 1 1 1 1 1 1 1 1 1 1 1 1 `比特‧伯斯提的寶珠` `` 33003
2600363 1 1 1 1 1 1 1 1 1 1 1 1 1 `守護者沃利的寶珠` `` 33003
2600364 3 1 1 1 1 1 1 1 1 1 1 1 1 `布万加的寶珠` `` 33003
2600365 3 1 1 1 1 1 1 1 1 1 1 1 1 `錘王波羅丁的寶珠` `` 33003
2600366 3 1 1 1 1 1 1 1 1 1 1 1 1 `牛頭械王的寶珠` `` 33003
2600367 3 1 1 1 1 1 1 1 1 1 1 1 1 `無頭騎士的寶珠` `` 33003
2600368 3 1 1 1 1 1 1 1 1 1 1 1 1 `虫王戮蠱的寶珠` `` 33003
2600369 3 1 1 1 1 1 1 1 1 1 1 1 1 `魔劍阿波菲斯的寶珠` `` 33003
2600370 3 1 1 1 1 1 1 1 1 1 1 1 1 `冰龍斯卡薩的寶珠` `` 33003
2600371 3 1 1 1 1 1 1 1 1 1 1 1 1 `狄瑞吉的幻影的寶珠` `` 33003
2600372 3 1 1 1 1 1 1 1 1 1 1 1 1 `暴戾搜捕團祭司諾比斯的寶珠` `` 33003
2600373 3 1 1 1 1 1 1 1 1 1 1 1 1 `GT-9600的寶珠` `` 33003
2600374 3 1 1 1 1 1 1 1 1 1 1 1 1 `貝里斯克的寶珠` `` 33003
2600375 3 1 1 1 1 1 1 1 1 1 1 1 1 `杰森‧格里克的寶珠` `` 33003
2600376 3 1 1 1 1 1 1 1 1 1 1 1 1 `哥布林王高格的寶珠` `` 33003
2600377 1 1 1 1 1 1 1 1 1 1 1 1 1 `炎貓妖的寶珠` `` 33003
2600378 1 1 1 1 1 1 1 1 1 1 1 1 1 `靈幻師的寶珠` `` 33003
2600379 1 1 1 1 1 1 1 1 1 1 1 1 1 `馴獸者伽羅華的寶珠` `` 33003
2600380 1 1 1 1 1 1 1 1 1 1 1 1 1 `尚武者倫茨的寶珠` `` 33003
2600381 1 1 1 1 1 1 1 1 1 1 1 1 1 `魔法變异者霍伊恩的寶珠` `` 33003
2600382 1 1 1 1 1 1 1 1 1 1 1 1 1 `怪力變异者波杰斯的寶珠` `` 33003
2600383 1 1 1 1 1 1 1 1 1 1 1 1 1 `幻影變异者歐克瑟的寶珠` `` 33003
2600384 1 1 1 1 1 1 1 1 1 1 1 1 1 `史萊姆王的寶珠` `` 33003
2600385 1 1 1 1 1 1 1 1 1 1 1 1 1 `地獄哥布林直升机的寶珠` `` 33003
2600386 1 1 1 1 1 1 1 1 1 1 1 1 1 `卡姆拉的寶珠` `` 33003
2600387 1 1 1 1 1 1 1 1 1 1 1 1 1 `澤忒斯的寶珠` `` 33003
2600388 3 1 1 1 1 1 1 1 1 1 1 1 1 `阿加雷斯的寶珠` `` 33003
2600389 1 1 1 1 1 1 1 1 1 1 1 1 1 `魯斯歐拉的寶珠` `` 33003
2600390 1 1 1 1 1 1 1 1 1 1 1 1 1 `老中士的寶珠` `` 33003
2600391 1 1 1 1 1 1 1 1 1 1 1 1 1 `梅迪亞寶珠` `` 33003
2600392 1 1 1 1 1 1 1 1 1 1 1 1 1 `西克特‧帕菲斯的寶珠` `` 33003
2600393 1 1 1 1 1 1 1 1 1 1 1 1 1 `裴特舒‧帕菲斯的寶珠` `` 33003
2600394 1 1 1 1 1 1 1 1 1 1 1 1 1 `UM-0 終結者的寶珠` `` 33003
2600395 1 1 1 1 1 1 1 1 1 1 1 1 1 `机械吉賽爾的寶珠` `` 33003
2600396 1 1 1 1 1 1 1 1 1 1 1 1 1 `諾絲克爾的寶珠` `` 33003
2600397 1 1 1 1 1 1 1 1 1 1 1 1 1 `魔女阿嘉璐的寶珠` `` 33003
2600398 1 1 1 1 1 1 1 1 1 1 1 1 1 `烈焰盾波迪爾的寶珠` `` 33003
2600399 3 1 1 1 1 1 1 1 1 1 1 1 1 `黑鱗莫貝尼的寶珠` `` 33003
2600400 1 1 1 1 1 1 1 1 1 1 1 1 1 `小美人魚空空伊的寶珠` `` 33003
2600401 1 1 1 1 1 1 1 1 1 1 1 1 1 `紅轉黑色小晶塊 卷軸` `` 13001
2600402 1 1 1 1 1 1 1 1 1 1 1 1 1 `紅轉白色小晶塊 卷軸` `` 13001
2600403 1 1 1 1 1 1 1 1 1 1 1 1 1 `紅轉藍色小晶塊 卷軸` `` 13001
2600404 1 1 1 1 1 1 1 1 1 1 1 1 1 `黑轉紅色小晶塊 卷軸` `` 13001
2600405 1 1 1 1 1 1 1 1 1 1 1 1 1 `黑轉白色小晶塊 卷軸` `` 13001
2600406 1 1 1 1 1 1 1 1 1 1 1 1 1 `黑轉藍色小晶塊 卷軸` `` 13001
2600407 1 1 1 1 1 1 1 1 1 1 1 1 1 `白轉紅色小晶塊 卷軸` `` 13001
2600408 1 1 1 1 1 1 1 1 1 1 1 1 1 `白轉黑色小晶塊 卷軸` `` 13001
2600409 1 1 1 1 1 1 1 1 1 1 1 1 1 `白轉藍色小晶塊 卷軸` `` 13001
2600410 1 1 1 1 1 1 1 1 1 1 1 1 1 `藍轉紅色小晶塊 卷軸` `` 13001
2600411 1 1 1 1 1 1 1 1 1 1 1 1 1 `藍轉黑色小晶塊 卷軸` `` 13001
2600412 1 1 1 1 1 1 1 1 1 1 1 1 1 `藍轉白色小晶塊 卷軸` `` 13001
2600420 1 1 1 1 1 1 1 1 1 1 1 1 1 `刀疤鼠的寶珠` `` 33003
2600421 3 1 1 1 1 1 1 1 1 1 1 1 1 `公爵尤里斯的寶珠` `` 33003
2600424 3 1 1 1 1 1 1 1 1 1 1 1 1 `夢幻列車長拉賓特的寶珠` `` 33003
2600422 3 1 1 1 1 1 1 1 1 1 1 1 1 `黑色瘟疫狄瑞吉的寶珠` `` 33003
2600423 1 1 1 1 1 1 1 1 1 1 1 1 1 `首領薩斯的寶珠` `` 33003
2600428 1 1 1 1 1 1 1 1 1 1 1 1 1 `黑色瘟疫狄瑞吉 卷軸 : 暗屬性` `` 13001
2600426 1 1 1 1 1 1 1 1 1 1 1 1 1 `刀疤鼠 卷軸 : 攻擊速度 +1.2%%` `` 13001
2600427 1 1 1 1 1 1 1 1 1 1 1 1 1 `公爵尤里斯 卷軸 : 魔法暴擊 +5%%` `` 13001
2600425 3 1 1 1 1 1 1 1 1 1 1 1 1 `巨靈布魯的寶珠` `` 33003
2600429 1 1 1 1 1 1 1 1 1 1 1 1 1 `首領薩斯 卷軸 : 暗屬性強化 +10` `` 13001
2600430 1 1 1 1 1 1 1 1 1 1 1 1 1 `夢幻列車長拉賓特 卷軸 : 施放速度 +1.5%%` `` 13001
2600431 1 1 1 1 1 1 1 1 1 1 1 1 1 `巨靈布魯 卷軸 : 魔法攻擊力 +25` `` 13001
2600432 2 1 1 1 1 1 1 1 1 1 1 1 1 `机械臂捷克的寶珠` `` 33003
2600433 3 1 1 1 1 1 1 1 1 1 1 1 1 `阿伽門農之力天使的寶珠` `` 33003
2600434 3 1 1 1 1 1 1 1 1 1 1 1 1 `阿伽門農之智天使的寶珠` `` 33003
2600436 1 1 1 1 1 1 1 1 1 1 1 1 1 `机械臂捷克 卷軸 : 物理攻擊力 +18` `` 13001
2600435 3 1 1 1 1 1 1 1 1 1 1 1 1 `阿伽門農之大天使的寶珠` `` 33003
2600437 1 1 1 1 1 1 1 1 1 1 1 1 1 `阿伽門農之力天使 卷軸 : 2种通用技能 +Lv1、 物理攻擊力 +12` `` 13001
2600438 1 1 1 1 1 1 1 1 1 1 1 1 1 `阿伽門農之智天使 卷軸 : 2种通用技能 +Lv1、 魔法攻擊力 +12` `` 13001
2600439 1 1 1 1 1 1 1 1 1 1 1 1 1 `阿伽門農之大天使 卷軸 : [遠古記憶] +Lv1、 [不屈意志] +Lv1、 施放速度 +1%%` `` 13001
2600441 1 1 1 1 1 1 1 1 1 1 1 1 1 `德拉爾 卷軸 : 物理、 魔法獨立攻擊力 +11` `` 13001
2600442 1 1 1 1 1 1 1 1 1 1 1 1 1 `圖盧斯族男精英戰士 卷軸 : 物理、 魔法獨立攻擊力 +23` `` 13001
2600443 1 1 1 1 1 1 1 1 1 1 1 1 1 `藍影馬薩喬 卷軸 : 物理、 魔法獨立攻擊力 +35` `` 13001
2600444 1 1 1 1 1 1 1 1 1 1 1 1 1 `德拉爾的寶珠` `` 33003
2600445 1 1 1 1 1 1 1 1 1 1 1 1 1 `圖盧斯族男精英戰士的寶珠` `` 33003
2600446 2 1 1 1 1 1 1 1 1 1 1 1 1 `藍影馬薩喬的寶珠` `` 33003
2600447 3 1 1 1 1 1 1 1 1 1 1 1 1 `暴龍王巴卡爾寶珠` `` 33003
2600448 3 1 1 1 1 1 1 1 1 1 1 1 1 `空間制約者卡烏尼斯寶珠` `` 33003
2600449 3 1 1 1 1 1 1 1 1 1 1 1 1 `渾沌的奧茲瑪寶珠` `` 33003
2600451 1 1 1 1 1 1 1 1 1 1 1 1 1 `爆龍王巴卡爾  卷軸 : 獨立攻擊力 +46` `` 13001
2600450 3 1 1 1 1 1 1 1 1 1 1 1 1 `圣者米歇爾的寶珠` `` 33003
2600452 1 1 1 1 1 1 1 1 1 1 1 1 1 `空間支配者伽烏尼斯  卷軸 : 暗屬性強化 +11` `` 13001
2600453 1 1 1 1 1 1 1 1 1 1 1 1 1 `混沌之奧茲瑪  卷軸 : 智力 +40` `` 13001
2600454 1 1 1 1 1 1 1 1 1 1 1 1 1 `圣者米歇爾  卷軸 : 光屬性強化 +11` `` 13001
2600491 1 1 1 1 1 1 1 1 1 1 1 1 1 `神奇的解封卷軸  設計圖` `` 13001
2600501 1 1 1 1 1 1 1 1 1 1 1 1 1 `老練的個人商店人偶  設計圖` `` 13001
2600511 1 1 1 1 1 1 1 1 1 1 1 1 1 `精煉的卡片合成器  設計圖` `` 13001
2600520 1 1 1 1 1 1 1 1 1 1 1 1 1 `弗萊爾‧斯伯恩的卷軸 : 中毒抗性 +5` `` 13001
2600521 1 1 1 1 1 1 1 1 1 1 1 1 1 `樹精長老的卷軸 : 所有屬性抗性 +8` `` 13001
2600522 1 1 1 1 1 1 1 1 1 1 1 1 1 `木本植物的卷軸 : 每分鐘恢复9點HP` `` 13001
2600523 1 1 1 1 1 1 1 1 1 1 1 1 1 `墮落的信徒卷軸 : 僵直度 +85` `` 13001
2600525 1 1 1 1 1 1 1 1 1 1 1 1 1 `狙擊手艾麗格的卷軸 : 命中率 +1%% ` `` 13001
2600524 1 1 1 1 1 1 1 1 1 1 1 1 1 `墮落的阿索爾卷軸 : 精神 +26` `` 13001
2600526 1 1 1 1 1 1 1 1 1 1 1 1 1 `派普‧喬的卷軸 : 体力 +26` `` 13001
2600527 1 1 1 1 1 1 1 1 1 1 1 1 1 `范‧弗拉丁的卷軸 : 智力 +38` `` 13001
2600528 1 1 1 1 1 1 1 1 1 1 1 1 1 `殺人狂伯納的卷軸 : 攻擊速度 +1.5%%` `` 13001
2600529 1 1 1 1 1 1 1 1 1 1 1 1 1 `安祖‧賽弗的卷軸 : 力量 +38` `` 13001
2600530 0 1 1 1 1 1 1 1 1 1 1 1 1 `弗賴爾‧斯伯恩寶珠` `` 33003
2600531 1 1 1 1 1 1 1 1 1 1 1 1 1 `樹精長老寶珠` `` 33003
2600532 2 1 1 1 1 1 1 1 1 1 1 1 1 `木本植物寶珠` `` 33003
2600533 2 1 1 1 1 1 1 1 1 1 1 1 1 `墮落信徒寶珠` `` 33003
2600534 3 1 1 1 1 1 1 1 1 1 1 1 1 `墮落阿爾索羅寶珠` `` 33003
2600535 1 1 1 1 1 1 1 1 1 1 1 1 1 `狙擊手艾麗格寶珠` `` 33003
2600536 2 1 1 1 1 1 1 1 1 1 1 1 1 `裴波‧吉格寶珠` `` 33003
2600537 3 1 1 1 1 1 1 1 1 1 1 1 1 `范 ‧ 拉弗丁寶珠` `` 33003
2600538 2 1 1 1 1 1 1 1 1 1 1 1 1 `剔除布伊納寶珠` `` 33003
2600539 3 1 1 1 1 1 1 1 1 1 1 1 1 `安祖‧賽弗寶珠` `` 33003
2600540 3 1 1 1 1 1 1 1 1 1 1 1 1 `青龍紅玉寶珠` `` 33003
2600541 3 1 1 1 1 1 1 1 1 1 1 1 1 `青龍青玉寶珠` `` 33003
2600542 3 1 1 1 1 1 1 1 1 1 1 1 1 `青龍黑玉寶珠` `` 33003
2600543 2 1 1 1 1 1 1 1 1 1 1 1 1 `黃龍紅玉寶珠` `` 33003
2600544 2 1 1 1 1 1 1 1 1 1 1 1 1 `黃龍青玉寶珠` `` 33003
2600545 2 1 1 1 1 1 1 1 1 1 1 1 1 `黃龍白玉寶珠` `` 33003
2610001 1 1 1 1 1 1 1 1 1 1 1 1 1 `營養蘑菇` `` 13006
2610002 1 1 1 1 1 1 1 1 1 1 1 1 1 `蜂蜜` `` 13006
2610003 1 1 1 1 1 1 1 1 1 1 1 1 1 `天然奶酪` `` 13006
2610004 1 1 1 1 1 1 1 1 1 1 1 1 1 `亮麗的郁金香` `` 13006
2610007 1 1 1 1 1 1 1 1 1 1 1 1 1 `魔法珍珠` `` 13006
2610006 1 1 1 1 1 1 1 1 1 1 1 1 1 `璀璨玫瑰` `` 13006
2610005 1 1 1 1 1 1 1 1 1 1 1 1 1 `香霉菌` `` 13006
2610010 1 1 1 1 1 1 1 1 1 1 1 1 1 `辣椒` `` 13006
2610009 1 1 1 1 1 1 1 1 1 1 1 1 1 `猛獸的利齒` `` 13006
2610008 1 1 1 1 1 1 1 1 1 1 1 1 1 `粗蒜` `` 13006
2610012 1 1 1 1 1 1 1 1 1 1 1 1 1 `干燥的水仙花` `` 13006
2610011 1 1 1 1 1 1 1 1 1 1 1 1 1 `野山參` `` 13006
2610013 1 1 1 1 1 1 1 1 1 1 1 1 1 `厚實的肉塊` `` 13006
2610014 1 1 1 1 1 1 1 1 1 1 1 1 1 `木瓜` `` 13006
2610015 1 1 1 1 1 1 1 1 1 1 1 1 1 `五彩珊瑚碎片` `` 13006
2610016 1 1 1 1 1 1 1 1 1 1 1 1 1 `怪獸的角` `` 13006
2610017 1 1 1 1 1 1 1 1 1 1 1 1 1 `黑橡果` `` 13006
2610018 1 1 1 1 1 1 1 1 1 1 1 1 1 `鯨須` `` 13006
2610019 1 1 1 1 1 1 1 1 1 1 1 1 1 `怪异的蛋` `` 13006
2610020 1 1 1 1 1 1 1 1 1 1 1 1 1 `白蘿卜` `` 13006
2610021 1 1 1 1 1 1 1 1 1 1 1 1 1 `蜘蛛蘑菇` `` 13006
2610022 1 1 1 1 1 1 1 1 1 1 1 1 1 `鸛的翅膀` `` 13006
2610023 1 1 1 1 1 1 1 1 1 1 1 1 1 `香瓜` `` 13006
2610024 1 1 1 1 1 1 1 1 1 1 1 1 1 `生命之息` `` 13006
2610025 1 1 1 1 1 1 1 1 1 1 1 1 1 `龍之心` `` 13006
2610026 1 1 1 1 1 1 1 1 1 1 1 1 1 `百年野參` `` 13006
2610027 1 1 1 1 1 1 1 1 1 1 1 1 1 `黃金粉末` `` 13006
2610028 1 1 1 1 1 1 1 1 1 1 1 1 1 `海龜殼` `` 13006
2610029 1 1 1 1 1 1 1 1 1 1 1 1 1 `神之印章` `` 13006
2610030 1 1 1 1 1 1 1 1 1 1 1 1 1 `魔力結晶` `` 13006
2610031 1 1 1 1 1 1 1 1 1 1 1 1 1 `初級蛋白油` `` 13006
2610032 1 1 1 1 1 1 1 1 1 1 1 1 1 `中級蛋白油` `` 13006
2610033 1 1 1 1 1 1 1 1 1 1 1 1 1 `上級蛋白油` `` 13006
2610034 1 1 1 1 1 1 1 1 1 1 1 1 1 `黑色魔力的產物` `` 13006
2610035 1 1 1 1 1 1 1 1 1 1 1 1 1 `白色魔力的產物` `` 13006
2610036 1 1 1 1 1 1 1 1 1 1 1 1 1 `紅色魔力的產物` `` 13006
2610037 1 1 1 1 1 1 1 1 1 1 1 1 1 `藍色魔力的產物` `` 13006
2610038 1 1 1 1 1 1 1 1 1 1 1 1 1 `無色魔力的產物` `` 13006
2610039 1 1 1 1 1 1 1 1 1 1 1 1 1 `平凡的靈魂精髓` `` 13006
2610040 1 1 1 1 1 1 1 1 1 1 1 1 1 `淬煉的靈魂精髓` `` 13006
2610041 1 1 1 1 1 1 1 1 1 1 1 1 1 `強韌的靈魂精髓` `` 13006
2610042 1 1 1 1 1 1 1 1 1 1 1 1 1 `平凡的冒險家靈魂` `` 13006
2610043 1 1 1 1 1 1 1 1 1 1 1 1 1 `淬煉的冒險家靈魂` `` 13006
2610044 1 1 1 1 1 1 1 1 1 1 1 1 1 `強韌的冒險家靈魂` `` 13006
2647008 2 1 1 1 1 1 1 1 1 1 1 1 49 `傳承 : 神圣的戰爭女神薄紗長袍  設計圖` `` 31102
2647009 2 1 1 1 1 1 1 1 1 1 1 1 54 `傳承 : 控魂女神的絹絲長袍  設計圖` `` 31102
2647019 2 1 1 1 1 1 1 1 1 1 1 1 54 `傳承 : 控魂女神的絹絲護腿  設計圖` `` 31102
2647018 2 1 1 1 1 1 1 1 1 1 1 1 49 `傳承 : 神圣的戰爭女神薄紗護腿  設計圖` `` 31102
2647020 2 1 1 1 1 1 1 1 1 1 1 1 44 `傳承 : 神圣的戰爭女神薄紗護肩  設計圖` `` 31102
2647021 2 1 1 1 1 1 1 1 1 1 1 1 49 `傳承 : 控魂女神的絹絲肩甲  設計圖` `` 31102
2647022 2 1 1 1 1 1 1 1 1 1 1 1 44 `傳承 : 神圣的戰爭女神薄紗腰帶  設計圖` `` 31102
2647023 2 1 1 1 1 1 1 1 1 1 1 1 49 `傳承 : 控魂女神的絹絲護腰  設計圖` `` 31102
2647029 2 1 1 1 1 1 1 1 1 1 1 1 49 `傳承 : 控魂女神的絹絲短靴  設計圖` `` 31102
2647028 2 1 1 1 1 1 1 1 1 1 1 1 44 `傳承 : 神圣的戰爭女神薄紗短靴  設計圖` `` 31102
2647032 2 1 1 1 1 1 1 1 1 1 1 1 59 `傳承 : 神圣的控魂女神的絹絲護腿  設計圖` `` 31102
2647030 2 1 1 1 1 1 1 1 1 1 1 1 59 `傳承 : 神圣的控魂女神的絹絲長袍  設計圖` `` 31102
2647034 2 1 1 1 1 1 1 1 1 1 1 1 54 `傳承 : 神圣的控魂女神的絹絲肩甲  設計圖` `` 31102
2647036 2 1 1 1 1 1 1 1 1 1 1 1 54 `傳承 : 神圣的控魂女神的絹絲護腰  設計圖` `` 31102
2647038 2 1 1 1 1 1 1 1 1 1 1 1 54 `傳承 : 神圣的控魂女神的絹絲短靴  設計圖` `` 31102
2647109 2 1 1 1 1 1 1 1 1 1 1 1 54 `傳承 : 控魂女神的狼皮長袍  設計圖` `` 31103
2647108 2 1 1 1 1 1 1 1 1 1 1 1 49 `傳承 : 神圣的戰爭女神狼皮胸甲  設計圖` `` 31103
2647119 2 1 1 1 1 1 1 1 1 1 1 1 54 `傳承 : 控魂女神的狼皮護腿  設計圖` `` 31103
2647120 2 1 1 1 1 1 1 1 1 1 1 1 44 `傳承 : 神圣的戰爭女神狼皮護肩  設計圖` `` 31103
2647118 2 1 1 1 1 1 1 1 1 1 1 1 49 `傳承 : 神圣的戰爭女神狼皮綁腿  設計圖` `` 31103
2647121 2 1 1 1 1 1 1 1 1 1 1 1 49 `傳承 : 控魂女神的狼皮斗蓬  設計圖` `` 31103
2647122 2 1 1 1 1 1 1 1 1 1 1 1 44 `傳承 : 神圣的戰爭女神狼皮腰帶  設計圖` `` 31103
2647123 2 1 1 1 1 1 1 1 1 1 1 1 49 `傳承 : 控魂女神的狼皮腰帶  設計圖` `` 31103
2647128 2 1 1 1 1 1 1 1 1 1 1 1 44 `傳承 : 神圣的戰爭女神狼皮長靴  設計圖` `` 31103
2647129 2 1 1 1 1 1 1 1 1 1 1 1 49 `傳承 : 控魂女神的狼皮短靴  設計圖` `` 31103
2647130 2 1 1 1 1 1 1 1 1 1 1 1 59 `傳承 : 神圣的控魂女神狼皮長袍  設計圖` `` 31103
2647132 2 1 1 1 1 1 1 1 1 1 1 1 59 `傳承 : 神圣的控魂女神狼皮綁腿  設計圖` `` 31103
2647134 2 1 1 1 1 1 1 1 1 1 1 1 54 `傳承 : 神圣的控魂女神狼皮斗蓬  設計圖` `` 31103
2647136 2 1 1 1 1 1 1 1 1 1 1 1 54 `傳承 : 神圣的控魂女神狼皮腰帶  設計圖` `` 31103
2647138 2 1 1 1 1 1 1 1 1 1 1 1 54 `傳承 : 神圣的控魂女神狼皮長靴  設計圖` `` 31103
2647208 2 1 1 1 1 1 1 1 1 1 1 1 49 `傳承 : 神圣的戰爭女神黑陶胸甲  設計圖` `` 31104
2647209 2 1 1 1 1 1 1 1 1 1 1 1 54 `傳承 : 控魂女神的軟陶胸甲  設計圖` `` 31104
2647218 2 1 1 1 1 1 1 1 1 1 1 1 49 `傳承 : 神圣的戰爭女神黑陶綁腿  設計圖` `` 31104
2647219 2 1 1 1 1 1 1 1 1 1 1 1 54 `傳承 : 控魂女神的軟陶綁腿  設計圖` `` 31104
2647220 2 1 1 1 1 1 1 1 1 1 1 1 44 `傳承 : 神圣的戰爭女神黑陶護肩  設計圖` `` 31104
2647221 2 1 1 1 1 1 1 1 1 1 1 1 49 `傳承 : 控魂女神的軟陶斗蓬  設計圖` `` 31104
2647222 2 1 1 1 1 1 1 1 1 1 1 1 44 `傳承 : 神圣的戰爭女神黑陶腰帶  設計圖` `` 31104
2647223 2 1 1 1 1 1 1 1 1 1 1 1 49 `傳承 : 控魂女神的軟陶腰帶  設計圖` `` 31104
2647228 2 1 1 1 1 1 1 1 1 1 1 1 44 `傳承 : 神圣的戰爭女神黑陶長靴  設計圖` `` 31104
2647229 2 1 1 1 1 1 1 1 1 1 1 1 49 `傳承 : 控魂女神的軟陶短靴  設計圖` `` 31104
2647232 2 1 1 1 1 1 1 1 1 1 1 1 59 `傳承 : 神圣的控魂女神軟陶綁腿  設計圖` `` 31104
2647230 2 1 1 1 1 1 1 1 1 1 1 1 59 `傳承 : 神圣的控魂女神軟陶胸甲  設計圖` `` 31104
2647236 2 1 1 1 1 1 1 1 1 1 1 1 54 `傳承 : 神圣的控魂女神軟陶腰帶  設計圖` `` 31104
2647234 2 1 1 1 1 1 1 1 1 1 1 1 54 `傳承 : 神圣的控魂女神軟陶斗篷  設計圖` `` 31104
2647238 2 1 1 1 1 1 1 1 1 1 1 1 54 `傳承 : 神圣的控魂女神軟陶短靴  設計圖` `` 31104
2647308 2 1 1 1 1 1 1 1 1 1 1 1 49 `傳承 : 神圣的戰爭女神墨鋼鏈甲  設計圖` `` 31105
2647309 2 1 1 1 1 1 1 1 1 1 1 1 54 `傳承 : 控魂女神的紋鋼胸甲  設計圖` `` 31105
2647318 2 1 1 1 1 1 1 1 1 1 1 1 49 `傳承 : 神圣的戰爭女神墨鋼護腿  設計圖` `` 31105
2647320 2 1 1 1 1 1 1 1 1 1 1 1 44 `傳承 : 神圣的戰爭女神墨鋼肩甲  設計圖` `` 31105
2647319 2 1 1 1 1 1 1 1 1 1 1 1 54 `傳承 : 控魂女神的紋鋼脛甲  設計圖` `` 31105
2647322 2 1 1 1 1 1 1 1 1 1 1 1 44 `傳承 : 神圣的戰爭女神墨鋼腰帶  設計圖` `` 31105
2647321 2 1 1 1 1 1 1 1 1 1 1 1 49 `傳承 : 控魂女神的紋鋼斗蓬  設計圖` `` 31105
2647323 2 1 1 1 1 1 1 1 1 1 1 1 49 `傳承 : 控魂女神的紋鋼腰帶  設計圖` `` 31105
2647328 2 1 1 1 1 1 1 1 1 1 1 1 44 `傳承 : 神圣的戰爭女神墨鋼長靴  設計圖` `` 31105
2647329 2 1 1 1 1 1 1 1 1 1 1 1 49 `傳承 : 控魂女神的紋鋼短靴  設計圖` `` 31105
2647332 2 1 1 1 1 1 1 1 1 1 1 1 59 `傳承 : 神圣的控魂女神鈦銀護腿  設計圖` `` 31105
2647330 2 1 1 1 1 1 1 1 1 1 1 1 59 `傳承 : 神圣的控魂女神鈦銀鏈甲  設計圖` `` 31105
2647334 2 1 1 1 1 1 1 1 1 1 1 1 54 `傳承 : 神圣的控魂女神鈦銀護肩  設計圖` `` 31105
2647336 2 1 1 1 1 1 1 1 1 1 1 1 54 `傳承 : 神圣的控魂女神鈦銀腰帶  設計圖` `` 31105
2647338 2 1 1 1 1 1 1 1 1 1 1 1 54 `傳承 : 神圣的控魂女神鈦銀長靴  設計圖` `` 31105
2647406 2 1 1 1 1 1 1 1 1 1 1 1 54 `傳承 : 控魂女神的鈦鋼胸甲  設計圖` `` 31106
2647405 2 1 1 1 1 1 1 1 1 1 1 1 49 `傳承 : 神圣的戰爭女神鈦鋼胸甲  設計圖` `` 31106
2647412 2 1 1 1 1 1 1 1 1 1 1 1 49 `傳承 : 神圣的戰爭女神鈦鋼護腿  設計圖` `` 31106
2647413 2 1 1 1 1 1 1 1 1 1 1 1 54 `傳承 : 控魂女神的鈦鋼綁腿  設計圖` `` 31106
2647415 2 1 1 1 1 1 1 1 1 1 1 1 49 `傳承 : 控魂女神的鈦鋼護肩  設計圖` `` 31106
2647414 2 1 1 1 1 1 1 1 1 1 1 1 44 `傳承 : 神圣的戰爭女神鈦鋼肩甲  設計圖` `` 31106
2647416 2 1 1 1 1 1 1 1 1 1 1 1 44 `傳承 : 神圣的戰爭女神鈦鋼護腰  設計圖` `` 31106
2647417 2 1 1 1 1 1 1 1 1 1 1 1 49 `傳承 : 控魂女神的鈦鋼腰帶  設計圖` `` 31106
2647422 2 1 1 1 1 1 1 1 1 1 1 1 44 `傳承 : 神圣的戰爭女神鈦鋼長靴  設計圖` `` 31106
2647423 2 1 1 1 1 1 1 1 1 1 1 1 49 `傳承 : 控魂女神的鈦鋼短靴  設計圖` `` 31106
2647426 2 1 1 1 1 1 1 1 1 1 1 1 59 `傳承 : 神圣的控魂女神的鈦鋼綁腿  設計圖` `` 31106
2647424 2 1 1 1 1 1 1 1 1 1 1 1 59 `傳承 : 神圣的控魂女神的鈦鋼胸甲  設計圖` `` 31106
2647428 2 1 1 1 1 1 1 1 1 1 1 1 54 `傳承 : 神圣的控魂女神的鈦鋼護肩  設計圖` `` 31106
2647430 2 1 1 1 1 1 1 1 1 1 1 1 54 `傳承 : 神圣的控魂女神的鈦鋼腰帶  設計圖` `` 31106
2647432 2 1 1 1 1 1 1 1 1 1 1 1 54 `傳承 : 神圣的控魂女神的鈦鋼短靴  設計圖` `` 31106
2649003 2 1 1 1 1 1 1 1 1 1 1 1 56 `真 ‧ 無盡的元素之力護肩  設計圖` `` 31102
2649002 2 1 1 1 1 1 1 1 1 1 1 1 56 `真 ‧ 流云惊月斗篷  設計圖` `` 31102
2649000 2 1 1 1 1 1 1 1 1 1 1 1 56 `真 ‧ 瘋狂工程師的斗篷  設計圖` `` 31102
2649004 2 1 1 1 1 1 1 1 1 1 1 1 56 `真 ‧ 契約支配者護肩  設計圖` `` 31102
2649005 2 1 1 1 1 1 1 1 1 1 1 1 56 `真 ‧ 靈魂之信仰護肩  設計圖` `` 31102
2649001 2 1 1 1 1 1 1 1 1 1 1 1 56 `真 ‧ 歸隱的武士斗篷  設計圖` `` 31102
2649006 2 1 1 1 1 1 1 1 1 1 1 1 61 `真 ‧ 碧波印月斗篷  設計圖` `` 31102
2649008 2 1 1 1 1 1 1 1 1 1 1 1 61 `真 ‧ 陣法之奧秘護肩  設計圖` `` 31102
2649009 2 1 1 1 1 1 1 1 1 1 1 1 61 `真 ‧ 自然之和諧護肩  設計圖` `` 31102
2649007 2 1 1 1 1 1 1 1 1 1 1 1 61 `真 ‧ 懲戒之反擊護肩  設計圖` `` 31102
2649010 2 1 1 1 1 1 1 1 1 1 1 1 61 `真 ‧ 天空之翼護肩  設計圖` `` 31102
2649011 2 1 1 1 1 1 1 1 1 1 1 1 61 `真 ‧ 傲慢的祭祀者護肩  設計圖` `` 31102
2649012 2 1 1 1 1 1 1 1 1 1 1 1 56 `真 ‧ 瘋狂工程師的腰帶  設計圖` `` 31102
2649013 2 1 1 1 1 1 1 1 1 1 1 1 56 `真 ‧ 歸隱的武士腰帶  設計圖` `` 31102
2649014 2 1 1 1 1 1 1 1 1 1 1 1 56 `真 ‧ 流云惊月腰帶  設計圖` `` 31102
2649015 2 1 1 1 1 1 1 1 1 1 1 1 56 `真 ‧ 無盡的元素之力腰帶  設計圖` `` 31102
2649016 2 1 1 1 1 1 1 1 1 1 1 1 56 `真 ‧ 契約支配者腰帶  設計圖` `` 31102
2649017 2 1 1 1 1 1 1 1 1 1 1 1 56 `真 ‧ 靈魂之信仰腰帶  設計圖` `` 31102
2649018 2 1 1 1 1 1 1 1 1 1 1 1 61 `真 ‧ 碧波印月腰帶  設計圖` `` 31102
2649019 2 1 1 1 1 1 1 1 1 1 1 1 61 `真 ‧ 懲戒之反擊腰帶  設計圖` `` 31102
2649020 2 1 1 1 1 1 1 1 1 1 1 1 61 `真 ‧ 陣法之奧秘腰帶  設計圖` `` 31102
2649021 2 1 1 1 1 1 1 1 1 1 1 1 61 `真 ‧ 自然之和諧腰帶  設計圖` `` 31102
2649022 2 1 1 1 1 1 1 1 1 1 1 1 61 `真 ‧ 天空之翼腰帶  設計圖` `` 31102
2649023 2 1 1 1 1 1 1 1 1 1 1 1 61 `真 ‧ 傲慢的祭祀者腰帶  設計圖` `` 31102
2649200 2 1 1 1 1 1 1 1 1 1 1 1 56 `真 ‧ 西部槍手護肩  設計圖` `` 31103
2649201 2 1 1 1 1 1 1 1 1 1 1 1 56 `真 ‧ 巨鯨之王護肩  設計圖` `` 31103
2649202 2 1 1 1 1 1 1 1 1 1 1 1 56 `真 ‧ 暮星護肩  設計圖` `` 31103
2649203 2 1 1 1 1 1 1 1 1 1 1 1 56 `真 ‧ 慈悲之心護肩  設計圖` `` 31103
2649204 2 1 1 1 1 1 1 1 1 1 1 1 56 `真 ‧ 精靈的智慧護肩  設計圖` `` 31103
2649205 2 1 1 1 1 1 1 1 1 1 1 1 61 `真 ‧ 槍之煙霧護肩  設計圖` `` 31103
2649206 2 1 1 1 1 1 1 1 1 1 1 1 61 `真 ‧ 王族戰士護肩  設計圖` `` 31103
2649207 2 1 1 1 1 1 1 1 1 1 1 1 61 `真 ‧ 公會守護者護肩  設計圖` `` 31103
2649208 2 1 1 1 1 1 1 1 1 1 1 1 61 `真 ‧ 戰爭預言家護肩  設計圖` `` 31103
2649209 2 1 1 1 1 1 1 1 1 1 1 1 61 `真 ‧ 輝煌之祈愿護肩  設計圖` `` 31103
2649210 2 1 1 1 1 1 1 1 1 1 1 1 56 `真 ‧ 西部槍手腰帶  設計圖` `` 31103
2649211 2 1 1 1 1 1 1 1 1 1 1 1 56 `真 ‧ 巨鯨之王腰帶  設計圖` `` 31103
2649212 2 1 1 1 1 1 1 1 1 1 1 1 56 `真 ‧ 暮星腰帶  設計圖` `` 31103
2649213 2 1 1 1 1 1 1 1 1 1 1 1 56 `真 ‧ 慈悲之心腰帶  設計圖` `` 31103
2649214 2 1 1 1 1 1 1 1 1 1 1 1 56 `真 ‧ 精靈的智慧腰帶  設計圖` `` 31103
2649215 2 1 1 1 1 1 1 1 1 1 1 1 61 `真 ‧ 槍之煙霧腰帶  設計圖` `` 31103
2649216 2 1 1 1 1 1 1 1 1 1 1 1 61 `真 ‧ 王族戰士腰帶  設計圖` `` 31103
2649217 2 1 1 1 1 1 1 1 1 1 1 1 61 `真 ‧ 公會守護者腰帶  設計圖` `` 31103
2649218 2 1 1 1 1 1 1 1 1 1 1 1 61 `真 ‧ 戰爭預言家腰帶  設計圖` `` 31103
2649219 2 1 1 1 1 1 1 1 1 1 1 1 61 `真 ‧ 輝煌之祈愿腰帶  設計圖` `` 31103
2649400 2 1 1 1 1 1 1 1 1 1 1 1 56 `真 ‧ 精武之魂護肩  設計圖` `` 31104
2649401 2 1 1 1 1 1 1 1 1 1 1 1 56 `真 ‧ 米格拉的英雄護肩  設計圖` `` 31104
2649402 2 1 1 1 1 1 1 1 1 1 1 1 56 `真 ‧ 霸權者的智慧護肩  設計圖` `` 31104
2649403 2 1 1 1 1 1 1 1 1 1 1 1 56 `真 ‧ 暗黑之焰護肩  設計圖` `` 31104
2649404 2 1 1 1 1 1 1 1 1 1 1 1 56 `真 ‧ 拳王的獨孤護肩  設計圖` `` 31104
2649405 2 1 1 1 1 1 1 1 1 1 1 1 61 `真 ‧ 黑豹突擊者護肩  設計圖` `` 31104
2649406 2 1 1 1 1 1 1 1 1 1 1 1 61 `真 ‧ 風暴追擊者護肩  設計圖` `` 31104
2649407 2 1 1 1 1 1 1 1 1 1 1 1 61 `真 ‧ 戰神的兵戎護肩  設計圖` `` 31104
2649408 2 1 1 1 1 1 1 1 1 1 1 1 61 `真 ‧ 響尾蛇的誘惑護肩  設計圖` `` 31104
2649409 2 1 1 1 1 1 1 1 1 1 1 1 61 `真 ‧ 白馬之影護肩  設計圖` `` 31104
2649410 2 1 1 1 1 1 1 1 1 1 1 1 56 `真 ‧ 精武之魂腰帶  設計圖` `` 31104
2649411 2 1 1 1 1 1 1 1 1 1 1 1 56 `真 ‧ 米格拉的英雄腰帶  設計圖` `` 31104
2649412 2 1 1 1 1 1 1 1 1 1 1 1 56 `真 ‧ 霸權者的智慧腰帶  設計圖` `` 31104
2649413 2 1 1 1 1 1 1 1 1 1 1 1 56 `真 ‧ 暗黑之焰腰帶  設計圖` `` 31104
2649414 2 1 1 1 1 1 1 1 1 1 1 1 56 `真 ‧ 拳王的獨孤腰帶  設計圖` `` 31104
2649415 2 1 1 1 1 1 1 1 1 1 1 1 61 `真 ‧ 黑豹突擊者腰帶  設計圖` `` 31104
2649416 2 1 1 1 1 1 1 1 1 1 1 1 61 `真 ‧ 風暴追擊者腰帶  設計圖` `` 31104
2649417 2 1 1 1 1 1 1 1 1 1 1 1 61 `真 ‧ 戰神的兵戎腰帶  設計圖` `` 31104
2649418 2 1 1 1 1 1 1 1 1 1 1 1 61 `真 ‧ 響尾蛇的誘惑腰帶  設計圖` `` 31104
2649419 2 1 1 1 1 1 1 1 1 1 1 1 61 `真 ‧ 白馬之影腰帶  設計圖` `` 31104
2649600 2 1 1 1 1 1 1 1 1 1 1 1 56 `真 ‧ 巨武器破坏者護肩  設計圖` `` 31105
2649601 2 1 1 1 1 1 1 1 1 1 1 1 56 `真 ‧ 赤煉肩甲  設計圖` `` 31105
2649602 2 1 1 1 1 1 1 1 1 1 1 1 56 `真 ‧ 血之結界護肩  設計圖` `` 31105
2649603 2 1 1 1 1 1 1 1 1 1 1 1 61 `真 ‧ 惊魂之厄運護肩  設計圖` `` 31105
2649604 2 1 1 1 1 1 1 1 1 1 1 1 61 `真 ‧ 后街之王護肩  設計圖` `` 31105
2649605 2 1 1 1 1 1 1 1 1 1 1 1 61 `真 ‧ 蒼狼戰士護肩  設計圖` `` 31105
2649606 2 1 1 1 1 1 1 1 1 1 1 1 56 `真 ‧ 巨武器破坏者腰帶  設計圖` `` 31105
2649607 2 1 1 1 1 1 1 1 1 1 1 1 56 `真 ‧ 赤煉腰帶  設計圖` `` 31105
2649608 2 1 1 1 1 1 1 1 1 1 1 1 56 `真 ‧ 血之結界腰帶  設計圖` `` 31105
2649610 2 1 1 1 1 1 1 1 1 1 1 1 61 `真 ‧ 后街之王腰帶  設計圖` `` 31105
2649609 2 1 1 1 1 1 1 1 1 1 1 1 61 `真 ‧ 惊魂之厄運腰帶  設計圖` `` 31105
2649611 2 1 1 1 1 1 1 1 1 1 1 1 61 `真 ‧ 蒼狼戰士腰帶  設計圖` `` 31105
2649800 2 1 1 1 1 1 1 1 1 1 1 1 56 `真 ‧ 光之流影護肩  設計圖` `` 31106
2649801 2 1 1 1 1 1 1 1 1 1 1 1 56 `真 ‧ 守護者的獻祭護肩  設計圖` `` 31106
2649802 2 1 1 1 1 1 1 1 1 1 1 1 56 `真 ‧ 暮光信徒護肩  設計圖` `` 31106
2649803 2 1 1 1 1 1 1 1 1 1 1 1 61 `真 ‧ 絕地武士護肩  設計圖` `` 31106
2649804 2 1 1 1 1 1 1 1 1 1 1 1 61 `真 ‧ 重生之靈魂護肩  設計圖` `` 31106
2649805 2 1 1 1 1 1 1 1 1 1 1 1 61 `真 ‧ 邪惡之擊護肩  設計圖` `` 31106
2649806 2 1 1 1 1 1 1 1 1 1 1 1 56 `真 ‧ 光之流影腰帶  設計圖` `` 31106
2649807 2 1 1 1 1 1 1 1 1 1 1 1 56 `真 ‧ 守護者的獻祭腰帶  設計圖` `` 31106
2649808 2 1 1 1 1 1 1 1 1 1 1 1 56 `真 ‧ 暮光信徒腰帶  設計圖` `` 31106
2649809 2 1 1 1 1 1 1 1 1 1 1 1 61 `真 ‧ 絕地武士腰帶  設計圖` `` 31106
2649810 2 1 1 1 1 1 1 1 1 1 1 1 61 `真 ‧ 重生之靈魂腰帶  設計圖` `` 31106
2649811 2 1 1 1 1 1 1 1 1 1 1 1 61 `真 ‧ 邪惡之擊腰帶  設計圖` `` 31106
2651106 3 1 1 1 1 1 1 1 1 1 1 1 64 `風影之舞  設計圖` `` 31202
2651109 3 1 1 1 1 1 1 1 1 1 1 1 64 `永恒之時光  設計圖` `` 31204
2651107 3 1 1 1 1 1 1 1 1 1 1 1 64 `夢幻列車長的心臟  設計圖` `` 31202
2651108 3 1 1 1 1 1 1 1 1 1 1 1 64 `風之女神  設計圖` `` 31202
2651111 3 1 1 1 1 1 1 1 1 1 1 1 64 `貪婪者的心愿  設計圖` `` 31203
2651110 3 1 1 1 1 1 1 1 1 1 1 1 64 `死亡之抉擇  設計圖` `` 31203
2651112 3 1 1 1 1 1 1 1 1 1 1 1 64 `月光精靈  設計圖` `` 31203
2651113 3 1 1 1 1 1 1 1 1 1 1 1 64 `美人魚的珍珠指環  設計圖` `` 31203
2651114 3 1 1 1 1 1 1 1 1 1 1 1 64 `地獄使者的披風  設計圖` `` 31302
2651122 3 1 1 1 1 1 1 1 1 1 1 1 64 `惡靈之火焰石 設計圖` `` 31303
2651131 3 1 1 1 1 1 1 1 1 1 1 1 67 `巫師的靈珠  設計圖` `` 31204
2651133 3 1 1 1 1 1 1 1 1 1 1 1 67 `黑色雙子戒指 - 血  設計圖` `` 31203
2651132 3 1 1 1 1 1 1 1 1 1 1 1 67 `黑色雙子戒指 - 毒  設計圖` `` 31203
2651135 3 1 1 1 1 1 1 1 1 1 1 1 67 `黑色雙子戒指 - 縛  設計圖` `` 31203
2651136 3 1 1 1 1 1 1 1 1 1 1 1 67 `黑色雙子戒指 - 電  設計圖` `` 31203
2651137 3 1 1 1 1 1 1 1 1 1 1 1 67 `黑色雙子戒指 - 火  設計圖` `` 31203
2651134 3 1 1 1 1 1 1 1 1 1 1 1 67 `黑色雙子戒指 - 暈  設計圖` `` 31203
2651138 3 1 1 1 1 1 1 1 1 1 1 1 67 `黑色雙子戒指 - 冰  設計圖` `` 31203
2651139 3 1 1 1 1 1 1 1 1 1 1 1 67 `黑色雙子戒指 - 石  設計圖` `` 31203
2651141 3 1 1 1 1 1 1 1 1 1 1 1 67 `黑色雙子戒指 - 咒  設計圖` `` 31203
2651140 3 1 1 1 1 1 1 1 1 1 1 1 67 `黑色雙子戒指 - 緩  設計圖` `` 31203
2651142 3 1 1 1 1 1 1 1 1 1 1 1 67 `黑色雙子戒指 - 亂  設計圖` `` 31203
2651143 3 1 1 1 1 1 1 1 1 1 1 1 67 `黑色雙子戒指 - 暗  設計圖` `` 31203
2651144 3 1 1 1 1 1 1 1 1 1 1 1 67 `罪惡之源  設計圖` `` 31302
2651147 3 1 1 1 1 1 1 1 1 1 1 1 67 `暗黑血之赤瞳  設計圖` `` 31303
2651145 3 1 1 1 1 1 1 1 1 1 1 1 67 `公爵的邪惡披風  設計圖` `` 31302
2659502 2 1 1 1 1 1 1 1 1 1 1 1 9 `藍色信念項墜  設計圖` `` 31202
2659503 2 1 1 1 1 1 1 1 1 1 1 1 14 `魔靈項鏈  設計圖` `` 31202
2659504 2 1 1 1 1 1 1 1 1 1 1 1 19 `悲鳴草項鏈  設計圖` `` 31202
2659505 2 1 1 1 1 1 1 1 1 1 1 1 24 `守護之心  設計圖` `` 31202
2659506 2 1 1 1 1 1 1 1 1 1 1 1 29 `冠軍項鏈  設計圖` `` 31202
2659507 2 1 1 1 1 1 1 1 1 1 1 1 34 `射星項鏈  設計圖` `` 31202
2659508 2 1 1 1 1 1 1 1 1 1 1 1 39 `水星珍珠項鏈  設計圖` `` 31202
2659511 2 1 1 1 1 1 1 1 1 1 1 1 54 `圣光恩澤項鏈  設計圖` `` 31202
2659510 2 1 1 1 1 1 1 1 1 1 1 1 49 `銀波石項鏈  設計圖` `` 31202
2659509 2 1 1 1 1 1 1 1 1 1 1 1 44 `袖珍人偶項鏈  設計圖` `` 31202
2659512 2 1 1 1 1 1 1 1 1 1 1 1 59 `血鋒石項鏈  設計圖` `` 31202
2659513 2 1 1 1 1 1 1 1 1 1 1 1 64 `清靈石項鏈  設計圖` `` 31202
2659516 2 1 1 1 1 1 1 1 1 1 1 1 9 `精制護腕  設計圖` `` 31204
2659517 2 1 1 1 1 1 1 1 1 1 1 1 14 `紅紋手鐲  設計圖` `` 31204
2659518 2 1 1 1 1 1 1 1 1 1 1 1 19 `塵風手鐲  設計圖` `` 31204
2659519 2 1 1 1 1 1 1 1 1 1 1 1 24 `碧影幽然手鐲  設計圖` `` 31204
2659520 2 1 1 1 1 1 1 1 1 1 1 1 29 `翡翠之光手鐲  設計圖` `` 31204
2659521 2 1 1 1 1 1 1 1 1 1 1 1 34 `永恒魔力手鐲  設計圖` `` 31204
2659522 2 1 1 1 1 1 1 1 1 1 1 1 39 `藍色信仰手鐲  設計圖` `` 31204
2659523 2 1 1 1 1 1 1 1 1 1 1 1 44 `禁斷之戀手鐲  設計圖` `` 31204
2659524 2 1 1 1 1 1 1 1 1 1 1 1 49 `金輝石手鐲  設計圖` `` 31204
2659525 2 1 1 1 1 1 1 1 1 1 1 1 54 `圣光恩澤手鐲  設計圖` `` 31204
2659526 2 1 1 1 1 1 1 1 1 1 1 1 59 `藍靈石手鐲  設計圖` `` 31204
2659527 2 1 1 1 1 1 1 1 1 1 1 1 64 `清云石手鐲  設計圖` `` 31204
2659530 2 1 1 1 1 1 1 1 1 1 1 1 9 `酒紅色的心  設計圖` `` 31203
2659531 2 1 1 1 1 1 1 1 1 1 1 1 14 `紅日之心  設計圖` `` 31203
2659532 2 1 1 1 1 1 1 1 1 1 1 1 19 `悲鳴草戒指  設計圖` `` 31203
2659533 2 1 1 1 1 1 1 1 1 1 1 1 24 `水玲瓏戒指  設計圖` `` 31203
2659534 2 1 1 1 1 1 1 1 1 1 1 1 29 `翡翠之光戒指  設計圖` `` 31203
2659535 2 1 1 1 1 1 1 1 1 1 1 1 34 `萌芽戒指  設計圖` `` 31203
2659536 2 1 1 1 1 1 1 1 1 1 1 1 39 `紫鱗之眼  設計圖` `` 31203
2659537 2 1 1 1 1 1 1 1 1 1 1 1 44 `花語之靈  設計圖` `` 31203
2659539 2 1 1 1 1 1 1 1 1 1 1 1 54 `圣光恩澤戒指  設計圖` `` 31203
2659538 2 1 1 1 1 1 1 1 1 1 1 1 49 `藍色玻璃石戒指  設計圖` `` 31203
2659540 2 1 1 1 1 1 1 1 1 1 1 1 59 `藍靈石戒指  設計圖` `` 31203
2659541 2 1 1 1 1 1 1 1 1 1 1 1 64 `清云石戒指  設計圖` `` 31203
2659542 2 1 1 1 1 1 1 1 1 1 1 1 69 `藍色珊瑚珠項鏈  設計圖` `` 31202
2659543 2 1 1 1 1 1 1 1 1 1 1 1 69 `孔雀石手鐲  設計圖` `` 31204
2659544 2 1 1 1 1 1 1 1 1 1 1 1 69 `碧晶光華指輪  設計圖` `` 31203
2660231 2 1 1 1 1 1 1 1 1 1 1 1 1 `動物王國稱號寶箱` `` 13001
2660233 2 1 1 1 1 1 1 1 1 1 1 1 1 `儿童節的技能類型擴張券` `` 13006
2660237 2 1 1 1 1 1 1 1 1 1 1 1 1 `豪爽打通的倉庫擴張券` `` 13006
2660238 3 1 1 1 1 1 1 1 1 1 1 1 1 `多彩蜜蜡` `` 13006
2660324 2 1 1 1 1 1 1 1 1 1 1 1 1 `` `` 13001
2660325 2 1 1 1 1 1 1 1 1 1 1 1 1 `` `` 13001
2660326 2 1 1 1 1 1 1 1 1 1 1 1 1 `` `` 13001
2660327 2 1 1 1 1 1 1 1 1 1 1 1 1 `` `` 13001
2660328 2 1 1 1 1 1 1 1 1 1 1 1 1 `` `` 13001
2660329 2 1 1 1 1 1 1 1 1 1 1 1 1 `` `` 13001
2660330 2 1 1 1 1 1 1 1 1 1 1 1 1 `` `` 13001
2660331 2 1 1 1 1 1 1 1 1 1 1 1 1 `` `` 13001
2660332 2 1 1 1 1 1 1 1 1 1 1 1 1 `` `` 13001
2660333 2 1 1 1 1 1 1 1 1 1 1 1 1 `` `` 13001
2660334 2 1 1 1 1 1 1 1 1 1 1 1 1 `` `` 13001
2660335 2 1 1 1 1 1 1 1 1 1 1 1 1 `` `` 13001
2660336 2 1 1 1 1 1 1 1 1 1 1 1 1 `` `` 13001
2660337 2 1 1 1 1 1 1 1 1 1 1 1 1 `` `` 13001
2660338 2 1 1 1 1 1 1 1 1 1 1 1 1 `` `` 13001
2660339 2 1 1 1 1 1 1 1 1 1 1 1 1 `` `` 13001
2660340 2 1 1 1 1 1 1 1 1 1 1 1 1 `` `` 13001
2660341 2 1 1 1 1 1 1 1 1 1 1 1 1 `` `` 13001
2660342 2 1 1 1 1 1 1 1 1 1 1 1 1 `` `` 13001
2660343 2 1 1 1 1 1 1 1 1 1 1 1 1 `` `` 13001
2660344 2 1 1 1 1 1 1 1 1 1 1 1 1 `` `` 13001
2660345 2 1 1 1 1 1 1 1 1 1 1 1 1 `` `` 13001
2660346 2 1 1 1 1 1 1 1 1 1 1 1 1 `` `` 13001
2660347 2 1 1 1 1 1 1 1 1 1 1 1 1 `` `` 13001
2660413 2 1 1 1 1 1 1 1 1 1 1 1 1 `任意寵物蛋` `` 13001
2660419 2 1 1 1 1 1 1 1 1 1 1 1 1 `盛裝的箱子` `` 13006
2660500 2 1 1 1 1 1 1 1 1 1 1 1 1 `` `` 13001
2660542 2 1 1 1 1 1 1 1 1 1 1 1 1 `神秘的鑰匙串` `` 13001
2660539 2 1 1 1 1 1 1 1 1 1 1 1 1 `神秘的鑰匙串` `` 13001
2660548 2 1 1 1 1 1 1 1 1 1 1 1 1 `追憶之裝扮合成器(冥域天空)` `` 13006
2660581 2 1 1 1 1 1 1 1 1 1 1 1 1 `` `` 13001
2660668 2 1 1 1 1 1 1 1 1 1 1 1 1 `神秘的達人契約禮盒` `` 13001
2660665 2 1 1 1 1 1 1 1 1 1 1 1 1 `神秘的調整箱禮包` `` 13001
2660666 2 1 1 1 1 1 1 1 1 1 1 1 1 `神秘的裝扮合成器禮盒` `` 13001
2660667 2 1 1 1 1 1 1 1 1 1 1 1 1 `神秘的复活幣禮盒` `` 13001
2660669 2 1 1 1 1 1 1 1 1 1 1 1 1 `神秘的霸王契約禮盒` `` 13001
2660781 2 1 1 1 1 1 1 1 1 1 1 1 1 `` `` 13006
2660782 2 1 1 1 1 1 1 1 1 1 1 1 1 `` `` 13006
2660780 2 1 1 1 1 1 1 1 1 1 1 1 1 `` `` 13006
2660784 2 1 1 1 1 1 1 1 1 1 1 1 1 `` `` 13006
2660783 2 1 1 1 1 1 1 1 1 1 1 1 1 `` `` 13006
2660785 2 1 1 1 1 1 1 1 1 1 1 1 1 `` `` 13006
2660786 2 1 1 1 1 1 1 1 1 1 1 1 1 `` `` 13006
2660787 2 1 1 1 1 1 1 1 1 1 1 1 1 `` `` 13006
2660788 2 1 1 1 1 1 1 1 1 1 1 1 1 `` `` 13006
2660789 2 1 1 1 1 1 1 1 1 1 1 1 1 `` `` 13006
2660790 2 1 1 1 1 1 1 1 1 1 1 1 1 `` `` 13006
2660791 2 1 1 1 1 1 1 1 1 1 1 1 1 `` `` 13006
2660792 2 1 1 1 1 1 1 1 1 1 1 1 1 `` `` 13006
2660793 2 1 1 1 1 1 1 1 1 1 1 1 1 `` `` 13006
2660794 2 1 1 1 1 1 1 1 1 1 1 1 1 `` `` 13006
2660795 2 1 1 1 1 1 1 1 1 1 1 1 1 `` `` 13006
2660796 2 1 1 1 1 1 1 1 1 1 1 1 1 `` `` 13006
2660797 2 1 1 1 1 1 1 1 1 1 1 1 1 `` `` 13006
2660798 2 1 1 1 1 1 1 1 1 1 1 1 1 `` `` 13006
2660799 2 1 1 1 1 1 1 1 1 1 1 1 1 `` `` 13006
2660800 2 1 1 1 1 1 1 1 1 1 1 1 1 `` `` 13006
2660801 2 1 1 1 1 1 1 1 1 1 1 1 1 `` `` 13006
2660802 2 1 1 1 1 1 1 1 1 1 1 1 1 `` `` 13006
2660803 2 1 1 1 1 1 1 1 1 1 1 1 1 `` `` 13006
2660804 2 1 1 1 1 1 1 1 1 1 1 1 1 `` `` 13006
2660805 2 1 1 1 1 1 1 1 1 1 1 1 1 `` `` 13006
2660806 2 1 1 1 1 1 1 1 1 1 1 1 1 `` `` 13006
2660836 2 1 1 1 1 1 1 1 1 1 1 1 1 `立頓隨机寵物蛋` `` 13001
2660845 2 1 1 1 1 1 1 1 1 1 1 1 1 `神秘的調整箱禮包` `` 13001
2660844 2 1 1 1 1 1 1 1 1 1 1 1 1 `` `` 13001
2660846 2 1 1 1 1 1 1 1 1 1 1 1 1 `` `` 13001
2660847 2 1 1 1 1 1 1 1 1 1 1 1 1 `` `` 13001
2660848 2 1 1 1 1 1 1 1 1 1 1 1 1 `` `` 13001
2660849 2 1 1 1 1 1 1 1 1 1 1 1 1 `` `` 13001
2660860 2 1 1 1 1 1 1 1 1 1 1 1 1 `神圣火神升級禮盒 [絲綢線]` `` 13001
2660866 2 1 1 1 1 1 1 1 1 1 1 1 1 `神秘的霸王契約禮盒` `` 13001
2660865 2 1 1 1 1 1 1 1 1 1 1 1 1 `神秘的達人契約禮盒` `` 13001
2660864 2 1 1 1 1 1 1 1 1 1 1 1 1 `神圣火神升級禮盒 [鈦]` `` 13001
2660863 2 1 1 1 1 1 1 1 1 1 1 1 1 `神圣火神升級禮盒 [煉條]` `` 13001
2660862 2 1 1 1 1 1 1 1 1 1 1 1 1 `神圣火神升級禮盒 [陶瓷]` `` 13001
2660861 2 1 1 1 1 1 1 1 1 1 1 1 1 `神圣火神升級禮盒 [絨面革]` `` 13001
2660867 2 1 1 1 1 1 1 1 1 1 1 1 1 `神秘的調整箱禮包` `` 13001
2660868 2 1 1 1 1 1 1 1 1 1 1 1 1 `神秘的裝扮合成器禮盒` `` 13001
2660869 2 1 1 1 1 1 1 1 1 1 1 1 1 `神秘的复活幣禮盒` `` 13001
2675336 2 1 1 1 1 1 1 1 1 1 1 1 1 `100万金幣` `` 13002
2675337 2 1 1 1 1 1 1 1 1 1 1 1 1 `200万金幣` `` 13002
2675338 2 1 1 1 1 1 1 1 1 1 1 1 1 `300万金幣` `` 13002
2675339 2 1 1 1 1 1 1 1 1 1 1 1 1 `400万金幣` `` 13002
2675340 2 1 1 1 1 1 1 1 1 1 1 1 1 `500万金幣` `` 13002
2675341 2 1 1 1 1 1 1 1 1 1 1 1 1 `600万金幣` `` 13002
2675342 2 1 1 1 1 1 1 1 1 1 1 1 1 `700万金幣` `` 13002
2675343 2 1 1 1 1 1 1 1 1 1 1 1 1 `800万金幣` `` 13002
2675344 2 1 1 1 1 1 1 1 1 1 1 1 1 `900万金幣` `` 13002
2675345 2 1 1 1 1 1 1 1 1 1 1 1 1 `1000万金幣` `` 13002
2675346 2 1 1 1 1 1 1 1 1 1 1 1 1 `2000万金幣` `` 13002
2675347 2 1 1 1 1 1 1 1 1 1 1 1 1 `3000万金幣` `` 13002
2675348 2 1 1 1 1 1 1 1 1 1 1 1 1 `4000万金幣` `` 13002
2675349 2 1 1 1 1 1 1 1 1 1 1 1 1 `5000万金幣` `` 13002
2675350 2 1 1 1 1 1 1 1 1 1 1 1 1 `6000万金幣` `` 13002
2675351 2 1 1 1 1 1 1 1 1 1 1 1 1 `7000万金幣` `` 13002
2675352 2 1 1 1 1 1 1 1 1 1 1 1 1 `8000万金幣` `` 13002
2675353 2 1 1 1 1 1 1 1 1 1 1 1 1 `9000万金幣` `` 13002
2675817 2 1 1 1 1 1 1 1 1 1 1 1 1 `Jumping Character Ticket(Awakening)` `` 13006
2675850 2 1 1 1 1 1 1 1 1 1 1 1 1 `解放的紅色徽章[力量]` `` 13006
2675851 2 1 1 1 1 1 1 1 1 1 1 1 1 `解放的紅色徽章[智能]` `` 13006
2675852 2 1 1 1 1 1 1 1 1 1 1 1 1 `解放的紅色徽章[体力]` `` 13006
2675853 2 1 1 1 1 1 1 1 1 1 1 1 1 `解放的紅色徽章[精神]` `` 13006
2675854 2 1 1 1 1 1 1 1 1 1 1 1 1 `解放的紅色徽章[所有屬性]` `` 13006
2675855 2 1 1 1 1 1 1 1 1 1 1 1 1 `解放的黃色徽章[釋放速度]` `` 13006
2675856 2 1 1 1 1 1 1 1 1 1 1 1 1 `解放的黃色徽章[硬直]` `` 13006
2675857 2 1 1 1 1 1 1 1 1 1 1 1 1 `解放的黃色徽章[HP恢复]` `` 13006
2675858 2 1 1 1 1 1 1 1 1 1 1 1 1 `解放的黃色徽章[攻速]` `` 13006
2675859 2 1 1 1 1 1 1 1 1 1 1 1 1 `解放的黃色徽章[MP恢复]` `` 13006
2675860 2 1 1 1 1 1 1 1 1 1 1 1 1 `解放的綠色徽章[物理暴擊]` `` 13006
2675861 2 1 1 1 1 1 1 1 1 1 1 1 1 `解放的綠色徽章[HP MAX]` `` 13006
2675862 2 1 1 1 1 1 1 1 1 1 1 1 1 `解放的綠色徽章[魔法暴擊]` `` 13006
2675863 2 1 1 1 1 1 1 1 1 1 1 1 1 `解放的綠色徽章[MP MAX]` `` 13006
2675864 2 1 1 1 1 1 1 1 1 1 1 1 1 `解放的綠色徽章[回避率]` `` 13006
2675865 2 1 1 1 1 1 1 1 1 1 1 1 1 `解放的藍色徽章[命中率]` `` 13006
2675866 2 1 1 1 1 1 1 1 1 1 1 1 1 `解放的藍色徽章[移動速度]` `` 13006
2675867 2 1 1 1 1 1 1 1 1 1 1 1 1 `解放的藍色徽章[物理防御]` `` 13006
2675868 2 1 1 1 1 1 1 1 1 1 1 1 1 `解放的藍色徽章[跳躍力]` `` 13006
2675869 2 1 1 1 1 1 1 1 1 1 1 1 1 `解放的藍色徽章[魔法防御]` `` 13006
2675870 2 1 1 1 1 1 1 1 1 1 1 1 1 `解放的彩色徽章[所有狀態抗性]` `` 13006
2675871 2 1 1 1 1 1 1 1 1 1 1 1 1 `解放的彩色徽章[負重上限]` `` 13006
2675872 2 1 1 1 1 1 1 1 1 1 1 1 1 `解放的彩色徽章[所有屬性抗性]` `` 13006
2675873 2 1 1 1 1 1 1 1 1 1 1 1 1 `解放的雙重徽章[力量 + HP MAX]` `` 13006
2675874 2 1 1 1 1 1 1 1 1 1 1 1 1 `解放的雙重徽章[力量 + MP MAX]` `` 13006
2675875 2 1 1 1 1 1 1 1 1 1 1 1 1 `解放的雙重徽章[智能 + HP MAX]` `` 13006
2675876 2 1 1 1 1 1 1 1 1 1 1 1 1 `解放的雙重徽章[智能 + MP MAX]` `` 13006
2675877 2 1 1 1 1 1 1 1 1 1 1 1 1 `解放的雙重徽章[力量 + 物理暴擊]` `` 13006
2675878 2 1 1 1 1 1 1 1 1 1 1 1 1 `解放的雙重徽章[智能 + 魔法暴擊]` `` 13006
2675879 2 1 1 1 1 1 1 1 1 1 1 1 1 `解放的雙重徽章[力量 + 回避率]` `` 13006
2675880 2 1 1 1 1 1 1 1 1 1 1 1 1 `解放的雙重徽章[智能 + 回避率]` `` 13006
2675881 2 1 1 1 1 1 1 1 1 1 1 1 1 `解放的雙重徽章[攻速 + 移動速度]` `` 13006
2675882 2 1 1 1 1 1 1 1 1 1 1 1 1 `解放的雙重徽章[攻速 + 命中率]` `` 13006
2675883 2 1 1 1 1 1 1 1 1 1 1 1 1 `解放的雙重徽章[釋放速度 + 移動速度]` `` 13006
2675884 2 1 1 1 1 1 1 1 1 1 1 1 1 `解放的雙重徽章[釋放速度 + 命中率]` `` 13006
2675885 2 1 1 1 1 1 1 1 1 1 1 1 1 `解放的雙重徽章[硬直 + 移動速度]` `` 13006
2675886 2 1 1 1 1 1 1 1 1 1 1 1 1 `解放的雙重徽章[硬直 + 命中率]` `` 13006
2675899 2 1 1 1 1 1 1 1 1 1 1 1 1 `徽章填充石` `` 13006
2680313 1 1 1 1 1 1 1 1 1 1 1 1 1 `紅玫瑰` `` 13002
2680314 1 1 1 1 1 1 1 1 1 1 1 1 1 `藍玫瑰` `` 13002
2680328 1 1 1 1 1 1 1 1 1 1 1 1 1 `賽麗亞的粉色小桃心` `` 13002
2680329 1 1 1 1 1 1 1 1 1 1 1 1 1 `賽麗亞的紅色小桃心` `` 13002
2680670 2 1 1 1 1 1 1 1 1 1 1 1 1 `奧爾卡的力量寶珠` `` 33003
2680671 2 1 1 1 1 1 1 1 1 1 1 1 1 `奧爾卡的智力寶珠` `` 33003
2680672 2 1 1 1 1 1 1 1 1 1 1 1 1 `奧爾卡的融合寶珠` `` 33003
2680740 2 1 1 1 1 1 1 1 1 1 1 1 1 `敏泰的力量寶珠` `` 33003
2680741 2 1 1 1 1 1 1 1 1 1 1 1 1 `敏泰的智力寶珠` `` 33003
2680742 2 1 1 1 1 1 1 1 1 1 1 1 1 `敏泰的融合寶珠` `` 33003
2680986 2 1 1 1 1 1 1 1 1 1 1 1 1 `雷諾的力量寶珠` `` 33003
2680987 2 1 1 1 1 1 1 1 1 1 1 1 1 `雷諾的智力寶珠` `` 33003
2680988 2 1 1 1 1 1 1 1 1 1 1 1 1 `雷諾的融合寶珠` `` 33003
2681594 1 1 1 1 1 1 1 1 1 1 1 1 1 `稀有裝扮兌換券` `` 13006
2681762 2 1 1 1 1 1 1 1 1 1 1 1 1 `D點` `` 13002
2681917 2 1 1 1 1 1 1 1 1 1 1 1 1 `代幣券` `` 13002
2682148 2 1 1 1 1 1 1 1 1 1 1 1 1 `+3 裝備強化券` `` 13006
2682149 2 1 1 1 1 1 1 1 1 1 1 1 1 `+5 裝備強化券` `` 13006
2682150 2 1 1 1 1 1 1 1 1 1 1 1 1 `+7 裝備強化券` `` 13006
2682151 2 1 1 1 1 1 1 1 1 1 1 1 1 `+10 裝備強化券` `` 13006
2682152 2 1 1 1 1 1 1 1 1 1 1 1 1 `+12 裝備強化券` `` 13006
2682591 3 1 1 1 1 1 1 1 1 1 1 1 1 `+12 低級裝備強化券` `` 13006
2682592 3 1 1 1 1 1 1 1 1 1 1 1 1 `+7 初級裝備強化券` `` 13006
2682594 3 1 1 1 1 1 1 1 1 1 1 1 1 `+12 初級裝備強化券` `` 13006
2682593 3 1 1 1 1 1 1 1 1 1 1 1 1 `+10 初級裝備強化券` `` 13006
2682595 3 1 1 1 1 1 1 1 1 1 1 1 1 `+7 中級裝備強化券` `` 13006
2682596 3 1 1 1 1 1 1 1 1 1 1 1 1 `+10 中級裝備強化券` `` 13006
2682597 3 1 1 1 1 1 1 1 1 1 1 1 1 `+12 中級裝備強化券` `` 13006
2682598 3 1 1 1 1 1 1 1 1 1 1 1 1 `+7 高級裝備強化券` `` 13006
2682599 3 1 1 1 1 1 1 1 1 1 1 1 1 `+10 高級裝備強化券` `` 13006
2682600 3 1 1 1 1 1 1 1 1 1 1 1 1 `+12 高級裝備強化券` `` 13006
2682601 3 1 1 1 1 1 1 1 1 1 1 1 1 `+7 特級裝備強化券` `` 13006
2682602 3 1 1 1 1 1 1 1 1 1 1 1 1 `+10 特級裝備強化券` `` 13006
2682603 3 1 1 1 1 1 1 1 1 1 1 1 1 `+12 特級裝備強化券` `` 13006
2682604 3 1 1 1 1 1 1 1 1 1 1 1 1 `+7 頂級裝備強化券` `` 13006
2682605 3 1 1 1 1 1 1 1 1 1 1 1 1 `+10 頂級裝備強化券` `` 13006
2682606 3 1 1 1 1 1 1 1 1 1 1 1 1 `+12 頂級裝備強化券` `` 13006
2682608 3 1 1 1 1 1 1 1 1 1 1 1 1 `+7 翡翠裝備強化券 ` `` 13006
2682834 2 1 1 1 1 1 1 1 1 1 1 1 1 `耀眼的深淵寶珠` `` 13001
2682835 2 1 1 1 1 1 1 1 1 1 1 1 1 `暗淡的深淵寶珠` `` 13001
2749032 2 1 1 1 1 1 1 1 1 1 1 1 20 `戰場特產果盒` `` 13001
2749091 2 1 1 1 1 1 1 1 1 1 1 1 1 `巴爾雷娜的力量寶珠` `` 33003
2749092 2 1 1 1 1 1 1 1 1 1 1 1 1 `巴爾雷娜的智力寶珠` `` 33003
2749093 2 1 1 1 1 1 1 1 1 1 1 1 1 `巴爾雷娜的融合寶珠` `` 33003
2749354 2 1 1 1 1 1 1 1 1 1 1 1 1 `幸運禮盒` `` 13001
2782719 3 1 1 1 1 1 1 1 1 1 1 1 1 `+10 翡翠裝備強化券 ` `` 13006
2782720 3 1 1 1 1 1 1 1 1 1 1 1 1 `+12 翡翠裝備強化券 ` `` 13006
10000053 2 1 1 1 1 1 1 1 1 1 1 1 1 `` `` 13006
10000054 2 1 1 1 1 1 1 1 1 1 1 1 1 `` `` 13006
10000055 2 1 1 1 1 1 1 1 1 1 1 1 1 `` `` 13006
10000112 2 1 1 1 1 1 1 1 1 1 1 1 1 `神秘的寵物飼料禮盒` `` 13001
10000129 2 1 1 1 1 1 1 1 1 1 1 1 1 `` `` 13006
10000128 2 1 1 1 1 1 1 1 1 1 1 1 1 `` `` 13006
10000130 2 1 1 1 1 1 1 1 1 1 1 1 1 `` `` 13006
10000191 2 1 1 1 1 1 1 1 1 1 1 1 1 `神秘的寵物飼料禮盒` `` 13001
10000362 2 1 1 1 1 1 1 1 1 1 1 1 1 `華麗的徽章袋` `` 13001
10000418 2 1 1 1 1 1 1 1 1 1 1 1 1 `2012 夢幻勇士稱號寶箱` `` 13001
10000419 2 1 1 1 1 1 1 1 1 1 1 1 1 `昂貴寶箱` `` 13001
10000511 2 1 1 1 1 1 1 1 1 1 1 1 1 `` `` 13001
10000537 2 1 1 1 1 1 1 1 1 1 1 1 1 `不可交易 7階稀有裝備盒` `` 13001
10000553 0 1 1 1 1 1 1 1 1 1 1 1 1 `` `` 33003
10000554 0 1 1 1 1 1 1 1 1 1 1 1 1 `` `` 33003
10000555 0 1 1 1 1 1 1 1 1 1 1 1 1 `` `` 33003
10000556 0 1 1 1 1 1 1 1 1 1 1 1 1 `` `` 33003
10000557 0 1 1 1 1 1 1 1 1 1 1 1 1 `` `` 33003
10000559 0 1 1 1 1 1 1 1 1 1 1 1 1 `` `` 33003
10000558 0 1 1 1 1 1 1 1 1 1 1 1 1 `` `` 33003
10000560 0 1 1 1 1 1 1 1 1 1 1 1 1 `` `` 33003
10000561 0 1 1 1 1 1 1 1 1 1 1 1 1 `` `` 33003
10000562 0 1 1 1 1 1 1 1 1 1 1 1 1 `` `` 33003
10000563 0 1 1 1 1 1 1 1 1 1 1 1 1 `` `` 33003
10000564 0 1 1 1 1 1 1 1 1 1 1 1 1 `` `` 33003
10000565 0 1 1 1 1 1 1 1 1 1 1 1 1 `` `` 33003
10000566 0 1 1 1 1 1 1 1 1 1 1 1 1 `` `` 33003
10000567 0 1 1 1 1 1 1 1 1 1 1 1 1 `` `` 33003
10000568 0 1 1 1 1 1 1 1 1 1 1 1 1 `` `` 33003
10000569 1 1 1 1 1 1 1 1 1 1 1 1 1 `` `` 13001
10000570 1 1 1 1 1 1 1 1 1 1 1 1 1 `` `` 13001
10000571 1 1 1 1 1 1 1 1 1 1 1 1 1 `` `` 13001
10000572 1 1 1 1 1 1 1 1 1 1 1 1 1 `` `` 13001
10000586 2 1 1 1 1 1 1 1 1 1 1 1 1 `` `` 13001
10000587 2 1 1 1 1 1 1 1 1 1 1 1 1 `` `` 13001
10000588 2 1 1 1 1 1 1 1 1 1 1 1 1 `` `` 13001
10000589 2 1 1 1 1 1 1 1 1 1 1 1 1 `` `` 13001
10000598 2 1 1 1 1 1 1 1 1 1 1 1 1 `` `` 33003
10000599 2 1 1 1 1 1 1 1 1 1 1 1 1 `` `` 33003
10000597 2 1 1 1 1 1 1 1 1 1 1 1 1 `` `` 13001
10000601 2 1 1 1 1 1 1 1 1 1 1 1 1 `` `` 33003
10000600 2 1 1 1 1 1 1 1 1 1 1 1 1 `` `` 33003
690000220 1 1 1 1 1 1 1 1 1 1 1 1 1 `增加公會經驗值的書` `` 13006
690001782 2 1 1 1 1 1 1 1 1 1 1 1 1 `克隆上級裝扮禮包[格斗家(女)]` `` 13001
690001786 2 1 1 1 1 1 1 1 1 1 1 1 1 `克隆上級裝扮禮包[神槍手(女)]` `` 13001
690001784 2 1 1 1 1 1 1 1 1 1 1 1 1 `克隆上級裝扮禮包[魔法師(女)]` `` 13001
690001788 2 1 1 1 1 1 1 1 1 1 1 1 1 `克隆上級裝扮禮包[格斗家(男)]` `` 13001
690001783 2 1 1 1 1 1 1 1 1 1 1 1 1 `克隆上級裝扮禮包[神槍手(男)]` `` 13001
690001789 2 1 1 1 1 1 1 1 1 1 1 1 1 `克隆上級裝扮禮包[魔法師(男)]` `` 13001
690001785 2 1 1 1 1 1 1 1 1 1 1 1 1 `克隆上級裝扮禮包[圣職者]` `` 13001
690001781 2 1 1 1 1 1 1 1 1 1 1 1 1 `克隆上級裝扮禮包[鬼劍士]` `` 13001
690001787 2 1 1 1 1 1 1 1 1 1 1 1 1 `克隆上級裝扮禮包[暗夜使者]` `` 13001
2600479 2 1 1 1 1 1 1 1 1 1 1 1 1 `玄鐵卡片合成器 (活動)` `` 13006
2600480 2 1 1 1 1 1 1 1 1 1 1 1 25 `青銅卡片合成器 (活動)` `` 13006
2600481 2 1 1 1 1 1 1 1 1 1 1 1 45 `白銀卡片合成器 (活動)` `` 13006
2683462 2 1 1 1 1 1 1 1 1 1 1 1 1 `暗精靈禮盒` `` 13001
690017005 2 1 1 1 1 1 1 1 1 1 1 1 1 `冥域天空稀有裝扮自選禮盒` `` 13001
490707425 2 1 1 1 1 1 1 1 1 1 1 1 1 `冥域天空稀有裝扮套裝自選禮盒` `` 13001
690017006 2 1 1 1 1 1 1 1 1 1 1 1 1 `蒼穹之翼稀有裝扮自選禮盒` `` 13001
690017007 2 1 1 1 1 1 1 1 1 1 1 1 1 `戰靈天舞稀有裝扮自選禮盒` `` 13001
690017008 2 1 1 1 1 1 1 1 1 1 1 1 1 `冥光天羽稀有裝扮自選禮盒` `` 13001
490707426 2 1 1 1 1 1 1 1 1 1 1 1 1 `蒼穹之翼稀有裝扮套裝自選禮盒` `` 13001
490707427 2 1 1 1 1 1 1 1 1 1 1 1 1 `戰靈天舞稀有裝扮套裝自選禮盒` `` 13001
490707428 2 1 1 1 1 1 1 1 1 1 1 1 1 `冥光天羽稀有裝扮套裝自選禮盒` `` 13001
2683009 1 1 1 1 1 1 1 1 1 1 1 1 1 `圣遺物寶盒購買券` `` 13006
2680362 1 1 1 1 1 1 1 1 1 1 1 1 1 `鞭炮` `` 13002
2680360 1 1 1 1 1 1 1 1 1 1 1 1 1 `紅紙` `` 13002
2680361 1 1 1 1 1 1 1 1 1 1 1 1 1 `年貨` `` 13002
2680359 1 1 1 1 1 1 1 1 1 1 1 1 1 `垃圾箱` `` 13002
2749053 1 1 1 1 1 1 1 1 1 1 1 1 1 `爆竹` `` 13002
