item_id,name,rarity,price,seal_flag,endurance
1000,野草莓,consumable,1500,0,0
1001,烤硬的黑面包,consumable,1500,0,0
1002,朗姆酒,consumable,3000,0,0
1003,牛排,consumable,4000,0,0
1004,苎麻花叶,consumable,1000,0,0
1005,冰冻恢复剂,consumable,2000,0,0
1006,加速药剂,consumable,2000,0,0
1007,圣水,consumable,2000,0,0
1008,中毒恢复剂,consumable,2000,0,0
1009,解冻药水,consumable,2000,0,0
1010,解毒药水,consumable,2000,0,0
1011,牛头怪的尾巴,consumable,2000,0,0
1013,肉干,consumable,4000,0,0
1014,萨乌塔的角,consumable,2000,0,0
1015,哥布林尘埃,consumable,800,0,0
1016,锐眼药剂,consumable,5000,0,0
1017,火蜥蜴药水,consumable,4000,0,0
1018,雪杰克药水,consumable,3000,0,0
1019,小世界仪,consumable,2000,0,0
1020,火符咒,consumable,3000,0,0
1021,冰符咒,consumable,3000,0,0
1022,暗符咒,consumable,3000,0,0
1023,光符咒,consumable,3000,0,0
1024,天空之海符咒,consumable,3000,0,0
1025,狂龙之吼,consumable,18000,0,0
1026,食人魔药剂,consumable,3000,0,0
1027,锐眼药水,consumable,8500,0,0
1028,食人魔药水,consumable,3000,0,0
1029,魔力之语药剂,consumable,2000,0,0
1030,魔力之语药水,consumable,2000,0,0
1032,索西雅特制的精灵啤酒,consumable,2000,0,0
1047,命运硬币,consumable,3000,0,0
1048,天空之城泉水,consumable,2000,0,0
1049,天空之城露水,consumable,2000,0,0
1050,眩晕恢复剂,consumable,2000,0,0
1051,石化恢复剂,consumable,2000,0,0
1052,失明恢复剂,consumable,2000,0,0
1053,混乱恢复剂,consumable,2000,0,0
1054,出血恢复剂,consumable,2000,0,0
1059,珊瑚果冻,consumable,3000,0,0
1060,天帷巨兽的鳞片,consumable,2000,0,0
1061,睡眠贝肉,consumable,4000,0,0
1062,越桔,consumable,2000,0,0
1063,甜瓜,consumable,2500,0,0
1064,熟透的葡萄,consumable,2000,0,0
1065,魔力之花,consumable,2000,0,0
1066,精灵香精,consumable,3000,0,0
1067,魔力之水,consumable,2000,0,0
1068,黄金圣餐,consumable,20000,0,0
1069,神圣葡萄酒,consumable,2000,0,0
1070,蓝色圣经,consumable,3000,0,0
1071,圣杯,consumable,3000,0,0
1072,邪恶药剂,consumable,2000,0,0
1073,藤蔓种子,consumable,500,0,0
1074,大世界仪,consumable,4000,0,0
1079,大块肉干,consumable,5000,0,0
1080,暗黑城特产干酪,consumable,7000,0,0
1081,黑色龙舌兰酒,consumable,2000,0,0
1082,暗黑倾向药剂,consumable,3000,0,0
1089,突变草莓,consumable,3000,0,0
1090,突变苎麻花叶,consumable,3000,0,0
1091,浓缩的元素药剂,consumable,3000,0,0
1092,跃翔药剂,consumable,2000,0,0
1094,灼伤恢复剂,consumable,2000,0,0
1095,冷藏的羊肉,consumable,4000,0,0
1096,冷藏的乳袋,consumable,3000,0,0
1097,马奶酒,consumable,4000,0,0
1098,羊奶酸乳,consumable,1500,0,0
1106,诺顿的新手HP药剂,consumable,300,0,0
1107,诺顿的入门HP药剂,consumable,500,0,0
1108,诺顿的普通HP药剂,consumable,1000,0,0
1109,诺顿的熟练HP药剂,consumable,1500,0,0
1110,诺顿的专家HP药剂,consumable,2000,0,0
1111,诺顿的达人HP药剂,consumable,2500,0,0
1112,罗莉安的新手MP药剂,consumable,300,0,0
1113,罗莉安的入门MP药剂,consumable,500,0,0
1114,罗莉安的普通MP药剂,consumable,1000,0,0
1115,罗莉安的熟练MP药剂,consumable,1500,0,0
1116,罗莉安的专家MP药剂,consumable,2000,0,0
1117,罗莉安的达人MP药剂,consumable,2500,0,0
1124,圣光万灵药,consumable,30000,0,0
1150,新手中毒解除药剂,consumable,500,0,0
1151,普通中毒解除药剂,consumable,1000,0,0
1152,专家中毒解除药剂,consumable,2000,0,0
1153,新手冰冻解除药剂,consumable,500,0,0
1154,普通冰冻解除药剂,consumable,1000,0,0
1155,专家冰冻解除药剂,consumable,2000,0,0
1156,新手眩晕解除药剂,consumable,500,0,0
1157,普通眩晕解除药剂,consumable,1000,0,0
1158,专家眩晕解除药剂,consumable,2000,0,0
1159,新手石化解除药剂,consumable,500,0,0
1160,普通石化解除药剂,consumable,1000,0,0
1161,专家石化解除药剂,consumable,2000,0,0
1162,新手失明解除药剂,consumable,500,0,0
1163,普通失明解除药剂,consumable,1000,0,0
1164,专家失明解除药剂,consumable,2000,0,0
1165,新手混乱解除药剂,consumable,500,0,0
1166,普通混乱解除药剂,consumable,1000,0,0
1167,专家混乱解除药剂,consumable,2000,0,0
1168,新手出血解除药剂,consumable,500,0,0
1169,普通出血解除药剂,consumable,1000,0,0
1170,专家出血解除药剂,consumable,2000,0,0
1171,新手疾病解除药剂,consumable,500,0,0
1172,普通疾病解除药剂,consumable,1000,0,0
1173,专家疾病解除药剂,consumable,2000,0,0
1174,新手精神支配解除药剂,consumable,500,0,0
1176,专家精神支配解除药剂,consumable,2000,0,0
1177,新手沉默解除药剂,consumable,500,0,0
1178,普通沉默解除药剂,consumable,1000,0,0
1179,专家沉默解除药剂,consumable,2000,0,0
1180,新手灼伤解除药剂,consumable,500,0,0
1181,普通灼伤解除药剂,consumable,1000,0,0
1182,专家灼伤解除药剂,consumable,2000,0,0
1183,异界气息净化书,consumable,5000000,0,0
1188,变异的力量扭转书,consumable,8000000,0,0
1189,变异的智力扭转书,consumable,8000000,0,0
1190,变异的生命扭转书,consumable,8000000,0,0
1191,变异的魔力扭转书,consumable,8000000,0,0
1192,新手睡眠解除药剂,consumable,500,0,0
1193,普通睡眠解除药剂,consumable,1000,0,0
1194,专家睡眠解除药剂,consumable,2000,0,0
1233,海贼的储备粮食,consumable,8000,0,0
1234,皇都军的军用水桶,consumable,4000,0,0
1235,皇都军的面包,consumable,3000,0,0
1239,暗精灵的解除睡眠药剂,consumable,2000,0,0
1240,暗精灵的解除中毒药剂,consumable,2000,0,0
1241,暗精灵的解除混乱药剂,consumable,2000,0,0
1249,神圣水晶,consumable,5000,0,0
1250,恶灵的气息,consumable,8000,0,0
1251,精制的装备合成器,consumable,5000000,0,0
1252,神圣的装备合成器,consumable,8000000,0,0
3012,猫妖脚爪,consumable,1000,0,0
3015,哥布林手骨,consumable,1000,0,0
3016,魔法师的血液,consumable,2000,0,0
3019,紫玛瑙,consumable,3500,0,0
3020,黑曜石,consumable,3500,0,0
3021,血滴石,consumable,3500,0,0
3022,海蓝宝石,consumable,3500,0,0
3023,金刚石,consumable,4000,0,0
3027,生锈的铁片,consumable,300,0,0
3030,碎布片,consumable,200,0,0
3033,黑色小晶块,consumable,250,0,0
3034,白色小晶块,consumable,250,0,0
3035,红色小晶块,consumable,250,0,0
3036,蓝色小晶块,consumable,250,0,0
3037,无色小晶块,consumable,100,0,0
3038,黑色大晶体,consumable,20000,0,0
3039,白色大晶体,consumable,20000,0,0
3040,红色大晶体,consumable,20000,0,0
3041,蓝色大晶体,consumable,20000,0,0
3042,无色大晶体,consumable,8000,0,0
3047,林纳斯的火炉使用券,consumable,100000,0,0
3050,克尔顿的印章,consumable,5000,0,0
3051,斯卡迪女王的印章,consumable,8000,0,0
3052,赫仑皇帝的印章,consumable,8000,0,0
3053,撒勒的印章,consumable,5000,0,0
3065,凯诺的毛皮,consumable,3000,0,0
3069,毒猫王的毒牙,consumable,3000,0,0
3071,牛头怪的硬角,consumable,1500,0,0
3074,清凉的罗荆果,consumable,2000,0,0
3075,熟透的山葡萄,consumable,2000,0,0
3093,赫顿玛尔地图,consumable,1000,0,0
3108,坚韧的触须,consumable,2000,0,0
3109,破损的刀刃,consumable,800,0,0
3111,锋利的尖刺,consumable,2000,0,0
3112,龙头炮的炮身,consumable,5000,0,0
3113,藤蔓根茎,consumable,2000,0,0
3114,邪恶的结晶,consumable,5000,0,0
3115,耀眼的结晶,consumable,5000,0,0
3116,黑硬的物质,consumable,3000,0,0
3117,次品芯片,consumable,2000,0,0
3122,圣痕丝绸,consumable,3000,0,0
3123,尖晶石,consumable,3500,0,0
3124,萤石,consumable,3500,0,0
3125,锆石,consumable,3500,0,0
3128,龙人之眼,consumable,3000,0,0
3130,幻觉草种子,consumable,3000,0,0
3131,夜叉的声带,consumable,3000,0,0
3132,罗丁的种子,consumable,4000,0,0
3134,粗糙的布片,consumable,300,0,0
3135,普通布片,consumable,600,0,0
3136,厚绒布片,consumable,2000,0,0
3137,高级布片,consumable,2500,0,0
3142,风化的碎骨,consumable,300,0,0
3143,加工过的碎骨,consumable,800,0,0
3144,普通碎骨,consumable,600,0,0
3145,粗重的碎骨,consumable,2000,0,0
3146,上等碎骨,consumable,2500,0,0
3147,偏软的铁片,consumable,500,0,0
3148,普通铁片,consumable,600,0,0
3149,坚硬的铁片,consumable,1500,0,0
3150,钢铁片,consumable,2000,0,0
3151,最下级硬化剂,consumable,400,0,0
3152,下级硬化剂,consumable,800,0,0
3153,中级硬化剂,consumable,1500,0,0
3154,上级硬化剂,consumable,2500,0,0
3155,特级硬化剂,consumable,3500,0,0
3156,最下级砥石,consumable,400,0,0
3157,下级砥石,consumable,800,0,0
3158,中级砥石,consumable,1500,0,0
3159,上级砥石,consumable,2500,0,0
3160,特级砥石,consumable,4000,0,0
3166,下级元素结晶,consumable,250,0,0
3167,上级元素结晶,consumable,6500,0,0
3168,火焰石,consumable,3000,0,0
3169,冰晶石,consumable,3000,0,0
3170,无重力碎片,consumable,3000,0,0
3171,炉岩炭,consumable,150,0,0
3172,闪光石,consumable,3000,0,0
3173,暗影石,consumable,3000,0,0
3174,透明石,consumable,3000,0,0
3176,魔法师琳恩的印章,consumable,5000,0,0
3177,灵魂碎片,consumable,2000,0,0
3178,风之流动,consumable,3000,0,0
3179,守护之印记,consumable,3000,0,0
3180,冰之水晶,consumable,3000,0,0
3181,炎之内核,consumable,5000,0,0
3182,光之心脏,consumable,2000,0,0
3184,希望种子,consumable,3000,0,0
3185,黄金种子,consumable,3000,0,0
3186,波罗丁的印章,consumable,8000,0,0
3187,灵魂晶石,consumable,2500,0,0
3203,被污染的蜘蛛腿,consumable,800,0,0
3205,泰拉石,consumable,7000,0,0
3206,博肯人偶,consumable,10000,0,0
3210,邪念体,consumable,8000,0,0
3211,锋利的狼牙,consumable,2000,0,0
3212,雪虎的毛皮,consumable,3000,0,0
3216,宇宙之眼,consumable,8000,0,0
3217,王之石像碎块,consumable,2000,0,0
3218,疯狂盗贼的口罩,consumable,800,0,0
3221,灾难的征兆,consumable,4000,0,0
3222,来自异界的怨恨,consumable,5000,0,0
3227,魔力溶解剂,consumable,200,0,0
3229,混沌魔石碎片,consumable,1500,0,0
3230,垃圾桶盖,consumable,1000,0,0
3240,光辉之魔石,consumable,50000,0,0
3241,光辉之魔石碎片,consumable,5000,0,0
3242,矛盾的结晶体,consumable,120000,0,0
3243,强烈之痕迹,consumable,5000,0,0
3244,浓缩的纯洁之骸,consumable,3000000,0,0
3245,浓缩的异界精髓,consumable,600000,0,0
3249,卡勒特干部的徽章,consumable,8000,0,0
3253,使徒的气息,consumable,300000,0,0
3254,戮蛊的眼睛,consumable,12000,0,0
3255,威严恶魔的挑战书,consumable,25000,0,0
3262,金色小晶块,consumable,9000,0,0
3263,金色大晶体,consumable,120000,0,0
3266,粗糙的机械零件,consumable,2000,0,0
3267,卡勒特首领的徽章,consumable,8000,0,0
3268,星星碎片,consumable,2000,0,0
3269,柴火,consumable,1000,0,0
3270,碎肉块,consumable,1000,0,0
3271,弹药包,consumable,3000,0,0
3272,步枪零件,consumable,2000,0,0
3273,枪械修理工具,consumable,2000,0,0
3274,扳手,consumable,1000,0,0
3275,彩妆用品,consumable,1000,0,0
3276,防弹金属碎片,consumable,2000,0,0
3278,神奇的梦之粉,consumable,2000,0,0
3279,死亡雪花,consumable,2000,0,0
3281,扭曲恶魔的挑战书,consumable,25000,0,0
3283,震撼恶魔的挑战书,consumable,25000,0,0
3286,觉醒之核,consumable,5000,0,0
3294,海贼团员戒指,consumable,2000,0,0
3295,副船长的戒指,consumable,2000,0,0
3296,天界珍珠,consumable,3000,0,0
3297,坚硬的龟壳,consumable,3000,0,0
3298,有用的零件,consumable,2000,0,0
3299,虚空魔石,consumable,40000,0,0
3300,虚空魔石碎片,consumable,4000,0,0
3301,红色钻石,consumable,5000,0,0
3303,英雄的宿命,consumable,4000,0,0
3304,恶灵的密语,consumable,5000,0,0
3305,污秽之血,consumable,5000,0,0
3306,狄瑞吉之血,consumable,8000,0,0
3307,天界徽章,consumable,5000,0,0
3308,卡勒特军用炮炮身,consumable,5000,0,0
3309,卡勒特指令书,consumable,5000,0,0
3310,障碍物残骸,consumable,2000,0,0
3600,光之城主赛格哈特  卡片,consumable,5000000,0,0
3601,长脚罗特斯  卡片,consumable,5000000,0,0
3602,邪龙斯皮兹头部  卡片,consumable,50000,0,0
3603,魔笛使者皮特  卡片,consumable,500000,0,0
3604,烈焰彼诺修  卡片,consumable,5000000,0,0
3605,黄金巨人普拉塔尼  卡片,consumable,50000,0,0
3606,巨树守护者罗丁  卡片,consumable,50000,0,0
3607,怨恨之摩根  卡片,consumable,500000,0,0
3608,冰齿沙凡特  卡片,consumable,50000,0,0
3609,犬人哈多  卡片,consumable,50000,0,0
3610,十夫长  卡片,consumable,50000,0,0
3611,牛头巨兽  卡片,consumable,50000,0,0
3612,岩石人偶师  卡片,consumable,50000,0,0
3613,夜视镜卡格  卡片,consumable,50000,0,0
3614,GBL教神官  卡片,consumable,50000,0,0
3615,火焰龙头炮  卡片,consumable,50000,0,0
3616,吞灵者  卡片,consumable,50000,0,0
3617,班图女战士  卡片,consumable,50000,0,0
3618,疯狂盗匪  卡片,consumable,50000,0,0
3619,青哥布林  卡片,consumable,50000,0,0
3620,猫妖  卡片,consumable,50000,0,0
3621,牛头护卫  卡片,consumable,50000,0,0
3622,龙人  卡片,consumable,50000,0,0
3623,爆弹卡格  卡片,consumable,50000,0,0
3624,斧之驱逐者  卡片,consumable,50000,0,0
3625,夜叉  卡片,consumable,50000,0,0
3626,GBL教信徒  卡片,consumable,50000,0,0
3627,章鱼怪  卡片,consumable,50000,0,0
3628,蜘蛛  卡片,consumable,50000,0,0
3629,暗精灵护卫  卡片,consumable,50000,0,0
3630,摩震的猎犬  卡片,consumable,50000,0,0
3633,饥饿僵尸  卡片,consumable,50000,0,0
3635,瑟冥特克  卡片,consumable,50000,0,0
3636,骸骨投掷兵  卡片,consumable,50000,0,0
3637,光之沃德咯斯  卡片,consumable,50000,0,0
3638,EX多尼尔  卡片,consumable,50000,0,0
3639,巨型黑章鱼  卡片,consumable,50000,0,0
3640,审判者马塞尔  卡片,consumable,500000,0,0
3641,雪崩拉比纳  卡片,consumable,50000,0,0
3642,魔女莉斯  卡片,consumable,50000,0,0
3643,歌利亚  卡片,consumable,50000,0,0
3644,GBL巨像  卡片,consumable,50000,0,0
3645,罗特斯的卵  卡片,consumable,5000000,0,0
3646,毒葡萄艾米迪  卡片,consumable,50000,0,0
3647,老鼠商人洛克沙  卡片,consumable,500000,0,0
3648,诡异的书架  卡片,consumable,50000,0,0
3649,奈普·克拉斯  卡片,consumable,50000,0,0
3650,辅修师斯佩特  卡片,consumable,50000,0,0
3651,艾克洛索  卡片,consumable,50000,0,0
3652,寒冰巨人利库  卡片,consumable,500000,0,0
3653,泰坦  卡片,consumable,50000,0,0
3654,塞斯奇  卡片,consumable,50000,0,0
3655,莱里特·拉里  卡片,consumable,50000,0,0
3656,西特拉克  卡片,consumable,50000,0,0
3657,伊沙杜拉  卡片,consumable,50000,0,0
3658,炎之古拉德  卡片,consumable,500000,0,0
3659,倔强的哈尼克  卡片,consumable,50000,0,0
3660,沉默的亨普利  卡片,consumable,50000,0,0
3661,漫游者麦吉  卡片,consumable,50000,0,0
3662,北极风纳斯拉  卡片,consumable,50000,0,0
3663,前锋卫队长波西克  卡片,consumable,50000,0,0
3664,冰雪女王洛丝 卡片,consumable,500000,0,0
3665,范哲利斯  卡片,consumable,500000,0,0
3666,犬使摩震  卡片,consumable,500000,0,0
3667,牛头统帅  卡片,consumable,500000,0,0
3668,火箭侠  卡片,consumable,500000,0,0
3669,魔雷者麦瑟·莫纳亨  卡片,consumable,50000,0,0
3670,骷髅凯恩  卡片,consumable,500000,0,0
3671,纵火犯本汀克  卡片,consumable,500000,0,0
3672,狂乱的伪装者  卡片,consumable,50000,0,0
3673,机动队长苏雷德  卡片,consumable,50000,0,0
3674,莫格尼斯  卡片,consumable,50000,0,0
3675,比特·伯斯提  卡片,consumable,50000,0,0
3676,守护者沃利  卡片,consumable,500000,0,0
3677,布万加  卡片,consumable,5000000,0,0
3678,锤王波罗丁  卡片,consumable,5000000,0,0
3679,牛头械王  卡片,consumable,5000000,0,0
3680,无头骑士  卡片,consumable,5000000,0,0
3681,虫王戮蛊  卡片,consumable,5000000,0,0
3682,魔剑阿波菲斯  卡片,consumable,5000000,0,0
3683,冰龙斯卡萨  卡片,consumable,5000000,0,0
3684,狄瑞吉的幻影  卡片,consumable,5000000,0,0
3685,暴戾搜捕团祭司诺比斯  卡片,consumable,50000,0,0
3686,GT-9600  卡片,consumable,500000,0,0
3687,贝里斯克  卡片,consumable,50000,0,0
3688,杰森·格里克  卡片,consumable,500000,0,0
3689,哥布林王高格  卡片,consumable,5000000,0,0
3690,炎猫妖  卡片,consumable,50000,0,0
3691,灵幻师  卡片,consumable,50000,0,0
3692,驯兽者伽罗华  卡片,consumable,50000,0,0
3693,尚武者伦茨  卡片,consumable,50000,0,0
3694,魔法变异者霍伊恩  卡片,consumable,50000,0,0
3695,怪力变异者波杰斯  卡片,consumable,50000,0,0
3696,幻影变异者欧克瑟  卡片,consumable,50000,0,0
3697,史莱姆王 卡片,consumable,50000,0,0
3698,地狱哥布林直升机 卡片,consumable,50000,0,0
3699,卡姆拉 卡片,consumable,50000,0,0
3700,泽忒斯 卡片,consumable,50000,0,0
3701,阿加雷斯 卡片,consumable,50000,0,0
3702,鲁斯欧拉  卡片,consumable,50000,0,0
3703,老中士  卡片,consumable,50000,0,0
3704,梅迪亚  卡片,consumable,50000,0,0
3705,西克特·帕菲斯  卡片,consumable,50000,0,0
3706,裴特舒·帕菲斯  卡片,consumable,50000,0,0
3707,UM-0 终结者  卡片,consumable,500000,0,0
3708,机械吉赛尔  卡片,consumable,5000000,0,0
3709,诺丝克尔  卡片,consumable,5000000,0,0
3710,魔女阿嘉璐  卡片,consumable,5000000,0,0
3711,烈焰盾波迪尔  卡片,consumable,500000,0,0
3712,黑鳞莫贝尼  卡片,consumable,50000,0,0
3713,小美人鱼空空伊  卡片,consumable,50000,0,0
3714,莎兰  卡片,consumable,50000,0,0
3715,莎兰  高级卡片,consumable,50000,0,0
3716,莎兰  特级卡片,consumable,50000,0,0
3717,艾丽丝  卡片,consumable,50000,0,0
3718,艾丽丝  高级卡片,consumable,50000,0,0
3719,艾丽丝  特级卡片,consumable,50000,0,0
3720,刀疤鼠  卡片,consumable,5000000,0,0
3721,公爵尤里斯  卡片,consumable,5000000,0,0
3722,黑色瘟疫狄瑞吉  卡片,consumable,5000000,0,0
3723,首领萨斯  卡片,consumable,50000,0,0
3724,梦幻列车长拉宾特  卡片,consumable,50000,0,0
3725,巨灵布鲁  卡片,consumable,50000,0,0
3726,机械臂捷克  卡片,consumable,500000,0,0
3731,德拉尔  卡片,consumable,50000,0,0
3732,图卢斯族男精英战士  卡片,consumable,50000,0,0
3733,蓝影马萨乔  卡片,consumable,5000000,0,0
4084,燃烧的心脏,consumable,5000,0,0
4328,燃烧恶魔的挑战书,consumable,25000,0,0
4329,蓝冰恶魔的挑战书,consumable,25000,0,0
4330,狂乱恶魔的挑战书,consumable,40000,0,0
4331,强韧恶魔的挑战书,consumable,40000,0,0
4332,灰色水晶,consumable,3000,0,0
5092,异界气息净化书  设计图,consumable,200000,0,0
5210,复仇灵魂之刀  设计图,consumable,150000,0,0
5211,卡坤的小太刀  设计图,consumable,150000,0,0
5212,恶鬼斩刀  设计图,consumable,150000,0,0
5213,神悦  设计图,consumable,150000,0,0
5214,斩龙刀  设计图,consumable,150000,0,0
5215,死亡之刃  设计图,consumable,150000,0,0
5216,白丸  设计图,consumable,150000,0,0
5217,细雪之舞  设计图,consumable,3000000,0,0
5218,赤凰战刀  设计图,consumable,500000,0,0
5219,蓝星烁芒剑  设计图,consumable,150000,0,0
5220,极光剑  设计图,consumable,150000,0,0
5221,列特的疾影剑  设计图,consumable,150000,0,0
5222,碧影凝光剑  设计图,consumable,150000,0,0
5223,蛇眼极光剑  设计图,consumable,150000,0,0
5224,邪芒夺目剑  设计图,consumable,150000,0,0
5225,疾风剑  设计图,consumable,150000,0,0
5226,春阳融雪剑  设计图,consumable,150000,0,0
5227,萨乌塔的椎骨剑  设计图,consumable,150000,0,0
5228,苍月剑  设计图,consumable,150000,0,0
5229,艾米丽的银妆刀  设计图,consumable,150000,0,0
5230,震波剑  设计图,consumable,150000,0,0
5231,丹砂剑  设计图,consumable,150000,0,0
5232,蓝冰弯月剑  设计图,consumable,150000,0,0
5233,圣鹰之剑  设计图,consumable,150000,0,0
5234,定神棒  设计图,consumable,150000,0,0
5235,强袭者之棒  设计图,consumable,150000,0,0
5236,空骨鱼巨棒  设计图,consumable,150000,0,0
5237,猛毒爪牙棒  设计图,consumable,150000,0,0
5238,千年玄铁棒  设计图,consumable,150000,0,0
5239,炙焰巨棒  设计图,consumable,150000,0,0
5240,萨乌塔的战斧柄  设计图,consumable,150000,0,0
5241,毒蛟钉头槌  设计图,consumable,150000,0,0
5242,千年橡木槌  设计图,consumable,150000,0,0
5243,千年玄铁剑  设计图,consumable,150000,0,0
5244,梅丽莎的灵夕长剑  设计图,consumable,150000,0,0
5245,芷云双影剑  设计图,consumable,150000,0,0
5246,素喃秘影长剑  设计图,consumable,150000,0,0
5247,血莲鸣凤剑  设计图,consumable,150000,0,0
5248,夺命毒龙剑  设计图,consumable,150000,0,0
5249,蓝月龙吟剑  设计图,consumable,150000,0,0
5260,碧玉东方棍  设计图,consumable,150000,0,0
5261,鹤落东方棍  设计图,consumable,150000,0,0
5262,山魂之棍  设计图,consumable,150000,0,0
5263,咆哮者之棍  设计图,consumable,150000,0,0
5264,紫云犀角棍  设计图,consumable,150000,0,0
5265,闪雷之棍  设计图,consumable,150000,0,0
5266,黑石雷鸣棍  设计图,consumable,150000,0,0
5267,炎狱凤翼棍  设计图,consumable,150000,0,0
5268,地狱暗炎棍  设计图,consumable,150000,0,0
5269,怨灵夺命棍  设计图,consumable,150000,0,0
5270,凯诺的骨爪  设计图,consumable,150000,0,0
5271,汲血爪  设计图,consumable,150000,0,0
5272,沙暴之影  设计图,consumable,150000,0,0
5273,死神暗影爪  设计图,consumable,150000,0,0
5274,克洛库的利爪  设计图,consumable,150000,0,0
5275,血玫瑰之刺  设计图,consumable,150000,0,0
5276,青龙爪  设计图,consumable,150000,0,0
5277,玄狐之爪  设计图,consumable,150000,0,0
5278,缚咒之爪  设计图,consumable,150000,0,0
5279,十夫长的手套  设计图,consumable,150000,0,0
5280,潘利尔的皮手套  设计图,consumable,150000,0,0
5281,玄铁手套  设计图,consumable,150000,0,0
5282,角斗士手套  设计图,consumable,150000,0,0
5283,炽灵手套  设计图,consumable,150000,0,0
5284,天璇手套  设计图,consumable,150000,0,0
5285,闪灵手套  设计图,consumable,150000,0,0
5286,巨熊指虎  设计图,consumable,150000,0,0
5287,蜘蛛指虎  设计图,consumable,150000,0,0
5288,紫红梦魇拳套  设计图,consumable,150000,0,0
5289,圣武幻象拳套  设计图,consumable,150000,0,0
5290,贤者拳套  设计图,consumable,150000,0,0
5291,狂沙侵袭拳套  设计图,consumable,150000,0,0
5292,圣痕拳套  设计图,consumable,150000,0,0
5293,风影醉魔拳套  设计图,consumable,150000,0,0
5294,酒魂臂铠  设计图,consumable,150000,0,0
5295,塞仑的龙骨臂铠  设计图,consumable,150000,0,0
5296,蛟龙臂铠  设计图,consumable,150000,0,0
5297,冰火臂铠  设计图,consumable,150000,0,0
5298,圣光斗士臂铠  设计图,consumable,150000,0,0
5299,雷电臂铠  设计图,consumable,150000,0,0
5310,马卡罗 - PM  设计图,consumable,150000,0,0
5311,毛瑟枪 - C96  设计图,consumable,150000,0,0
5312,怨灵 - 22  设计图,consumable,150000,0,0
5313,毛瑟枪 - 77  设计图,consumable,150000,0,0
5314,冰焰 - P226  设计图,consumable,150000,0,0
5315,生命吞噬者 - CZ75  设计图,consumable,150000,0,0
5316,疾射 - K5  设计图,consumable,150000,0,0
5317,沙漠风暴  设计图,consumable,150000,0,0
5318,斯巴达斯 - 诅咒  设计图,consumable,150000,0,0
5319,天界战弩  设计图,consumable,150000,0,0
5320,神赐十字弩  设计图,consumable,150000,0,0
5321,双翼之弩  设计图,consumable,150000,0,0
5322,鹰眼短弩  设计图,consumable,150000,0,0
5323,紫色诅咒  设计图,consumable,150000,0,0
5324,七星连射弩  设计图,consumable,150000,0,0
5325,银色三角弩  设计图,consumable,150000,0,0
5326,惊魂手弩  设计图,consumable,150000,0,0
5327,毒咒手弩  设计图,consumable,150000,0,0
5328,柯尔特 - 火蛇  设计图,consumable,150000,0,0
5329,柯尔特 - 黑钻玄芒  设计图,consumable,150000,0,0
5330,柯尔特MK3 - 骑兵  设计图,consumable,150000,0,0
5331,柯尔特 - 猎鹰  设计图,consumable,150000,0,0
5332,柯尔特MK5 - 狂蟒  设计图,consumable,150000,0,0
5333,柯尔特 - 和平悍卫者  设计图,consumable,150000,0,0
5334,柯尔特MK5 - 眼镜蛇王  设计图,consumable,150000,0,0
5335,速射左轮枪  设计图,consumable,150000,0,0
5336,狂暴左轮枪  设计图,consumable,150000,0,0
5337,千年玄铁步枪  设计图,consumable,150000,0,0
5338,青龙  设计图,consumable,150000,0,0
5339,落星  设计图,consumable,150000,0,0
5340,烟雾突击步枪  设计图,consumable,150000,0,0
5341,灵狐之火  设计图,consumable,150000,0,0
5342,异域护卫步枪  设计图,consumable,150000,0,0
5343,虚影骑士  设计图,consumable,150000,0,0
5344,暗影佣兵  设计图,consumable,150000,0,0
5345,炙炎手炮  设计图,consumable,150000,0,0
5346,光电手炮  设计图,consumable,150000,0,0
5347,冰爆手炮  设计图,consumable,150000,0,0
5348,速射手炮  设计图,consumable,150000,0,0
5349,尼克尔激光手炮  设计图,consumable,150000,0,0
5350,离火魔杖  设计图,consumable,150000,0,0
5351,花神魔杖  设计图,consumable,150000,0,0
5352,GBL教的祭祀魔杖  设计图,consumable,150000,0,0
5353,玄水魔杖  设计图,consumable,150000,0,0
5354,紫心魔杖  设计图,consumable,150000,0,0
5355,雷光魔杖  设计图,consumable,150000,0,0
5356,元素魔杖  设计图,consumable,150000,0,0
5357,冰灵魔杖  设计图,consumable,150000,0,0
5358,幽灵魔杖  设计图,consumable,150000,0,0
5359,穿云法杖  设计图,consumable,150000,0,0
5360,惩恶法杖  设计图,consumable,150000,0,0
5361,禁锢法杖  设计图,consumable,150000,0,0
5362,魔斗士法杖  设计图,consumable,150000,0,0
5363,葡萄藤法杖  设计图,consumable,150000,0,0
5364,元素法杖  设计图,consumable,150000,0,0
5365,幽灵法杖  设计图,consumable,150000,0,0
5366,邪念法杖  设计图,consumable,150000,0,0
5367,混沌法杖  设计图,consumable,150000,0,0
5368,银月棍  设计图,consumable,150000,0,0
5369,裂空棍  设计图,consumable,150000,0,0
5370,血狱战棍  设计图,consumable,150000,0,0
5371,雀舞棍  设计图,consumable,150000,0,0
5372,残月棍  设计图,consumable,150000,0,0
5373,疾风棍  设计图,consumable,150000,0,0
5374,落龙棍  设计图,consumable,150000,0,0
5375,修多棍  设计图,consumable,150000,0,0
5376,汲魂棍  设计图,consumable,150000,0,0
5377,腾龙长矛  设计图,consumable,150000,0,0
5378,弯月蛇矛  设计图,consumable,150000,0,0
5379,赤月长矛  设计图,consumable,150000,0,0
5380,鲁卡斯的逐日戟  设计图,consumable,150000,0,0
5381,玄光双刃戟  设计图,consumable,150000,0,0
5382,圣光战矛  设计图,consumable,150000,0,0
5383,海神三叉戟  设计图,consumable,150000,0,0
5384,断魂战矛  设计图,consumable,150000,0,0
5385,落日穿云矛  设计图,consumable,150000,0,0
5386,冰河之矛  设计图,consumable,150000,0,0
5388,变形魔杖  设计图,consumable,150000,0,0
5390,青玉战棍  设计图,consumable,150000,0,0
5392,铁铝石法杖  设计图,consumable,150000,0,0
5394,千丝扫把  设计图,consumable,150000,0,0
5400,玄光十字架  设计图,consumable,150000,0,0
5401,永恒的圣灵十字架  设计图,consumable,150000,0,0
5402,罗什巴赫家传十字架  设计图,consumable,150000,0,0
5403,红莲念珠  设计图,consumable,150000,0,0
5404,苍雷连珠  设计图,consumable,150000,0,0
5405,暗黑邪珠  设计图,consumable,150000,0,0
5406,狂龙图腾  设计图,consumable,150000,0,0
5407,幽冥鬼火图腾  设计图,consumable,150000,0,0
5408,荒野精灵图腾  设计图,consumable,150000,0,0
5409,巨灵战斧  设计图,consumable,150000,0,0
5410,战神巨斧  设计图,consumable,150000,0,0
5411,裂地战斧  设计图,consumable,150000,0,0
5412,蓝芒巨镰  设计图,consumable,150000,0,0
5413,幽冥黑莲战镰  设计图,consumable,150000,0,0
5414,地狱公爵战镰  设计图,consumable,150000,0,0
5415,光泽十字架  设计图,consumable,150000,0,0
5417,祈祷念珠  设计图,consumable,150000,0,0
5419,极限之力图腾  设计图,consumable,150000,0,0
5421,混沌之战斧  设计图,consumable,150000,0,0
5423,菲西斯大师之镰  设计图,consumable,150000,0,0
5450,弗里斯匕首  设计图,consumable,150000,0,0
5452,克鲁迪亚  设计图,consumable,150000,0,0
5454,布拉格蒂特  设计图,consumable,150000,0,0
5512,哥布林冥骨项坠  设计图,consumable,150000,0,0
5513,幽冥黑莲项坠  设计图,consumable,150000,0,0
5514,牛头巨兽的项坠  设计图,consumable,150000,0,0
5515,班图的冰晶项坠  设计图,consumable,150000,0,0
5516,艾力斯的星芒项坠  设计图,consumable,150000,0,0
5517,玄冰碧玉项坠  设计图,consumable,150000,0,0
5518,天空之炎项坠  设计图,consumable,150000,0,0
5519,贝尔玛尔之星  设计图,consumable,500000,0,0
5520,学者腕套  设计图,consumable,150000,0,0
5521,琥珀手镯  设计图,consumable,150000,0,0
5522,墨竹手镯  设计图,consumable,2500000,0,0
5523,食人魔之镯  设计图,consumable,150000,0,0
5524,毒蜥之镯  设计图,consumable,150000,0,0
5525,勿忘草手镯  设计图,consumable,150000,0,0
5526,苍蟒手镯  设计图,consumable,150000,0,0
5527,玫瑰藤手镯  设计图,consumable,150000,0,0
5528,剜心指环  设计图,consumable,150000,0,0
5529,幽冥黑莲戒指  设计图,consumable,150000,0,0
5530,法罗湾的珍珠戒指  设计图,consumable,150000,0,0
5531,御魂之戒  设计图,consumable,150000,0,0
5532,花影之戒  设计图,consumable,150000,0,0
5533,蓝月之戒  设计图,consumable,150000,0,0
5534,血怒指环  设计图,consumable,500000,0,0
5535,贤者之戒  设计图,consumable,4000000,0,0
5539,贤者的智慧项链  设计图,consumable,150000,0,0
5540,敏者的荣誉项链  设计图,consumable,150000,0,0
5541,强者的霸气项链  设计图,consumable,150000,0,0
5542,守护者的意志项链  设计图,consumable,150000,0,0
5543,斗者的信念项链  设计图,consumable,150000,0,0
5544,贤者的智慧手镯  设计图,consumable,150000,0,0
5545,敏者的荣誉手镯  设计图,consumable,150000,0,0
5546,强者的霸气手镯  设计图,consumable,150000,0,0
5547,守护者的意志手镯  设计图,consumable,150000,0,0
5548,斗者的信念手镯  设计图,consumable,150000,0,0
5549,贤者的智慧戒指  设计图,consumable,150000,0,0
5559,炎麻长袍  设计图,consumable,150000,0,0
5560,赫顿玛尔贵族长袍  设计图,consumable,150000,0,0
5561,悲鸣草背心  设计图,consumable,150000,0,0
5562,贤者的训练上衣  设计图,consumable,150000,0,0
5563,冰凌长袍  设计图,consumable,150000,0,0
5564,精灵祝福长袍  设计图,consumable,30000,0,0
5565,牛头怪鬃毛背心  设计图,consumable,150000,0,0
5566,七星长袍  设计图,consumable,150000,0,0
5567,青龙渡海上衣  设计图,consumable,150000,0,0
5568,紫羽定魂长袍  设计图,consumable,150000,0,0
5569,炎麻长裤  设计图,consumable,150000,0,0
5570,赫顿玛尔贵族绑腿  设计图,consumable,150000,0,0
5571,精灵凯恩之裤  设计图,consumable,150000,0,0
5572,贤者的训练短裤  设计图,consumable,150000,0,0
5573,圣神长裤  设计图,consumable,150000,0,0
5574,精灵祝福绑腿  设计图,consumable,30000,0,0
5575,机械师的粗布裤  设计图,consumable,150000,0,0
5576,七星护腿  设计图,consumable,150000,0,0
5577,青龙渡海绑腿  设计图,consumable,150000,0,0
5578,紫羽定魂护腿  设计图,consumable,150000,0,0
5580,赫顿玛尔贵族肩甲  设计图,consumable,150000,0,0
5581,印纹护肩  设计图,consumable,150000,0,0
5582,贤者的训练护肩  设计图,consumable,150000,0,0
5583,荣耀者肩甲  设计图,consumable,150000,0,0
5584,精灵祝福斗篷  设计图,consumable,30000,0,0
5585,沙狐护肩  设计图,consumable,150000,0,0
5586,七星护肩  设计图,consumable,150000,0,0
5587,青龙渡海护肩  设计图,consumable,150000,0,0
5588,紫羽定魂护肩  设计图,consumable,150000,0,0
5589,炎麻短靴  设计图,consumable,150000,0,0
5590,赫顿玛尔贵族短靴  设计图,consumable,150000,0,0
5591,贤者的训练长靴  设计图,consumable,150000,0,0
5592,精灵祝福短靴  设计图,consumable,30000,0,0
5593,七星短靴  设计图,consumable,150000,0,0
5594,青龙渡海短靴  设计图,consumable,150000,0,0
5595,紫羽定魂短靴  设计图,consumable,150000,0,0
5596,炎麻腰带  设计图,consumable,150000,0,0
5597,赫顿玛尔贵族腰带  设计图,consumable,150000,0,0
5598,贤者的训练腰带  设计图,consumable,150000,0,0
5599,精灵祝福腰带  设计图,consumable,30000,0,0
5605,罪恶布法罗胸甲  设计图,consumable,150000,0,0
5606,烈焰骑士胸甲  设计图,consumable,150000,0,0
5607,炎蟒胸甲  设计图,consumable,150000,0,0
5608,天帷巨兽的皮胸甲  设计图,consumable,100000,0,0
5609,暗袭胸甲  设计图,consumable,150000,0,0
5610,聚冥胸甲  设计图,consumable,150000,0,0
5611,罪恶布法罗绑腿  设计图,consumable,150000,0,0
5612,烈焰骑士绑腿  设计图,consumable,150000,0,0
5613,炎蟒绑腿  设计图,consumable,150000,0,0
5614,天帷巨兽的皮短裤  设计图,consumable,100000,0,0
5615,暗袭护腿  设计图,consumable,150000,0,0
5616,聚冥绑腿  设计图,consumable,150000,0,0
5617,罪恶布法罗护肩  设计图,consumable,150000,0,0
5618,烈焰骑士护肩  设计图,consumable,150000,0,0
5619,炎蟒护肩  设计图,consumable,150000,0,0
5620,天帷巨兽的皮护肩  设计图,consumable,100000,0,0
5621,暗袭护肩  设计图,consumable,150000,0,0
5622,聚冥护肩  设计图,consumable,150000,0,0
5623,罪恶布法罗长靴  设计图,consumable,150000,0,0
5624,烈焰骑士长靴  设计图,consumable,150000,0,0
5625,炎蟒长靴  设计图,consumable,150000,0,0
5626,天帷巨兽的皮短靴  设计图,consumable,100000,0,0
5627,暗袭皮靴  设计图,consumable,150000,0,0
5628,聚冥皮靴  设计图,consumable,150000,0,0
5629,罪恶布法罗腰带  设计图,consumable,150000,0,0
5630,烈焰骑士腰带  设计图,consumable,150000,0,0
5631,炎蟒腰带  设计图,consumable,150000,0,0
5632,天帷巨兽的皮腰带  设计图,consumable,100000,0,0
5633,暗袭腰带  设计图,consumable,150000,0,0
5634,聚冥腰带  设计图,consumable,150000,0,0
5635,赤星胸甲  设计图,consumable,150000,0,0
5636,翼影胸甲  设计图,consumable,150000,0,0
5637,傲凰夹克  设计图,consumable,150000,0,0
5638,噬龙夹克  设计图,consumable,150000,0,0
5639,暴风雨神长袍  设计图,consumable,150000,0,0
5640,赤星绑腿  设计图,consumable,150000,0,0
5641,翼影绑腿  设计图,consumable,150000,0,0
5642,傲凰护腿  设计图,consumable,150000,0,0
5643,噬龙护腿  设计图,consumable,150000,0,0
5644,暴风雨神护腿  设计图,consumable,150000,0,0
5645,赤星护肩  设计图,consumable,150000,0,0
5646,翼影护肩  设计图,consumable,150000,0,0
5647,傲凰护肩  设计图,consumable,150000,0,0
5648,噬龙护肩  设计图,consumable,150000,0,0
5649,暴风雨神护肩  设计图,consumable,150000,0,0
5654,血灵暗咒胸甲  设计图,consumable,150000,0,0
5655,大地祝福胸甲  设计图,consumable,30000,0,0
5656,玄武岩胸甲  设计图,consumable,150000,0,0
5657,远古冰银胸甲  设计图,consumable,150000,0,0
5658,玛尔的天权胸甲  设计图,consumable,150000,0,0
5659,紫金守护胸甲  设计图,consumable,150000,0,0
5660,幽灵结晶胸甲  设计图,consumable,150000,0,0
5661,血灵暗咒绑腿  设计图,consumable,150000,0,0
5662,大地祝福绑腿  设计图,consumable,30000,0,0
5663,玄武岩绑腿  设计图,consumable,150000,0,0
5664,远古冰银绑腿  设计图,consumable,150000,0,0
5665,玛尔的天权绑腿  设计图,consumable,150000,0,0
5666,紫金守护绑腿  设计图,consumable,150000,0,0
5667,幽灵结晶绑腿  设计图,consumable,150000,0,0
5668,血灵暗咒肩甲  设计图,consumable,150000,0,0
5669,大地祝福肩甲  设计图,consumable,30000,0,0
5670,玄武岩护肩  设计图,consumable,150000,0,0
5671,远古冰银护肩  设计图,consumable,150000,0,0
5672,玛尔的天权肩甲  设计图,consumable,150000,0,0
5673,紫金守护肩甲  设计图,consumable,150000,0,0
5674,幽灵结晶护肩  设计图,consumable,150000,0,0
5675,血灵暗咒长靴  设计图,consumable,150000,0,0
5676,大地祝福长靴  设计图,consumable,30000,0,0
5677,玄武岩长靴  设计图,consumable,150000,0,0
5678,远古冰银长靴  设计图,consumable,150000,0,0
5679,玛尔的天权短靴  设计图,consumable,150000,0,0
5680,紫金守护长靴  设计图,consumable,150000,0,0
5681,幽灵结晶长靴  设计图,consumable,150000,0,0
5682,血灵暗咒腰带  设计图,consumable,150000,0,0
5683,大地祝福腰带  设计图,consumable,30000,0,0
5684,玄武岩腰带  设计图,consumable,150000,0,0
5685,远古冰银腰带  设计图,consumable,150000,0,0
5686,玛尔的天权腰带  设计图,consumable,150000,0,0
5687,紫金守护腰带  设计图,consumable,150000,0,0
5688,幽灵结晶腰带  设计图,consumable,150000,0,0
5689,蛊藤胸甲  设计图,consumable,150000,0,0
5690,黄金战士胸甲  设计图,consumable,150000,0,0
5691,蛟纹胸甲  设计图,consumable,150000,0,0
5692,蛊藤绑腿  设计图,consumable,150000,0,0
5693,黄金战士绑腿  设计图,consumable,150000,0,0
5694,蛟纹绑腿  设计图,consumable,150000,0,0
5695,蛊藤护肩  设计图,consumable,150000,0,0
5696,黄金战士护肩  设计图,consumable,150000,0,0
5697,蛟纹护肩  设计图,consumable,150000,0,0
5698,蛊藤长靴  设计图,consumable,150000,0,0
5699,黄金战士长靴  设计图,consumable,150000,0,0
5708,暗黑蛇纹锁甲  设计图,consumable,150000,0,0
5709,碧玉锁甲  设计图,consumable,150000,0,0
5710,闪灵兜甲  设计图,consumable,150000,0,0
5711,龙鸣链甲  设计图,consumable,150000,0,0
5712,血啸胸甲  设计图,consumable,150000,0,0
5713,赤霞胸甲  设计图,consumable,150000,0,0
5714,鳞岩胸甲  设计图,consumable,500000,0,0
5715,暗黑蛇纹护腿  设计图,consumable,150000,0,0
5716,碧玉护腿  设计图,consumable,150000,0,0
5717,闪灵护腿  设计图,consumable,150000,0,0
5718,龙鸣护腿  设计图,consumable,150000,0,0
5719,血啸护腿  设计图,consumable,150000,0,0
5720,赤霞护腿  设计图,consumable,150000,0,0
5721,鳞岩护腿  设计图,consumable,500000,0,0
5722,暗黑蛇纹护肩  设计图,consumable,150000,0,0
5723,碧玉护肩  设计图,consumable,150000,0,0
5724,闪灵护肩  设计图,consumable,150000,0,0
5725,龙鸣护肩  设计图,consumable,150000,0,0
5726,血啸护肩  设计图,consumable,150000,0,0
5727,赤霞护肩  设计图,consumable,150000,0,0
5728,鳞岩护肩  设计图,consumable,500000,0,0
5729,暗黑蛇纹长靴  设计图,consumable,150000,0,0
5730,碧玉长靴  设计图,consumable,150000,0,0
5731,闪灵长靴  设计图,consumable,150000,0,0
5732,龙鸣长靴  设计图,consumable,150000,0,0
5733,血啸长靴  设计图,consumable,150000,0,0
5734,赤霞长靴  设计图,consumable,150000,0,0
5735,鳞岩长靴  设计图,consumable,500000,0,0
5736,暗黑蛇纹腰带  设计图,consumable,150000,0,0
5737,碧玉腰带  设计图,consumable,150000,0,0
5738,闪灵腰带  设计图,consumable,150000,0,0
5739,龙鸣腰带  设计图,consumable,150000,0,0
5740,血啸腰带  设计图,consumable,150000,0,0
5741,赤霞腰带  设计图,consumable,150000,0,0
5742,鳞岩腰带  设计图,consumable,500000,0,0
5743,紫金胸甲  设计图,consumable,150000,0,0
5744,蓝水晶胸甲  设计图,consumable,150000,0,0
5745,EL-XM25胸甲  设计图,consumable,150000,0,0
5746,紫金护腿  设计图,consumable,150000,0,0
5747,蓝水晶护腿  设计图,consumable,150000,0,0
5748,EL-XM25护腿  设计图,consumable,150000,0,0
5749,紫金护肩  设计图,consumable,150000,0,0
5756,蓝色日冕胸甲  设计图,consumable,150000,0,0
5757,超合金虎啸胸甲  设计图,consumable,150000,0,0
5758,黑玉护魂胸甲  设计图,consumable,150000,0,0
5759,寂静灵魂盔甲  设计图,consumable,150000,0,0
5760,蓝色日冕胫甲  设计图,consumable,150000,0,0
5761,超合金虎啸胫甲  设计图,consumable,150000,0,0
5762,黑玉护魂胫甲  设计图,consumable,150000,0,0
5763,寂静灵魂绑腿  设计图,consumable,150000,0,0
5764,蓝色日冕肩甲  设计图,consumable,150000,0,0
5765,超合金虎啸肩甲  设计图,consumable,150000,0,0
5766,黑玉护魂肩甲  设计图,consumable,150000,0,0
5767,寂静灵魂肩甲  设计图,consumable,150000,0,0
5768,蓝色日冕长靴  设计图,consumable,150000,0,0
5769,超合金虎啸长靴  设计图,consumable,150000,0,0
5770,黑玉护魂长靴  设计图,consumable,150000,0,0
5771,寂静灵魂长靴  设计图,consumable,150000,0,0
5772,蓝色日冕腰带  设计图,consumable,150000,0,0
5773,超合金虎啸腰带  设计图,consumable,150000,0,0
5774,黑玉护魂腰带  设计图,consumable,150000,0,0
5775,寂静灵魂腰带  设计图,consumable,150000,0,0
5776,幻影死神盔甲  设计图,consumable,150000,0,0
5777,幻影死神绑腿  设计图,consumable,150000,0,0
5778,幻影死神肩甲  设计图,consumable,150000,0,0
5779,幻影死神长靴  设计图,consumable,150000,0,0
5780,幻影死神腰带  设计图,consumable,150000,0,0
5786,天帷巨兽 : 赤龙板甲护肩  设计图,consumable,100000,0,0
5787,天帷巨兽 : 精灵的碎魄板甲护肩  设计图,consumable,100000,0,0
5788,暗黑城 : 地夕板甲护肩  设计图,consumable,100000,0,0
5789,暗黑城 : 精灵的碎魄板甲护肩  设计图,consumable,100000,0,0
5790,天帷巨兽 : 赤龙板甲腰带  设计图,consumable,100000,0,0
5791,天帷巨兽 : 精灵的碎魄板甲腰带  设计图,consumable,100000,0,0
5792,暗黑城 : 地夕板甲腰带  设计图,consumable,100000,0,0
5793,暗黑城 : 精灵的碎魄板甲腰带  设计图,consumable,100000,0,0
5800,附魔卷轴 - 武器 : 光属性,consumable,50000,0,0
5801,附魔卷轴 - 上衣 : 力量 +9,consumable,50000,0,0
5802,附魔卷轴 - 头肩 : 魔法暴击 +3%%,consumable,50000,0,0
5803,附魔卷轴 - 上衣 : 智力 +9,consumable,50000,0,0
5804,附魔卷轴 - 武器 : 火属性,consumable,50000,0,0
5805,附魔卷轴 - 下装 : 所有属性抗性 +5,consumable,50000,0,0
5806,附魔卷轴 - 腰带 : HP MAX +90,consumable,50000,0,0
5807,附魔卷轴 - 手镯 : 每分钟恢复6点HP,consumable,50000,0,0
5808,附魔卷轴 - 武器 : 攻击速度 +0.9%%,consumable,50000,0,0
5809,附魔卷轴 - 鞋 : 移动速度 +0.9%%,consumable,50000,0,0
5810,附魔卷轴 - 武器 : 施放速度 +1%%,consumable,50000,0,0
5811,附魔卷轴 - 腰带 : HP MAX +60,consumable,50000,0,0
5812,附魔卷轴 - 项链 : 石化抗性 +8,consumable,50000,0,0
5813,附魔卷轴 - 下装 : 暗属性抗性 +4,consumable,50000,0,0
5814,附魔卷轴 - 腰带 : MP MAX +60,consumable,50000,0,0
5815,附魔卷轴 - 下装 : 火属性抗性 +4,consumable,50000,0,0
5816,附魔卷轴 - 戒指 : 每分钟恢复3点MP,consumable,50000,0,0
5817,附魔卷轴 - 鞋 : 回避率 +0.6%%,consumable,50000,0,0
5818,附魔卷轴 - 头肩 : 物理暴击 +2%%,consumable,50000,0,0
5819,附魔卷轴 - 鞋 : 回避率 +0.3%%,consumable,50000,0,0
5820,附魔卷轴 - 鞋 : 跳跃力 +5,consumable,50000,0,0
5821,附魔卷轴 - 腰带 : HP MAX +30,consumable,50000,0,0
5822,附魔卷轴 - 手镯 : 光属性抗性 +2,consumable,50000,0,0
5823,附魔卷轴 - 头肩 : 施放速度 +0.4%%,consumable,50000,0,0
5824,附魔卷轴 - 武器 : 攻击速度 +0.3%%,consumable,50000,0,0
5825,附魔卷轴 - 上衣 : 力量 +2,consumable,50000,0,0
5826,附魔卷轴 - 上衣 : 智力 +2,consumable,50000,0,0
5827,附魔卷轴 - 项链 : 束缚抗性 +5,consumable,50000,0,0
5828,附魔卷轴 - 戒指 : 减速抗性 +5,consumable,50000,0,0
5829,附魔卷轴 - 武器 : 命中率 +0.3%%,consumable,50000,0,0
5830,附魔卷轴 - 下装 : 移动速度 +0.3%%,consumable,50000,0,0
5831,附魔卷轴 - 鞋 : 力量 +2、 移动速度 +0.2%%,consumable,50000,0,0
5832,附魔卷轴 - 鞋 : 智力 +2、 移动速度 +0.2%%,consumable,50000,0,0
5833,附魔卷轴 - 项链 : 火属性抗性 +3,consumable,50000,0,0
5834,附魔卷轴 - 头肩 : 物理暴击 +1%%、 魔法暴击 +0.5%%,consumable,50000,0,0
5835,附魔卷轴 - 下装 : 硬直 +15,consumable,50000,0,0
5836,附魔卷轴 - 腰带 : HP MAX +40、 MP MAX +40,consumable,50000,0,0
5837,附魔卷轴 - 武器 : 攻击速度 +0.6%%、 施放速度 +1.2%%,consumable,50000,0,0
6001,飞盘,consumable,500,0,0
6002,回旋镖,consumable,500,0,0
6003,石头,consumable,500,0,0
6004,天空树果实,consumable,800,0,0
6005,燃烧瓶,consumable,500,0,0
6006,砂砾,consumable,500,0,0
6007,军用回旋镖,consumable,500,0,0
6008,飞盘 2,consumable,500,0,0
6009,飞镖,consumable,500,0,0
6010,裂空镖,consumable,500,0,0
6011,轰雷树果实,consumable,800,0,0
6012,爆弹,consumable,500,0,0
6013,轰爆弹,consumable,500,0,0
6014,下级袖珍罐碎片,consumable,400,0,0
6015,中级袖珍罐碎片,consumable,800,0,0
6016,上级袖珍罐碎片,consumable,1500,0,0
6017,极品袖珍罐碎片,consumable,3500,0,0
6018,空骨鱼的利齿,consumable,500,0,0
6019,克洛库的利齿,consumable,500,0,0
6021,石头 3,consumable,500,0,0
6022,石头 4,consumable,500,0,0
6023,石头 5,consumable,500,0,0
6024,石头 6,consumable,500,0,0
6025,石头 7,consumable,500,0,0
6026,回旋镖 3,consumable,500,0,0
6027,回旋镖 4,consumable,500,0,0
6028,回旋镖 5,consumable,500,0,0
6029,回旋镖 6,consumable,500,0,0
6030,飞镖 3,consumable,500,0,0
6031,飞镖 4,consumable,500,0,0
6032,飞镖 5,consumable,500,0,0
6033,飞镖 6,consumable,500,0,0
6034,飞盘 3,consumable,500,0,0
6035,飞盘 4,consumable,500,0,0
6036,飞盘 5,consumable,500,0,0
6037,燃烧瓶 2,consumable,500,0,0
6038,燃烧瓶 3,consumable,500,0,0
6039,燃烧瓶 4,consumable,500,0,0
6040,燃烧瓶 5,consumable,500,0,0
6041,爆弹 3,consumable,500,0,0
6042,爆弹 4,consumable,500,0,0
6043,爆弹 5,consumable,500,0,0
6044,哥布林地雷 2,consumable,500,0,0
6045,哥布林地雷 3,consumable,500,0,0
6046,哥布林地雷 4,consumable,500,0,0
6047,诅咒爆弹,consumable,500,0,0
6050,闪光弹,consumable,500,0,0
6051,火焰瓶,consumable,500,0,0
6052,章鱼,consumable,500,0,0
6053,海蜇,consumable,500,0,0
9000,含光斩岩剑  设计图,consumable,500000,0,0
9001,青光震兽剑  设计图,consumable,150000,0,0
9007,艾特兰的凝视短剑  设计图,consumable,150000,0,0
9009,艾鲁佛斯巨剑  设计图,consumable,150000,0,0
9011,阿贝托的银光刀  设计图,consumable,150000,0,0
9013,残杀者巨棒  设计图,consumable,500000,0,0
9015,愤怒光剑  设计图,consumable,150000,0,0
9100,石巨人的铁臂铠  设计图,consumable,150000,0,0
9101,超合金M5臂铠  设计图,consumable,150000,0,0
9102,驱逐者臂铠  设计图,consumable,150000,0,0
9105,合气之组合手套  设计图,consumable,150000,0,0
9107,凯吉斯臂铠  设计图,consumable,150000,0,0
9109,战栗之爪  设计图,consumable,150000,0,0
9111,天袭东方棍  设计图,consumable,150000,0,0
9113,霉菌拳套  设计图,consumable,150000,0,0
9200,机械驱逐者  设计图,consumable,150000,0,0
9201,铀弹手炮  设计图,consumable,150000,0,0
9202,梦魇汲魂手炮  设计图,consumable,150000,0,0
9207,海之女神左轮枪  设计图,consumable,150000,0,0
9209,战神之子手枪  设计图,consumable,150000,0,0
9211,海神之子手弩  设计图,consumable,150000,0,0
9213,亥伯龙神  设计图,consumable,150000,0,0
9215,瘫痪手炮  设计图,consumable,150000,0,0
9400,敏者的荣誉戒指  设计图,consumable,150000,0,0
9401,强者的霸气戒指  设计图,consumable,150000,0,0
9402,守护者的意志戒指  设计图,consumable,150000,0,0
9403,斗者的信念戒指  设计图,consumable,150000,0,0
9500,七星腰带  设计图,consumable,150000,0,0
9501,青龙渡海腰带  设计图,consumable,150000,0,0
9502,紫羽定魂腰带  设计图,consumable,150000,0,0
9503,伽毕斯的皓月上衣  设计图,consumable,150000,0,0
9504,引魔长袍  设计图,consumable,150000,0,0
9505,羽灵长袍  设计图,consumable,150000,0,0
9506,梦魇缚灵长袍  设计图,consumable,150000,0,0
9507,瞑想者长袍  设计图,consumable,150000,0,0
9508,锦鳞上衣  设计图,consumable,150000,0,0
9509,星纹长袍  设计图,consumable,150000,0,0
9510,伽毕斯的皓月短裤  设计图,consumable,150000,0,0
9511,引魔护腿  设计图,consumable,150000,0,0
9512,羽灵护腿  设计图,consumable,150000,0,0
9513,梦魇缚灵长裤  设计图,consumable,150000,0,0
9514,瞑想者护腿  设计图,consumable,150000,0,0
9515,锦鳞长裤  设计图,consumable,150000,0,0
9516,星纹护腿  设计图,consumable,150000,0,0
9517,伽毕斯的皓月肩甲  设计图,consumable,150000,0,0
9518,引魔护肩  设计图,consumable,150000,0,0
9519,羽灵护肩  设计图,consumable,150000,0,0
9520,梦魇缚灵护肩  设计图,consumable,150000,0,0
9521,瞑想者斗篷  设计图,consumable,150000,0,0
9522,锦鳞护肩  设计图,consumable,150000,0,0
9523,星纹斗篷  设计图,consumable,150000,0,0
9524,伽毕斯的皓月短靴  设计图,consumable,150000,0,0
9525,引魔短靴  设计图,consumable,150000,0,0
9526,羽灵短靴  设计图,consumable,150000,0,0
9527,梦魇缚灵短靴  设计图,consumable,150000,0,0
9528,瞑想者短靴  设计图,consumable,150000,0,0
9529,锦鳞短靴  设计图,consumable,150000,0,0
9530,星纹短靴  设计图,consumable,150000,0,0
9531,伽毕斯的皓月腰带  设计图,consumable,150000,0,0
9532,引魔腰带  设计图,consumable,150000,0,0
9533,羽灵腰带  设计图,consumable,150000,0,0
9534,梦魇缚灵腰带  设计图,consumable,150000,0,0
9535,瞑想者腰带  设计图,consumable,150000,0,0
9536,锦鳞腰带  设计图,consumable,150000,0,0
9537,星纹腰带  设计图,consumable,150000,0,0
9538,自然亲和斗篷  设计图,consumable,150000,0,0
9539,远古旋魔斗篷  设计图,consumable,150000,0,0
9540,自然亲和腰带  设计图,consumable,150000,0,0
9541,远古旋魔腰带  设计图,consumable,150000,0,0
9543,圣日雷影护肩  设计图,consumable,150000,0,0
9544,暗黑战印护肩  设计图,consumable,150000,0,0
9545,圣日雷影腰带  设计图,consumable,150000,0,0
9546,暗黑战印腰带  设计图,consumable,150000,0,0
9547,天帷巨兽 : 逆翎布甲护肩  设计图,consumable,100000,0,0
9548,天帷巨兽 : 破曦布甲护肩  设计图,consumable,100000,0,0
9549,天帷巨兽 : 精灵的雁翎布甲护肩  设计图,consumable,100000,0,0
9550,天帷巨兽 : 精灵的隐灵布甲护肩  设计图,consumable,100000,0,0
9551,暗黑城 : 逆翎布甲护肩  设计图,consumable,100000,0,0
9552,暗黑城 : 破曦布甲护肩  设计图,consumable,100000,0,0
9553,暗黑城 : 精灵的天脊布甲护肩  设计图,consumable,100000,0,0
9554,暗黑城 : 精灵的隐灵布甲护肩  设计图,consumable,100000,0,0
9555,天帷巨兽 : 逆翎布甲腰带  设计图,consumable,100000,0,0
9556,天帷巨兽 : 破曦布甲腰带  设计图,consumable,100000,0,0
9557,天帷巨兽 : 精灵的雁翎布甲腰带  设计图,consumable,100000,0,0
9558,天帷巨兽 : 精灵的隐灵布甲腰带  设计图,consumable,100000,0,0
9559,暗黑城 : 逆翎布甲腰带  设计图,consumable,100000,0,0
9560,暗黑城 : 破曦布甲腰带  设计图,consumable,100000,0,0
9561,暗黑城 : 精灵的天脊布甲腰带  设计图,consumable,100000,0,0
9562,暗黑城 : 精灵的隐灵布甲腰带  设计图,consumable,100000,0,0
9563,疯狂工程师的斗篷  设计图,consumable,150000,0,0
9564,归隐的武士斗篷  设计图,consumable,150000,0,0
9565,流云惊月斗篷  设计图,consumable,150000,0,0
9566,无尽的元素之力护肩  设计图,consumable,150000,0,0
9567,契约支配者护肩  设计图,consumable,150000,0,0
9568,灵魂之信仰护肩  设计图,consumable,150000,0,0
9575,疯狂工程师的腰带  设计图,consumable,150000,0,0
9576,归隐的武士腰带  设计图,consumable,150000,0,0
9577,流云惊月腰带  设计图,consumable,150000,0,0
9578,无尽的元素之力腰带  设计图,consumable,150000,0,0
9579,契约支配者腰带  设计图,consumable,150000,0,0
9580,灵魂之信仰腰带  设计图,consumable,150000,0,0
9600,赤星皮靴  设计图,consumable,150000,0,0
9601,翼影皮靴  设计图,consumable,150000,0,0
9602,傲凰皮靴  设计图,consumable,150000,0,0
9603,噬龙皮靴  设计图,consumable,150000,0,0
9604,暴风雨神皮靴  设计图,consumable,150000,0,0
9605,赤星腰带  设计图,consumable,150000,0,0
9606,翼影腰带  设计图,consumable,150000,0,0
9607,傲凰腰带  设计图,consumable,150000,0,0
9608,噬龙腰带  设计图,consumable,150000,0,0
9609,暴风雨神腰带  设计图,consumable,150000,0,0
9617,天帷巨兽 : 赤龙皮甲护肩  设计图,consumable,100000,0,0
9618,天帷巨兽 : 斩影皮甲护肩  设计图,consumable,100000,0,0
9619,天帷巨兽 : 精灵的夜麟皮甲护肩  设计图,consumable,100000,0,0
9620,天帷巨兽 : 精灵的天袭皮甲护肩  设计图,consumable,100000,0,0
9621,暗黑城 : 赤龙皮甲护肩  设计图,consumable,100000,0,0
9622,暗黑城 : 斩影皮甲护肩  设计图,consumable,100000,0,0
9623,暗黑城 : 精灵的夜麟皮甲护肩  设计图,consumable,100000,0,0
9624,暗黑城 : 精灵的天袭皮甲护肩  设计图,consumable,100000,0,0
9625,天帷巨兽 : 赤龙皮甲腰带  设计图,consumable,100000,0,0
9626,天帷巨兽 : 斩影皮甲腰带  设计图,consumable,100000,0,0
9627,天帷巨兽 : 精灵的夜麟皮甲腰带  设计图,consumable,100000,0,0
9628,天帷巨兽 : 精灵的天袭皮甲腰带  设计图,consumable,100000,0,0
9629,暗黑城 : 赤龙皮甲腰带  设计图,consumable,100000,0,0
9630,暗黑城 : 斩影皮甲腰带  设计图,consumable,100000,0,0
9631,暗黑城 : 精灵的夜麟皮甲腰带  设计图,consumable,100000,0,0
9632,暗黑城 : 精灵的天袭皮甲腰带  设计图,consumable,100000,0,0
9633,恐惧女巫的羊皮护肩  设计图,consumable,150000,0,0
9634,燃烧魔女的南瓜护肩  设计图,consumable,150000,0,0
9635,恐惧女巫的羊皮腰带  设计图,consumable,150000,0,0
9636,燃烧魔女的南瓜腰带  设计图,consumable,150000,0,0
9637,卡诺凡恩皮护肩  设计图,consumable,150000,0,0
9638,斯匹奥皮护肩  设计图,consumable,150000,0,0
9639,卡诺凡恩皮腰带  设计图,consumable,150000,0,0
9640,斯匹奥皮腰带  设计图,consumable,150000,0,0
9641,西部枪手护肩  设计图,consumable,150000,0,0
9642,巨鲸之王护肩  设计图,consumable,150000,0,0
9643,暮星护肩  设计图,consumable,150000,0,0
9644,慈悲之心护肩  设计图,consumable,150000,0,0
9645,精灵的智慧护肩  设计图,consumable,150000,0,0
9651,西部枪手腰带  设计图,consumable,150000,0,0
9652,巨鲸之王腰带  设计图,consumable,150000,0,0
9653,暮星腰带  设计图,consumable,150000,0,0
9654,慈悲之心腰带  设计图,consumable,150000,0,0
9655,精灵的智慧腰带  设计图,consumable,150000,0,0
9700,蛟纹长靴  设计图,consumable,150000,0,0
9701,蛊藤腰带  设计图,consumable,150000,0,0
9702,黄金战士腰带  设计图,consumable,150000,0,0
9703,蛟纹腰带  设计图,consumable,150000,0,0
9705,狮鹫护肩  设计图,consumable,150000,0,0
9706,破魔护肩  设计图,consumable,150000,0,0
9707,狮鹫腰带  设计图,consumable,150000,0,0
9708,破魔腰带  设计图,consumable,150000,0,0
9709,天帷巨兽 : 戾龙轻甲护肩  设计图,consumable,100000,0,0
9710,天帷巨兽 : 斩影轻甲护肩  设计图,consumable,100000,0,0
9711,天帷巨兽 : 精灵的奔雷轻甲护肩  设计图,consumable,100000,0,0
9712,天帷巨兽 : 精灵的天袭轻甲护肩  设计图,consumable,100000,0,0
9713,暗黑城 : 戾龙轻甲护肩  设计图,consumable,100000,0,0
9714,暗黑城 : 斩影轻甲护肩  设计图,consumable,100000,0,0
9715,暗黑城 : 精灵的奔雷轻甲护肩  设计图,consumable,100000,0,0
9716,暗黑城 : 精灵的天袭轻甲护肩  设计图,consumable,100000,0,0
9717,天帷巨兽 : 戾龙轻甲腰带  设计图,consumable,100000,0,0
9718,天帷巨兽 : 斩影轻甲腰带  设计图,consumable,100000,0,0
9719,天帷巨兽 : 精灵的奔雷轻甲腰带  设计图,consumable,100000,0,0
9720,天帷巨兽 : 精灵的天袭轻甲腰带  设计图,consumable,100000,0,0
9721,暗黑城 : 戾龙轻甲腰带  设计图,consumable,100000,0,0
9722,暗黑城 : 斩影轻甲腰带  设计图,consumable,100000,0,0
9723,暗黑城 : 精灵的奔雷轻甲腰带  设计图,consumable,100000,0,0
9724,暗黑城 : 精灵的天袭轻甲腰带  设计图,consumable,100000,0,0
9725,拉马斯肩甲  设计图,consumable,150000,0,0
9726,哈勒斯肩甲  设计图,consumable,150000,0,0
9727,拉马斯腰带  设计图,consumable,150000,0,0
9728,哈勒斯腰带  设计图,consumable,150000,0,0
9729,精武之魂护肩  设计图,consumable,150000,0,0
9730,米格拉的英雄护肩  设计图,consumable,150000,0,0
9731,霸权者的智慧护肩  设计图,consumable,150000,0,0
9732,暗黑之焰护肩  设计图,consumable,150000,0,0
9733,拳王的独孤护肩  设计图,consumable,150000,0,0
9739,精武之魂腰带  设计图,consumable,150000,0,0
9740,米格拉的英雄腰带  设计图,consumable,150000,0,0
9741,霸权者的智慧腰带  设计图,consumable,150000,0,0
9742,暗黑之焰腰带  设计图,consumable,150000,0,0
9743,拳王的独孤腰带  设计图,consumable,150000,0,0
9800,蓝水晶护肩  设计图,consumable,150000,0,0
9801,EL-XM25护肩  设计图,consumable,150000,0,0
9802,紫金长靴  设计图,consumable,150000,0,0
9803,蓝水晶长靴  设计图,consumable,150000,0,0
9804,EL-XM25长靴  设计图,consumable,150000,0,0
9805,紫金腰带  设计图,consumable,150000,0,0
9806,蓝水晶腰带  设计图,consumable,150000,0,0
9807,EL-XM25腰带  设计图,consumable,150000,0,0
9813,正义守护肩甲  设计图,consumable,150000,0,0
9814,黎明七星护肩  设计图,consumable,150000,0,0
9815,正义守护腰带  设计图,consumable,150000,0,0
9816,黎明七星腰带  设计图,consumable,150000,0,0
9817,天帷巨兽 : 戾龙重甲护肩  设计图,consumable,100000,0,0
9818,天帷巨兽 : 斩影重甲护肩  设计图,consumable,100000,0,0
9819,天帷巨兽 : 精灵的银刃重甲护肩  设计图,consumable,100000,0,0
9820,天帷巨兽 : 精灵的苍蟒重甲护肩  设计图,consumable,100000,0,0
9821,暗黑城 : 戾龙重甲护肩  设计图,consumable,100000,0,0
9822,暗黑城 : 斩影重甲护肩  设计图,consumable,100000,0,0
9823,暗黑城 : 精灵的银刃重甲护肩  设计图,consumable,100000,0,0
9824,暗黑城 : 精灵的苍蟒重甲护肩  设计图,consumable,100000,0,0
9825,天帷巨兽 : 戾龙重甲腰带  设计图,consumable,100000,0,0
9826,天帷巨兽 : 斩影重甲腰带  设计图,consumable,100000,0,0
9827,天帷巨兽 : 精灵的银刃重甲腰带  设计图,consumable,100000,0,0
9828,天帷巨兽 : 精灵的苍蟒重甲腰带  设计图,consumable,100000,0,0
9829,暗黑城 : 戾龙重甲腰带  设计图,consumable,100000,0,0
9830,暗黑城 : 斩影重甲腰带  设计图,consumable,100000,0,0
9831,暗黑城 : 精灵的银刃重甲腰带  设计图,consumable,100000,0,0
9832,暗黑城 : 精灵的苍蟒重甲腰带  设计图,consumable,100000,0,0
9833,巨武器破坏者护肩  设计图,consumable,150000,0,0
9834,赤炼肩甲  设计图,consumable,150000,0,0
9835,血之结界护肩  设计图,consumable,150000,0,0
9839,巨武器破坏者腰带  设计图,consumable,150000,0,0
9840,赤炼腰带  设计图,consumable,150000,0,0
9841,血之结界腰带  设计图,consumable,150000,0,0
9900,卡露亚的希望 - 圣日护肩  设计图,consumable,150000,0,0
9901,纯白之甲 - 谐音护肩  设计图,consumable,150000,0,0
9902,卡露亚的希望 - 圣日腰带  设计图,consumable,150000,0,0
9903,纯白之甲 - 谐音腰带  设计图,consumable,150000,0,0
9904,光之流影护肩  设计图,consumable,150000,0,0
9905,守护者的献祭护肩  设计图,consumable,150000,0,0
9906,暮光信徒护肩  设计图,consumable,150000,0,0
9910,光之流影腰带  设计图,consumable,150000,0,0
9911,守护者的献祭腰带  设计图,consumable,150000,0,0
9912,暮光信徒腰带  设计图,consumable,150000,0,0
2600000,下级生命灵药,consumable,1500,0,0
2600001,下级魔力灵药,consumable,1500,0,0
2600002,下级力量灵药,consumable,1500,0,0
2600003,下级智力灵药,consumable,1500,0,0
2600004,中级生命灵药,consumable,2500,0,0
2600005,中级魔力灵药,consumable,2500,0,0
2600006,中级力量灵药,consumable,2500,0,0
2600007,中级智力灵药,consumable,2500,0,0
2600008,诺顿的大师HP药剂,consumable,3500,0,0
2600009,罗莉安的大师MP药剂,consumable,3500,0,0
2600011,强化的命运硬币,consumable,5000,0,0
2600012,上级生命灵药,consumable,4000,0,0
2600013,上级魔力灵药,consumable,4000,0,0
2600014,瞬间移动药剂,consumable,8000,0,0
2600015,上级力量灵药,consumable,4000,0,0
2600016,上级智力灵药,consumable,4000,0,0
2600018,财宝猎人的药水,consumable,30000,0,0
2600019,鹰眼药剂,consumable,70000,0,0
2600020,神圣祝福药水,consumable,80000,0,0
2600021,精神刺激灵药,consumable,15000,0,0
2600022,霸体护甲药水,consumable,15000,0,0
2600023,天堂的HP药剂,consumable,60000,0,0
2600024,天堂的MP药剂,consumable,40000,0,0
2600027,神灵的庇佑,consumable,50000,0,0
2600028,天堂的痊愈药剂,consumable,80000,0,0
2600029,阿拉德初阶格斗家,consumable,5000,0,0
2600030,奥斯巴·格林尼达,consumable,10000,0,0
2600031,冰之塔拉库沓团员,consumable,8000,0,0
2600032,章鱼猎人,consumable,8000,0,0
2600033,疯狂囧克,consumable,8000,0,0
2600034,雷剑克鲁斯,consumable,10000,0,0
2600035,疾行者霍利奥,consumable,8000,0,0
2600036,贤智的萨姆,consumable,8000,0,0
2600037,烈炎之手波尔拉,consumable,10000,0,0
2600038,克里斯汀·罗纳尔多,consumable,10000,0,0
2600039,冻死的剑士歌拉斯,consumable,8000,0,0
2600040,爆炎里格哈文,consumable,8000,0,0
2600041,猥琐的萨摩拉纳,consumable,8000,0,0
2600042,喋喋不休宇郭,consumable,8000,0,0
2600043,暴风雪雀瑟,consumable,10000,0,0
2600044,天罗的索雅娜,consumable,10000,0,0
2600045,臭水沟公主·帕丽丝,consumable,12000,0,0
2600046,爆头狂人巴迪斯坦,consumable,10000,0,0
2600047,死亡之纳特亚,consumable,10000,0,0
2600048,疯癫的莉莉,consumable,10000,0,0
2600049,长三郎,consumable,8000,0,0
2600050,希苏拉,consumable,8000,0,0
2600051,G.S.D,consumable,15000,0,0
2600052,飓风博尔赫,consumable,10000,0,0
2600053,阿甘左,consumable,15000,0,0
2600065,强化的命运硬币 制作图,consumable,50000,0,0
2600068,瞬间移动药剂 制作图,consumable,50000,0,0
2600074,神圣祝福药水 制作图,consumable,50000,0,0
2600075,精神刺激灵药 制作图,consumable,50000,0,0
2600081,神灵的庇佑 制作图,consumable,50000,0,0
2600154,德利拉,consumable,8000,0,0
2600182,冰雪女王洛丝 卷轴 : 冰属性强化 +9,consumable,50000,0,0
2600183,范哲利斯 卷轴 : MP MAX +210,consumable,50000,0,0
2600184,犬使摩震 卷轴 : 体力 +23,consumable,50000,0,0
2600185,牛头统帅 卷轴 : 力量 +23,consumable,50000,0,0
2600186,火箭侠 卷轴 : HP MAX +210,consumable,50000,0,0
2600187,魔雷者麦瑟·莫纳亨 卷轴 : 精神 +23,consumable,50000,0,0
2600188,骷髅凯恩 卷轴 : 暗属性强化 +9,consumable,50000,0,0
2600189,纵火犯本汀克 卷轴 : 火属性强化 +9,consumable,50000,0,0
2600190,狂乱的伪装者 卷轴 : 魔法攻击力 +15,consumable,50000,0,0
2600191,机动队长苏雷德 卷轴 : 僵直度 +105,consumable,50000,0,0
2600192,莫格尼斯 卷轴 : 光属性强化 +9,consumable,50000,0,0
2600193,比特·伯斯提 卷轴 : 物理攻击力 +15,consumable,50000,0,0
2600194,守护者沃利 卷轴 : 智力 +23,consumable,50000,0,0
2600195,布万加 卷轴 : 精神 +35,consumable,50000,0,0
2600196,锤王波罗丁 卷轴 : MP MAX +280,consumable,50000,0,0
2600197,牛头械王 卷轴 : 火属性强化 +12,consumable,50000,0,0
2600198,无头骑士 卷轴 : 僵直度 +140,consumable,50000,0,0
2600199,虫王戮蛊 卷轴 : 物理攻击力 +20,consumable,50000,0,0
2600200,魔剑阿波菲斯 卷轴 : 暗属性强化 +12,consumable,50000,0,0
2600201,冰龙斯卡萨 卷轴 : 冰属性强化 +12,consumable,50000,0,0
2600202,狄瑞吉的幻影 卷轴 : 智力 +35,consumable,50000,0,0
2600203,暴戾搜捕团祭司诺比斯 卷轴 : 体力 +35,consumable,50000,0,0
2600204,GT-9600 卷轴 : HP MAX +280,consumable,50000,0,0
2600205,贝里斯克 卷轴 : 光属性强化 +12,consumable,50000,0,0
2600206,杰森·格里克 卷轴 : 魔法攻击力 +20,consumable,50000,0,0
2600207,哥布林王高格 卷轴 : 力量 +35,consumable,50000,0,0
2600222,光之城主赛格哈特 卷轴 : 光属性,consumable,50000,0,0
2600228,长脚罗特斯 卷轴 : 力量 +26,consumable,50000,0,0
2600233,邪龙斯皮兹头部 卷轴 : 魔法暴击率 +3%%,consumable,50000,0,0
2600236,魔笛使者皮特 卷轴 : 智力 +26,consumable,50000,0,0
2600239,炎猫妖 卷轴 : 通用技能 +Lv1,consumable,50000,0,0
2600240,灵幻师 卷轴 : 通用技能 +Lv1,consumable,50000,0,0
2600241,驯兽者伽罗华 卷轴 : 圣职者技能 +Lv1,consumable,50000,0,0
2600242,尚武者伦茨 卷轴 : 神枪手技能 +Lv1,consumable,50000,0,0
2600243,魔法变异者霍伊恩 卷轴 : 魔法师技能 +Lv1,consumable,50000,0,0
2600244,怪力变异者波杰斯 卷轴 : 鬼剑士技能 +Lv1,consumable,50000,0,0
2600245,幻影变异者欧克瑟 卷轴 : 格斗家技能 +Lv1,consumable,50000,0,0
2600246,史莱姆王 卷轴 : 僵直度 +20、 硬直 +20,consumable,50000,0,0
2600247,地狱哥布林直升机 卷轴 : 体力 +8、 精神 +8,consumable,50000,0,0
2600248,卡姆拉 卷轴 : HP MAX +105、 MP MAX +105,consumable,50000,0,0
2600249,泽忒斯 卷轴 : 物理攻击力 +7、 魔法攻击力 +7,consumable,50000,0,0
2600250,死神阿加雷斯 卷轴 : 力量 +15、 智力 +15,consumable,50000,0,0
2600251,特级生命秘药,consumable,8000,0,0
2600252,特级魔力秘药,consumable,8000,0,0
2600253,诺顿的至尊HP药剂,consumable,5000,0,0
2600254,罗莉安的至尊MP药剂,consumable,5000,0,0
2600255,特级力量秘药,consumable,8000,0,0
2600256,特级智力秘药,consumable,8000,0,0
2600257,神秘世界的玩具,consumable,15000,0,0
2600258,蕾娜,consumable,12000,0,0
2600259,可爱的哈尼,consumable,12000,0,0
2600260,拉特雷亚,consumable,12000,0,0
2600261,28号,consumable,25000,0,0
2600262,比尔马克的变异少女,consumable,15000,0,0
2600263,埃尼欧,consumable,12000,0,0
2600264,遗迹少女,consumable,25000,0,0
2600265,诺伊尔本,consumable,12000,0,0
2600266,鲁斯欧拉 卷轴 : 僵直度 +50,consumable,50000,0,0
2600267,老中士 卷轴 : 体力 +14,consumable,50000,0,0
2600268,梅迪亚 卷轴 : 暗属性强化 +8,consumable,50000,0,0
2600269,西克特·帕菲斯 卷轴 : 精神 +22,consumable,50000,0,0
2600270,裴特舒·帕菲斯 卷轴 : MP MAX +180,consumable,50000,0,0
2600271,UM-0 终结者 卷轴 : HP MAX +250,consumable,50000,0,0
2600272,机械吉赛尔 卷轴 : 力量 +30,consumable,50000,0,0
2600273,诺丝克尔 卷轴 : 智力 +30,consumable,50000,0,0
2600274,魔女阿嘉璐 卷轴 : 魔法攻击力 +18,consumable,50000,0,0
2600275,烈焰盾波迪尔 卷轴 : 火属性强化 +11,consumable,50000,0,0
2600276,黑鳞莫贝尼 卷轴 : 物理攻击力 +25,consumable,50000,0,0
2600277,小美人鱼空空伊 卷轴 : 冰属性强化 +8,consumable,50000,0,0
2600278,蕾娜 制作图,consumable,50000,0,0
2600279,可爱的哈尼 制作图,consumable,50000,0,0
2600280,拉特雷亚 制作图,consumable,50000,0,0
2600281,28号 制作图,consumable,50000,0,0
2600282,比尔马克的变异少女 制作图,consumable,50000,0,0
2600283,埃尼欧 制作图,consumable,50000,0,0
2600284,遗迹少女 制作图,consumable,50000,0,0
2600285,诺伊尔本 制作图,consumable,50000,0,0
2600286,特级生命秘药 制作图,consumable,50000,0,0
2600287,特级魔力秘药 制作图,consumable,50000,0,0
2600288,诺顿的至尊HP药剂 制作图,consumable,50000,0,0
2600289,罗莉安的至尊MP药剂 制作图,consumable,50000,0,0
2600290,特级力量秘药 制作图,consumable,50000,0,0
2600291,特级智力秘药 制作图,consumable,50000,0,0
2600292,神秘世界的玩具 制作图,consumable,50000,0,0
2600293,上级元素结晶 制作图,consumable,6000,0,0
2600294,光之城主赛格哈特的宝珠,consumable,10000000,0,0
2600295,长脚罗特斯的宝珠,consumable,10000000,0,0
2600296,邪龙斯皮兹的宝珠,consumable,10000000,0,0
2600297,魔笛使者皮特的宝珠,consumable,10000000,0,0
2600298,烈焰彼诺修的宝珠,consumable,1000000,0,0
2600299,黄金巨人普拉塔尼的宝珠,consumable,1000000,0,0
2600300,巨树守护者罗丁的宝珠,consumable,1000000,0,0
2600301,怨恨之摩根的宝珠,consumable,1000000,0,0
2600302,冰齿沙凡特的宝珠,consumable,1000000,0,0
2600303,犬人哈多的宝珠,consumable,1000000,0,0
2600305,牛头巨兽的宝珠,consumable,1000000,0,0
2600306,岩石人偶师的宝珠,consumable,1000000,0,0
2600307,夜视镜卡格的宝珠,consumable,1000000,0,0
2600308,GBL教神官的宝珠,consumable,1000000,0,0
2600309,火焰龙头炮的宝珠,consumable,10000000,0,0
2600310,吞灵者的宝珠,consumable,1000000,0,0
2600311,班图女战士的宝珠,consumable,1000000,0,0
2600312,疯狂盗匪的宝珠,consumable,1000000,0,0
2600313,青哥布林的宝珠,consumable,1000000,0,0
2600314,猫妖的宝珠,consumable,1000000,0,0
2600315,牛头护卫的宝珠,consumable,1000000,0,0
2600316,龙人的宝珠,consumable,10000000,0,0
2600317,爆弹卡格的宝珠,consumable,1000000,0,0
2600318,斧之驱逐者的宝珠,consumable,1000000,0,0
2600319,夜叉的宝珠,consumable,1000000,0,0
2600320,GBL教信徒的宝珠,consumable,1000000,0,0
2600321,章鱼怪的宝珠,consumable,1000000,0,0
2600322,蜘蛛的宝珠,consumable,1000000,0,0
2600323,暗精灵护卫的宝珠,consumable,1000000,0,0
2600324,摩震的猎犬的宝珠,consumable,1000000,0,0
2600325,EX多尼尔的宝珠,consumable,1000000,0,0
2600326,巨型黑章鱼的宝珠,consumable,1000000,0,0
2600327,审判者马塞尔的宝珠,consumable,1000000,0,0
2600328,雪崩拉比纳的宝珠,consumable,1000000,0,0
2600329,魔女莉斯的宝珠,consumable,1000000,0,0
2600330,歌利亚的宝珠,consumable,1000000,0,0
2600331,GBL巨像的宝珠,consumable,1000000,0,0
2600332,罗特斯的孵化宝珠,consumable,1000000,0,0
2600333,毒葡萄艾米迪的宝珠,consumable,1000000,0,0
2600334,老鼠商人洛克沙的宝珠,consumable,1000000,0,0
2600335,诡异的念动力宝珠,consumable,1000000,0,0
2600336,奈普·克拉斯的宝珠,consumable,1000000,0,0
2600337,辅修师斯佩特的宝珠,consumable,1000000,0,0
2600338,艾克洛索的宝珠,consumable,1000000,0,0
2600339,寒冰巨人利库的宝珠,consumable,1000000,0,0
2600340,泰坦的宝珠,consumable,1000000,0,0
2600341,塞斯奇的宝珠,consumable,1000000,0,0
2600342,莱里特·拉里的宝珠,consumable,1000000,0,0
2600343,西特拉克的宝珠,consumable,1000000,0,0
2600344,伊沙杜拉的宝珠,consumable,1000000,0,0
2600345,炎之古拉德的宝珠,consumable,1000000,0,0
2600346,倔强的哈尼克的宝珠,consumable,1000000,0,0
2600347,沉默的亨普利的宝珠,consumable,1000000,0,0
2600348,漫游者麦吉的宝珠,consumable,1000000,0,0
2600349,北极风纳斯拉的宝珠,consumable,1000000,0,0
2600350,前锋卫队长波西克的宝珠,consumable,1000000,0,0
2600351,冰雪女王洛丝的宝珠,consumable,1000000,0,0
2600352,范哲利斯的宝珠,consumable,1000000,0,0
2600353,犬使摩震的宝珠,consumable,1000000,0,0
2600354,牛头统帅的宝珠,consumable,1000000,0,0
2600355,火箭侠的宝珠,consumable,1000000,0,0
2600356,魔雷者麦瑟·莫纳亨的宝珠,consumable,1000000,0,0
2600357,骷髅凯恩的宝珠,consumable,1000000,0,0
2600358,纵火犯本汀克的宝珠,consumable,1000000,0,0
2600359,狂乱的伪装者的宝珠,consumable,1000000,0,0
2600360,机动队长苏雷德的宝珠,consumable,1000000,0,0
2600361,莫格尼斯的宝珠,consumable,1000000,0,0
2600362,比特·伯斯提的宝珠,consumable,1000000,0,0
2600363,守护者沃利的宝珠,consumable,1000000,0,0
2600364,布万加的宝珠,consumable,10000000,0,0
2600365,锤王波罗丁的宝珠,consumable,10000000,0,0
2600366,牛头械王的宝珠,consumable,10000000,0,0
2600367,无头骑士的宝珠,consumable,10000000,0,0
2600368,虫王戮蛊的宝珠,consumable,10000000,0,0
2600369,魔剑阿波菲斯的宝珠,consumable,10000000,0,0
2600370,冰龙斯卡萨的宝珠,consumable,10000000,0,0
2600371,狄瑞吉的幻影的宝珠,consumable,10000000,0,0
2600372,暴戾搜捕团祭司诺比斯的宝珠,consumable,1000000,0,0
2600373,GT-9600的宝珠,consumable,1000000,0,0
2600374,贝里斯克的宝珠,consumable,1000000,0,0
2600375,杰森·格里克的宝珠,consumable,1000000,0,0
2600376,哥布林王高格的宝珠,consumable,10000000,0,0
2600377,炎猫妖的宝珠,consumable,1000000,0,0
2600378,灵幻师的宝珠,consumable,1000000,0,0
2600379,驯兽者伽罗华的宝珠,consumable,1000000,0,0
2600380,尚武者伦茨的宝珠,consumable,1000000,0,0
2600381,魔法变异者霍伊恩的宝珠,consumable,1000000,0,0
2600382,怪力变异者波杰斯的宝珠,consumable,1000000,0,0
2600383,幻影变异者欧克瑟的宝珠,consumable,1000000,0,0
2600384,史莱姆王的宝珠,consumable,1000000,0,0
2600385,地狱哥布林直升机的宝珠,consumable,1000000,0,0
2600386,卡姆拉的宝珠,consumable,1000000,0,0
2600387,泽忒斯的宝珠,consumable,1000000,0,0
2600388,阿加雷斯的宝珠,consumable,1000000,0,0
2600389,鲁斯欧拉的宝珠,consumable,1000000,0,0
2600390,老中士的宝珠,consumable,1000000,0,0
2600391,梅迪亚宝珠,consumable,1000000,0,0
2600392,西克特·帕菲斯的宝珠,consumable,1000000,0,0
2600393,裴特舒·帕菲斯的宝珠,consumable,1000000,0,0
2600394,UM-0 终结者的宝珠,consumable,1000000,0,0
2600395,机械吉赛尔的宝珠,consumable,10000000,0,0
2600396,诺丝克尔的宝珠,consumable,10000000,0,0
2600397,魔女阿嘉璐的宝珠,consumable,10000000,0,0
2600398,烈焰盾波迪尔的宝珠,consumable,10000000,0,0
2600399,黑鳞莫贝尼的宝珠,consumable,1000000,0,0
2600400,小美人鱼空空伊的宝珠,consumable,1000000,0,0
2600420,刀疤鼠的宝珠,consumable,10000000,0,0
2600421,公爵尤里斯的宝珠,consumable,10000000,0,0
2600422,黑色瘟疫狄瑞吉的宝珠,consumable,10000000,0,0
2600423,首领萨斯的宝珠,consumable,1000000,0,0
2600424,梦幻列车长拉宾特的宝珠,consumable,1000000,0,0
2600425,巨灵布鲁的宝珠,consumable,1000000,0,0
2600426,刀疤鼠 卷轴 : 攻击速度 +1.2%%,consumable,50000,0,0
2600427,公爵尤里斯 卷轴 : 魔法暴击 +5%%,consumable,50000,0,0
2600428,黑色瘟疫狄瑞吉 卷轴 : 暗属性,consumable,50000,0,0
2600429,首领萨斯 卷轴 : 暗属性强化 +10,consumable,50000,0,0
2600430,梦幻列车长拉宾特 卷轴 : 施放速度 +1.5%%,consumable,50000,0,0
2600431,巨灵布鲁 卷轴 : 魔法攻击力 +25,consumable,50000,0,0
2600432,机械臂捷克的宝珠,consumable,1000000,0,0
2600436,机械臂捷克 卷轴 : 物理攻击力 +18,consumable,50000,0,0
2600441,德拉尔 卷轴 : 物理、 魔法独立攻击力 +11,consumable,50000,0,0
2600442,图卢斯族男精英战士 卷轴 : 物理、 魔法独立攻击力 +23,consumable,50000,0,0
2600443,蓝影马萨乔 卷轴 : 物理、 魔法独立攻击力 +35,consumable,50000,0,0
2600444,德拉尔的宝珠,consumable,1000000,0,0
2600445,图卢斯族男精英战士的宝珠,consumable,1000000,0,0
2600446,蓝影马萨乔的宝珠,consumable,10000000,0,0
2610001,营养蘑菇,consumable,4000,0,0
2610002,蜂蜜,consumable,4000,0,0
2610003,天然奶酪,consumable,4000,0,0
2610004,亮丽的郁金香,consumable,3000,0,0
2610005,香霉菌,consumable,3000,0,0
2610006,璀璨玫瑰,consumable,4000,0,0
2610007,魔法珍珠,consumable,4000,0,0
2610008,粗蒜,consumable,3000,0,0
2610009,猛兽的利齿,consumable,4000,0,0
2610010,辣椒,consumable,3000,0,0
2610011,野山参,consumable,5000,0,0
2610012,干燥的水仙花,consumable,3000,0,0
2610013,厚实的肉块,consumable,3000,0,0
2610014,木瓜,consumable,3000,0,0
2610015,五彩珊瑚碎片,consumable,3000,0,0
2610016,怪兽的角,consumable,4000,0,0
2610017,黑橡果,consumable,3000,0,0
2610018,鲸须,consumable,3000,0,0
2610019,怪异的蛋,consumable,3000,0,0
2610020,白萝卜,consumable,3000,0,0
2610021,蜘蛛蘑菇,consumable,4000,0,0
2610022,鹳的翅膀,consumable,3000,0,0
2610023,香瓜,consumable,3000,0,0
2610024,生命之息,consumable,8000,0,0
2610025,龙之心,consumable,4000,0,0
2610026,百年野参,consumable,8000,0,0
2610027,黄金粉末,consumable,8000,0,0
2610028,海龟壳,consumable,4000,0,0
2610029,神之印章,consumable,8000,0,0
2610030,魔力结晶,consumable,3000,0,0
2610031,初级蛋白油,consumable,3000,0,0
2610032,中级蛋白油,consumable,8000,0,0
2610033,上级蛋白油,consumable,20000,0,0
2610034,黑色魔力的产物,consumable,5000,0,0
2610035,白色魔力的产物,consumable,5000,0,0
2610036,红色魔力的产物,consumable,5000,0,0
2610037,蓝色魔力的产物,consumable,5000,0,0
2610038,无色魔力的产物,consumable,3000,0,0
2610039,平凡的灵魂精髓,consumable,3000,0,0
2610040,淬炼的灵魂精髓,consumable,8000,0,0
2610041,强韧的灵魂精髓,consumable,15000,0,0
2610042,平凡的冒险家灵魂,consumable,3000,0,0
2610043,淬炼的冒险家灵魂,consumable,8000,0,0
2610044,强韧的冒险家灵魂,consumable,10000,0,0
2647008,传承 : 神圣的战争女神薄纱长袍  设计图,consumable,3000000,0,0
2647009,传承 : 控魂女神的绢丝长袍  设计图,consumable,3000000,0,0
2647018,传承 : 神圣的战争女神薄纱护腿  设计图,consumable,3000000,0,0
2647019,传承 : 控魂女神的绢丝护腿  设计图,consumable,3000000,0,0
2647020,传承 : 神圣的战争女神薄纱护肩  设计图,consumable,3000000,0,0
2647021,传承 : 控魂女神的绢丝肩甲  设计图,consumable,3000000,0,0
2647022,传承 : 神圣的战争女神薄纱腰带  设计图,consumable,3000000,0,0
2647023,传承 : 控魂女神的绢丝护腰  设计图,consumable,3000000,0,0
2647028,传承 : 神圣的战争女神薄纱短靴  设计图,consumable,3000000,0,0
2647029,传承 : 控魂女神的绢丝短靴  设计图,consumable,3000000,0,0
2647030,传承 : 神圣的控魂女神的绢丝长袍  设计图,consumable,3000000,0,0
2647032,传承 : 神圣的控魂女神的绢丝护腿  设计图,consumable,3000000,0,0
2647034,传承 : 神圣的控魂女神的绢丝肩甲  设计图,consumable,3000000,0,0
2647036,传承 : 神圣的控魂女神的绢丝护腰  设计图,consumable,3000000,0,0
2647038,传承 : 神圣的控魂女神的绢丝短靴  设计图,consumable,3000000,0,0
2647108,传承 : 神圣的战争女神狼皮胸甲  设计图,consumable,3000000,0,0
2647109,传承 : 控魂女神的狼皮长袍  设计图,consumable,3000000,0,0
2647118,传承 : 神圣的战争女神狼皮绑腿  设计图,consumable,3000000,0,0
2647119,传承 : 控魂女神的狼皮护腿  设计图,consumable,3000000,0,0
2647120,传承 : 神圣的战争女神狼皮护肩  设计图,consumable,3000000,0,0
2647121,传承 : 控魂女神的狼皮斗蓬  设计图,consumable,3000000,0,0
2647122,传承 : 神圣的战争女神狼皮腰带  设计图,consumable,3000000,0,0
2647123,传承 : 控魂女神的狼皮腰带  设计图,consumable,3000000,0,0
2647128,传承 : 神圣的战争女神狼皮长靴  设计图,consumable,3000000,0,0
2647129,传承 : 控魂女神的狼皮短靴  设计图,consumable,3000000,0,0
2647130,传承 : 神圣的控魂女神狼皮长袍  设计图,consumable,3000000,0,0
2647132,传承 : 神圣的控魂女神狼皮绑腿  设计图,consumable,3000000,0,0
2647134,传承 : 神圣的控魂女神狼皮斗蓬  设计图,consumable,3000000,0,0
2647136,传承 : 神圣的控魂女神狼皮腰带  设计图,consumable,3000000,0,0
2647138,传承 : 神圣的控魂女神狼皮长靴  设计图,consumable,3000000,0,0
2647208,传承 : 神圣的战争女神黑陶胸甲  设计图,consumable,3000000,0,0
2647209,传承 : 控魂女神的软陶胸甲  设计图,consumable,3000000,0,0
2647218,传承 : 神圣的战争女神黑陶绑腿  设计图,consumable,3000000,0,0
2647219,传承 : 控魂女神的软陶绑腿  设计图,consumable,3000000,0,0
2647220,传承 : 神圣的战争女神黑陶护肩  设计图,consumable,3000000,0,0
2647221,传承 : 控魂女神的软陶斗蓬  设计图,consumable,3000000,0,0
2647222,传承 : 神圣的战争女神黑陶腰带  设计图,consumable,3000000,0,0
2647223,传承 : 控魂女神的软陶腰带  设计图,consumable,3000000,0,0
2647228,传承 : 神圣的战争女神黑陶长靴  设计图,consumable,3000000,0,0
2647229,传承 : 控魂女神的软陶短靴  设计图,consumable,3000000,0,0
2647230,传承 : 神圣的控魂女神软陶胸甲  设计图,consumable,3000000,0,0
2647232,传承 : 神圣的控魂女神软陶绑腿  设计图,consumable,3000000,0,0
2647234,传承 : 神圣的控魂女神软陶斗篷  设计图,consumable,3000000,0,0
2647236,传承 : 神圣的控魂女神软陶腰带  设计图,consumable,3000000,0,0
2647238,传承 : 神圣的控魂女神软陶短靴  设计图,consumable,3000000,0,0
2647308,传承 : 神圣的战争女神墨钢链甲  设计图,consumable,3000000,0,0
2647309,传承 : 控魂女神的纹钢胸甲  设计图,consumable,3000000,0,0
2647318,传承 : 神圣的战争女神墨钢护腿  设计图,consumable,3000000,0,0
2647319,传承 : 控魂女神的纹钢胫甲  设计图,consumable,3000000,0,0
2647320,传承 : 神圣的战争女神墨钢肩甲  设计图,consumable,3000000,0,0
2647321,传承 : 控魂女神的纹钢斗蓬  设计图,consumable,3000000,0,0
2647322,传承 : 神圣的战争女神墨钢腰带  设计图,consumable,3000000,0,0
2647323,传承 : 控魂女神的纹钢腰带  设计图,consumable,3000000,0,0
2647328,传承 : 神圣的战争女神墨钢长靴  设计图,consumable,3000000,0,0
2647329,传承 : 控魂女神的纹钢短靴  设计图,consumable,3000000,0,0
2647330,传承 : 神圣的控魂女神钛银链甲  设计图,consumable,3000000,0,0
2647332,传承 : 神圣的控魂女神钛银护腿  设计图,consumable,3000000,0,0
2647334,传承 : 神圣的控魂女神钛银护肩  设计图,consumable,3000000,0,0
2647336,传承 : 神圣的控魂女神钛银腰带  设计图,consumable,3000000,0,0
2647338,传承 : 神圣的控魂女神钛银长靴  设计图,consumable,3000000,0,0
2647405,传承 : 神圣的战争女神钛钢胸甲  设计图,consumable,3000000,0,0
2647406,传承 : 控魂女神的钛钢胸甲  设计图,consumable,3000000,0,0
2647412,传承 : 神圣的战争女神钛钢护腿  设计图,consumable,3000000,0,0
2647413,传承 : 控魂女神的钛钢绑腿  设计图,consumable,3000000,0,0
2647414,传承 : 神圣的战争女神钛钢肩甲  设计图,consumable,3000000,0,0
2647415,传承 : 控魂女神的钛钢护肩  设计图,consumable,3000000,0,0
2647416,传承 : 神圣的战争女神钛钢护腰  设计图,consumable,3000000,0,0
2647417,传承 : 控魂女神的钛钢腰带  设计图,consumable,3000000,0,0
2647422,传承 : 神圣的战争女神钛钢长靴  设计图,consumable,3000000,0,0
2647423,传承 : 控魂女神的钛钢短靴  设计图,consumable,3000000,0,0
2647424,传承 : 神圣的控魂女神的钛钢胸甲  设计图,consumable,3000000,0,0
2647426,传承 : 神圣的控魂女神的钛钢绑腿  设计图,consumable,3000000,0,0
2647428,传承 : 神圣的控魂女神的钛钢护肩  设计图,consumable,3000000,0,0
2647430,传承 : 神圣的控魂女神的钛钢腰带  设计图,consumable,3000000,0,0
2647432,传承 : 神圣的控魂女神的钛钢短靴  设计图,consumable,3000000,0,0
2649000,真 · 疯狂工程师的斗篷  设计图,consumable,150000,0,0
2649001,真 · 归隐的武士斗篷  设计图,consumable,150000,0,0
2649002,真 · 流云惊月斗篷  设计图,consumable,150000,0,0
2649003,真 · 无尽的元素之力护肩  设计图,consumable,150000,0,0
2649004,真 · 契约支配者护肩  设计图,consumable,150000,0,0
2649005,真 · 灵魂之信仰护肩  设计图,consumable,150000,0,0
2649012,真 · 疯狂工程师的腰带  设计图,consumable,150000,0,0
2649013,真 · 归隐的武士腰带  设计图,consumable,150000,0,0
2649014,真 · 流云惊月腰带  设计图,consumable,150000,0,0
2649015,真 · 无尽的元素之力腰带  设计图,consumable,150000,0,0
2649016,真 · 契约支配者腰带  设计图,consumable,150000,0,0
2649017,真 · 灵魂之信仰腰带  设计图,consumable,150000,0,0
2649200,真 · 西部枪手护肩  设计图,consumable,150000,0,0
2649201,真 · 巨鲸之王护肩  设计图,consumable,150000,0,0
2649202,真 · 暮星护肩  设计图,consumable,150000,0,0
2649203,真 · 慈悲之心护肩  设计图,consumable,150000,0,0
2649204,真 · 精灵的智慧护肩  设计图,consumable,150000,0,0
2649210,真 · 西部枪手腰带  设计图,consumable,150000,0,0
2649211,真 · 巨鲸之王腰带  设计图,consumable,150000,0,0
2649212,真 · 暮星腰带  设计图,consumable,150000,0,0
2649213,真 · 慈悲之心腰带  设计图,consumable,150000,0,0
2649214,真 · 精灵的智慧腰带  设计图,consumable,150000,0,0
2649400,真 · 精武之魂护肩  设计图,consumable,150000,0,0
2649401,真 · 米格拉的英雄护肩  设计图,consumable,150000,0,0
2649402,真 · 霸权者的智慧护肩  设计图,consumable,150000,0,0
2649403,真 · 暗黑之焰护肩  设计图,consumable,150000,0,0
2649404,真 · 拳王的独孤护肩  设计图,consumable,150000,0,0
2649410,真 · 精武之魂腰带  设计图,consumable,150000,0,0
2649411,真 · 米格拉的英雄腰带  设计图,consumable,150000,0,0
2649412,真 · 霸权者的智慧腰带  设计图,consumable,150000,0,0
2649413,真 · 暗黑之焰腰带  设计图,consumable,150000,0,0
2649414,真 · 拳王的独孤腰带  设计图,consumable,150000,0,0
2649600,真 · 巨武器破坏者护肩  设计图,consumable,150000,0,0
2649601,真 · 赤炼肩甲  设计图,consumable,150000,0,0
2649602,真 · 血之结界护肩  设计图,consumable,150000,0,0
2649606,真 · 巨武器破坏者腰带  设计图,consumable,150000,0,0
2649607,真 · 赤炼腰带  设计图,consumable,150000,0,0
2649608,真 · 血之结界腰带  设计图,consumable,150000,0,0
2649800,真 · 光之流影护肩  设计图,consumable,150000,0,0
2649801,真 · 守护者的献祭护肩  设计图,consumable,150000,0,0
2649802,真 · 暮光信徒护肩  设计图,consumable,150000,0,0
2649806,真 · 光之流影腰带  设计图,consumable,150000,0,0
2649807,真 · 守护者的献祭腰带  设计图,consumable,150000,0,0
2649808,真 · 暮光信徒腰带  设计图,consumable,150000,0,0
2680670,奥尔卡的力量宝珠,consumable,3000000,0,0
2680671,奥尔卡的智力宝珠,consumable,3000000,0,0
2680672,奥尔卡的融合宝珠,consumable,3000000,0,0
2680740,敏泰的力量宝珠,consumable,3000000,0,0
2680741,敏泰的智力宝珠,consumable,3000000,0,0
2680742,敏泰的融合宝珠,consumable,3000000,0,0
2680986,雷诺的力量宝珠,consumable,3000000,0,0
2680987,雷诺的智力宝珠,consumable,3000000,0,0
2680988,雷诺的融合宝珠,consumable,3000000,0,0
2749091,巴尔雷娜的力量宝珠,consumable,3000000,0,0
2749092,巴尔雷娜的智力宝珠,consumable,3000000,0,0
2749093,巴尔雷娜的融合宝珠,consumable,3000000,0,0
27000,破损的铁剑,white,112,0,35
27001,生锈的铁剑,white,336,0,35
27003,腐烂的骨剑,white,672,0,35
27007,生锈的短剑,white,1120,0,35
27049,古老的脊骨剑,white,2240,0,35
27053,生锈的青铜剑,white,2800,0,35
27060,古老的波刃骨剑,white,3920,0,35
27064,劣质的钛剑,white,4480,0,35
27070,古老的哨兵侍剑,white,5040,0,35
27072,古老的宽刃剑,white,5824,0,35
27109,古老的突刺剑,white,6384,0,35
27119,仿制短剑,white,112,0,35
27200,班图的左手剑,white,1120,0,35
27300,破损的重剑,white,256,0,35
27303,磨损的巨剑,white,768,0,35
27307,生锈的步兵巨剑,white,1280,0,35
27310,生锈的印度古剑,white,1792,0,35
27504,钝锋的双刃巨剑,white,2560,0,35
27507,生锈的波刃长剑,white,3200,0,35
27511,劣质的韩瑞德之剑,white,3840,0,35
27520,古老的骑士长剑,white,5120,0,35
27524,古老的雕纹巨剑,white,5760,0,35
27601,生锈的武士刀,white,336,0,35
27603,劣质的小太刀,white,672,0,35
27607,生锈的长刀,white,1120,0,35
27648,古老的太刀,white,2240,0,35
27652,钝刃佩刀,white,2800,0,35
27659,生锈的月华刀,white,3920,0,35
27671,生锈的影虎刀,white,5824,0,35
27707,生锈的净化太刀,white,6384,0,35
27653,佩刀,white,560,0,35
27901,残破的木棒,white,224,0,35
27902,腐烂的木棒,white,448,0,35
27904,粗短的木棒,white,672,0,35
27907,无棱木棒,white,1120,0,35
27948,古老的钉头槌,white,2240,0,35
27952,粗糙的铁棒,white,2800,0,35
27969,古老的巨人槌,white,5040,0,35
27971,古老的蛇形槌,white,5824,0,35
28015,古老的巴斯顿槌,white,6720,0,35
28200,暗淡的莹光剑,white,2592,0,35
28241,褪色的玄磁光剑,white,5760,0,35
28244,古老的寒光剑,white,6480,0,35
28252,古老的朱诺星剑,white,7488,0,35
29002,破烂的手套,white,224,0,35
29003,残破的手套,white,448,0,35
29009,古老的链甲手套,white,1232,0,35
29012,生锈的铁指虎,white,1680,0,35
29055,磨损的碎骨手套,white,2800,0,35
29062,生锈的锁甲手套,white,3920,0,35
29072,古老的紫铜手套,white,5040,0,35
29074,残破的格斗手套,white,5824,0,35
29300,损坏的臂铠,white,256,0,35
29301,生锈的臂铠,white,512,0,35
29305,褪色的青铜臂铠,white,896,0,35
29308,生锈的铁臂铠,white,1408,0,35
29600,弯曲的骨爪,white,224,0,35
29601,腐烂的骨爪,white,448,0,35
29604,褪色的青铜爪,white,784,0,35
29607,破损的钢爪,white,1232,0,35
29648,褪色的碧玉爪,white,2240,0,35
29655,粗糙的玄铁爪,white,3360,0,35
29659,生锈的猎人之爪,white,3920,0,35
29663,古老的合金爪,white,4480,0,35
29669,腐蚀的尖爪,white,5040,0,35
29708,生锈的钉头爪,white,6384,0,35
29717,残破的野蛮之爪,white,6720,0,35
29800,阿努比斯之爪,white,1120,0,35
29904,褪色的青铜东方棍,white,784,0,35
29907,破损的钢制东方棍,white,1232,0,35
29953,破损的匠人东方棍,white,2800,0,35
29972,古老的格斗东方棍,white,5824,0,35
30013,古老的橡木东方棍,white,6720,0,35
30200,残破的练习拳套,white,2592,0,35
30228,破损的格斗拳套,white,3600,0,35
30235,粗糙的墨石拳套,white,5040,0,35
30239,古老的青龙拳套,white,5760,0,35
30242,古老的雄狮拳套,white,6480,0,35
30254,古老的玄铁拳套,white,7488,0,35
30281,残破的搏击拳套,white,8640,0,35
31001,损坏的左轮枪,white,112,0,35
31004,损坏的睨视左轮枪,white,672,0,35
31008,古老的精准左轮枪,white,1120,0,35
31057,老式的帝国左轮枪,white,3360,0,35
31066,老式微型左轮,white,4480,0,35
31071,老式转轮手枪,white,5040,0,35
31110,古老的威洛左轮枪,white,6384,0,35
31117,残破的弗雷克左轮枪,white,6720,0,35
31307,老式装填手枪,white,1008,0,35
31352,老式伊顿手枪,white,2800,0,35
31355,磨损的新式手枪,white,3360,0,35
31359,古老的飞翼手枪,white,3920,0,35
31363,老式的雷鸣手枪,white,4480,0,35
31371,古老的阿提手枪,white,5824,0,35
31406,古老的冰感手枪,white,6384,0,35
31414,古老的毛瑟枪 - T,white,6720,0,35
31600,损坏的短弩,white,112,0,35
31609,老式光弩,white,1344,0,35
31647,老式的连射手弩,white,2240,0,35
31658,古老的土着手弩,white,3920,0,35
31688,古老的强风短弩,white,8320,0,35
31900,损坏的燧发枪,white,128,0,35
31910,老式虚祖步枪,white,1664,0,35
31948,老式小口径步枪,white,2560,0,35
31979,古老的复合式手枪,white,6656,0,35
32001,古老的火统,white,7296,0,35
32200,损坏的迷你手炮,white,384,0,35
32202,损坏的重手炮,white,896,0,35
32209,古老的虚祖手炮,white,1920,0,35
32247,损坏的重火炮,white,2560,0,35
32254,老式皇都军用手炮,white,3840,0,35
32268,古老的合金手炮,white,5760,0,35
33000,练习长矛,white,224,0,35
33001,木质长矛,white,336,0,35
33004,生锈的铁矛,white,1008,0,35
33008,古老的战矛,white,1680,0,35
33010,损坏的三叉戟,white,2240,0,35
33012,古老的三叉战戟,white,2800,0,35
33016,普通的蛇矛,white,3920,0,35
33018,弯曲的蛇矛,white,4480,0,35
33020,古老的战戟,white,5040,0,35
33054,弯曲的紫刃长矛,white,5824,0,35
33070,古老的蝎子长矛,white,6384,0,35
33300,练习长棍,white,1,0,35
33301,钉头长棍,white,336,0,35
33302,古老的木棍,white,672,0,35
33304,破裂的莳芽木棍,white,1008,0,35
33306,残破的骨制长棍,white,1344,0,35
33308,破裂的琥珀长棍,white,1680,0,35
33310,生锈的青铜棍,white,2240,0,35
33312,生锈的玄铁棍,white,2800,0,35
33314,古老的银制长棍,white,3360,0,35
33318,古老的白金长棍,white,4480,0,35
33320,古老的水晶长棍,white,5040,0,35
33344,破损的秘银长棍,white,5824,0,35
33601,普通魔杖,white,336,0,35
33602,古老的天空魔杖,white,672,0,35
33604,破裂的莳芽魔杖,white,1008,0,35
33606,腐蚀的骨制魔杖,white,1344,0,35
33608,破裂的琥珀魔杖,white,1680,0,35
33612,生锈的玄铁魔杖,white,2800,0,35
33614,古老的银制魔杖,white,3360,0,35
33618,古老的白金魔杖,white,4480,0,35
33620,古老的水晶魔杖,white,5040,0,35
33644,古老的秘银魔杖,white,5824,0,35
33670,古老的厄特尔魔杖,white,6384,0,35
33680,法师的仿制魔杖,white,112,0,35
33901,练习法杖,white,112,0,35
33902,古老的法杖,white,336,0,35
33903,古老的木制法杖,white,672,0,35
33905,腐蚀的莳芽法杖,white,1008,0,35
33909,残破的法杖,white,1680,0,35
33911,古老的青铜法杖,white,2240,0,35
33913,生锈的玄铁法杖,white,2800,0,35
33915,古老的银制法杖,white,3360,0,35
33919,古老的白金法杖,white,4480,0,35
33921,古老的水晶法杖,white,5040,0,35
33945,古老的秘银法杖,white,5824,0,35
33972,劣质的厄特尔法杖,white,6384,0,35
33979,残破的阿罗那法杖,white,6720,0,35
34200,破裂的玉竹扫把,white,2592,0,35
34202,古老的魔法扫把,white,3600,0,35
34206,残破的羽绒扫把,white,5040,0,35
34208,残破的赤铜扫把,white,5760,0,35
34212,普通的魔女扫把,white,7488,0,35
34248,劣质的飞行扫把,white,8208,0,35
35002,木制十字架,white,336,0,35
35003,古老的天空树十字架,white,560,0,35
35005,腐蚀的莳芽十字架,white,1120,0,35
35007,古老的黑檀十字架,white,1680,0,35
35011,古老的牛骨十字架,white,2800,0,35
35015,损坏的青铜十字架,white,3920,0,35
35017,生锈的玄铁十字架,white,4480,0,35
35019,损坏的银制十字架,white,5040,0,35
35069,古老的厄特尔十字架,white,6384,0,35
35300,练习念珠,white,112,0,35
35301,木质念珠,white,336,0,35
35302,古老的天空树念珠,white,560,0,35
35306,古老的桃木念珠,white,1680,0,35
35308,破损的紫檀念珠,white,2240,0,35
35310,古老的黑檀念珠,white,2800,0,35
35312,损坏的爱神念珠,white,3360,0,35
35314,生锈的青铜念珠,white,3920,0,35
35316,生锈的玄铁念珠,white,4480,0,35
35318,古老的银制念珠,white,5040,0,35
35320,损坏的白金念珠,white,5824,0,35
35365,劣质的厄特尔念珠,white,6384,0,35
35373,古老的钢铁念珠,white,6720,0,35
35600,练习图腾,white,112,0,35
35601,木质图腾,white,336,0,35
35602,古老的库尼族图腾,white,560,0,35
35604,损坏的库尼族祈福图腾,white,1120,0,35
35606,古老的库尼族狩猎图腾,white,1680,0,35
35608,损坏的库尼族星宿图腾,white,2240,0,35
35610,古老的图卢斯族图腾,white,2800,0,35
35612,损坏的图卢斯族祈福图腾,white,3360,0,35
35614,古老的图卢斯族狩猎图腾,white,3920,0,35
35616,损坏的图卢斯族星宿图腾,white,4480,0,35
35618,古老的图卢斯族战争图腾,white,5040,0,35
35620,损坏的沃克族图腾,white,5824,0,35
35665,远古的天兔图腾,white,6384,0,35
35675,残破的桃木图腾,white,6720,0,35
35900,练习镰刀,white,144,0,35
35901,锋利的镰刀,white,432,0,35
35902,古老的镰刀,white,720,0,35
35904,破损的钩镰,white,1440,0,35
35906,古老的青铜镰刀,white,2160,0,35
35908,生锈的战镰,white,2880,0,35
35910,古老的宽刃钩镰,white,3600,0,35
35914,生锈的玄铁战镰,white,5040,0,35
35916,生锈的紫铜钩镰,white,5760,0,35
35918,生锈的玄铁宽刃钩镰,white,6480,0,35
35920,损坏的紫铜鹤嘴镰,white,7488,0,35
36200,练习战斧,white,128,0,35
36201,普通战斧,white,384,0,35
36202,古老的战斧,white,640,0,35
36204,损坏的宽刃战斧,white,1280,0,35
36206,古老的锯齿斧,white,1920,0,35
36208,破损的双刃斧,white,2560,0,35
36210,古老的月牙斧,white,3200,0,35
36212,破损的巨斧,white,3840,0,35
36214,生锈的玄铁锯齿斧,white,4480,0,35
36216,生锈的赤铜战斧,white,5120,0,35
36218,古老的青铜战斧,white,5760,0,35
36220,生锈的玄铁巨斧,white,6656,0,35
36264,古老的斩首斧,white,7296,0,35
36274,生锈的合金战斧,white,7680,0,35
37003,匕首,white,336,0,35
37004,古老的碎骨匕首,white,560,0,35
37010,破损的青铜匕首,white,1680,0,35
37013,破损的螺旋匕首,white,2240,0,35
37016,生锈的精铁匕首,white,2800,0,35
37019,破损的鲨鱼匕首,white,3360,0,35
37022,古老的玄铁匕首,white,3920,0,35
37028,古朴的艾巴伦匕首,white,5040,0,35
37031,破损的精铜匕首,white,5824,0,35
37034,生锈的玄石匕首,white,6384,0,35
37070,生锈的尼坦匕首,white,6720,0,35
37300,练习双剑,white,112,0,35
37301,双剑,white,336,0,35
37302,古老的碎骨双剑,white,560,0,35
37305,古老的铁质双剑,white,1120,0,35
37311,破损的钨钢双剑,white,2240,0,35
37314,生锈的黑铁双剑,white,2800,0,35
37320,古老的玄铁双剑,white,3920,0,35
37323,古老的纯银双剑,white,4480,0,35
37326,古老的艾扎克双剑,white,5040,0,35
37329,破损的合金双剑,white,5824,0,35
37332,古老的黄金双剑,white,6384,0,35
37364,破损的骷髅双剑,white,6720,0,35
37600,练习手杖,white,112,0,35
37601,手杖,white,336,0,35
37608,古老的树根手杖,white,1680,0,35
37614,破损的杰卡拉手杖,white,2800,0,35
37617,破损的卡内特手杖,white,3360,0,35
37620,古老的兽骨手杖,white,3920,0,35
37623,古老的木乃伊手杖,white,4480,0,35
37626,古老的黄昏手杖,white,5040,0,35
37629,破损的罗格纳手杖,white,5824,0,35
37632,古老的阿摩司手杖,white,6384,0,35
37665,破损的祭祀手杖,white,6720,0,35
39358,粗糙的机械臂铠,white,3840,0,35
39362,生锈的机械臂铠,white,4480,0,35
39374,粗糙的玄铁臂铠,white,6656,0,35
27002,黑铁剑,blue,800,0,35
27004,骨剑,blue,960,0,35
27005,精致的铁剑,blue,1120,0,35
27006,锋利的骨剑,blue,1440,0,35
27008,短剑,blue,1600,0,35
27009,新式短剑,blue,1760,0,35
27011,钢剑,blue,2240,0,35
27012,精炼的钢剑,blue,2400,0,35
27050,脊骨剑,blue,3200,0,35
27054,青铜剑,blue,4000,0,35
27057,士兵短剑,blue,4800,0,35
27061,波刃骨剑,blue,5600,0,35
27065,钛剑,blue,6400,0,35
27071,哨兵侍剑,blue,7200,0,35
27073,宽刃剑,blue,8320,0,35
27110,突刺剑,blue,9120,0,35
27121,赫顿士兵短剑,blue,9600,0,35
27302,重剑,blue,960,0,35
27304,普通巨剑,blue,1152,0,35
27305,新式重剑,blue,1344,0,35
27306,锋利的巨剑,blue,1728,0,35
27308,步兵巨剑,blue,1920,0,35
27309,新式步兵巨剑,blue,2112,0,35
27311,印度古剑,blue,2688,0,35
27312,锋利的印度古剑,blue,2880,0,35
27505,双刃巨剑,blue,3840,0,35
27508,波刃长剑,blue,4800,0,35
27512,韩瑞德之剑,blue,5760,0,35
27516,宽刃长剑,blue,6720,0,35
27521,骑士长剑,blue,7680,0,35
27525,雕纹巨剑,blue,8640,0,35
27527,执刑巨剑,blue,9984,0,35
27563,战刃长剑,blue,10944,0,35
27572,维尔特巨剑,blue,11520,0,35
27602,武士刀,blue,800,0,35
27604,锋利的武士刀,blue,960,0,35
27605,小太刀,blue,1120,0,35
27606,锋利的小太刀,blue,1280,0,35
27608,长刀,blue,1760,0,35
27609,锋利的长刀,blue,1920,0,35
27611,枯叶刀,blue,2400,0,35
27613,锋利的枯叶刀,blue,2560,0,35
27649,短太刀,blue,3200,0,35
27653,佩刀,blue,4000,0,35
27656,节刀,blue,4800,0,35
27660,月华刀,blue,5600,0,35
27664,梅轩刀,blue,6400,0,35
27670,大蛇刀,blue,7200,0,35
27672,影虎刀,blue,8320,0,35
27708,净化太刀,blue,9120,0,35
27720,艾维亚太刀,blue,9600,0,35
27903,硬木棒,blue,800,0,35
27905,短木棒,blue,960,0,35
27906,坚硬的短木棒,blue,1120,0,35
27908,楠木棒,blue,1600,0,35
27909,坚硬的楠木棒,blue,1760,0,35
27911,木槌,blue,2240,0,35
27912,坚硬的木槌,blue,2400,0,35
27949,钉头槌,blue,3200,0,35
27953,铁棒,blue,4000,0,35
27956,紫杉棒,blue,4800,0,35
27960,碎骨棒,blue,5600,0,35
27964,龙骨棒,blue,6400,0,35
27970,巨人槌,blue,7200,0,35
27972,蛇形槌,blue,8320,0,35
28008,金碎棒,blue,9120,0,35
28016,巴斯顿槌,blue,9600,0,35
28226,莹光剑,blue,3840,0,35
28230,卤素光剑,blue,4800,0,35
28234,骑兵光剑,blue,5760,0,35
28238,光影剑,blue,6720,0,35
28242,玄磁光剑,blue,7680,0,35
28245,寒光剑,blue,8640,0,35
28253,朱诺星剑,blue,9984,0,35
28278,凝光剑,blue,10944,0,35
28287,卡弗斯光剑,blue,11520,0,35
29004,棉布手套,blue,800,0,35
29005,粗布手套,blue,960,0,35
29007,牛皮手套,blue,1120,0,35
29008,坚韧的牛皮手套,blue,1280,0,35
29010,链甲手套,blue,1760,0,35
29011,坚韧的链甲手套,blue,1920,0,35
29013,铁指虎,blue,2400,0,35
29014,黑铁指虎,blue,2560,0,35
29052,蚕丝手套,blue,3200,0,35
29056,碎骨手套,blue,4000,0,35
29059,亚麻手套,blue,4800,0,35
29063,锁甲手套,blue,5600,0,35
29067,纱绒手套,blue,6400,0,35
29073,紫铜手套,blue,7200,0,35
29075,格斗手套,blue,8320,0,35
29111,战争手套,blue,9120,0,35
29123,强力手套,blue,9600,0,35
29303,链甲臂铠,blue,960,0,35
29304,坚固的链甲臂铠,blue,1152,0,35
29306,青铜臂铠,blue,1344,0,35
29307,紫铜臂铠,blue,1536,0,35
29309,铁臂铠,blue,2112,0,35
29310,新式铁臂铠,blue,2304,0,35
29312,格斗臂铠,blue,2880,0,35
29314,坚固的格斗臂铠,blue,3072,0,35
29359,战争臂铠,blue,10944,0,35
29367,凯芙拉臂铠,blue,11520,0,35
29602,骨爪,blue,800,0,35
29603,锋利的骨爪,blue,960,0,35
29605,青铜爪,blue,1120,0,35
29606,锋利的青铜爪,blue,1280,0,35
29608,钢爪,blue,1760,0,35
29609,精炼的钢爪,blue,1920,0,35
29611,铁皮爪,blue,2400,0,35
29612,锋利的铁皮爪,blue,2560,0,35
29649,碧玉爪,blue,3200,0,35
29653,野人骨爪,blue,4000,0,35
29656,玄铁爪,blue,4800,0,35
29660,猎人之爪,blue,5600,0,35
29664,合金爪,blue,6400,0,35
29670,尖爪,blue,7200,0,35
29672,格斗爪,blue,8320,0,35
29709,钉头爪,blue,9120,0,35
29718,野蛮之爪,blue,9600,0,35
29902,木制东方棍,blue,800,0,35
29903,坚硬的木制东方棍,blue,960,0,35
29905,青铜东方棍,blue,1120,0,35
29906,闪光的青铜东方棍,blue,1280,0,35
29908,钢制东方棍,blue,1760,0,35
29909,坚硬的钢制东方棍,blue,1920,0,35
29911,普通东方棍,blue,2400,0,35
29912,坚硬的东方棍,blue,2560,0,35
29950,铁制东方棍,blue,3200,0,35
29954,匠人东方棍,blue,4000,0,35
29957,琉璃东方棍,blue,4800,0,35
29961,耐热东方棍,blue,5600,0,35
29965,紫铜东方棍,blue,6400,0,35
29971,钉头东方棍,blue,7200,0,35
29973,格斗东方棍,blue,8320,0,35
30007,黄雾东方棍,blue,9120,0,35
30014,橡木东方棍,blue,9600,0,35
30225,练习拳套,blue,3840,0,35
30229,格斗拳套,blue,4800,0,35
30232,东方拳套,blue,5760,0,35
30236,墨石拳套,blue,6720,0,35
30240,青龙拳套,blue,7680,0,35
30243,雄狮拳套,blue,8640,0,35
30250,玄铁拳套,blue,9984,0,35
30277,卡其布拳套,blue,10944,0,35
30282,搏击拳套,blue,11520,0,35
31003,袖珍左轮枪,blue,800,0,35
31005,睨视左轮枪,blue,960,0,35
31006,坚固的袖珍左轮枪,blue,1120,0,35
31007,精准的睨视左轮枪,blue,1440,0,35
31009,精准左轮枪,blue,1600,0,35
31010,新式精准左轮枪,blue,1760,0,35
31012,骑兵左轮枪,blue,2240,0,35
31013,新式骑兵左轮枪,blue,2400,0,35
31051,军用左轮枪,blue,3200,0,35
31055,伊顿左轮枪,blue,4000,0,35
31058,帝国左轮枪,blue,4800,0,35
31062,老式左轮枪,blue,5600,0,35
31067,微型左轮,blue,6400,0,35
31072,转轮手枪,blue,7200,0,35
31074,窄口左轮枪,blue,8320,0,35
31111,威洛左轮枪,blue,9120,0,35
31118,弗雷克左轮枪,blue,9600,0,35
31303,普通手枪,blue,800,0,35
31304,坚固的手枪,blue,960,0,35
31305,自动装填手枪,blue,1120,0,35
31306,坚固的自动装填手枪,blue,1280,0,35
31308,装填手枪,blue,1760,0,35
31309,新式装填手枪,blue,1920,0,35
31311,骑兵手枪,blue,2400,0,35
31312,新式骑兵手枪,blue,2560,0,35
31349,军用手枪,blue,3200,0,35
31353,伊顿手枪,blue,4000,0,35
31356,新式手枪,blue,4800,0,35
31360,飞翼手枪,blue,5600,0,35
31364,雷鸣手枪,blue,6400,0,35
31370,防震手枪,blue,7200,0,35
31372,阿提手枪,blue,8320,0,35
31407,冰感手枪,blue,9120,0,35
31415,毛瑟枪 - T,blue,9600,0,35
31602,短弩,blue,800,0,35
31603,长弩,blue,960,0,35
31604,改良的短弩,blue,960,0,35
31605,坚固的长弩,blue,1120,0,35
31607,十字短弩,blue,1280,0,35
31608,改良的十字弩,blue,1440,0,35
31610,轻弩,blue,1920,0,35
31611,改良的轻弩,blue,2080,0,35
31613,重弩,blue,2560,0,35
31614,坚固的重弩,blue,2720,0,35
31648,连射手弩,blue,3200,0,35
31652,速射手弩,blue,4000,0,35
31655,军用手弩,blue,4800,0,35
31659,土着手弩,blue,5600,0,35
31663,狩猎弩,blue,6400,0,35
31669,斯卡手弩,blue,7200,0,35
31675,强风短弩,blue,8320,0,35
31705,黑雀弩,blue,9120,0,35
31712,诱捕手弩,blue,9600,0,35
31903,燧发枪,blue,960,0,35
31904,新式燧发枪,blue,1152,0,35
31905,火绳枪,blue,1536,0,35
31907,坚固的火绳枪,blue,1728,0,35
31908,步枪,blue,1920,0,35
31909,新式步枪,blue,2112,0,35
31911,虚祖步枪,blue,2496,0,35
31912,新式虚祖步枪,blue,2688,0,35
31949,小口径步枪,blue,3840,0,35
31953,天界卫兵步枪,blue,4800,0,35
31956,先锋步枪,blue,5760,0,35
31960,老式猎枪,blue,6720,0,35
31964,狙击步枪,blue,7680,0,35
31970,军用步枪,blue,8640,0,35
31976,复合式手枪,blue,9984,0,35
32002,火统,blue,10944,0,35
32009,锥形步枪,blue,10560,0,35
32201,迷你手炮,blue,960,0,35
32203,重手炮,blue,1344,0,35
32204,改良的迷你手炮,blue,1536,0,35
32205,改良的重手炮,blue,1728,0,35
32207,小鬼炮,blue,2112,0,35
32208,改良的小鬼炮,blue,2304,0,35
32210,虚祖手炮,blue,2880,0,35
32211,改良的虚祖手炮,blue,3072,0,35
32248,重火炮,blue,3840,0,35
32252,伊顿手炮,blue,4800,0,35
32255,皇都军用手炮,blue,5760,0,35
32259,巨型手炮,blue,6720,0,35
32263,超能手炮,blue,7680,0,35
32269,合金手炮,blue,8640,0,35
32271,火焰喷射器,blue,9984,0,35
32304,袖珍手炮,blue,10944,0,35
32314,曼诺克手炮,blue,11520,0,35
33003,精铁长矛,blue,960,0,35
33005,铁矛,blue,1440,0,35
33007,狩猎矛,blue,1920,0,35
33009,战矛,blue,2400,0,35
33011,三叉戟,blue,3200,0,35
33013,三叉战戟,blue,4000,0,35
33015,玄铁三叉戟,blue,4800,0,35
33017,锋利的蛇矛,blue,5600,0,35
33019,蛇矛,blue,6400,0,35
33021,战戟,blue,7200,0,35
33040,紫刃长矛,blue,8320,0,35
33071,蝎子长矛,blue,9120,0,35
33082,哈斯特长矛,blue,9600,0,35
33303,天空木棍,blue,960,0,35
33305,莳芽木棍,blue,1440,0,35
33307,骨制长棍,blue,1920,0,35
33309,琥珀长棍,blue,2400,0,35
33311,青铜棍,blue,3200,0,35
33313,玄铁棍,blue,4000,0,35
33315,银制长棍,blue,4800,0,35
33317,黄金长棍,blue,5600,0,35
33319,白金长棍,blue,6400,0,35
33321,水晶长棍,blue,7200,0,35
33340,秘银长棍,blue,8320,0,35
33375,厄特尔长棍,blue,9120,0,35
33387,维卡长棍,blue,9600,0,35
33603,天空魔杖,blue,960,0,35
33605,莳芽魔杖,blue,1440,0,35
33607,骨制魔杖,blue,1920,0,35
33609,琥珀魔杖,blue,2400,0,35
33611,青铜魔杖,blue,3200,0,35
33613,玄铁魔杖,blue,4000,0,35
33615,银制魔杖,blue,4800,0,35
33617,黄金魔杖,blue,5600,0,35
33619,白金魔杖,blue,6400,0,35
33621,水晶魔杖,blue,7200,0,35
33640,秘银魔杖,blue,8320,0,35
33671,厄特尔魔杖,blue,9120,0,35
33682,艾利娅魔杖,blue,9600,0,35
33904,木制法杖,blue,960,0,35
33906,莳芽法杖,blue,1440,0,35
33908,檀木法杖,blue,1920,0,35
33910,精巧的法杖,blue,2400,0,35
33912,青铜法杖,blue,3200,0,35
33914,玄铁法杖,blue,4000,0,35
33916,银制法杖,blue,4800,0,35
33918,黄金法杖,blue,5600,0,35
33920,白金法杖,blue,6400,0,35
33922,水晶法杖,blue,7200,0,35
33941,秘银法杖,blue,8320,0,35
33973,厄特尔法杖,blue,9120,0,35
33980,阿罗那法杖,blue,9600,0,35
34201,玉竹扫把,blue,3840,0,35
34203,魔法扫把,blue,4800,0,35
34205,长柄扫把,blue,5760,0,35
34207,羽绒扫把,blue,6720,0,35
34209,赤铜扫把,blue,7680,0,35
34211,强风扫把,blue,8640,0,35
34213,魔女扫把,blue,9984,0,35
34225,魔道学新手扫把,blue,3456,0,35
34249,飞行扫把,blue,10944,0,35
34261,禁用扫把,blue,11520,0,35
35004,天空树十字架,blue,800,0,35
35006,莳芽十字架,blue,1600,0,35
35008,黑檀十字架,blue,2400,0,35
35010,骨制十字架,blue,3200,0,35
35012,牛骨十字架,blue,4000,0,35
35014,虎骨十字架,blue,4800,0,35
35016,青铜十字架,blue,5600,0,35
35018,玄铁十字架,blue,6400,0,35
35020,银制十字架,blue,7200,0,35
35022,白金十字架,blue,8320,0,35
35070,厄特尔十字架,blue,9120,0,35
35079,预言十字架,blue,9600,0,35
35303,天空树念珠,blue,800,0,35
35305,莳芽念珠,blue,1600,0,35
35307,桃木念珠,blue,2400,0,35
35309,紫檀念珠,blue,3200,0,35
35311,黑檀念珠,blue,4000,0,35
35313,爱神念珠,blue,4800,0,35
35315,青铜念珠,blue,5600,0,35
35317,玄铁念珠,blue,6400,0,35
35319,银制念珠,blue,7200,0,35
35321,白金念珠,blue,8320,0,35
35366,厄特尔念珠,blue,9120,0,35
35374,钢铁念珠,blue,9600,0,35
35603,库尼族图腾,blue,800,0,35
35605,库尼族祈福图腾,blue,1600,0,35
35607,库尼族狩猎图腾,blue,2400,0,35
35609,库尼族星宿图腾,blue,3200,0,35
35611,图卢斯族图腾,blue,4000,0,35
35613,图卢斯族祈福图腾,blue,4800,0,35
35615,图卢斯族狩猎图腾,blue,5600,0,35
35617,图卢斯族星宿图腾,blue,6400,0,35
35619,图卢斯族战争图腾,blue,7200,0,35
35621,沃克族图腾,blue,8320,0,35
35666,天兔图腾,blue,9120,0,35
35676,桃木图腾,blue,9600,0,35
35903,普通战镰,blue,960,0,35
35905,钩镰,blue,1920,0,35
35907,青铜镰刀,blue,2880,0,35
35909,战镰,blue,3840,0,35
35911,宽刃钩镰,blue,4800,0,35
35913,鹤嘴镰,blue,5760,0,35
35915,玄铁战镰,blue,6720,0,35
35917,紫铜钩镰,blue,7680,0,35
35919,玄铁宽刃钩镰,blue,8640,0,35
35921,紫铜鹤嘴镰,blue,9984,0,35
35950,斩首镰,blue,10944,0,35
35971,波伊斯战镰,blue,11520,0,35
36203,长柄战斧,blue,960,0,35
36205,宽刃战斧,blue,1920,0,35
36207,锯齿斧,blue,2880,0,35
36209,双刃斧,blue,3840,0,35
36211,月牙斧,blue,4800,0,35
36213,巨斧,blue,5760,0,35
36215,玄铁锯齿斧,blue,6720,0,35
36217,赤铜战斧,blue,7680,0,35
36219,青铜战斧,blue,8640,0,35
36221,玄铁巨斧,blue,9984,0,35
36265,斩首斧,blue,10944,0,35
36275,合金战斧,blue,11520,0,35
37005,碎骨匕首,blue,800,0,35
37008,卡鲁卡秦匕首,blue,1600,0,35
37011,青铜匕首,blue,2400,0,35
37014,螺旋匕首,blue,3200,0,35
37017,精铁匕首,blue,4000,0,35
37020,鲨鱼匕首,blue,4800,0,35
37023,玄铁匕首,blue,5600,0,35
37026,白银匕首,blue,6400,0,35
37029,艾巴伦匕首,blue,7200,0,35
37032,精铜匕首,blue,8320,0,35
37035,玄石匕首,blue,9120,0,35
37071,尼坦匕首,blue,9600,0,35
37084,银勺团员的匕首,blue,9600,0,35
37303,碎骨双剑,blue,800,0,35
37306,铁质双剑,blue,1600,0,35
37309,青铜双剑,blue,2400,0,35
37312,钨钢双剑,blue,3200,0,35
37315,黑铁双剑,blue,4000,0,35
37318,环形双剑,blue,4800,0,35
37321,玄铁双剑,blue,5600,0,35
37324,纯银双剑,blue,6400,0,35
37327,艾扎克双剑,blue,7200,0,35
37330,合金双剑,blue,8320,0,35
37333,黄金双剑,blue,9120,0,35
37365,骷髅双剑,blue,9600,0,35
37603,木手杖,blue,800,0,35
37606,枯藤手杖,blue,1600,0,35
37609,树根手杖,blue,2400,0,35
37612,诅咒之杖,blue,3200,0,35
37615,杰卡拉手杖,blue,4000,0,35
37618,卡内特手杖,blue,4800,0,35
37621,兽骨手杖,blue,5600,0,35
37624,木乃伊手杖,blue,6400,0,35
37627,黄昏手杖,blue,7200,0,35
37630,罗格纳手杖,blue,8320,0,35
37633,阿摩司手杖,blue,9120,0,35
37666,祭祀手杖,blue,9600,0,35
39351,锯齿臂铠,blue,3840,0,35
39355,铁皮臂铠,blue,4800,0,35
39359,机械臂铠,blue,5760,0,35
39363,新式机械臂铠,blue,6720,0,35
39367,合金臂铠,blue,7680,0,35
39373,强力臂铠,blue,8640,0,35
39375,玄铁臂铠,blue,9984,0,35
10016,荣誉者长袍,purple,250000,1,35
10051,蚕丝衬衫,purple,50000,1,35
10052,格朗布林的蚕丝夹克,purple,250000,1,35
10054,防弹背心,purple,50000,1,35
10060,炎麻长袍,purple,150000,1,35
10064,赫顿玛尔贵族长袍,purple,150000,1,35
10065,悲鸣草背心,purple,3000000,1,35
10068,贤者的训练上衣,purple,250000,1,35
10069,冰凌长袍,purple,150000,1,35
10073,精灵祝福长袍,purple,150000,1,35
10074,牛头怪鬃毛背心,purple,3000000,1,35
10085,七星长袍,purple,250000,1,35
10086,青龙渡海上衣,purple,250000,1,35
10087,紫羽定魂长袍,purple,350000,1,35
10089,初级魔法师长袍,purple,50000,1,35
10090,伽毕斯的皓月上衣,purple,300000,1,35
10091,引魔长袍,purple,300000,1,35
10092,羽灵长袍,purple,300000,1,35
10093,梦魇缚灵长袍,purple,500000,1,35
10094,瞑想者长袍,purple,250000,1,35
10095,锦鳞上衣,purple,300000,1,35
10096,星纹长袍,purple,400000,1,35
10097,神官吉格的祭祀上衣,purple,350000,1,35
10098,寂魂祈日长袍,purple,400000,1,35
10099,玄武鸣天长袍,purple,250000,1,35
10100,月海碧魔长袍,purple,350000,1,35
10101,自然亲和长袍,purple,250000,1,35
10102,远古旋魔长袍,purple,300000,1,35
10103,迷月玄羽长袍,purple,300000,1,35
10104,传承 : 智慧女神的纱棉长袍,purple,2500000,1,35
10105,传承 : 神圣的智慧女神纱棉长袍,purple,4000000,1,35
10106,传承 : 大地女神的羊毛长袍,purple,1200000,1,35
10107,传承 : 神圣的大地女神羊毛长袍,purple,2000000,1,35
10108,传承 : 守夜女神的羊毛长袍,purple,1500000,1,35
10109,传承 : 神圣的守夜女神羊毛长袍,purple,3000000,1,35
10110,传承 : 生命女神的绫罗长袍,purple,4000000,1,35
10111,传承 : 神圣的生命女神绫罗长袍,purple,7000000,1,35
10112,传承 : 战争女神的薄纱长袍,purple,6000000,1,35
10113,传承 : 神圣的战争女神薄纱长袍,purple,10000000,1,35
10119,初级修行者长袍,purple,80000,1,35
10120,圣日雷影长袍,purple,250000,1,35
10121,暗黑战印长袍,purple,250000,1,35
10122,苍穹之主长袍,purple,350000,1,35
10123,天帷巨兽 : 逆翎布甲长袍,purple,200000,1,35
10124,天帷巨兽 : 破曦布甲长袍,purple,200000,1,35
10125,天帷巨兽 : 精灵的雁翎布甲长袍,purple,200000,1,35
10126,天帷巨兽 : 精灵的隐灵布甲长袍,purple,200000,1,35
10127,暗黑城 : 逆翎布甲长袍,purple,200000,1,35
10128,暗黑城 : 破曦布甲长袍,purple,200000,1,35
10129,暗黑城 : 精灵的天脊布甲长袍,purple,200000,1,35
10130,暗黑城 : 精灵的隐灵布甲长袍,purple,200000,1,35
10131,诺斯玛尔 : 逆翎布甲长袍,purple,200000,1,35
10132,诺斯玛尔 : 破曦布甲长袍,purple,200000,1,35
10135,传承 : 控魂女神的绢丝长袍,purple,10000000,1,35
10136,缚灵螺纹长袍,purple,350000,1,35
10137,千层紫纱大衣,purple,350000,1,35
10138,奢华的网丝大衣,purple,350000,1,35
10139,贤者斯托拉斯的长袍,purple,250000,1,35
10140,精灵支配者长袍,purple,250000,1,35
10141,永恒之净化长袍,purple,250000,1,35
10150,疯狂工程师的上衣,purple,200000,1,35
10151,归隐的武士上衣,purple,200000,1,35
10152,流云惊月衬衫,purple,250000,1,35
10153,无尽的元素之力长袍,purple,250000,1,35
10154,契约支配者长袍,purple,250000,1,35
10155,灵魂之信仰长袍,purple,250000,1,35
10164,传承 : 神圣的控魂女神的绢丝长袍,purple,15000000,1,35
10169,真 · 疯狂工程师的上衣,purple,500000,1,35
10170,真 · 归隐的武士上衣,purple,500000,1,35
10171,真 · 流云惊月衬衫,purple,600000,1,35
10172,真 · 无尽之元素长袍,purple,600000,1,35
10173,真 · 契约支配者长袍,purple,600000,1,35
10174,真 · 灵魂之信仰长袍,purple,500000,1,35
10442,哥布林皮衣,purple,50000,1,35
10443,鳄鱼皮衣,purple,50000,1,35
10445,狐皮夹克,purple,250000,1,35
10451,罪恶布法罗胸甲,purple,250000,1,35
10454,烈焰骑士胸甲,purple,250000,1,35
10457,炎蟒胸甲,purple,250000,1,35
10460,天帷巨兽的皮胸甲,purple,200000,1,35
10469,暗袭胸甲,purple,250000,1,35
10470,聚冥胸甲,purple,300000,1,35
10471,逐风胸甲,purple,250000,1,35
10472,赤星胸甲,purple,300000,1,35
10473,翼影胸甲,purple,300000,1,35
10474,傲凰夹克,purple,350000,1,35
10475,噬龙夹克,purple,350000,1,35
10476,暴风雨神长袍,purple,350000,1,35
10477,流光夹克,purple,350000,1,35
10478,爆麟夹克,purple,350000,1,35
10479,黑月长袍,purple,300000,1,35
10480,传承 : 智慧女神的牛皮胸甲,purple,2500000,1,35
10481,传承 : 神圣的智慧女神牛皮胸甲,purple,4000000,1,35
10482,传承 : 大地女神的熊皮胸甲,purple,1200000,1,35
10483,传承 : 神圣的大地女神熊皮胸甲,purple,2000000,1,35
10484,传承 : 守夜女神的蟒皮胸甲,purple,1500000,1,35
10485,传承 : 神圣的守夜女神蟒皮胸甲,purple,3000000,1,35
10486,传承 : 生命女神的狼皮胸甲,purple,4000000,1,35
10487,传承 : 神圣的生命女神狼皮胸甲,purple,7000000,1,35
10488,传承 : 战争女神的狼皮胸甲,purple,6000000,1,35
10489,传承 : 神圣的战争女神狼皮胸甲,purple,10000000,1,35
10494,天帷巨兽 : 赤龙皮甲上衣,purple,200000,1,35
10495,天帷巨兽 : 斩影皮甲上衣,purple,200000,1,35
10496,天帷巨兽 : 精灵的夜麟皮甲上衣,purple,200000,1,35
10497,天帷巨兽 : 精灵的天袭皮甲上衣,purple,200000,1,35
10498,暗黑城 : 赤龙皮甲上衣,purple,200000,1,35
10499,暗黑城 : 斩影皮甲上衣,purple,200000,1,35
10500,暗黑城 : 精灵的夜麟皮甲上衣,purple,200000,1,35
10501,暗黑城 : 精灵的天袭皮甲上衣,purple,200000,1,35
10502,诺斯玛尔 : 赤龙皮甲上衣,purple,200000,1,35
10503,诺斯玛尔 : 斩影皮甲上衣,purple,200000,1,35
10506,燃烧魔女的南瓜上衣,purple,350000,1,35
10507,恐惧女巫的羊皮上衣,purple,350000,1,35
10508,远古图书馆的管理员之衣,purple,250000,1,35
10509,传承 : 控魂女神的狼皮长袍,purple,10000000,1,35
10510,裴尔玛的邪神夹克,purple,400000,1,35
10511,闪耀之哈根尼斯夹克,purple,350000,1,35
10512,混沌之阿加雷斯长袍,purple,600000,1,35
10513,无尽之探索长袍,purple,250000,1,35
10518,卡诺凡恩上衣,purple,250000,1,35
10519,斯匹奥皮夹克,purple,250000,1,35
10520,阿瓦利亚的迅捷上衣,purple,300000,1,35
10521,邪恶风行者的紧身衣,purple,250000,1,35
10524,西部枪手夹克,purple,200000,1,35
10525,巨鲸之王胸甲,purple,200000,1,35
10526,暮星长袍,purple,200000,1,35
10527,慈悲之心长袍,purple,250000,1,35
10528,精灵的智慧长袍,purple,250000,1,35
10536,传承 : 神圣的控魂女神狼皮长袍,purple,15000000,1,35
10540,真 · 西部枪手夹克,purple,500000,1,35
10541,真 · 巨鲸之王胸甲,purple,500000,1,35
10542,真 · 暮星长袍,purple,500000,1,35
10543,真 · 慈悲之心长袍,purple,500000,1,35
10544,真 · 精灵的智慧长袍,purple,500000,1,35
10842,茱萸胸甲,purple,250000,1,35
10844,炎木胸甲,purple,250000,1,35
10850,血灵暗咒胸甲,purple,250000,1,35
10853,大地祝福胸甲,purple,200000,1,35
10856,玄武岩胸甲,purple,200000,1,35
10859,远古冰银胸甲,purple,250000,1,35
10868,玛尔的天权胸甲,purple,500000,1,35
10869,紫金守护胸甲,purple,350000,1,35
10870,幽灵结晶胸甲,purple,300000,1,35
10871,蛊藤胸甲,purple,200000,1,35
10872,黄金战士胸甲,purple,250000,1,35
10873,蛟纹胸甲,purple,250000,1,35
10874,龙脊胸甲,purple,350000,1,35
10875,黑龙汲星胸甲,purple,300000,1,35
10876,星临胸甲,purple,250000,1,35
10877,传承 : 智慧女神的莳芽胸甲,purple,2500000,1,35
10878,传承 : 神圣的智慧女神莳芽胸甲,purple,4000000,1,35
10879,传承 : 大地女神的血骨胸甲,purple,1200000,1,35
10880,传承 : 神圣的大地女神血骨胸甲,purple,2000000,1,35
10881,传承 : 守夜女神的兽骨胸甲,purple,1500000,1,35
10882,传承 : 神圣的守夜女神兽骨胸甲,purple,3000000,1,35
10883,传承 : 生命女神的软陶胸甲,purple,4000000,1,35
10884,传承 : 神圣的生命女神软陶胸甲,purple,7000000,1,35
10885,传承 : 战争女神的黑陶胸甲,purple,6000000,1,35
10886,传承 : 神圣的战争女神黑陶胸甲,purple,10000000,1,35
10893,云铁胸甲,purple,250000,1,35
10894,狮鹫胸甲,purple,300000,1,35
10895,破魔胸甲,purple,300000,1,35
10896,裁决之甲 - 神鉴胸甲,purple,350000,1,35
10897,天帷巨兽 : 戾龙轻甲胸铠,purple,200000,1,35
10898,天帷巨兽 : 斩影轻甲胸铠,purple,200000,1,35
10899,天帷巨兽 : 精灵的奔雷轻甲胸铠,purple,200000,1,35
10900,天帷巨兽 : 精灵的天袭轻甲胸铠,purple,200000,1,35
10901,暗黑城 : 戾龙轻甲胸甲,purple,200000,1,35
10902,暗黑城 : 斩影轻甲胸甲,purple,200000,1,35
10903,暗黑城 : 精灵的奔雷轻甲胸铠,purple,200000,1,35
10904,暗黑城 : 精灵的天袭轻甲胸甲,purple,200000,1,35
10905,诺斯玛尔 : 戾龙轻甲胸铠,purple,200000,1,35
10906,诺斯玛尔 : 斩影轻甲胸铠,purple,200000,1,35
10909,传承 : 控魂女神的软陶胸甲,purple,10000000,1,35
10910,墨之旋风胸甲,purple,300000,1,35
10911,邪恶怒视胸甲,purple,300000,1,35
10912,顽强的巴罗斯胸甲,purple,250000,1,35
10913,残忍的执行者胸甲,purple,300000,1,35
10921,拉马斯胸甲,purple,250000,1,35
10922,哈勒斯胸甲,purple,200000,1,35
10923,诅咒之巫师胸甲,purple,250000,1,35
10924,屠杀之巫师胸甲,purple,250000,1,35
10927,精武之魂胸甲,purple,200000,1,35
10928,米格拉的英雄战甲,purple,200000,1,35
10929,霸权者的智慧胸甲,purple,200000,1,35
10930,暗黑之焰胸甲,purple,200000,1,35
10931,拳王的独孤战甲,purple,200000,1,35
10939,传承 : 神圣的控魂女神软陶胸甲,purple,15000000,1,35
10943,真 · 精武之魂胸甲,purple,500000,1,35
10944,真 · 米格拉的英雄战甲,purple,500000,1,35
10945,真 · 霸权者的智慧胸甲,purple,500000,1,35
10946,真 · 暗黑之焰胸甲,purple,500000,1,35
10947,真 · 拳王的独孤战甲,purple,500000,1,35
11242,初级战士胸甲,purple,80000,1,35
11244,骑士锁甲,purple,250000,1,35
11250,暗黑蛇纹锁甲,purple,250000,1,35
11253,碧玉锁甲,purple,250000,1,35
11256,闪灵兜甲,purple,300000,1,35
11259,龙鸣链甲,purple,350000,1,35
11268,血啸胸甲,purple,350000,1,35
11269,赤霞胸甲,purple,350000,1,35
11270,鳞岩胸甲,purple,600000,1,35
11271,紫金胸甲,purple,450000,1,35
11272,蓝水晶胸甲,purple,400000,1,35
11273,EL-XM25胸甲,purple,250000,1,35
11274,怒灵诅咒胸甲,purple,300000,1,35
11275,恶雷擒月胸甲,purple,400000,1,35
11276,ES-YL11胸甲,purple,250000,1,35
11277,传承 : 智慧女神的青铜锁甲,purple,2500000,1,35
11278,传承 : 神圣的智慧女神青铜锁甲,purple,4000000,1,35
11279,传承 : 大地女神的赤铜锁甲,purple,1200000,1,35
11280,传承 : 神圣的大地女神赤铜锁甲,purple,2000000,1,35
11281,传承 : 守夜女神的星纹锁甲,purple,1500000,1,35
11282,传承 : 神圣的守夜女神星纹锁甲,purple,3000000,1,35
11283,传承 : 生命女神的铂金链甲,purple,4000000,1,35
11284,传承 : 神圣的生命女神铂金链甲,purple,7000000,1,35
11285,传承 : 战争女神的墨钢链甲,purple,6000000,1,35
11286,传承 : 神圣的战争女神墨钢链甲,purple,10000000,1,35
11292,伏魔胸甲,purple,300000,1,35
11293,正义守护胸甲,purple,300000,1,35
11294,黎明七星胸甲,purple,1200000,1,35
11295,信耶的附灵胸甲,purple,300000,1,35
11296,天帷巨兽 : 戾龙重甲胸铠,purple,200000,1,35
11297,天帷巨兽 : 斩影重甲胸铠,purple,200000,1,35
11298,天帷巨兽 : 精灵的银刃重甲胸铠,purple,200000,1,35
11299,天帷巨兽 : 精灵的苍蟒重甲胸铠,purple,200000,1,35
11300,暗黑城 : 戾龙重甲胸铠,purple,200000,1,35
11301,暗黑城 : 斩影重甲胸铠,purple,200000,1,35
11302,暗黑城 : 精灵的银刃重甲胸铠,purple,200000,1,35
11303,暗黑城 : 精灵的苍蟒重甲胸铠,purple,200000,1,35
11304,诺斯玛尔 : 戾龙重甲胸铠,purple,200000,1,35
11305,诺斯玛尔 : 斩影重甲胸铠,purple,200000,1,35
11308,传承 : 控魂女神的纹钢胸甲,purple,10000000,1,35
11309,血浸黑栗胸甲,purple,300000,1,35
11310,暗黑侵略者胸甲,purple,800000,1,35
11311,梅尔文的随心胸甲,purple,250000,1,35
11312,原罪之封印胸甲,purple,300000,1,35
11320,巨武器破坏者胸甲,purple,300000,1,35
11321,赤炼胸甲,purple,200000,1,35
11322,血之结界胸甲,purple,350000,1,35
11328,传承 : 神圣的控魂女神钛银链甲,purple,15000000,1,35
11332,真 · 巨武器破坏者胸甲,purple,600000,1,35
11333,真 · 赤炼胸甲,purple,500000,1,35
11334,真 · 血之结界胸甲,purple,700000,1,35
11631,蓝色日冕胸甲,purple,250000,1,35
11634,超合金虎啸胸甲,purple,300000,1,35
11637,黑玉护魂胸甲,purple,250000,1,35
11646,寂静灵魂盔甲,purple,800000,1,35
11647,幻影死神盔甲,purple,350000,1,35
11648,英勇守护胸甲,purple,250000,1,35
11649,传承 : 神圣的大地女神赤铁胸甲,purple,2000000,1,35
11650,传承 : 守夜女神的玄钢胸甲,purple,1500000,1,35
11651,传承 : 神圣的守夜女神玄钢胸甲,purple,3000000,1,35
11652,传承 : 生命女神的钛合金胸甲,purple,4000000,1,35
11653,传承 : 神圣的生命女神钛合金胸甲,purple,7000000,1,35
11654,传承 : 战争女神的钛钢胸甲,purple,6000000,1,35
11655,传承 : 神圣的战争女神钛钢胸甲,purple,10000000,1,35
11658,赤云璧月胸甲,purple,350000,1,35
11659,卡露亚的希望 - 圣日胸甲,purple,800000,1,35
11660,纯白之甲 - 谐音胸甲,purple,350000,1,35
11661,守护盔甲 - 蔷薇胸甲,purple,350000,1,35
11662,天帷巨兽 : 赤龙板甲胸铠,purple,200000,1,35
11663,天帷巨兽 : 精灵的碎魄板甲胸铠,purple,200000,1,35
11664,暗黑城 : 地夕板甲胸铠,purple,200000,1,35
11665,暗黑城 : 精灵的碎魄板甲胸铠,purple,200000,1,35
11666,诺斯玛尔 : 赤龙板甲胸铠,purple,200000,1,35
11669,传承 : 控魂女神的钛钢胸甲,purple,10000000,1,35
11670,炽燃之波胸甲,purple,300000,1,35
11671,圣洁勋章胸甲,purple,300000,1,35
11676,光之流影胸甲,purple,200000,1,35
11677,守护者的献祭胸甲,purple,200000,1,35
11678,暮光信徒胸甲,purple,250000,1,35
11684,传承 : 神圣的控魂女神的钛钢胸甲,purple,15000000,1,35
11688,真 · 光之流影胸甲,purple,500000,1,35
11689,真 · 守护者的献祭胸甲,purple,500000,1,35
11690,真 · 暮光信徒胸甲,purple,500000,1,35
12016,修行者短裤,purple,50000,1,35
12050,蚕丝短裤,purple,50000,1,35
12051,格朗布林的蚕丝护腿,purple,50000,1,35
12053,天赋短裙,purple,250000,1,35
12059,炎麻长裤,purple,150000,1,35
12063,赫顿玛尔贵族绑腿,purple,150000,1,35
12064,精灵凯恩之裤,purple,500000,1,35
12067,贤者的训练短裤,purple,150000,1,35
12068,圣神长裤,purple,500000,1,35
12072,精灵祝福绑腿,purple,150000,1,35
12073,机械师的粗布裤,purple,250000,1,35
12084,七星护腿,purple,250000,1,35
12085,青龙渡海绑腿,purple,250000,1,35
12086,紫羽定魂护腿,purple,300000,1,35
12087,初级魔法师长裤,purple,50000,1,35
12088,伽毕斯的皓月短裤,purple,250000,1,35
12089,引魔护腿,purple,250000,1,35
12090,羽灵护腿,purple,300000,1,35
12091,梦魇缚灵长裤,purple,250000,1,35
12092,瞑想者护腿,purple,250000,1,35
12093,锦鳞长裤,purple,250000,1,35
12094,星纹护腿,purple,250000,1,35
12095,神官吉格的祭祀长裤,purple,300000,1,35
12096,寂魂祈日护腿,purple,250000,1,35
12097,玄武鸣天护腿,purple,250000,1,35
12098,月海碧魔长裤,purple,250000,1,35
12099,自然亲和长裤,purple,250000,1,35
12100,远古旋魔长裤,purple,250000,1,35
12101,迷月玄羽长裤,purple,250000,1,35
12102,传承 : 智慧女神的纱棉护腿,purple,2500000,1,35
12103,传承 : 神圣的智慧女神纱棉护腿,purple,4000000,1,35
12104,传承 : 大地女神的羊毛护腿,purple,1200000,1,35
12105,传承 : 神圣的大地女神羊毛护腿,purple,2000000,1,35
12106,传承 : 守夜女神的羊毛护腿,purple,1500000,1,35
12107,传承 : 神圣的守夜女神羊毛护腿,purple,3000000,1,35
12108,传承 : 生命女神的绫罗护腿,purple,4000000,1,35
12109,传承 : 神圣的生命女神绫罗护腿,purple,7000000,1,35
12110,传承 : 战争女神的薄纱护腿,purple,6000000,1,35
12111,传承 : 神圣的战争女神薄纱护腿,purple,10000000,1,35
12117,初级修行者绑腿,purple,80000,1,35
12118,圣日雷影护腿,purple,250000,1,35
12119,暗黑战印护腿,purple,250000,1,35
12120,苍穹之主护腿,purple,250000,1,35
12121,天帷巨兽 : 逆翎布甲绑腿,purple,200000,1,35
12122,天帷巨兽 : 破曦布甲绑腿,purple,200000,1,35
12123,天帷巨兽 : 精灵的雁翎布甲绑腿,purple,200000,1,35
12124,天帷巨兽 : 精灵的隐灵布甲绑腿,purple,200000,1,35
12125,暗黑城 : 逆翎布甲绑腿,purple,200000,1,35
12126,暗黑城 : 破曦布甲绑腿,purple,200000,1,35
12127,暗黑城 : 精灵的天脊布甲绑腿,purple,200000,1,35
12128,暗黑城 : 精灵的隐灵布甲绑腿,purple,200000,1,35
12129,诺斯玛尔 : 逆翎布甲绑腿,purple,200000,1,35
12130,诺斯玛尔 : 破曦布甲绑腿,purple,200000,1,35
12132,传承 : 控魂女神的绢丝护腿,purple,10000000,1,35
12133,缚灵螺纹护腿,purple,300000,1,35
12134,千层紫纱长裤,purple,250000,1,35
12135,奢华的网丝长裤,purple,300000,1,35
12136,贤者斯托拉斯的长裤,purple,250000,1,35
12137,精灵支配者绑腿,purple,250000,1,35
12138,永恒之净化绑腿,purple,250000,1,35
12147,疯狂工程师的长裤,purple,250000,1,35
12148,归隐的武士护腿,purple,250000,1,35
12149,流云惊月护腿,purple,250000,1,35
12150,无尽的元素之力绑腿,purple,250000,1,35
12151,契约支配者长裤,purple,250000,1,35
12152,灵魂之信仰长裤,purple,250000,1,35
12161,传承 : 神圣的控魂女神的绢丝护腿,purple,15000000,1,35
12166,真 · 疯狂工程师的长裤,purple,500000,1,35
12167,真 · 归隐的武士护腿,purple,500000,1,35
12168,真 · 流云惊月护腿,purple,500000,1,35
12169,真 · 无尽的元素之力绑腿,purple,500000,1,35
12170,真 · 契约支配者长裤,purple,500000,1,35
12171,真 · 灵魂之信仰长裤,purple,500000,1,35
12442,哥布林短裤,purple,50000,1,35
12443,狐皮短裤,purple,250000,1,35
12445,鸵鸟皮裤,purple,50000,1,35
12451,罪恶布法罗绑腿,purple,250000,1,35
12454,烈焰骑士绑腿,purple,250000,1,35
12457,炎蟒绑腿,purple,250000,1,35
12460,天帷巨兽的皮短裤,purple,200000,1,35
12469,暗袭护腿,purple,250000,1,35
12470,聚冥绑腿,purple,300000,1,35
12471,逐风绑腿,purple,250000,1,35
12472,赤星绑腿,purple,300000,1,35
12473,翼影绑腿,purple,300000,1,35
12474,傲凰护腿,purple,300000,1,35
12475,噬龙护腿,purple,300000,1,35
12476,暴风雨神护腿,purple,250000,1,35
12477,流光长裤,purple,300000,1,35
12478,爆麟绑腿,purple,250000,1,35
12479,黑月护腿,purple,250000,1,35
12480,传承 : 智慧女神的牛皮绑腿,purple,2500000,1,35
12481,传承 : 神圣的智慧女神牛皮绑腿,purple,4000000,1,35
12482,传承 : 大地女神的熊皮绑腿,purple,1200000,1,35
12483,传承 : 神圣的大地女神熊皮绑腿,purple,2000000,1,35
12484,传承 : 守夜女神的蟒皮绑腿,purple,1500000,1,35
12485,传承 : 神圣的守夜女神蟒皮绑腿,purple,3000000,1,35
12486,传承 : 生命女神的狼皮绑腿,purple,4000000,1,35
12487,传承 : 神圣的生命女神狼皮绑腿,purple,7000000,1,35
12488,传承 : 战争女神的狼皮绑腿,purple,6000000,1,35
12489,传承 : 神圣的战争女神狼皮绑腿,purple,10000000,1,35
12493,天帷巨兽 : 赤龙皮甲护腿,purple,200000,1,35
12494,天帷巨兽 : 斩影皮甲护腿,purple,200000,1,35
12495,天帷巨兽 : 精灵的夜麟皮甲护腿,purple,200000,1,35
12496,天帷巨兽 : 精灵的天袭皮甲护腿,purple,200000,1,35
12497,暗黑城 : 赤龙皮甲护腿,purple,200000,1,35
12498,暗黑城 : 斩影皮甲护腿,purple,200000,1,35
12499,暗黑城 : 精灵的夜麟皮甲护腿,purple,200000,1,35
12500,暗黑城 : 精灵的天袭皮甲护腿,purple,200000,1,35
12501,诺斯玛尔 : 赤龙皮甲护腿,purple,200000,1,35
12502,诺斯玛尔 : 斩影皮甲护腿,purple,200000,1,35
12504,燃烧魔女的南瓜下装,purple,350000,1,35
12505,恐惧女巫的羊皮下装,purple,350000,1,35
12506,远古图书馆的管理员之裤,purple,250000,1,35
12507,传承 : 控魂女神的狼皮护腿,purple,10000000,1,35
12508,裴尔玛的邪神护腿,purple,400000,1,35
12509,闪耀之哈根尼斯护腿,purple,300000,1,35
12510,混沌之阿加雷斯护腿,purple,250000,1,35
12511,无尽之探索护腿,purple,250000,1,35
12515,卡诺凡恩皮短裤,purple,250000,1,35
12516,斯匹奥皮长裤,purple,250000,1,35
12517,阿瓦利亚的迅捷皮裤,purple,300000,1,35
12518,邪恶风行者的皮护腿,purple,250000,1,35
12521,西部枪手护腿,purple,250000,1,35
12522,巨鲸之王护腿,purple,250000,1,35
12523,暮星长裤,purple,250000,1,35
12524,慈悲之心长裤,purple,250000,1,35
12525,精灵的智慧护腿,purple,250000,1,35
12533,传承 : 神圣的控魂女神狼皮绑腿,purple,15000000,1,35
12537,真 · 西部枪手护腿,purple,500000,1,35
12538,真 · 巨鲸之王护腿,purple,500000,1,35
12539,真 · 暮星长裤,purple,500000,1,35
12540,真 · 慈悲之心长裤,purple,500000,1,35
12541,真 · 精灵的智慧护腿,purple,500000,1,35
12842,茱萸绑腿,purple,250000,1,35
12844,炎木绑腿,purple,250000,1,35
12850,血灵暗咒绑腿,purple,250000,1,35
12853,大地祝福绑腿,purple,200000,1,35
12856,玄武岩绑腿,purple,200000,1,35
12859,远古冰银绑腿,purple,250000,1,35
12868,玛尔的天权绑腿,purple,300000,1,35
12869,紫金守护绑腿,purple,300000,1,35
12870,幽灵结晶绑腿,purple,300000,1,35
12871,蛊藤绑腿,purple,200000,1,35
12872,黄金战士绑腿,purple,250000,1,35
12873,蛟纹绑腿,purple,250000,1,35
12874,龙脊绑腿,purple,300000,1,35
12875,黑龙汲星绑腿,purple,300000,1,35
12876,星临绑腿,purple,250000,1,35
12877,传承 : 智慧女神的莳芽绑腿,purple,2500000,1,35
12878,传承 : 神圣的智慧女神莳芽绑腿,purple,4000000,1,35
12879,传承 : 大地女神的血骨绑腿,purple,1200000,1,35
12880,传承 : 神圣的大地女神血骨绑腿,purple,2000000,1,35
12881,传承 : 守夜女神的兽骨绑腿,purple,1500000,1,35
12882,传承 : 神圣的守夜女神兽骨绑腿,purple,3000000,1,35
12883,传承 : 生命女神的软陶绑腿,purple,4000000,1,35
12884,传承 : 神圣的生命女神软陶绑腿,purple,7000000,1,35
12885,传承 : 战争女神的黑陶绑腿,purple,6000000,1,35
12886,传承 : 神圣的战争女神黑陶绑腿,purple,10000000,1,35
12891,云铁绑腿,purple,200000,1,35
12892,狮鹫胫甲,purple,300000,1,35
12893,破魔胫甲,purple,250000,1,35
12894,裁决之甲 - 神鉴绑腿,purple,300000,1,35
12895,天帷巨兽 : 戾龙轻甲护腿,purple,200000,1,35
12896,天帷巨兽 : 斩影轻甲护腿,purple,200000,1,35
12897,天帷巨兽 : 精灵的奔雷轻甲护腿,purple,200000,1,35
12898,天帷巨兽 : 精灵的天袭轻甲护腿,purple,200000,1,35
12899,暗黑城 : 戾龙轻甲护腿,purple,200000,1,35
12900,暗黑城 : 斩影轻甲护腿,purple,200000,1,35
12901,暗黑城 : 精灵的奔雷轻甲护腿,purple,200000,1,35
12902,暗黑城 : 精灵的天袭轻甲护腿,purple,200000,1,35
12903,诺斯玛尔 : 戾龙轻甲护腿,purple,200000,1,35
12904,诺斯玛尔 : 斩影轻甲护腿,purple,200000,1,35
12906,传承 : 控魂女神的软陶绑腿,purple,10000000,1,35
12907,墨之旋风绑腿,purple,300000,1,35
12908,邪恶怒视绑腿,purple,300000,1,35
12909,顽强的巴罗斯绑腿,purple,250000,1,35
12910,残忍的执行者胫甲,purple,300000,1,35
12915,拉马斯胫甲,purple,250000,1,35
12916,哈勒斯胫甲,purple,200000,1,35
12917,诅咒之巫师胫甲,purple,250000,1,35
12918,屠杀之巫师胫甲,purple,250000,1,35
12921,精武之魂胫甲,purple,250000,1,35
12922,米格拉的英雄护腿,purple,250000,1,35
12923,霸权者的智慧胫甲,purple,250000,1,35
12924,暗黑之焰胫甲,purple,250000,1,35
12925,拳王的独孤胫甲,purple,250000,1,35
12933,传承 : 神圣的控魂女神软陶绑腿,purple,15000000,1,35
12937,真 · 精武之魂胫甲,purple,500000,1,35
12938,真 · 米格拉的英雄护腿,purple,500000,1,35
12939,真 · 霸权者的智慧胫甲,purple,500000,1,35
12940,真 · 暗黑之焰胫甲,purple,500000,1,35
12941,真 · 拳王的独孤胫甲,purple,500000,1,35
13242,初级战士绑腿,purple,80000,1,35
13244,明光胫甲,purple,250000,1,35
13250,暗黑蛇纹护腿,purple,250000,1,35
13253,碧玉护腿,purple,250000,1,35
13256,闪灵护腿,purple,300000,1,35
13259,龙鸣护腿,purple,300000,1,35
13268,血啸护腿,purple,300000,1,35
13269,赤霞护腿,purple,300000,1,35
13270,鳞岩护腿,purple,350000,1,35
13271,紫金护腿,purple,300000,1,35
13272,蓝水晶护腿,purple,250000,1,35
13273,EL-XM25护腿,purple,250000,1,35
13274,怒灵诅咒护腿,purple,300000,1,35
13275,恶雷擒月护腿,purple,300000,1,35
13276,ES-YL11护腿,purple,250000,1,35
13277,传承 : 智慧女神的青铜护腿,purple,2500000,1,35
13278,传承 : 神圣的智慧女神青铜护腿,purple,4000000,1,35
13279,传承 : 大地女神的赤铜护腿,purple,1200000,1,35
13280,传承 : 神圣的大地女神赤铜护腿,purple,2000000,1,35
13281,传承 : 守夜女神的星纹护腿,purple,1500000,1,35
13282,传承 : 神圣的守夜女神星纹护腿,purple,3000000,1,35
13283,传承 : 生命女神的铂金护腿,purple,4000000,1,35
13284,传承 : 神圣的生命女神铂金护腿,purple,7000000,1,35
13285,传承 : 战争女神的墨钢护腿,purple,6000000,1,35
13286,传承 : 神圣的战争女神墨钢护腿,purple,10000000,1,35
13292,伏魔护腿,purple,300000,1,35
13293,正义守护绑腿,purple,300000,1,35
13294,黎明七星护腿,purple,350000,1,35
13295,信耶的附灵胫甲,purple,300000,1,35
13296,天帷巨兽 : 戾龙重甲护腿,purple,200000,1,35
13297,天帷巨兽 : 斩影重甲护腿,purple,200000,1,35
13298,天帷巨兽 : 精灵的银刃重甲护腿,purple,200000,1,35
13299,天帷巨兽 : 精灵的苍蟒重甲护腿,purple,200000,1,35
13300,暗黑城 : 戾龙重甲护腿,purple,200000,1,35
13301,暗黑城 : 斩影重甲护腿,purple,200000,1,35
13302,暗黑城 : 精灵的银刃重甲护腿,purple,200000,1,35
13303,暗黑城 : 精灵的苍蟒重甲护腿,purple,200000,1,35
13304,诺斯玛尔 : 戾龙重甲护腿,purple,200000,1,35
13305,诺斯玛尔 : 斩影重甲护腿,purple,200000,1,35
13307,传承 : 控魂女神的纹钢胫甲,purple,10000000,1,35
13308,血浸黑栗绑腿,purple,300000,1,35
13309,暗黑侵略者绑腿,purple,300000,1,35
13310,梅尔文的随心绑腿,purple,250000,1,35
13311,原罪之封印绑腿,purple,300000,1,35
13319,巨武器破坏者护腿,purple,250000,1,35
13320,赤炼胫甲,purple,250000,1,35
13321,血之结界胫甲,purple,250000,1,35
13327,传承 : 神圣的控魂女神钛银护腿,purple,15000000,1,35
13331,真 · 巨武器破坏者护腿,purple,500000,1,35
13332,真 · 赤炼胫甲,purple,500000,1,35
13333,真 · 血之结界胫甲,purple,500000,1,35
13631,蓝色日冕胫甲,purple,250000,1,35
13634,超合金虎啸胫甲,purple,300000,1,35
13637,黑玉护魂胫甲,purple,250000,1,35
13646,寂静灵魂绑腿,purple,350000,1,35
13647,幻影死神绑腿,purple,350000,1,35
13648,传承 : 神圣的大地女神赤铁绑腿,purple,2000000,1,35
13649,传承 : 守夜女神的玄钢护腿,purple,1500000,1,35
13650,传承 : 神圣的守夜女神玄钢护腿,purple,3000000,1,35
13651,传承 : 生命女神的钛合金胫甲,purple,4000000,1,35
13652,传承 : 神圣的生命女神钛合金胫甲,purple,7000000,1,35
13653,传承 : 战争女神的钛钢护腿,purple,6000000,1,35
13654,传承 : 神圣的战争女神钛钢护腿,purple,10000000,1,35
13657,赤云璧月胫甲,purple,300000,1,35
13658,卡露亚的希望 - 圣日胫甲,purple,500000,1,35
13659,纯白之甲 - 谐音胫甲,purple,300000,1,35
13660,守护盔甲 - 蔷薇胫甲,purple,300000,1,35
13661,天帷巨兽 : 赤龙板甲护腿,purple,200000,1,35
13662,天帷巨兽 : 精灵的碎魄板甲护腿,purple,200000,1,35
13663,暗黑城 : 地夕板甲护腿,purple,200000,1,35
13664,暗黑城 : 精灵的碎魄板甲护腿,purple,200000,1,35
13665,诺斯玛尔 : 赤龙板甲护腿,purple,200000,1,35
13667,传承 : 控魂女神的钛钢绑腿,purple,10000000,1,35
13668,炽燃之波绑腿,purple,300000,1,35
13669,圣洁勋章绑腿,purple,300000,1,35
13674,光之流影护腿,purple,250000,1,35
13675,守护者的献祭护腿,purple,250000,1,35
13676,暮光信徒护腿,purple,250000,1,35
13678,英勇守护绑腿,purple,250000,1,35
13682,传承 : 神圣的控魂女神的钛钢绑腿,purple,15000000,1,35
13687,真 · 光之流影护腿,purple,500000,1,35
13688,真 · 守护者的献祭护腿,purple,500000,1,35
13689,真 · 暮光信徒护腿,purple,500000,1,35
14014,暖阳护肩,purple,250000,1,35
14050,蚕丝护肩,purple,50000,1,35
14052,匠人护肩,purple,250000,1,35
14055,炎麻护肩,purple,150000,1,35
14058,赫顿玛尔贵族肩甲,purple,150000,1,35
14059,印纹护肩,purple,250000,1,35
14063,贤者的训练护肩,purple,150000,1,35
14064,荣耀者肩甲,purple,300000,1,35
14067,精灵祝福斗篷,purple,150000,1,35
14068,沙狐护肩,purple,250000,1,35
14082,七星护肩,purple,250000,1,35
14083,青龙渡海护肩,purple,250000,1,35
14084,紫羽定魂护肩,purple,300000,1,35
14085,初级魔法师护肩,purple,50000,1,35
14086,伽毕斯的皓月肩甲,purple,250000,1,35
14087,引魔护肩,purple,250000,1,35
14088,羽灵护肩,purple,300000,1,35
14089,梦魇缚灵护肩,purple,250000,1,35
14090,瞑想者斗篷,purple,250000,1,35
14091,锦鳞护肩,purple,250000,1,35
14092,星纹斗篷,purple,250000,1,35
14093,神官吉格的祭祀护肩,purple,300000,1,35
14094,寂魂祈日斗篷,purple,250000,1,35
14095,玄武鸣天披肩,purple,250000,1,35
14096,月海碧魔斗篷,purple,250000,1,35
14097,自然亲和斗篷,purple,250000,1,35
14098,远古旋魔斗篷,purple,250000,1,35
14099,迷月玄羽斗篷,purple,250000,1,35
14100,传承 : 战争女神的薄纱护肩,purple,6000000,1,35
14101,传承 : 神圣的战争女神薄纱护肩,purple,10000000,1,35
14104,初级修行者护肩,purple,80000,1,35
14105,圣日雷影护肩,purple,250000,1,35
14106,暗黑战印护肩,purple,250000,1,35
14107,苍穹之主护肩,purple,250000,1,35
14108,天帷巨兽 : 逆翎布甲护肩,purple,200000,1,35
14109,天帷巨兽 : 破曦布甲护肩,purple,200000,1,35
14110,天帷巨兽 : 精灵的雁翎布甲护肩,purple,200000,1,35
14111,天帷巨兽 : 精灵的隐灵布甲护肩,purple,200000,1,35
14112,暗黑城 : 逆翎布甲护肩,purple,200000,1,35
14113,暗黑城 : 破曦布甲护肩,purple,200000,1,35
14114,暗黑城 : 精灵的天脊布甲护肩,purple,200000,1,35
14115,暗黑城 : 精灵的隐灵布甲护肩,purple,200000,1,35
14116,诺斯玛尔 : 逆翎布甲护肩,purple,200000,1,35
14117,诺斯玛尔 : 破曦布甲护肩,purple,200000,1,35
14119,传承 : 控魂女神的绢丝肩甲,purple,10000000,1,35
14120,缚灵螺纹护肩,purple,300000,1,35
14121,千层紫纱斗蓬,purple,350000,1,35
14122,奢华的网丝护肩,purple,300000,1,35
14123,贤者斯托拉斯的斗蓬,purple,350000,1,35
14124,精灵支配者斗蓬,purple,300000,1,35
14125,永恒的净化护肩,purple,250000,1,35
14131,疯狂工程师的斗篷,purple,250000,1,35
14132,归隐的武士斗篷,purple,200000,1,35
14133,流云惊月斗篷,purple,250000,1,35
14134,无尽的元素之力护肩,purple,250000,1,35
14135,契约支配者护肩,purple,250000,1,35
14136,灵魂之信仰护肩,purple,250000,1,35
14145,传承 : 神圣的控魂女神的绢丝肩甲,purple,15000000,1,35
14149,真 · 疯狂工程师的斗篷,purple,500000,1,35
14150,真 · 归隐的武士斗篷,purple,500000,1,35
14151,真 · 流云惊月斗篷,purple,500000,1,35
14152,真 · 无尽的元素之力护肩,purple,500000,1,35
14153,真 · 契约支配者护肩,purple,500000,1,35
14154,真 · 灵魂之信仰护肩,purple,500000,1,35
14442,哥布林护肩,purple,50000,1,35
14443,兽皮护肩,purple,50000,1,35
14445,猫妖皮护肩,purple,50000,1,35
14448,罪恶布法罗护肩,purple,250000,1,35
14451,烈焰骑士护肩,purple,250000,1,35
14454,炎蟒护肩,purple,250000,1,35
14457,天帷巨兽的皮护肩,purple,200000,1,35
14468,暗袭护肩,purple,250000,1,35
14469,聚冥护肩,purple,300000,1,35
14470,逐风护肩,purple,250000,1,35
14471,赤星护肩,purple,300000,1,35
14472,翼影护肩,purple,300000,1,35
14473,傲凰护肩,purple,300000,1,35
14474,噬龙护肩,purple,300000,1,35
14475,暴风雨神护肩,purple,250000,1,35
14476,流光护肩,purple,300000,1,35
14477,爆麟护肩,purple,250000,1,35
14478,黑月护肩,purple,250000,1,35
14479,传承 : 战争女神的狼皮护肩,purple,6000000,1,35
14480,传承 : 神圣的战争女神狼皮护肩,purple,10000000,1,35
14483,天帷巨兽 : 赤龙皮甲护肩,purple,200000,1,35
14484,天帷巨兽 : 斩影皮甲护肩,purple,200000,1,35
14485,天帷巨兽 : 精灵的夜麟皮甲护肩,purple,200000,1,35
14486,天帷巨兽 : 精灵的天袭皮甲护肩,purple,200000,1,35
14487,暗黑城 : 赤龙皮甲护肩,purple,200000,1,35
14488,暗黑城 : 斩影皮甲护肩,purple,200000,1,35
14489,暗黑城 : 精灵的夜麟皮甲护肩,purple,200000,1,35
14490,暗黑城 : 精灵的天袭皮甲护肩,purple,200000,1,35
14491,诺斯玛尔 : 赤龙皮甲护肩,purple,200000,1,35
14492,诺斯玛尔 : 斩影皮甲护肩,purple,200000,1,35
14494,燃烧魔女的南瓜护肩,purple,250000,1,35
14495,恐惧女巫的羊皮护肩,purple,250000,1,35
14496,远古图书馆的管理员护肩,purple,250000,1,35
14497,传承 : 控魂女神的狼皮斗蓬,purple,10000000,1,35
14498,裴尔玛的邪神护肩,purple,400000,1,35
14499,闪耀之哈根尼斯护肩,purple,300000,1,35
14500,混沌之阿加雷斯护肩,purple,250000,1,35
14501,无尽之探索护肩,purple,250000,1,35
14505,卡诺凡恩皮护肩,purple,250000,1,35
14506,斯匹奥皮护肩,purple,250000,1,35
14507,阿瓦利亚的迅捷护肩,purple,300000,1,35
14508,邪恶风行者的皮护肩,purple,250000,1,35
14511,西部枪手护肩,purple,250000,1,35
14512,巨鲸之王护肩,purple,250000,1,35
14513,暮星护肩,purple,250000,1,35
14514,慈悲之心护肩,purple,250000,1,35
14515,精灵的智慧护肩,purple,250000,1,35
14523,传承 : 神圣的控魂女神狼皮斗蓬,purple,15000000,1,35
14527,真 · 西部枪手护肩,purple,500000,1,35
14528,真 · 巨鲸之王护肩,purple,500000,1,35
14529,真 · 暮星护肩,purple,500000,1,35
14530,真 · 慈悲之心护肩,purple,500000,1,35
14531,真 · 精灵的智慧护肩,purple,500000,1,35
14842,菩提护肩,purple,250000,1,35
14844,栗木护肩,purple,50000,1,35
14847,血灵暗咒肩甲,purple,250000,1,35
14850,大地祝福肩甲,purple,200000,1,35
14853,玄武岩护肩,purple,200000,1,35
14856,远古冰银护肩,purple,250000,1,35
14867,玛尔的天权肩甲,purple,300000,1,35
14868,紫金守护肩甲,purple,300000,1,35
14869,幽灵结晶护肩,purple,300000,1,35
14870,蛊藤护肩,purple,200000,1,35
14871,黄金战士护肩,purple,250000,1,35
14872,蛟纹护肩,purple,250000,1,35
14873,龙脊护肩,purple,300000,1,35
14874,黑龙汲星护肩,purple,250000,1,35
14875,星临护肩,purple,250000,1,35
14876,传承 : 战争女神的黑陶护肩,purple,6000000,1,35
14877,传承 : 神圣的战争女神黑陶护肩,purple,10000000,1,35
14883,云铁护肩,purple,200000,1,35
14884,狮鹫护肩,purple,300000,1,35
14885,破魔护肩,purple,250000,1,35
14886,裁决之甲 - 神鉴护肩,purple,300000,1,35
14887,天帷巨兽 : 戾龙轻甲护肩,purple,200000,1,35
14888,天帷巨兽 : 斩影轻甲护肩,purple,200000,1,35
14889,天帷巨兽 : 精灵的奔雷轻甲护肩,purple,200000,1,35
14890,天帷巨兽 : 精灵的天袭轻甲护肩,purple,200000,1,35
14891,暗黑城 : 戾龙轻甲护肩,purple,200000,1,35
14892,暗黑城 : 斩影轻甲护肩,purple,200000,1,35
14893,暗黑城 : 精灵的奔雷轻甲护肩,purple,200000,1,35
14894,暗黑城 : 精灵的天袭轻甲护肩,purple,200000,1,35
14895,诺斯玛尔 : 戾龙轻甲护肩,purple,200000,1,35
14896,诺斯玛尔 : 斩影轻甲护肩,purple,200000,1,35
14899,传承 : 控魂女神的软陶斗蓬,purple,10000000,1,35
14900,墨之旋风护肩,purple,300000,1,35
14901,邪恶怒视护肩,purple,300000,1,35
14902,顽强的巴罗斯护肩,purple,250000,1,35
14903,残忍的执行者护肩,purple,300000,1,35
14910,拉马斯肩甲,purple,250000,1,35
14911,哈勒斯肩甲,purple,200000,1,35
14912,诅咒之巫师肩甲,purple,250000,1,35
14913,屠杀之巫师肩甲,purple,250000,1,35
14916,精武之魂护肩,purple,250000,1,35
14917,米格拉的英雄护肩,purple,250000,1,35
14918,霸权者的智慧护肩,purple,250000,1,35
14919,暗黑之焰护肩,purple,250000,1,35
14920,拳王的独孤护肩,purple,250000,1,35
14928,传承 : 神圣的控魂女神软陶斗篷,purple,15000000,1,35
14932,真 · 精武之魂护肩,purple,500000,1,35
14933,真 · 米格拉的英雄护肩,purple,500000,1,35
14934,真 · 霸权者的智慧护肩,purple,500000,1,35
14935,真 · 暗黑之焰护肩,purple,500000,1,35
14936,真 · 拳王的独孤护肩,purple,500000,1,35
15242,卫兵护肩,purple,200000,1,35
15244,素喃护肩,purple,250000,1,35
15247,暗黑蛇纹护肩,purple,250000,1,35
15250,碧玉护肩,purple,250000,1,35
15253,闪灵护肩,purple,300000,1,35
15256,龙鸣护肩,purple,300000,1,35
15267,血啸护肩,purple,300000,1,35
15268,赤霞护肩,purple,300000,1,35
15269,鳞岩护肩,purple,8000000,1,35
15270,紫金护肩,purple,300000,1,35
15271,蓝水晶护肩,purple,250000,1,35
15272,EL-XM25护肩,purple,250000,1,35
15273,怒灵诅咒护肩,purple,300000,1,35
15274,恶雷擒月护肩,purple,300000,1,35
15275,ES-YL11护肩,purple,250000,1,35
15276,传承 : 战争女神的墨钢肩甲,purple,6000000,1,35
15277,传承 : 神圣的战争女神墨钢肩甲,purple,10000000,1,35
15282,伏魔护肩,purple,300000,1,35
15283,正义守护肩甲,purple,300000,1,35
15284,黎明七星护肩,purple,350000,1,35
15285,信耶的附灵肩甲,purple,300000,1,35
15286,天帷巨兽 : 戾龙重甲护肩,purple,200000,1,35
15287,天帷巨兽 : 斩影重甲护肩,purple,200000,1,35
15288,天帷巨兽 : 精灵的银刃重甲护肩,purple,200000,1,35
15289,天帷巨兽 : 精灵的苍蟒重甲护肩,purple,200000,1,35
15290,暗黑城 : 戾龙重甲护肩,purple,200000,1,35
15291,暗黑城 : 斩影重甲护肩,purple,200000,1,35
15292,暗黑城 : 精灵的银刃重甲护肩,purple,200000,1,35
15293,暗黑城 : 精灵的苍蟒重甲护肩,purple,200000,1,35
15294,诺斯玛尔 : 戾龙重甲护肩,purple,200000,1,35
15295,诺斯玛尔 : 斩影重甲护肩,purple,200000,1,35
15297,传承 : 控魂女神的纹钢斗蓬,purple,10000000,1,35
15298,血浸黑栗护肩,purple,300000,1,35
15299,暗黑侵略者护肩,purple,300000,1,35
15300,梅尔文的随心护肩,purple,250000,1,35
15301,原罪之封印护肩,purple,300000,1,35
15309,巨武器破坏者护肩,purple,250000,1,35
15310,赤炼肩甲,purple,250000,1,35
15311,血之结界护肩,purple,250000,1,35
15317,传承 : 神圣的控魂女神钛银护肩,purple,15000000,1,35
15321,真 · 巨武器破坏者护肩,purple,500000,1,35
15322,真 · 赤炼肩甲,purple,500000,1,35
15323,真 · 血之结界护肩,purple,500000,1,35
15629,蓝色日冕肩甲,purple,250000,1,35
15632,超合金虎啸肩甲,purple,300000,1,35
15635,黑玉护魂肩甲,purple,250000,1,35
15646,寂静灵魂肩甲,purple,350000,1,35
15647,幻影死神肩甲,purple,350000,1,35
15648,英勇守护肩甲,purple,250000,1,35
15649,传承 : 战争女神的钛钢肩甲,purple,6000000,1,35
15650,传承 : 神圣的战争女神钛钢肩甲,purple,10000000,1,35
15654,赤云璧月肩甲,purple,300000,1,35
15655,卡露亚的希望 - 圣日护肩,purple,500000,1,35
15656,纯白之甲 - 谐音护肩,purple,300000,1,35
15657,守护盔甲 - 蔷薇护肩,purple,300000,1,35
15658,天帷巨兽 : 赤龙板甲护肩,purple,200000,1,35
15659,天帷巨兽 : 精灵的碎魄板甲护肩,purple,200000,1,35
15660,暗黑城 : 地夕板甲护肩,purple,200000,1,35
15661,暗黑城 : 精灵的碎魄板甲护肩,purple,200000,1,35
15662,诺斯玛尔 : 赤龙板甲护肩,purple,200000,1,35
15664,传承 : 控魂女神的钛钢护肩,purple,10000000,1,35
15665,炽燃之波护肩,purple,300000,1,35
15666,圣洁勋章护肩,purple,300000,1,35
15673,光之流影护肩,purple,250000,1,35
15674,守护者的献祭护肩,purple,250000,1,35
15675,暮光信徒护肩,purple,250000,1,35
15681,传承 : 神圣的控魂女神的钛钢护肩,purple,15000000,1,35
15685,真 · 光之流影护肩,purple,500000,1,35
15686,真 · 守护者的献祭护肩,purple,500000,1,35
15687,真 · 暮光信徒护肩,purple,500000,1,35
16043,蚕丝腰带,purple,250000,1,35
16045,极冻腰带,purple,300000,1,35
16048,炎麻腰带,purple,250000,1,35
16051,赫顿玛尔贵族腰带,purple,250000,1,35
16055,贤者的训练腰带,purple,250000,1,35
16058,精灵祝福腰带,purple,250000,1,35
16069,七星腰带,purple,500000,1,35
16070,青龙渡海腰带,purple,250000,1,35
16071,紫羽定魂腰带,purple,350000,1,35
16072,伽毕斯的皓月腰带,purple,300000,1,35
16073,引魔腰带,purple,300000,1,35
16074,羽灵腰带,purple,300000,1,35
16075,梦魇缚灵腰带,purple,500000,1,35
16076,瞑想者腰带,purple,300000,1,35
16077,锦鳞腰带,purple,300000,1,35
16078,星纹腰带,purple,350000,1,35
16079,神官吉格的祭祀腰带,purple,350000,1,35
16080,寂魂祈日腰带,purple,350000,1,35
16081,玄武鸣天腰带,purple,250000,1,35
16082,月海碧魔腰带,purple,350000,1,35
16083,自然亲和腰带,purple,300000,1,35
16084,远古旋魔腰带,purple,300000,1,35
16085,迷月玄羽腰带,purple,300000,1,35
16086,传承 : 战争女神的薄纱腰带,purple,6000000,1,35
16087,传承 : 神圣的战争女神薄纱腰带,purple,10000000,1,35
16093,初级修行者腰带,purple,80000,1,35
16094,圣日雷影腰带,purple,400000,1,35
16095,暗黑战印腰带,purple,350000,1,35
16096,苍穹之主腰带,purple,350000,1,35
16097,天帷巨兽 : 逆翎布甲腰带,purple,200000,1,35
16098,天帷巨兽 : 破曦布甲腰带,purple,200000,1,35
16099,天帷巨兽 : 精灵的雁翎布甲腰带,purple,200000,1,35
16100,天帷巨兽 : 精灵的隐灵布甲腰带,purple,200000,1,35
16101,暗黑城 : 逆翎布甲腰带,purple,200000,1,35
16102,暗黑城 : 破曦布甲腰带,purple,200000,1,35
16103,暗黑城 : 精灵的天脊布甲腰带,purple,200000,1,35
16104,暗黑城 : 精灵的隐灵布甲腰带,purple,200000,1,35
16105,诺斯玛尔 : 逆翎布甲腰带,purple,200000,1,35
16106,诺斯玛尔 : 破曦布甲腰带,purple,200000,1,35
16109,传承 : 控魂女神的绢丝护腰,purple,10000000,1,35
16110,缚灵螺纹腰带,purple,350000,1,35
16111,千层紫纱腰带,purple,350000,1,35
16112,奢华的网丝腰带,purple,350000,1,35
16113,贤者斯托拉斯的护腰,purple,250000,1,35
16114,精灵支配者护腰,purple,300000,1,35
16115,永恒的净化腰带,purple,250000,1,35
16123,疯狂工程师的腰带,purple,200000,1,35
16124,归隐的武士腰带,purple,200000,1,35
16125,流云惊月腰带,purple,250000,1,35
16126,无尽的元素之力腰带,purple,250000,1,35
16127,契约支配者腰带,purple,250000,1,35
16128,灵魂之信仰腰带,purple,250000,1,35
16137,传承 : 神圣的控魂女神的绢丝护腰,purple,15000000,1,35
16141,真 · 疯狂工程师的腰带,purple,500000,1,35
16142,真 · 归隐的武士腰带,purple,500000,1,35
16143,真 · 流云惊月腰带,purple,600000,1,35
16144,真 · 无尽的元素之力腰带,purple,600000,1,35
16145,真 · 契约支配者腰带,purple,600000,1,35
16146,真 · 灵魂之信仰腰带,purple,600000,1,35
16442,哥布林腰带,purple,50000,1,35
16443,羔羊皮带,purple,50000,1,35
16445,驯兽师腰带,purple,250000,1,35
16448,罪恶布法罗腰带,purple,250000,1,35
16451,烈焰骑士腰带,purple,250000,1,35
16454,炎蟒腰带,purple,250000,1,35
16457,天帷巨兽的皮腰带,purple,200000,1,35
16468,暗袭腰带,purple,250000,1,35
16469,聚冥腰带,purple,300000,1,35
16470,赤星腰带,purple,300000,1,35
16471,翼影腰带,purple,350000,1,35
16472,傲凰腰带,purple,350000,1,35
16473,噬龙腰带,purple,350000,1,35
16474,暴风雨神腰带,purple,350000,1,35
16475,流光腰带,purple,350000,1,35
16476,爆麟腰带,purple,350000,1,35
16477,黑月腰带,purple,350000,1,35
16478,传承 : 战争女神的狼皮腰带,purple,6000000,1,35
16479,传承 : 神圣的战争女神狼皮腰带,purple,10000000,1,35
16482,天帷巨兽 : 赤龙皮甲腰带,purple,200000,1,35
16483,天帷巨兽 : 斩影皮甲腰带,purple,200000,1,35
16484,天帷巨兽 : 精灵的夜麟皮甲腰带,purple,200000,1,35
16485,天帷巨兽 : 精灵的天袭皮甲腰带,purple,200000,1,35
16486,暗黑城 : 赤龙皮甲腰带,purple,200000,1,35
16487,暗黑城 : 斩影皮甲腰带,purple,200000,1,35
16488,暗黑城 : 精灵的夜麟皮甲腰带,purple,200000,1,35
16489,暗黑城 : 精灵的天袭皮甲腰带,purple,200000,1,35
16490,诺斯玛尔 : 赤龙皮甲腰带,purple,200000,1,35
16491,诺斯玛尔 : 斩影皮甲腰带,purple,200000,1,35
16493,燃烧魔女的南瓜腰带,purple,350000,1,35
16494,恐惧女巫的羊皮腰带,purple,350000,1,35
16495,远古图书馆的管理员腰带,purple,250000,1,35
16496,传承 : 控魂女神的狼皮腰带,purple,10000000,1,35
16497,裴尔玛的邪神腰带,purple,400000,1,35
16498,闪耀之哈根尼斯腰带,purple,350000,1,35
16499,混沌之阿加雷斯腰带,purple,600000,1,35
16500,无尽之探索腰带,purple,250000,1,35
16504,卡诺凡恩皮腰带,purple,250000,1,35
16505,斯匹奥皮腰带,purple,250000,1,35
16506,阿瓦利亚的迅捷腰带,purple,300000,1,35
16507,邪恶风行者的皮腰带,purple,250000,1,35
16510,西部枪手腰带,purple,200000,1,35
16511,巨鲸之王腰带,purple,200000,1,35
16512,暮星腰带,purple,200000,1,35
16513,慈悲之心腰带,purple,200000,1,35
16514,精灵的智慧腰带,purple,200000,1,35
16522,传承 : 神圣的控魂女神狼皮腰带,purple,15000000,1,35
16526,真 · 西部枪手腰带,purple,500000,1,35
16527,真 · 巨鲸之王腰带,purple,500000,1,35
16528,真 · 暮星腰带,purple,500000,1,35
16529,真 · 慈悲之心腰带,purple,500000,1,35
16530,真 · 精灵的智慧腰带,purple,500000,1,35
16842,菩提腰带,purple,250000,1,35
16844,栗木腰带,purple,50000,1,35
16847,血灵暗咒腰带,purple,250000,1,35
16850,大地祝福腰带,purple,200000,1,35
16853,玄武岩腰带,purple,200000,1,35
16856,远古冰银腰带,purple,250000,1,35
16867,玛尔的天权腰带,purple,300000,1,35
16868,紫金守护腰带,purple,300000,1,35
16869,幽灵结晶腰带,purple,300000,1,35
16870,蛊藤腰带,purple,200000,1,35
16871,黄金战士腰带,purple,250000,1,35
16872,蛟纹腰带,purple,250000,1,35
16873,龙脊腰带,purple,300000,1,35
16874,黑龙汲星腰带,purple,300000,1,35
16875,星临腰带,purple,250000,1,35
16876,传承 : 战争女神的黑陶腰带,purple,6000000,1,35
16877,传承 : 神圣的战争女神黑陶腰带,purple,10000000,1,35
16881,云铁腰带,purple,200000,1,35
16882,狮鹫腰带,purple,300000,1,35
16883,破魔腰带,purple,250000,1,35
16884,裁决之甲 - 神鉴腰带,purple,300000,1,35
16885,天帷巨兽 : 戾龙轻甲腰带,purple,200000,1,35
16886,天帷巨兽 : 斩影轻甲腰带,purple,200000,1,35
16887,天帷巨兽 : 精灵的奔雷轻甲腰带,purple,200000,1,35
16888,天帷巨兽 : 精灵的天袭轻甲腰带,purple,200000,1,35
16889,暗黑城 : 戾龙轻甲腰带,purple,200000,1,35
16890,暗黑城 : 斩影轻甲腰带,purple,200000,1,35
16891,暗黑城 : 精灵的奔雷轻甲腰带,purple,200000,1,35
16892,暗黑城 : 精灵的天袭轻甲腰带,purple,200000,1,35
16893,诺斯玛尔 : 戾龙轻甲腰带,purple,200000,1,35
16894,诺斯玛尔 : 斩影轻甲腰带,purple,200000,1,35
16896,传承 : 控魂女神的软陶腰带,purple,10000000,1,35
16897,墨之旋风腰带,purple,300000,1,35
16898,邪恶怒视腰带,purple,300000,1,35
16899,顽强的巴罗斯腰带,purple,250000,1,35
16900,残忍的执行者腰带,purple,300000,1,35
16904,拉马斯腰带,purple,250000,1,35
16905,哈勒斯腰带,purple,200000,1,35
16906,诅咒之巫师腰带,purple,250000,1,35
16907,屠杀之巫师腰带,purple,250000,1,35
16910,精武之魂腰带,purple,200000,1,35
16911,米格拉的英雄腰带,purple,200000,1,35
16912,霸权者的智慧腰带,purple,200000,1,35
16913,暗黑之焰腰带,purple,200000,1,35
16914,拳王的独孤腰带,purple,200000,1,35
16922,传承 : 神圣的控魂女神软陶腰带,purple,15000000,1,35
16926,真 · 精武之魂腰带,purple,500000,1,35
16927,真 · 米格拉的英雄腰带,purple,500000,1,35
16928,真 · 霸权者的智慧腰带,purple,500000,1,35
16929,真 · 暗黑之焰腰带,purple,500000,1,35
16930,真 · 拳王的独孤腰带,purple,500000,1,35
17242,守护腰带,purple,100000,1,35
17243,阿拉德腰带,purple,250000,1,35
17247,暗黑蛇纹腰带,purple,250000,1,35
17250,碧玉腰带,purple,250000,1,35
17253,闪灵腰带,purple,300000,1,35
17256,龙鸣腰带,purple,300000,1,35
17267,血啸腰带,purple,300000,1,35
17268,赤霞腰带,purple,300000,1,35
17269,鳞岩腰带,purple,350000,1,35
17270,紫金腰带,purple,300000,1,35
17271,蓝水晶腰带,purple,250000,1,35
17272,EL-XM25腰带,purple,250000,1,35
17273,怒灵诅咒腰带,purple,300000,1,35
17274,恶雷擒月腰带,purple,300000,1,35
17275,ES-YL11腰带,purple,250000,1,35
17276,传承 : 战争女神的墨钢腰带,purple,6000000,1,35
17277,传承 : 神圣的战争女神墨钢腰带,purple,10000000,1,35
17280,伏魔腰带,purple,300000,1,35
17281,正义守护腰带,purple,300000,1,35
17282,黎明七星腰带,purple,350000,1,35
17283,信耶的附灵腰带,purple,300000,1,35
17284,天帷巨兽 : 戾龙重甲腰带,purple,200000,1,35
17285,天帷巨兽 : 斩影重甲腰带,purple,200000,1,35
17286,天帷巨兽 : 精灵的银刃重甲腰带,purple,200000,1,35
17287,天帷巨兽 : 精灵的苍蟒重甲腰带,purple,200000,1,35
17288,暗黑城 : 戾龙重甲腰带,purple,200000,1,35
17289,暗黑城 : 斩影重甲腰带,purple,200000,1,35
17290,暗黑城 : 精灵的银刃重甲腰带,purple,200000,1,35
17291,暗黑城 : 精灵的苍蟒重甲腰带,purple,200000,1,35
17292,诺斯玛尔 : 戾龙重甲腰带,purple,200000,1,35
17293,诺斯玛尔 : 斩影重甲腰带,purple,200000,1,35
17295,传承 : 控魂女神的纹钢腰带,purple,10000000,1,35
17296,血浸黑栗腰带,purple,300000,1,35
17297,暗黑侵略者腰带,purple,300000,1,35
17298,梅尔文的随心腰带,purple,250000,1,35
17299,原罪之封印腰带,purple,300000,1,35
17304,巨武器破坏者腰带,purple,200000,1,35
17305,赤炼腰带,purple,200000,1,35
17306,血之结界腰带,purple,350000,1,35
17312,传承 : 神圣的控魂女神钛银腰带,purple,15000000,1,35
17316,真 · 巨武器破坏者腰带,purple,500000,1,35
17317,真 · 赤炼腰带,purple,500000,1,35
17318,真 · 血之结界腰带,purple,500000,1,35
17629,蓝色日冕腰带,purple,250000,1,35
17632,超合金虎啸腰带,purple,300000,1,35
17635,黑玉护魂腰带,purple,250000,1,35
17646,寂静灵魂腰带,purple,350000,1,35
17647,幻影死神腰带,purple,350000,1,35
17648,英勇守护腰带,purple,250000,1,35
17649,传承 : 战争女神的钛钢护腰,purple,6000000,1,35
17650,传承 : 神圣的战争女神钛钢护腰,purple,10000000,1,35
17652,赤云璧月腰带,purple,300000,1,35
17653,卡露亚的希望 - 圣日腰带,purple,500000,1,35
17654,纯白之甲 - 谐音腰带,purple,300000,1,35
17655,守护盔甲 - 蔷薇护腰,purple,300000,1,35
17656,天帷巨兽 : 赤龙板甲腰带,purple,200000,1,35
17657,天帷巨兽 : 精灵的碎魄板甲腰带,purple,200000,1,35
17658,暗黑城 : 地夕板甲腰带,purple,200000,1,35
17659,暗黑城 : 精灵的碎魄板甲腰带,purple,200000,1,35
17660,诺斯玛尔 : 赤龙板甲腰带,purple,200000,1,35
17662,传承 : 控魂女神的钛钢腰带,purple,10000000,1,35
17663,炽燃之波腰带,purple,300000,1,35
17664,圣洁勋章腰带,purple,300000,1,35
17668,光之流影腰带,purple,200000,1,35
17669,守护者的献祭腰带,purple,200000,1,35
17670,暮光信徒腰带,purple,200000,1,35
17676,传承 : 神圣的控魂女神的钛钢腰带,purple,15000000,1,35
17680,真 · 光之流影腰带,purple,500000,1,35
17681,真 · 守护者的献祭腰带,purple,500000,1,35
17682,真 · 暮光信徒腰带,purple,500000,1,35
18043,蚕丝短靴,purple,50000,1,35
18044,格朗布林的蚕丝短靴,purple,50000,1,35
18049,炎麻短靴,purple,150000,1,35
18052,赫顿玛尔贵族短靴,purple,150000,1,35
18056,贤者的训练长靴,purple,150000,1,35
18059,精灵祝福短靴,purple,150000,1,35
18070,七星短靴,purple,250000,1,35
18071,青龙渡海短靴,purple,250000,1,35
18072,紫羽定魂短靴,purple,300000,1,35
18073,伽毕斯的皓月短靴,purple,250000,1,35
18074,引魔短靴,purple,250000,1,35
18075,羽灵短靴,purple,250000,1,35
18076,梦魇缚灵短靴,purple,250000,1,35
18077,瞑想者短靴,purple,250000,1,35
18078,锦鳞短靴,purple,250000,1,35
18079,星纹短靴,purple,250000,1,35
18080,神官吉格的祭祀短靴,purple,250000,1,35
18081,寂魂祈日短靴,purple,250000,1,35
18082,玄武鸣天短靴,purple,250000,1,35
18083,月海碧魔短靴,purple,250000,1,35
18084,自然亲和短靴,purple,250000,1,35
18085,远古旋魔短靴,purple,250000,1,35
18086,迷月玄羽短靴,purple,250000,1,35
18087,传承 : 守夜女神的羊毛短靴,purple,1500000,1,35
18088,传承 : 神圣的守夜女神羊毛短靴,purple,3000000,1,35
18089,传承 : 生命女神的绫罗短靴,purple,4000000,1,35
18090,传承 : 神圣的生命女神绫罗短靴,purple,7000000,1,35
18091,传承 : 战争女神的薄纱短靴,purple,6000000,1,35
18092,传承 : 神圣的战争女神薄纱短靴,purple,10000000,1,35
18099,初级修行者长靴,purple,250000,1,35
18100,圣日雷影短靴,purple,250000,1,35
18101,暗黑战印短靴,purple,250000,1,35
18102,苍穹之主短靴,purple,250000,1,35
18103,天帷巨兽 : 逆翎布甲长靴,purple,200000,1,35
18104,天帷巨兽 : 破曦布甲长靴,purple,200000,1,35
18105,天帷巨兽 : 精灵的雁翎布甲长靴,purple,200000,1,35
18106,天帷巨兽 : 精灵的隐灵布甲长靴,purple,200000,1,35
18107,暗黑城 : 逆翎布甲长靴,purple,200000,1,35
18108,暗黑城 : 破曦布甲长靴,purple,200000,1,35
18109,暗黑城 : 精灵的天脊布甲长靴,purple,200000,1,35
18110,暗黑城 : 精灵的隐灵布甲长靴,purple,200000,1,35
18111,诺斯玛尔 : 逆翎布甲长靴,purple,200000,1,35
18112,诺斯玛尔 : 破曦布甲长靴,purple,200000,1,35
18116,传承 : 控魂女神的绢丝短靴,purple,10000000,1,35
18117,缚灵螺纹短靴,purple,250000,1,35
18118,千层紫纱短靴,purple,250000,1,35
18119,奢华的网丝短靴,purple,300000,1,35
18120,贤者斯托拉斯的短靴,purple,250000,1,35
18121,精灵支配者短靴,purple,250000,1,35
18122,永恒的净化短靴,purple,250000,1,35
18131,疯狂工程师的短靴,purple,250000,1,35
18132,归隐的武士战靴,purple,250000,1,35
18133,流云惊月短靴,purple,250000,1,35
18134,无尽的元素之力短靴,purple,250000,1,35
18135,契约支配者短靴,purple,250000,1,35
18136,灵魂之信仰战靴,purple,250000,1,35
18145,传承 : 神圣的控魂女神的绢丝短靴,purple,15000000,1,35
18150,真 · 疯狂工程师的短靴,purple,500000,1,35
18151,真 · 归隐的武士战靴,purple,500000,1,35
18152,真 · 流云惊月短靴,purple,500000,1,35
18153,真 · 无尽的元素之力短靴,purple,500000,1,35
18154,真 · 契约支配者短靴,purple,500000,1,35
18155,真 · 灵魂之信仰战靴,purple,500000,1,35
18442,哥布林皮靴,purple,50000,1,35
18443,羔羊皮鞋,purple,50000,1,35
18445,牛皮长靴,purple,50000,1,35
18449,罪恶布法罗长靴,purple,250000,1,35
18452,烈焰骑士长靴,purple,250000,1,35
18455,炎蟒长靴,purple,250000,1,35
18458,天帷巨兽的皮短靴,purple,200000,1,35
18469,暗袭皮靴,purple,200000,1,35
18470,聚冥皮靴,purple,250000,1,35
18471,赤星皮靴,purple,300000,1,35
18472,翼影皮靴,purple,300000,1,35
18473,傲凰皮靴,purple,300000,1,35
18474,噬龙皮靴,purple,300000,1,35
18475,暴风雨神皮靴,purple,250000,1,35
18476,流光皮靴,purple,300000,1,35
18477,爆麟皮靴,purple,250000,1,35
18478,黑月皮靴,purple,250000,1,35
18479,传承 : 守夜女神的蟒皮长靴,purple,1500000,1,35
18480,传承 : 神圣的守夜女神蟒皮长靴,purple,3000000,1,35
18481,传承 : 生命女神的狼皮长靴,purple,4000000,1,35
18482,传承 : 神圣的生命女神狼皮长靴,purple,7000000,1,35
18483,传承 : 战争女神的狼皮长靴,purple,6000000,1,35
18484,传承 : 神圣的战争女神狼皮长靴,purple,10000000,1,35
18490,天帷巨兽 : 赤龙皮甲长靴,purple,200000,1,35
18491,天帷巨兽 : 斩影皮甲长靴,purple,200000,1,35
18492,天帷巨兽 : 精灵的夜麟皮甲长靴,purple,200000,1,35
18493,天帷巨兽 : 精灵的天袭皮甲长靴,purple,200000,1,35
18494,暗黑城 : 赤龙皮甲长靴,purple,200000,1,35
18495,暗黑城 : 斩影皮甲长靴,purple,200000,1,35
18496,暗黑城 : 精灵的夜麟皮甲长靴,purple,200000,1,35
18497,暗黑城 : 精灵的天袭皮甲长靴,purple,200000,1,35
18498,诺斯玛尔 : 赤龙皮甲长靴,purple,200000,1,35
18499,诺斯玛尔 : 斩影皮甲长靴,purple,200000,1,35
18501,燃烧魔女的南瓜靴子,purple,300000,1,35
18502,恐惧女巫的羊皮靴子,purple,300000,1,35
18503,远古图书馆的管理员之鞋,purple,200000,1,35
18504,传承 : 控魂女神的狼皮短靴,purple,10000000,1,35
18505,裴尔玛的邪神皮鞋,purple,300000,1,35
18506,闪耀之哈根尼斯皮鞋,purple,300000,1,35
18507,混沌之阿加雷斯皮鞋,purple,250000,1,35
18508,无尽之探索皮鞋,purple,250000,1,35
18514,卡诺凡恩皮鞋,purple,250000,1,35
18515,斯匹奥皮鞋,purple,250000,1,35
18516,阿瓦利亚的迅捷皮鞋,purple,300000,1,35
18517,邪恶风行者的皮鞋,purple,250000,1,35
18520,西部枪手长靴,purple,250000,1,35
18521,巨鲸之王战靴,purple,250000,1,35
18522,暮星皮靴,purple,250000,1,35
18523,慈悲之心长靴,purple,250000,1,35
18524,精灵的智慧长靴,purple,250000,1,35
18532,传承 : 神圣的控魂女神狼皮长靴,purple,15000000,1,35
18536,真 · 西部枪手长靴,purple,500000,1,35
18537,真 · 巨鲸之王战靴,purple,500000,1,35
18538,真 · 暮星皮靴,purple,500000,1,35
18539,真 · 慈悲之心长靴,purple,500000,1,35
18540,真 · 精灵的智慧长靴,purple,500000,1,35
18842,菩提长靴,purple,250000,1,35
18844,栗木长靴,purple,50000,1,35
18848,血灵暗咒长靴,purple,200000,1,35
18851,大地祝福长靴,purple,200000,1,35
18854,玄武岩长靴,purple,200000,1,35
18857,远古冰银长靴,purple,200000,1,35
18868,玛尔的天权短靴,purple,250000,1,35
18869,紫金守护长靴,purple,250000,1,35
18870,幽灵结晶长靴,purple,250000,1,35
18871,蛊藤长靴,purple,200000,1,35
18872,黄金战士长靴,purple,250000,1,35
18873,蛟纹长靴,purple,250000,1,35
18874,龙脊长靴,purple,250000,1,35
18875,黑龙汲星长靴,purple,250000,1,35
18876,星临长靴,purple,250000,1,35
18877,传承 : 守夜女神的兽骨长靴,purple,1500000,1,35
18878,传承 : 神圣的守夜女神兽骨长靴,purple,3000000,1,35
18879,传承 : 生命女神的软陶长靴,purple,4000000,1,35
18880,传承 : 神圣的生命女神软陶长靴,purple,7000000,1,35
18881,传承 : 战争女神的黑陶长靴,purple,6000000,1,35
18882,传承 : 神圣的战争女神黑陶长靴,purple,10000000,1,35
18888,云铁长靴,purple,250000,1,35
18889,狮鹫长靴,purple,250000,1,35
18890,破魔长靴,purple,250000,1,35
18891,裁决之甲 - 神鉴长靴,purple,250000,1,35
18892,天帷巨兽 : 戾龙轻甲长靴,purple,200000,1,35
18893,天帷巨兽 : 斩影轻甲长靴,purple,200000,1,35
18894,天帷巨兽 : 精灵的奔雷轻甲长靴,purple,200000,1,35
18895,天帷巨兽 : 精灵的天袭轻甲长靴,purple,200000,1,35
18896,暗黑城 : 戾龙轻甲长靴,purple,200000,1,35
18897,暗黑城 : 斩影轻甲长靴,purple,200000,1,35
18898,暗黑城 : 精灵的奔雷轻甲长靴,purple,200000,1,35
18899,暗黑城 : 精灵的天袭轻甲长靴,purple,200000,1,35
18900,诺斯玛尔 : 戾龙轻甲长靴,purple,200000,1,35
18901,诺斯玛尔 : 斩影轻甲长靴,purple,200000,1,35
18903,传承 : 控魂女神的软陶短靴,purple,10000000,1,35
18904,墨之旋风短靴,purple,250000,1,35
18905,邪恶怒视短靴,purple,250000,1,35
18906,顽强的巴罗斯短靴,purple,250000,1,35
18907,残忍的执行者短靴,purple,250000,1,35
18913,拉马斯短靴,purple,250000,1,35
18914,哈勒斯短靴,purple,250000,1,35
18915,诅咒之巫师短靴,purple,250000,1,35
18916,屠杀之巫师短靴,purple,250000,1,35
18919,精武之魂短靴,purple,250000,1,35
18920,米格拉的英雄短靴,purple,250000,1,35
18921,霸权者的智慧短靴,purple,250000,1,35
18922,暗黑之焰短靴,purple,250000,1,35
18923,拳王的独孤短靴,purple,250000,1,35
18931,传承 : 神圣的控魂女神软陶短靴,purple,15000000,1,35
18935,真 · 精武之魂短靴,purple,500000,1,35
18936,真 · 米格拉的英雄短靴,purple,500000,1,35
18937,真 · 霸权者的智慧短靴,purple,500000,1,35
18938,真 · 暗黑之焰短靴,purple,500000,1,35
18939,真 · 拳王的独孤短靴,purple,500000,1,35
19242,首领长靴,purple,250000,1,35
19243,异星战靴,purple,250000,1,35
19248,暗黑蛇纹长靴,purple,250000,1,35
19251,碧玉长靴,purple,250000,1,35
19254,闪灵长靴,purple,250000,1,35
19257,龙鸣长靴,purple,250000,1,35
19268,血啸长靴,purple,250000,1,35
19269,赤霞长靴,purple,250000,1,35
19270,鳞岩长靴,purple,300000,1,35
19271,紫金长靴,purple,250000,1,35
19272,蓝水晶长靴,purple,250000,1,35
19273,EL-XM25长靴,purple,250000,1,35
19274,怒灵诅咒长靴,purple,250000,1,35
19275,恶雷擒月长靴,purple,250000,1,35
19276,ES-YL11长靴,purple,250000,1,35
19277,传承 : 守夜女神的星纹长靴,purple,1500000,1,35
19278,传承 : 神圣的守夜女神星纹长靴,purple,3000000,1,35
19279,传承 : 生命女神的铂金长靴,purple,4000000,1,35
19280,传承 : 神圣的生命女神铂金长靴,purple,7000000,1,35
19281,传承 : 战争女神的墨钢长靴,purple,6000000,1,35
19282,传承 : 神圣的战争女神墨钢长靴,purple,10000000,1,35
19286,伏魔长靴,purple,250000,1,35
19287,正义守护长靴,purple,250000,1,35
19288,黎明七星长靴,purple,250000,1,35
19289,信耶的附灵长靴,purple,250000,1,35
19290,天帷巨兽 : 戾龙重甲长靴,purple,200000,1,35
19291,天帷巨兽 : 斩影重甲长靴,purple,200000,1,35
19292,天帷巨兽 : 精灵的银刃重甲长靴,purple,200000,1,35
19293,天帷巨兽 : 精灵的苍蟒重甲长靴,purple,200000,1,35
19294,暗黑城 : 戾龙重甲长靴,purple,200000,1,35
19295,暗黑城 : 斩影重甲长靴,purple,200000,1,35
19296,暗黑城 : 精灵的银刃重甲长靴,purple,200000,1,35
19297,暗黑城 : 精灵的苍蟒重甲长靴,purple,200000,1,35
19298,诺斯玛尔 : 戾龙重甲长靴,purple,200000,1,35
19299,诺斯玛尔 : 斩影重甲长靴,purple,200000,1,35
19301,传承 : 控魂女神的纹钢短靴,purple,10000000,1,35
19302,血浸黑栗短靴,purple,250000,1,35
19303,暗黑侵略者短靴,purple,250000,1,35
19304,梅尔文的随心短靴,purple,250000,1,35
19305,原罪之封印长靴,purple,250000,1,35
19311,巨武器破坏者战靴,purple,250000,1,35
19312,赤炼长靴,purple,250000,1,35
19313,血之结界长靴,purple,250000,1,35
19319,传承 : 神圣的控魂女神钛银长靴,purple,15000000,1,35
19323,真 · 巨武器破坏者战靴,purple,500000,1,35
19324,真 · 赤炼长靴,purple,500000,1,35
19325,真 · 血之结界长靴,purple,500000,1,35
19629,蓝色日冕长靴,purple,250000,1,35
19632,超合金虎啸长靴,purple,300000,1,35
19635,黑玉护魂长靴,purple,250000,1,35
19646,寂静灵魂长靴,purple,250000,1,35
19647,幻影死神长靴,purple,250000,1,35
19648,英勇守护长靴,purple,250000,1,35
19649,传承 : 守夜女神的玄钢长靴,purple,1500000,1,35
19650,传承 : 神圣的守夜女神玄钢长靴,purple,3000000,1,35
19651,传承 : 生命女神的钛合金长靴,purple,4000000,1,35
19652,传承 : 神圣的生命女神钛合金长靴,purple,7000000,1,35
19653,传承 : 战争女神的钛钢长靴,purple,6000000,1,35
19654,传承 : 神圣的战争女神钛钢长靴,purple,10000000,1,35
19658,赤云璧月长靴,purple,250000,1,35
19659,卡露亚的希望 - 圣日长靴,purple,400000,1,35
19660,纯白之甲 - 谐音长靴,purple,250000,1,35
19661,守护盔甲 - 蔷薇长靴,purple,250000,1,35
19662,天帷巨兽 : 赤龙板甲长靴,purple,200000,1,35
19663,天帷巨兽 : 精灵的碎魄板甲长靴,purple,200000,1,35
19664,暗黑城 : 地夕板甲长靴,purple,200000,1,35
19665,暗黑城 : 精灵的碎魄板甲长靴,purple,200000,1,35
19666,诺斯玛尔 : 赤龙板甲长靴,purple,200000,1,35
19668,传承 : 控魂女神的钛钢短靴,purple,10000000,1,35
19669,炽燃之波长靴,purple,250000,1,35
19670,圣洁勋章长靴,purple,250000,1,35
19676,光之流影战靴,purple,250000,1,35
19677,守护者的献祭战靴,purple,250000,1,35
19678,暮光信徒战靴,purple,250000,1,35
19684,传承 : 神圣的控魂女神的钛钢短靴,purple,15000000,1,35
19688,真 · 光之流影战靴,purple,500000,1,35
19689,真 · 守护者的献祭战靴,purple,500000,1,35
19690,真 · 暮光信徒战靴,purple,500000,1,35
20053,暗影之触,purple,8000000,1,35
20055,亚麻项坠,purple,200000,1,35
20060,哥布林冥骨项坠,purple,2000000,1,35
20063,幽冥黑莲项坠,purple,2000000,1,35
20067,牛头巨兽的项坠,purple,2000000,1,35
20070,班图的冰晶项坠,purple,2000000,1,35
20074,艾力斯的星芒项坠,purple,2000000,1,35
20075,玄冰碧玉项坠,purple,2000000,1,35
20078,天空之炎项坠,purple,2000000,1,35
20079,贝尔玛尔之星,purple,500000,1,35
20091,达芙妮的寒玉胸坠,purple,2500000,1,35
20092,法罗湾的珍珠项链,purple,2000000,1,35
20094,传承 : 狂暴精灵项链,purple,4000000,1,35
20095,传承 : 神圣的狂暴精灵项链,purple,5000000,1,35
20096,传承 : 玄冰精灵项坠,purple,4000000,1,35
20097,传承 : 神圣的玄冰精灵项坠,purple,5000000,1,35
20098,传承 : 极光精灵项坠,purple,4000000,1,35
20099,传承 : 神圣的极光精灵项坠,purple,5000000,1,35
20100,传承 : 灵魂审判者项坠,purple,4000000,1,35
20101,传承 : 神圣的灵魂审判者项坠,purple,5000000,1,35
20102,传承 : 斗魔命运胸坠,purple,4000000,1,35
20103,传承 : 神圣的斗魔命运胸坠,purple,5000000,1,35
20127,传承 : 幻魔精灵胸坠,purple,4000000,1,35
20128,波动之环,purple,8000000,1,35
20146,鲁贝斯项链,purple,500000,1,35
20147,传承 : 神圣的幻魔精灵胸坠,purple,5000000,1,35
20154,真 · 鲁贝斯项链,purple,500000,1,35
22050,护灵腕套,purple,500000,1,35
22052,风蚀护腕,purple,500000,1,35
22058,学者腕套,purple,3000000,1,35
22061,琥珀手镯,purple,300000,1,35
22065,墨竹手镯,purple,2500000,1,35
22068,食人魔之镯,purple,500000,1,35
22072,毒蜥之镯,purple,500000,1,35
22073,勿忘草手镯,purple,500000,1,35
22076,苍蟒手镯,purple,300000,1,35
22077,玫瑰藤手镯,purple,500000,1,35
22090,野性手链,purple,900000,1,35
22091,帕丽丝的夜袭护腕,purple,2000000,1,35
22093,传承 : 狂暴精灵护腕,purple,4000000,1,35
22094,传承 : 神圣的狂暴精灵护腕,purple,5000000,1,35
22095,传承 : 玄冰精灵手镯,purple,4000000,1,35
22096,传承 : 神圣的玄冰精灵手镯,purple,5000000,1,35
22097,传承 : 极光精灵护腕,purple,4000000,1,35
22098,传承 : 神圣的极光精灵护腕,purple,5000000,1,35
22099,传承 : 灵魂审判者之镯,purple,5000000,1,35
22100,传承 : 神圣的灵魂审判者之镯,purple,5000000,1,35
22101,传承 : 斗魔命运手链,purple,4000000,1,35
22102,传承 : 神圣的斗魔命运手链,purple,5000000,1,35
22122,传承 : 幻魔精灵手链,purple,4000000,1,35
22123,王权之镯,purple,3000000,1,35
22138,青金石手镯,purple,500000,1,35
22139,传承 : 神圣的幻魔精灵手镯,purple,5000000,1,35
22147,真 · 青金石手镯,purple,500000,1,35
24052,魔法石之戒,purple,5000000,1,35
24054,远古精灵之戒,purple,2000000,1,35
24060,剜心指环,purple,500000,1,35
24063,幽冥黑莲戒指,purple,2000000,1,35
24067,法罗湾的珍珠戒指,purple,2000000,1,35
24070,御魂之戒,purple,2000000,1,35
24074,花影之戒,purple,2000000,1,35
24075,蓝月之戒,purple,2000000,1,35
24078,血怒指环,purple,500000,1,35
24079,贤者之戒,purple,4000000,1,35
24092,罗莉安的花戒,purple,2000000,1,35
24093,冷月星云戒指,purple,500000,1,35
24095,传承 : 狂暴精灵之戒,purple,4000000,1,35
24096,传承 : 神圣的狂暴精灵之戒,purple,5000000,1,35
24097,传承 : 玄冰精灵之戒,purple,4000000,1,35
24098,传承 : 神圣的玄冰精灵之戒,purple,5000000,1,35
24099,传承 : 极光精灵之戒,purple,4000000,1,35
24100,传承 : 神圣的极光精灵之戒,purple,5000000,1,35
24101,传承 : 灵魂审判者之戒,purple,4000000,1,35
24102,传承 : 神圣的灵魂审判者之戒,purple,5000000,1,35
24103,传承 : 斗魔命运之戒,purple,4000000,1,35
24104,传承 : 神圣的斗魔命运之戒,purple,5000000,1,35
24131,传承 : 幻魔精灵之戒,purple,4000000,1,35
24132,梦幻指轮,purple,3000000,1,35
24152,奥比斯戒指,purple,500000,1,35
24153,传承 : 神圣的幻魔精灵戒指,purple,5000000,1,35
24162,真 · 奥比斯戒指,purple,500000,1,35
27013,牛头怪的血剑,purple,300000,1,35
27044,远古青铜剑,purple,300000,1,35
27045,帝国短剑,purple,300000,1,35
27051,疾风剑,purple,300000,1,35
27055,春阳融雪剑,purple,300000,1,35
27058,萨乌塔的椎骨剑,purple,300000,1,35
27062,苍月剑,purple,300000,1,35
27063,艾米丽的银妆刀,purple,300000,1,35
27066,震波剑,purple,300000,1,35
27067,丹砂剑,purple,300000,1,35
27074,蓝冰弯月剑,purple,300000,1,35
27075,圣鹰之剑,purple,300000,1,35
27077,诺顿的铸剑,purple,300000,1,35
27080,天神怒炎剑,purple,300000,1,35
27082,传承 : 银湖水仙之黑铁剑,purple,5000000,1,35
27083,传承 : 神秘的银湖水仙之黑铁剑,purple,8000000,1,35
27084,传承 : 水魔碧灵之钢剑,purple,5000000,1,35
27085,传承 : 神秘的水魔碧灵之钢剑,purple,8000000,1,35
27086,传承 : 雪魂冰魄之青铜剑,purple,5000000,1,35
27087,传承 : 炽焰天使之士兵短剑,purple,5000000,1,35
27088,传承 : 迷踪天使之波刃骨剑,purple,5000000,1,35
27089,传承 : 复魂天使之钛剑,purple,5000000,1,35
27090,传承 : 暗影精灵之哨兵侍剑,purple,5000000,1,35
27091,传承 : 玄月精灵之宽刃剑,purple,5000000,1,35
27106,远古逆袭之突刺剑,purple,3500000,1,35
27107,魔爆剑 - 卡拉博格,purple,500000,1,35
27108,传承 : 愤怒精灵之闪特剑,purple,5000000,1,35
27122,艾特兰的凝视短剑,purple,300000,1,35
27123,波动摄魔剑,purple,300000,1,35
27124,传承 : 禁锢天使的突刺剑,purple,5000000,1,35
27132,真 · 波动摄魔剑,purple,500000,1,35
27313,碧澜寒玉剑,purple,300000,1,35
27343,卫士重剑,purple,300000,1,35
27345,断水巨剑,purple,2000000,1,35
27506,千年玄铁剑,purple,300000,1,35
27509,梅丽莎的灵夕长剑,purple,300000,1,35
27513,芷云双影剑,purple,300000,1,35
27517,素喃秘影长剑,purple,300000,1,35
27518,血莲鸣凤剑,purple,300000,1,35
27522,夺命毒龙剑,purple,300000,1,35
27523,蓝月龙吟剑,purple,300000,1,35
27529,含光斩岩剑,purple,4500000,1,35
27530,青光震兽剑,purple,300000,1,35
27534,残杀者之剑,purple,4500000,1,35
27536,传承 : 银湖水仙之重剑,purple,5000000,1,35
27537,传承 : 神秘的银湖水仙之重剑,purple,8000000,1,35
27538,传承 : 水魔碧灵之双刃巨剑,purple,5000000,1,35
27539,传承 : 神秘的水魔碧灵之双刃巨剑,purple,8000000,1,35
27540,传承 : 月影天使之波刃长剑,purple,5000000,1,35
27541,传承 : 雪魂冰魄之韩瑞德长剑,purple,5000000,1,35
27542,传承 : 救赎天使之宽刃长剑,purple,5000000,1,35
27543,传承 : 飓风精灵之骑士长剑,purple,5000000,1,35
27544,传承 : 玄月精灵之雕纹巨剑,purple,5000000,1,35
27545,传承 : 冥火精灵之执刑巨剑,purple,5000000,1,35
27559,远古逆袭之战刃长剑,purple,3500000,1,35
27560,凡尔赛的幻剑,purple,300000,1,35
27561,传承 : 恐惧精灵之雕纹巨剑,purple,5000000,1,35
27573,诺米尔的毁伤巨剑,purple,300000,1,35
27574,艾鲁佛斯巨剑,purple,2000000,1,35
27575,传承 : 毒狱天使的战刃巨剑,purple,5000000,1,35
27583,真 · 诺米尔的毁伤巨剑,purple,600000,1,35
27612,紫丸,purple,500000,1,35
27643,秋叶刀,purple,300000,1,35
27644,虚祖国刀,purple,300000,1,35
27650,复仇灵魂之刀,purple,300000,1,35
27654,卡坤的小太刀,purple,300000,1,35
27657,恶鬼斩刀,purple,300000,1,35
27661,神悦,purple,300000,1,35
27662,斩龙刀,purple,300000,1,35
27665,死亡之刃,purple,500000,1,35
27666,白丸,purple,500000,1,35
27673,细雪之舞,purple,5000000,1,35
27674,赤凰战刀,purple,2500000,1,35
27678,绝刀 - 红莲天舞,purple,5000000,1,35
27680,传承 : 银湖水仙之武士刀,purple,5000000,1,35
27681,传承 : 神秘的银湖水仙之武士刀,purple,8000000,1,35
27682,传承 : 水魔碧灵之枯叶刀,purple,5000000,1,35
27683,传承 : 神秘的水魔碧灵之枯叶刀,purple,8000000,1,35
27684,传承 : 惩罚天使之短太刀,purple,5000000,1,35
27685,传承 : 月影天使之短太刀,purple,5000000,1,35
27686,传承 : 救赎天使之节刀,purple,5000000,1,35
27687,传承 : 复魂天使之月华刀,purple,5000000,1,35
27688,传承 : 玄月精灵之梅轩刀,purple,5000000,1,35
27689,传承 : 暗影精灵之大蛇刀,purple,5000000,1,35
27704,远古逆袭之净化太刀,purple,5000000,1,35
27705,闪刀 - 斩影刃,purple,500000,1,35
27706,传承 : 风影精灵之影虎刀,purple,5000000,1,35
27721,赤柳血刀,purple,300000,1,35
27722,阿贝托的银光刀,purple,300000,1,35
27723,传承 : 暴风天使的石化太刀,purple,5000000,1,35
27731,真 · 赤柳血刀,purple,500000,1,35
27913,葡萄藤槌,purple,800000,1,35
27943,火焰楠木棒,purple,800000,1,35
27944,修士橡木棒,purple,250000,1,35
27950,定神棒,purple,800000,1,35
27954,强袭者之棒,purple,800000,1,35
27957,空骨鱼巨棒,purple,800000,1,35
27961,猛毒爪牙棒,purple,800000,1,35
27962,千年玄铁棒,purple,800000,1,35
27965,炙焰巨棒,purple,800000,1,35
27966,萨乌塔的战斧柄,purple,500000,1,35
27973,毒蛟钉头槌,purple,800000,1,35
27974,千年橡木槌,purple,800000,1,35
27978,掩日困魂槌,purple,800000,1,35
27980,传承 : 银湖水仙之短木棒,purple,5000000,1,35
27981,传承 : 神秘的银湖水仙之短木棒,purple,8000000,1,35
27982,传承 : 水魔碧灵之木槌,purple,5000000,1,35
27983,传承 : 神秘的水魔碧灵之木槌,purple,8000000,1,35
27984,传承 : 炽焰天使之钉头槌,purple,5000000,1,35
27985,传承 : 惩罚天使之紫杉棒,purple,5000000,1,35
27986,传承 : 飓风精灵之紫杉棒,purple,5000000,1,35
27987,传承 : 迷踪天使之碎骨棒,purple,5000000,1,35
27988,传承 : 冥火精灵之龙骨棒,purple,5000000,1,35
27989,传承 : 暗影精灵之巨人槌,purple,5000000,1,35
28004,远古逆袭之金碎棒,purple,3500000,1,35
28005,罗丹的雕塑方锤,purple,300000,1,35
28006,传承 : 愤怒精灵之龙骨棒,purple,5000000,1,35
28017,生命之复苏重锤,purple,300000,1,35
28018,残杀者巨棒,purple,250000,1,35
28019,传承 : 破坏天使的碎金棒,purple,5000000,1,35
28027,真 · 生命之复苏重锤,purple,500000,1,35
28227,蓝星烁芒剑,purple,300000,1,35
28231,极光剑,purple,300000,1,35
28235,列特的疾影剑,purple,300000,1,35
28239,碧影凝光剑,purple,2000000,1,35
28246,蛇眼极光剑,purple,2000000,1,35
28247,邪芒夺目剑,purple,300000,1,35
28251,圣愈光剑,purple,300000,1,35
28254,万仞圣光剑,purple,8000000,1,35
28257,传承 : 神秘的水魔碧之莹光剑,purple,8000000,1,35
28258,传承 : 雪魂冰魄之卤素光剑,purple,5000000,1,35
28259,传承 : 炽焰天使之骑兵光剑,purple,5000000,1,35
28260,传承 : 幻象天使之光影剑,purple,5000000,1,35
28261,传承 : 救赎天使之玄磁光剑,purple,5000000,1,35
28262,传承 : 冥火精灵之寒光剑,purple,5000000,1,35
28263,传承 : 玄冰精灵之朱诺星剑,purple,5000000,1,35
28274,远古逆袭之凝光剑,purple,5000000,1,35
28275,克莱尔之颤光剑,purple,300000,1,35
28276,传承 : 极炎精灵之光影剑,purple,5000000,1,35
28288,闪耀之传说光剑,purple,300000,1,35
28289,愤怒光剑,purple,2000000,1,35
28290,传承 : 守望天使的凝光剑,purple,5000000,1,35
28298,真 · 闪耀之传说光剑,purple,600000,1,35
29015,玄光手套,purple,300000,1,35
29046,祭祀手套,purple,500000,1,35
29048,啮齿手套,purple,300000,1,35
29053,十夫长的手套,purple,300000,1,35
29057,潘利尔的皮手套,purple,300000,1,35
29060,玄铁手套,purple,300000,1,35
29064,角斗士手套,purple,300000,1,35
29065,炽灵手套,purple,300000,1,35
29068,天璇手套,purple,300000,1,35
29069,闪灵手套,purple,300000,1,35
29076,巨熊指虎,purple,5000000,1,35
29077,蜘蛛指虎,purple,500000,1,35
29081,苍蟒手套,purple,3500000,1,35
29083,传承 : 银湖水仙之手套,purple,5000000,1,35
29084,传承 : 神秘的银湖水仙之手套,purple,8000000,1,35
29085,传承 : 水魔碧灵之铁指虎,purple,5000000,1,35
29086,传承 : 神秘的水魔碧灵之铁指虎,purple,8000000,1,35
29087,传承 : 雪魂冰魄之碎骨手套,purple,5000000,1,35
29088,传承 : 炽焰天使之碎骨手套,purple,5000000,1,35
29089,传承 : 复魂天使之锁甲手套,purple,5000000,1,35
29090,传承 : 劫风精灵之纱绒手套,purple,5000000,1,35
29091,传承 : 冥火精灵之紫铜手套,purple,5000000,1,35
29092,传承 : 暗影精灵之格斗手套,purple,5000000,1,35
29107,远古逆袭之战争手套,purple,3500000,1,35
29108,勇气之祈求者,purple,5000000,1,35
29109,传承 : 雷谴精灵之纱绒手套,purple,5000000,1,35
29124,死亡暴风手套,purple,300000,1,35
29125,合气之组合手套,purple,300000,1,35
29126,传承 : 暴风天使的搏击手套,purple,5000000,1,35
29134,真 · 死亡暴风手套,purple,600000,1,35
29313,蓝绸臂铠,purple,500000,1,35
29345,猛虎臂铠,purple,5000000,1,35
29347,火魔臂铠,purple,5000000,1,35
29355,远古逆袭之战争臂铠,purple,5000000,1,35
29356,哈拜利的炽热臂铠,purple,800000,1,35
29357,传承 : 愤怒精灵之战争臂铠,purple,5000000,1,35
29368,千足臂铠,purple,250000,1,35
29369,凯吉斯臂铠,purple,800000,1,35
29370,传承 : 雷霆天使的战争臂铠,purple,5000000,1,35
29378,真 · 千足臂铠,purple,600000,1,35
29613,毒蝎之爪,purple,300000,1,35
29643,猫妖骨爪,purple,800000,1,35
29645,虎影铁爪,purple,250000,1,35
29650,凯诺的骨爪,purple,800000,1,35
29654,汲血爪,purple,300000,1,35
29657,沙暴之影,purple,800000,1,35
29661,死神暗影爪,purple,300000,1,35
29662,克洛库的利爪,purple,500000,1,35
29665,血玫瑰之刺,purple,800000,1,35
29666,卑劣的意志,purple,3500000,1,35
29673,玄狐之爪,purple,800000,1,35
29674,缚咒之爪,purple,500000,1,35
29678,旋风爪,purple,300000,1,35
29680,传承 : 银湖水仙之骨爪,purple,5000000,1,35
29681,传承 : 神秘的银湖水仙之骨爪,purple,8000000,1,35
29682,传承 : 水魔碧灵之铁皮爪,purple,5000000,1,35
29683,传承 : 神秘的水魔碧灵之铁皮爪,purple,8000000,1,35
29684,传承 : 炽焰天使之碧玉爪,purple,5000000,1,35
29685,传承 : 惩罚天使之野人骨爪,purple,5000000,1,35
29686,传承 : 救赎天使之玄铁爪,purple,5000000,1,35
29687,传承 : 迷踪天使之猎人爪,purple,5000000,1,35
29688,传承 : 玄月精灵之合金爪,purple,5000000,1,35
29689,传承 : 玄冰精灵之尖爪,purple,5000000,1,35
29705,远古逆袭之钉头爪,purple,3500000,1,35
29706,诡谲欺诈者,purple,500000,1,35
29707,传承 : 极炎精灵之野人骨爪,purple,5000000,1,35
29719,战栗之爪,purple,300000,1,35
29720,邪灵狼牙爪,purple,300000,1,35
29721,传承 : 守望天使的钉头爪,purple,5000000,1,35
29729,真 · 战栗之爪,purple,600000,1,35
29943,墨竹东方棍,purple,800000,1,35
29945,巨人东方棍,purple,500000,1,35
29948,碧玉东方棍,purple,300000,1,35
29951,鹤落东方棍,purple,300000,1,35
29955,山魂之棍,purple,300000,1,35
29958,咆哮者之棍,purple,300000,1,35
29962,紫云犀角棍,purple,300000,1,35
29963,闪雷之棍,purple,300000,1,35
29966,黑石雷鸣棍,purple,300000,1,35
29967,炎狱凤翼棍,purple,2000000,1,35
29974,地狱暗炎棍,purple,2000000,1,35
29975,怨灵夺命棍,purple,800000,1,35
29979,龙影皓月棍,purple,800000,1,35
29981,传承 : 银湖水仙之东方棍,purple,5000000,1,35
29982,传承 : 神秘的银湖水仙之东方棍,purple,8000000,1,35
29983,传承 : 水魔碧灵之东方棍,purple,5000000,1,35
29984,传承 : 神秘的水魔灵碧之东方棍,purple,8000000,1,35
29985,传承 ：月影天使之东方棍,purple,5000000,1,35
29986,传承 ：雪魂冰魄之琉璃东方棍,purple,5000000,1,35
29987,传承 : 迷踪天使之耐热东方棍,purple,5000000,1,35
29988,传承 : 救赎天使之紫铜东方棍,purple,5000000,1,35
29989,传承 : 暗影精灵之钉头东方棍,purple,5000000,1,35
29990,传承 : 玄冰精灵之格斗东方棍,purple,5000000,1,35
30003,远古逆袭之黄雾东方棍,purple,3500000,1,35
30004,罪孽破坏者,purple,5000000,1,35
30005,传承 : 恐惧精灵之钉头东方棍,purple,5000000,1,35
30015,虎钳东方棍,purple,300000,1,35
30016,天袭东方棍,purple,500000,1,35
30017,传承 : 破坏天使的黄雾东方棍,purple,5000000,1,35
30025,真 · 虎钳东方棍,purple,600000,1,35
30226,紫红梦魇拳套,purple,2000000,1,35
30233,圣武幻象拳套,purple,300000,1,35
30237,贤者拳套,purple,2000000,1,35
30238,狂沙侵袭拳套,purple,2000000,1,35
30244,圣痕拳套,purple,800000,1,35
30245,风影醉魔拳套,purple,800000,1,35
30249,极光拳套,purple,3500000,1,35
30251,碧影拳套,purple,2000000,1,35
30255,传承 : 神秘的水魔碧灵之拳套,purple,8000000,1,35
30256,传承 : 雪魂冰魄之格斗拳套,purple,5000000,1,35
30257,传承 : 月影天使之东方拳套,purple,5000000,1,35
30258,传承 : 幻象天使之墨石拳套,purple,5000000,1,35
30259,传承 : 幻象天使之青龙拳套,purple,5000000,1,35
30260,传承 ：暗影精灵之雄狮拳套,purple,5000000,1,35
30261,传承 ：冥火精灵之雄狮拳套,purple,5000000,1,35
30273,远古逆袭之卡其布拳套,purple,3500000,1,35
30274,杀人蜂,purple,3000000,1,35
30275,传承 : 雷谴精灵之青龙拳套,purple,5000000,1,35
30283,毒之凝视拳套,purple,300000,1,35
30284,霉菌拳套,purple,2000000,1,35
30285,传承 : 雷霆天使的的赫恩斯拳套,purple,5000000,1,35
30293,真 · 毒之凝视拳套,purple,600000,1,35
31032,柯尔特No3 - 大口径左轮,purple,500000,1,35
31045,惩罚者,purple,500000,1,35
31047,柯尔特军用左轮枪,purple,500000,1,35
31052,柯尔特 - 火蛇,purple,500000,1,35
31056,柯尔特 - 黑钻玄芒,purple,800000,1,35
31059,柯尔特MK3 - 骑兵,purple,500000,1,35
31063,柯尔特 - 猎鹰,purple,500000,1,35
31064,柯尔特MK5 - 狂蟒,purple,500000,1,35
31068,柯尔特 - 和平悍卫者,purple,500000,1,35
31069,柯尔特MK5 - 眼镜蛇王,purple,500000,1,35
31075,速射左轮枪,purple,300000,1,35
31076,狂暴左轮枪,purple,500000,1,35
31080,狩猎之王,purple,500000,1,35
31082,传承 : 银湖水仙之左轮枪,purple,5000000,1,35
31083,传承 : 神秘的银湖水仙之左轮枪,purple,8000000,1,35
31084,传承 : 水魔碧灵之左轮枪,purple,5000000,1,35
31085,传承 : 神秘的水魔碧灵之左轮枪,purple,8000000,1,35
31086,传承 : 雪魂冰魄之左轮枪,purple,5000000,1,35
31087,传承 : 月影天使之左轮枪,purple,5000000,1,35
31088,传承 : 幻象天使之老式左轮枪,purple,5000000,1,35
31089,传承 : 劫风精灵之微型左轮,purple,5000000,1,35
31090,传承 : 冥火精灵之转轮手枪,purple,5000000,1,35
31091,传承 : 玄冰精灵之窄口左轮枪,purple,5000000,1,35
31107,远古逆袭之威洛左轮枪,purple,5000000,1,35
31108,海神之魂,purple,500000,1,35
31109,传承 : 雷谴精灵之德克左轮枪,purple,5000000,1,35
31119,冰焰左轮枪,purple,500000,1,35
31120,海之女神左轮枪,purple,500000,1,35
31121,传承 : 寒冰天使的威洛左轮枪,purple,5000000,1,35
31129,真 · 冰焰左轮枪,purple,600000,1,35
31331,伯格曼 - 1897,purple,300000,1,35
31343,极速手枪,purple,300000,1,35
31345,柯尔特自动手枪,purple,300000,1,35
31350,马卡罗 - PM,purple,300000,1,35
31354,毛瑟枪 - C96,purple,300000,1,35
31357,怨灵 - 22,purple,300000,1,35
31361,毛瑟枪 - 77,purple,300000,1,35
31362,冰焰 - P226,purple,300000,1,35
31365,CZ75,purple,300000,1,35
31366,疾射 - K5,purple,300000,1,35
31373,沙漠风暴,purple,500000,1,35
31374,斯巴达斯 - 诅咒,purple,500000,1,35
31378,闪灵手枪,purple,300000,1,35
31380,传承 : 银湖水仙之自动手枪,purple,5000000,1,35
31381,传承 : 神秘的银湖水仙之自动手枪,purple,8000000,1,35
31382,传承 : 水魔碧灵之自动手枪,purple,5000000,1,35
31383,传承 : 神秘的水魔碧灵之自动手枪,purple,8000000,1,35
31384,传承 : 雪魂冰魄之自动手枪,purple,5000000,1,35
31385,传承 : 炽焰天使新式手枪,purple,5000000,1,35
31386,传承 : 守护天使之飞翼手枪,purple,5000000,1,35
31387,传承 : 黑暗天使之雷鸣手枪,purple,5000000,1,35
31388,传承 : 玄月精灵之防震手枪,purple,5000000,1,35
31389,传承 : 暗影精灵之阿提手枪,purple,5000000,1,35
31403,远古逆袭之冰感手枪,purple,3500000,1,35
31404,弗伯斯,purple,500000,1,35
31405,传承 : 极炎精灵之自动手枪,purple,5000000,1,35
31416,罗斯韦森手枪,purple,300000,1,35
31417,战神之子手枪,purple,300000,1,35
31418,传承 : 禁锢天使的冰感手枪,purple,5000000,1,35
31426,真 · 罗斯韦森手枪,purple,600000,1,35
31630,双影手弩,purple,500000,1,35
31642,苍蟒手弩,purple,500000,1,35
31643,警备手弩,purple,500000,1,35
31649,天界战弩,purple,500000,1,35
31653,神赐十字弩,purple,500000,1,35
31656,双翼之弩,purple,500000,1,35
31660,鹰眼短弩,purple,500000,1,35
31661,紫色诅咒,purple,500000,1,35
31664,七星连射弩,purple,500000,1,35
31665,银色三角弩,purple,500000,1,35
31670,惊魂手弩,purple,500000,1,35
31671,毒咒手弩,purple,500000,1,35
31676,悲鸣战弩,purple,500000,1,35
31678,传承 : 银湖水仙之长弩,purple,5000000,1,35
31679,传承 : 神秘的银湖水仙之长弩,purple,8000000,1,35
31680,传承 : 水魔碧灵之重弩,purple,5000000,1,35
31681,传承 : 神秘的水魔碧灵之重弩,purple,8000000,1,35
31682,传承 : 炽焰天使之速射手弩,purple,5000000,1,35
31683,传承 : 雪魂冰魄之军用手弩,purple,5000000,1,35
31684,传承 : 救赎天使之土着手弩,purple,5000000,1,35
31685,传承 : 智慧天使之狩猎弩,purple,5000000,1,35
31686,传承 : 冥火精灵之斯卡手弩,purple,5000000,1,35
31687,传承 : 玄月精灵之斯卡手弩,purple,5000000,1,35
31701,远古逆袭之黑雀弩,purple,3500000,1,35
31702,猩红之眸,purple,500000,1,35
31703,传承 : 雷谴精灵之速射弩,purple,5000000,1,35
31713,不列颠毒弩,purple,300000,1,35
31714,海神之子手弩,purple,800000,1,35
31715,传承 : 守望天使的黑雀弩,purple,5000000,1,35
31723,真 · 不列颠毒弩,purple,500000,1,35
31931,军用小口径步枪,purple,500000,1,35
31943,野战步枪,purple,500000,1,35
31944,军官步枪,purple,500000,1,35
31950,千年玄铁步枪,purple,2000000,1,35
31954,青龙,purple,800000,1,35
31957,落星,purple,500000,1,35
31961,烟雾突击步枪,purple,500000,1,35
31965,灵狐之火,purple,500000,1,35
31971,异域护卫步枪,purple,300000,1,35
31972,虚影骑士,purple,500000,1,35
31977,独眼狂蟒,purple,800000,1,35
31980,传承 : 银湖水仙之燧发枪,purple,5000000,1,35
31981,传承 : 神秘的银湖水仙之燧发枪,purple,8000000,1,35
31982,传承 : 水魔碧灵之小口径步枪,purple,5000000,1,35
31983,传承 : 神秘的水魔碧灵之小口径步枪,purple,8000000,1,35
31984,传承 : 惩罚天使之步枪,purple,5000000,1,35
31985,传承 : 炽焰天使之步枪,purple,5000000,1,35
31986,传承 : 飓风精灵之老式猎枪,purple,5000000,1,35
31987,传承 : 复魂天使之狙击步枪,purple,5000000,1,35
31988,传承 : 光之精灵之军用步枪,purple,5000000,1,35
31989,传承 : 玄冰精灵之军用步枪,purple,5000000,1,35
31998,远古逆袭之火统,purple,3500000,1,35
31999,天之守护者,purple,500000,1,35
32000,传承 : 愤怒精灵之燧发枪,purple,5000000,1,35
32010,天王星守护者,purple,500000,1,35
32011,亥伯龙神,purple,500000,1,35
32012,传承 : 圣击天使的火统,purple,5000000,1,35
32020,真 · 天王星守护者,purple,500000,1,35
32230,勇士战炮,purple,500000,1,35
32242,强力手炮,purple,500000,1,35
32243,奇袭小鬼炮,purple,500000,1,35
32249,暗影佣兵,purple,500000,1,35
32253,炙炎手炮,purple,500000,1,35
32256,光电手炮,purple,500000,1,35
32260,冰爆手炮,purple,500000,1,35
32261,君威手炮,purple,500000,1,35
32264,尼克尔激光手炮,purple,500000,1,35
32265,机械驱逐者,purple,500000,1,35
32272,铀弹手炮,purple,500000,1,35
32273,梦魇汲魂手炮,purple,2000000,1,35
32277,致命猎手,purple,500000,1,35
32279,传承 : 银湖水仙之重手炮,purple,5000000,1,35
32280,传承 : 神秘的银湖水仙之重手炮,purple,8000000,1,35
32281,传承 : 水魔碧灵之虚祖手炮,purple,5000000,1,35
32282,传承 : 神秘的水魔碧灵之虚祖手炮,purple,8000000,1,35
32283,传承 : 月影天使之伊顿手炮,purple,5000000,1,35
32284,传承 : 惩罚天使之皇都军用手炮,purple,5000000,1,35
32285,传承 : 极光天使之巨型手炮,purple,5000000,1,35
32286,传承 : 幻象天使之超能手炮,purple,5000000,1,35
32287,传承 : 玄冰精灵之合金手炮,purple,5000000,1,35
32288,传承 : 暗影精灵之火焰喷射器,purple,5000000,1,35
32300,远古逆袭之火焰喷射器,purple,3500000,1,35
32301,钢之月牙,purple,500000,1,35
32302,传承 : 恐惧精灵之合金手炮,purple,5000000,1,35
32315,瘫痪手炮,purple,500000,1,35
32316,忒提丝手炮,purple,300000,1,35
32317,传承 : 守望天使的袖珍手炮,purple,5000000,1,35
32327,真 · 忒提丝手炮,purple,600000,1,35
33022,巨蟒长矛,purple,300000,1,35
33023,青铜长矛,purple,300000,1,35
33025,银光长矛,purple,300000,1,35
33026,腾龙长矛,purple,300000,1,35
33028,弯月蛇矛,purple,250000,1,35
33029,赤月长矛,purple,300000,1,35
33031,鲁卡斯的逐日戟,purple,250000,1,35
33032,玄光双刃戟,purple,250000,1,35
33033,圣光战矛,purple,250000,1,35
33034,海神三叉戟,purple,250000,1,35
33039,断魂战矛,purple,250000,1,35
33041,落日穿云矛,purple,250000,1,35
33044,传承 : 银湖水仙之精铁长矛,purple,5000000,1,35
33045,传承 : 神秘的银湖水仙之精铁长矛,purple,8000000,1,35
33046,传承 : 水魔碧灵之战矛,purple,5000000,1,35
33047,传承 : 神秘的水魔碧灵之战矛,purple,8000000,1,35
33048,传承 : 雪魂冰魄之三叉戟,purple,5000000,1,35
33049,传承 : 炽焰天使之三叉戟,purple,5000000,1,35
33050,传承 : 救赎天使之蛇矛,purple,5000000,1,35
33051,传承 : 黑暗天使之蛇矛,purple,5000000,1,35
33052,传承 : 暗影精灵之战戟,purple,5000000,1,35
33053,传承 : 玄冰精灵之战戟,purple,5000000,1,35
33067,远古逆袭之蝎子长矛,purple,3500000,1,35
33068,瘟疫之矛,purple,250000,1,35
33069,传承 : 恐惧精灵之逐日戟,purple,5000000,1,35
33083,冰河之矛,purple,250000,1,35
33084,尖尾蛇矛,purple,250000,1,35
33085,传承 : 破坏天使的蝎尾矛,purple,5000000,1,35
33093,真 · 冰河之矛,purple,500000,1,35
33322,狼牙棍,purple,300000,1,35
33323,追风棍,purple,300000,1,35
33325,逆风棍,purple,300000,1,35
33326,银月棍,purple,300000,1,35
33328,裂空棍,purple,300000,1,35
33329,血狱战棍,purple,2000000,1,35
33331,雀舞棍,purple,300000,1,35
33332,残月棍,purple,2000000,1,35
33333,疾风棍,purple,300000,1,35
33334,落龙棍,purple,300000,1,35
33339,修多棍,purple,300000,1,35
33341,汲魂棍,purple,300000,1,35
33345,传承 : 银湖水仙之长棍,purple,5000000,1,35
33346,传承 : 神秘的银湖水仙之长棍,purple,8000000,1,35
33347,传承 : 水魔碧灵之琥珀长棍,purple,5000000,1,35
33348,传承 : 神秘的水魔碧灵之琥珀长棍,purple,8000000,1,35
33349,传承 : 惩罚天使之玄铁棍,purple,5000000,1,35
33350,传承 : 雪魂冰魄之银制长棍,purple,5000000,1,35
33351,传承 : 飓风精灵之黄金长棍,purple,5000000,1,35
33352,传承 : 劫风精灵之白金长棍,purple,5000000,1,35
33353,传承 : 冥火精灵之水晶长棍,purple,5000000,1,35
33354,传承 : 玄月精灵之水晶长棍,purple,5000000,1,35
33371,远古逆袭之厄特尔长棍,purple,3500000,1,35
33372,蛟龙棍,purple,300000,1,35
33373,传承 : 极炎精灵之秘银长棍,purple,5000000,1,35
33388,血幽灵长棍,purple,300000,1,35
33389,青玉战棍,purple,300000,1,35
33390,传承 : 毒狱天使的厄特尔棍,purple,5000000,1,35
33398,真 · 血幽灵长棍,purple,600000,1,35
33622,桃木魔杖,purple,300000,1,35
33623,银蛇魔杖,purple,500000,1,35
33625,塞仑的龙骨魔杖,purple,800000,1,35
33626,离火魔杖,purple,300000,1,35
33628,花神魔杖,purple,500000,1,35
33629,GBL教的祭祀魔杖,purple,500000,1,35
33631,玄水魔杖,purple,500000,1,35
33632,紫心魔杖,purple,500000,1,35
33633,雷光魔杖,purple,500000,1,35
33634,元素魔杖,purple,500000,1,35
33639,冰灵魔杖,purple,500000,1,35
33641,幽灵魔杖,purple,500000,1,35
33645,传承 : 银湖水仙之魔杖,purple,5000000,1,35
33646,传承 : 神秘的银湖水仙之魔杖,purple,8000000,1,35
33647,传承 : 水魔碧灵之魔杖,purple,5000000,1,35
33648,传承 : 神秘的水魔碧灵之魔杖,purple,8000000,1,35
33649,传承 : 炽焰天使之玄铁魔杖,purple,5000000,1,35
33650,传承 : 雪魂冰魄之银制魔杖,purple,5000000,1,35
33651,传承 : 极光天使之黄金魔杖,purple,5000000,1,35
33652,传承 : 守护天使之白金魔杖,purple,5000000,1,35
33653,传承 : 玄月精灵之水晶魔杖,purple,5000000,1,35
33654,传承 : 暗影精灵之水晶魔杖,purple,5000000,1,35
33667,远古逆袭之厄特尔魔杖,purple,3500000,1,35
33668,奥利亚斯之杖,purple,800000,1,35
33669,传承 : 雷谴精灵之白金魔杖,purple,5000000,1,35
33683,守护者魔杖,purple,300000,1,35
33684,变形魔杖,purple,500000,1,35
33685,传承 : 圣击天使的厄特尔魔杖,purple,5000000,1,35
33693,真 · 守护者魔杖,purple,600000,1,35
33923,栗木法杖,purple,300000,1,35
33924,紫铜法杖,purple,300000,1,35
33926,唤灵法杖,purple,300000,1,35
33927,穿云法杖,purple,300000,1,35
33929,惩恶法杖,purple,300000,1,35
33930,禁锢法杖,purple,300000,1,35
33932,魔斗士法杖,purple,300000,1,35
33933,葡萄藤法杖,purple,300000,1,35
33934,元素法杖,purple,300000,1,35
33935,幽灵法杖,purple,300000,1,35
33940,邪念法杖,purple,300000,1,35
33942,混沌法杖,purple,300000,1,35
33946,传承 : 银湖水仙之法杖,purple,5000000,1,35
33947,传承 : 神秘的银湖水仙之法杖,purple,8000000,1,35
33948,传承 : 水魔碧灵之法杖,purple,5000000,1,35
33949,传承 : 神秘的水魔碧灵之法杖,purple,8000000,1,35
33950,传承 : 惩罚天使之玄铁法杖,purple,5000000,1,35
33951,传承 : 月影天使之银制法杖,purple,5000000,1,35
33952,传承 : 复魂天使之黄金法杖,purple,5000000,1,35
33953,传承 : 劫风精灵之白金法杖,purple,5000000,1,35
33954,传承 : 玄冰精灵之水晶法杖,purple,5000000,1,35
33955,传承 : 冥火精灵之水晶法杖,purple,5000000,1,35
33969,远古逆袭之厄特尔法杖,purple,3500000,1,35
33970,巴尔巴托斯,purple,500000,1,35
33971,传承 : 愤怒精灵之秘银法杖,purple,5000000,1,35
33981,铁铝石法杖,purple,300000,1,35
33982,浅绿之月法杖,purple,300000,1,35
33983,帕菲斯兄弟之杖,purple,5000000,1,35
33984,传承 : 雷霆天使的厄特尔法杖,purple,5000000,1,35
33992,真 · 浅绿之月法杖,purple,600000,1,35
34214,格拉卡的魔法扫把,purple,300000,1,35
34215,人偶师的清洁扫把,purple,300000,1,35
34216,人偶师的火炉扫把,purple,300000,1,35
34217,汲血扫把,purple,300000,1,35
34218,伟大的蓝色扫把,purple,300000,1,35
34219,夜息黑莲,purple,500000,1,35
34220,罗丁的触须,purple,3000000,1,35
34221,班图的净雪扫把,purple,300000,1,35
34222,疯狂盗贼的暗影扫把,purple,300000,1,35
34227,人偶师的屋顶清洁扫把,purple,300000,1,35
34228,人偶师的地下室清洁扫把,purple,300000,1,35
34229,暗影汲血扫把,purple,300000,1,35
34230,伟大的蓝色真理扫把,purple,300000,1,35
34231,天照黑莲扫把,purple,300000,1,35
34232,晨露黑莲扫把,purple,300000,1,35
34233,炽焰黑莲扫把,purple,300000,1,35
34234,疯狂盗贼的晨曦扫把,purple,300000,1,35
34235,传承 : 神秘的水魔碧灵之玉竹扫把,purple,8000000,1,35
34236,传承 : 雪魂冰魄之魔法扫把,purple,5000000,1,35
34237,传承 : 月影天使之长柄扫把,purple,5000000,1,35
34238,传承 : 劫风精灵之羽绒扫把,purple,5000000,1,35
34239,传承 : 智慧天使之赤铜扫把,purple,5000000,1,35
34240,传承 : 冥火精灵之强风扫把,purple,5000000,1,35
34241,传承 : 玄冰精灵之魔女扫把,purple,5000000,1,35
34245,远古逆袭之飞行扫把,purple,3500000,1,35
34246,幻影之绝杀,purple,500000,1,35
34247,传承 : 雷谴精灵之长柄扫把,purple,5000000,1,35
34262,千丝扫把,purple,300000,1,35
34263,蚕丝扫把,purple,300000,1,35
34264,传承 : 守望天使的飞行扫把,purple,5000000,1,35
34272,真 · 千丝扫把,purple,600000,1,35
35023,黑茶木十字架,purple,300000,1,35
35024,蓝晶十字架,purple,300000,1,35
35025,圣光十字架,purple,2000000,1,35
35026,火焰十字架,purple,300000,1,35
35027,冰晶十字架,purple,300000,1,35
35028,魔纹十字架,purple,300000,1,35
35029,正义守护十字架,purple,300000,1,35
35030,玄光十字架,purple,300000,1,35
35032,雷米迪亚的十字架,purple,300000,1,35
35033,永恒的圣灵十字架,purple,300000,1,35
35035,神赐十字架,purple,300000,1,35
35036,罗什巴赫家传十字架,purple,300000,1,35
35038,夜翼十字架,purple,300000,1,35
35039,圣洁天使十字架,purple,300000,1,35
35043,传承 : 银湖水仙之十字架,purple,5000000,1,35
35044,传承 : 神秘的银湖水仙之十字架,purple,8000000,1,35
35045,传承 : 水魔碧灵之十字架,purple,5000000,1,35
35046,传承 : 神秘的水魔碧灵之十字架,purple,8000000,1,35
35047,传承 : 惩罚天使之十字架,purple,5000000,1,35
35048,传承 : 月影天使之十字架,purple,5000000,1,35
35049,传承 : 救赎天使之十字架,purple,5000000,1,35
35050,传承 : 复魂天使之十字架,purple,5000000,1,35
35051,传承 : 玄月精灵之十字架,purple,5000000,1,35
35052,传承 : 暗影精灵之十字架,purple,5000000,1,35
35066,远古逆袭之厄特尔十字架,purple,3500000,1,35
35067,天使之护十字架,purple,300000,1,35
35068,传承 : 极炎精灵之白金十字架,purple,5000000,1,35
35080,荣誉十字架,purple,300000,1,35
35081,光泽十字架,purple,300000,1,35
35082,传承 : 寒冰天使的厄特尔十字架,purple,5000000,1,35
35090,真 · 荣誉十字架,purple,600000,1,35
35322,白鹭念珠,purple,300000,1,35
35323,佛光念珠,purple,300000,1,35
35324,辟邪念珠,purple,300000,1,35
35325,鹤鸣念珠,purple,300000,1,35
35326,水月念珠,purple,300000,1,35
35327,守护之治国天珠,purple,500000,1,35
35328,正义之多闻天珠,purple,500000,1,35
35329,红莲念珠,purple,300000,1,35
35331,灭绝之广目天珠,purple,500000,1,35
35332,苍雷连珠,purple,500000,1,35
35334,苏醒之僧奘天珠,purple,500000,1,35
35335,暗黑邪珠,purple,500000,1,35
35337,苍穹之帝释天珠,purple,500000,1,35
35338,凤凰之眼,purple,500000,1,35
35341,传承 : 银湖水仙之念珠,purple,5000000,1,35
35342,传承 : 神秘的银湖水仙之念珠,purple,8000000,1,35
35343,传承 : 水魔碧灵之念珠,purple,5000000,1,35
35344,传承 : 神秘的水魔碧灵之念珠,purple,8000000,1,35
35345,传承 : 雪魂冰魄之念珠,purple,5000000,1,35
35346,传承 : 炽焰天使之念珠,purple,5000000,1,35
35347,传承 : 迷踪天使之念珠,purple,5000000,1,35
35348,传承 : 复魂天使之念珠,purple,5000000,1,35
35349,传承 : 暗影精灵之念珠,purple,5000000,1,35
35350,传承 : 玄月精灵之念珠,purple,5000000,1,35
35362,远古逆袭之厄特尔念珠,purple,3500000,1,35
35363,审判之电光天珠,purple,500000,1,35
35364,传承 : 雷谴精灵之白金念珠,purple,5000000,1,35
35375,骷髅念珠,purple,300000,1,35
35376,祈祷念珠,purple,300000,1,35
35377,传承 : 毒狱天使的厄特尔念珠,purple,5000000,1,35
35385,真 · 骷髅念珠,purple,600000,1,35
35622,杏木图腾,purple,300000,1,35
35623,暗夜图腾,purple,2000000,1,35
35624,狼神图腾,purple,300000,1,35
35625,净风图腾,purple,300000,1,35
35626,地精灵图腾,purple,300000,1,35
35627,落星图腾,purple,300000,1,35
35628,精灵的庇佑图腾,purple,300000,1,35
35629,狂龙图腾,purple,300000,1,35
35631,冰凌图腾,purple,300000,1,35
35632,幽冥鬼火图腾,purple,300000,1,35
35634,飓风图腾,purple,300000,1,35
35635,荒野精灵图腾,purple,300000,1,35
35637,大地女神图腾,purple,300000,1,35
35638,暴风雨神图腾,purple,300000,1,35
35641,传承 : 银湖水仙之图腾,purple,5000000,1,35
35642,传承 : 神秘的银湖水仙之图腾,purple,8000000,1,35
35643,传承 : 水魔碧灵之图腾,purple,5000000,1,35
35644,传承 : 神秘的水魔碧灵之图腾,purple,8000000,1,35
35645,传承 : 炽焰天使之图腾,purple,5000000,1,35
35646,传承 : 惩罚天使之图腾,purple,5000000,1,35
35647,传承 : 飓风精灵之图腾,purple,5000000,1,35
35648,传承 : 迷踪天使之图腾,purple,5000000,1,35
35649,传承 : 冥火精灵之图腾,purple,5000000,1,35
35650,传承 : 暗影精灵之图腾,purple,5000000,1,35
35662,远古逆袭之天兔图腾,purple,3500000,1,35
35663,破裂幻影图腾,purple,300000,1,35
35664,传承 : 愤怒精灵之沃克族图腾,purple,5000000,1,35
35677,极限之力图腾,purple,300000,1,35
35678,疾风图腾,purple,300000,1,35
35679,传承 : 雷霆天使的天兔图腾,purple,5000000,1,35
35687,真 · 极限之力图腾,purple,600000,1,35
35922,黑桃木镰刀,purple,300000,1,35
35923,堕落天使战镰,purple,300000,1,35
35924,恶毒之镰,purple,500000,1,35
35925,镇魂钩镰,purple,500000,1,35
35926,死神之镰,purple,500000,1,35
35927,异灵钩镰,purple,500000,1,35
35928,献祭战镰,purple,300000,1,35
35929,蓝芒巨镰,purple,500000,1,35
35931,猎魂战镰,purple,300000,1,35
35932,幽冥黑莲战镰,purple,300000,1,35
35934,暗王战镰,purple,300000,1,35
35935,地狱公爵战镰,purple,300000,1,35
35937,雷霆战镰,purple,300000,1,35
35938,复仇者之镰,purple,500000,1,35
35948,远古逆袭之斩首镰,purple,3500000,1,35
35951,罪恶之斩首镰,purple,500000,1,35
35952,传承 : 银湖水仙之钩镰,purple,5000000,1,35
35953,传承 : 神秘的银湖水仙之钩镰,purple,8000000,1,35
35954,传承 : 水魔碧灵之鹤嘴镰,purple,5000000,1,35
35955,传承 : 神秘的水魔碧灵之鹤嘴镰,purple,8000000,1,35
35956,传承 : 雪魂冰魄之战镰,purple,5000000,1,35
35957,传承 : 炽焰天使之宽刃钩镰,purple,5000000,1,35
35958,传承 : 幻象天使之玄铁战镰,purple,5000000,1,35
35959,传承 : 救赎天使之鹤嘴镰,purple,5000000,1,35
35960,传承 : 冥火精灵之玄铁战镰,purple,5000000,1,35
35961,传承 : 玄冰精灵之宽刃钩镰,purple,5000000,1,35
35962,传承 : 雷谴精灵之紫铜钩镰,purple,5000000,1,35
35972,菲西斯大师之镰,purple,500000,1,35
35973,远古战神之镰,purple,500000,1,35
35974,传承 : 守望天使的斩首镰,purple,5000000,1,35
35982,真 · 远古战神之镰,purple,500000,1,35
36222,月牙战神斧,purple,300000,1,35
36223,碎骨战斧,purple,300000,1,35
36224,巨鹰战斧,purple,300000,1,35
36225,帝国刽子手之斧,purple,300000,1,35
36226,炎影战斧,purple,300000,1,35
36227,战鹰神斧,purple,300000,1,35
36228,神罚战斧,purple,300000,1,35
36229,巨灵战斧,purple,300000,1,35
36231,夺命月牙斧,purple,300000,1,35
36232,战神巨斧,purple,300000,1,35
36234,狂狮战斧,purple,300000,1,35
36235,裂地战斧,purple,300000,1,35
36237,恶魔战斧,purple,300000,1,35
36238,暴龙战斧,purple,300000,1,35
36241,传承 : 银湖水仙之战斧,purple,5000000,1,35
36242,传承 : 神秘的银湖水仙之战斧,purple,8000000,1,35
36243,传承 : 水魔碧灵之战斧,purple,5000000,1,35
36244,传承 : 神秘的水魔碧灵之战斧,purple,8000000,1,35
36245,传承 : 月影天使之战斧,purple,5000000,1,35
36246,传承 : 雪魂冰魄之战斧,purple,5000000,1,35
36247,传承 : 救赎天使之战斧,purple,5000000,1,35
36248,传承 : 飓风精灵之战斧,purple,5000000,1,35
36249,传承 : 玄月精灵之战斧,purple,5000000,1,35
36250,传承 : 冥火精灵之战斧,purple,5000000,1,35
36261,远古逆袭之斩首斧,purple,3500000,1,35
36262,极速毁灭者,purple,800000,1,35
36263,传承 : 恐惧精灵之月耀斧,purple,5000000,1,35
36276,混沌之战斧,purple,300000,1,35
36277,古老的戒纹战斧,purple,300000,1,35
36278,传承 : 岩石天使的斩首斧,purple,5000000,1,35
36286,真 · 混沌之战斧,purple,600000,1,35
37006,梅斯迪亚匕首,purple,500000,1,35
37009,暗夜匕首,purple,300000,1,35
37012,奥格维安的破空匕,purple,500000,1,35
37015,暗影之惧,purple,500000,1,35
37018,致命的炎刃,purple,500000,1,35
37021,黑暗间谍,purple,500000,1,35
37024,细叶刺刃,purple,300000,1,35
37027,冰舞弯刃,purple,500000,1,35
37030,维奥莱塔的毒匕首,purple,3000000,1,35
37033,血腥迪克里斯,purple,5000000,1,35
37036,月夜飓风,purple,800000,1,35
37049,传承 : 银湖水仙之匕首,purple,5000000,1,35
37050,传承 : 神秘的银湖水仙之匕首,purple,8000000,1,35
37051,传承 : 水魔碧灵之匕首,purple,5000000,1,35
37052,传承 : 神秘的水魔碧灵之匕首,purple,8000000,1,35
37053,传承 : 炽焰天使的精铜匕首,purple,5000000,1,35
37054,传承 : 月影天使的鲨鱼匕首,purple,5000000,1,35
37055,传承 : 幻象天使的玄铁匕首,purple,5000000,1,35
37056,传承 : 飓风精灵的白银匕首,purple,5000000,1,35
37057,传承 : 玄冰精灵的艾巴伦匕首,purple,5000000,1,35
37058,传承 : 暗影精灵的精铜匕首,purple,5000000,1,35
37059,传承 : 极光精灵的玄石匕首,purple,5000000,1,35
37072,弗里斯匕首,purple,250000,1,35
37073,幽暗刃 - 杜伊斯特,purple,800000,1,35
37074,传承 : 禁锢天使的玄石匕首,purple,5000000,1,35
37085,真 · 弗里斯匕首,purple,600000,1,35
37304,飞奴双剑,purple,500000,1,35
37307,火焰双剑,purple,500000,1,35
37310,苍雷双剑,purple,500000,1,35
37313,双尾剑,purple,300000,1,35
37316,雪怒之提拉纳,purple,500000,1,35
37319,血腥苏哈姆,purple,500000,1,35
37322,致命旋风,purple,500000,1,35
37325,马特拉斯,purple,500000,1,35
37328,双龙影,purple,800000,1,35
37331,瞬狱之奥斯特,purple,800000,1,35
37334,诺蒂疾影刃,purple,500000,1,35
37347,传承 : 银湖水仙之双剑,purple,5000000,1,35
37348,传承 : 神秘的银湖水仙之双剑,purple,8000000,1,35
37349,传承 : 水魔碧灵之双剑,purple,5000000,1,35
37350,传承 : 神秘的水魔碧灵之双剑,purple,8000000,1,35
37351,传承 : 雪魂冰魄的纯银双剑,purple,5000000,1,35
37352,传承 : 月影天使的环形双剑,purple,5000000,1,35
37353,传承 : 劫风精灵的玄铁双剑,purple,5000000,1,35
37354,传承 : 智慧天使的纯银双剑,purple,5000000,1,35
37355,传承 : 玄冰精灵的艾扎克双剑,purple,5000000,1,35
37356,传承 : 玄月精灵的合金双剑,purple,5000000,1,35
37357,传承 : 愤怒精灵的黄金双剑,purple,5000000,1,35
37366,血之祭者,purple,250000,1,35
37367,克鲁迪亚,purple,500000,1,35
37368,传承 : 寒冰天使的黄金双剑,purple,5000000,1,35
37376,真 · 血之祭者,purple,600000,1,35
37604,胡桃木手杖,purple,300000,1,35
37607,不猎者,purple,500000,1,35
37610,猛毒树根手杖,purple,500000,1,35
37613,古兰经手杖,purple,500000,1,35
37616,凯拉祖玛,purple,500000,1,35
37619,银钩手杖,purple,500000,1,35
37622,恶魔之手,purple,500000,1,35
37625,统治者的权杖,purple,800000,1,35
37628,纳瓦德手杖,purple,500000,1,35
37631,骸骨恶魔之手杖,purple,500000,1,35
37634,马克纳赞,purple,500000,1,35
37647,传承 : 银湖水仙之手杖,purple,5000000,1,35
37648,传承 : 神秘的银湖水仙之手杖,purple,8000000,1,35
37649,传承 : 水魔碧灵之手杖,purple,5000000,1,35
37650,传承 : 神秘的水魔碧灵之手杖,purple,8000000,1,35
37651,传承 : 雪魂冰魄的杰卡拉手杖,purple,5000000,1,35
37652,传承 : 炽焰天使的卡内特手杖,purple,5000000,1,35
37653,传承 : 黑暗天使的兽骨手杖,purple,5000000,1,35
37654,传承 : 复魂天使的木乃伊手杖,purple,5000000,1,35
37655,传承 : 玄冰精灵的黄昏手杖,purple,5000000,1,35
37656,传承 : 暗影精灵的罗格纳手杖,purple,5000000,1,35
37657,传承 : 愤怒精灵的阿摩司手杖,purple,5000000,1,35
37667,布拉格蒂特,purple,500000,1,35
37668,库塔里奥手杖,purple,250000,1,35
37669,传承 : 毒狱天使的阿摩司手杖,purple,5000000,1,35
37677,真 · 库塔里奥手杖,purple,600000,1,35
39352,酒魂臂铠,purple,300000,1,35
39356,塞仑的龙骨臂铠,purple,300000,1,35
39357,恶魔臂铠,purple,300000,1,35
39360,蛟龙臂铠,purple,300000,1,35
39364,冰火臂铠,purple,300000,1,35
39365,圣光斗士臂铠,purple,2000000,1,35
39368,雷电臂铠,purple,800000,1,35
39369,石巨人的铁臂铠,purple,300000,1,35
39376,超合金M5臂铠,purple,800000,1,35
39377,驱逐者臂铠,purple,500000,1,35
39381,冥狱火灵臂铠,purple,5000000,1,35
39383,传承 : 银湖水仙之臂铠,purple,5000000,1,35
39384,传承 : 神秘的银湖水仙之臂铠,purple,8000000,1,35
39385,传承 : 水魔碧灵之臂铠,purple,5000000,1,35
39386,传承 : 神秘的水魔碧灵之臂铠,purple,8000000,1,35
39387,传承 : 惩罚天使之臂铠,purple,5000000,1,35
39388,传承 : 炽焰天使之机械臂铠,purple,5000000,1,35
39389,传承 : 劫风精灵之机械臂铠,purple,5000000,1,35
39390,传承 : 圣洁天使之合金臂铠,purple,5000000,1,35
39391,传承 : 暗影精灵之强力臂铠,purple,5000000,1,35
39392,传承 : 玄月精灵之玄铁臂铠,purple,5000000,1,35
440002,阿尔伯特的臂章,purple,2000000,1,35
440007,贝尔玛尔王室臂章,purple,5000000,1,35
440009,鬼手封印手套,purple,300000,1,35
440010,素喃道场手套,purple,2000000,1,35
440011,守护者的战争手套,purple,300000,1,35
440012,虚祖抗魔手套,purple,300000,1,35
440013,帝国军士手套,purple,300000,1,35
440014,皇宫护卫团手套,purple,300000,1,35
440015,盗贼手套,purple,300000,1,35
440030,暗影迷雾手套,purple,300000,1,35
440031,虚祖修行团的暗杀手套,purple,300000,1,35
440032,佧修派的暗黑手套,purple,300000,1,35
440033,血之反噬诅咒,purple,500000,1,35
440034,卡勒特的武装手套,purple,300000,1,35
440035,皇女玫瑰,purple,500000,1,35
440036,GTA手套,purple,300000,1,35
440044,班图族的徽章,purple,5000000,1,35
440047,神兽之石,purple,5000000,1,35
440049,强化符 - 鬼剑士 (波动),purple,200000,1,35
440050,强化符 - 鬼剑士 (血气),purple,200000,1,35
440051,强化符 - 鬼剑士 (鬼神),purple,200000,1,35
440052,强化符 - 鬼剑士 (剑术),purple,200000,1,35
440053,强化符 - 格斗家 (念气),purple,200000,1,35
440054,强化符 - 格斗家 (武术),purple,200000,1,35
440055,强化符 - 格斗家 (体术),purple,200000,1,35
440070,背迩王室的遗物 - 剑魂,purple,3500000,1,35
440071,背迩王室的遗物 - 鬼泣,purple,3500000,1,35
440072,背迩王室的遗物 - 狂战士,purple,3500000,1,35
440073,背迩王室的遗物 - 阿修罗,purple,3500000,1,35
440074,背迩王室的遗物 - 气功师,purple,3500000,1,35
440075,背迩王室的遗物 - 散打,purple,3500000,1,35
440076,背迩王室的遗物 - 街霸,purple,3500000,1,35
440084,觉醒之奥秘 - 鬼剑士,purple,3000000,1,35
440085,觉醒之奥秘 - 格斗家,purple,3000000,1,35
440086,觉醒之奥秘 - 神枪手 (男),purple,3000000,1,35
440087,觉醒之奥秘 - 魔法师,purple,3000000,1,35
440088,觉醒之奥秘 - 圣职者,purple,3000000,1,35
440089,觉醒之奥秘 - 神枪手 (女),purple,3000000,1,35
440090,觉醒之奥秘 - 暗夜使者,purple,3000000,1,35
440147,空白之书 - 鬼剑士,purple,500000,1,35
440148,空白之书 - 格斗家,purple,500000,1,35
440149,空白之书 - 男神枪手,purple,500000,1,35
440150,空白之书 - 魔法师,purple,500000,1,35
440151,空白之书 - 圣职者,purple,500000,1,35
440152,空白之书 - 女神枪手,purple,500000,1,35
440153,空白之书 - 暗夜使者,purple,500000,1,35
440187,贫民窟的珍宝,purple,1000000,1,35
440190,三重疤痕,purple,5000000,1,35
440192,被污染的银杯,purple,1000000,1,35
440195,雷米迪亚的圣杯,purple,3500000,1,35
440198,强化符 - 格斗家 (狂暴),purple,200000,1,35
440199,强化符 - 男神枪手 (机械),purple,200000,1,35
440200,强化符 - 男神枪手 (弹药),purple,200000,1,35
440201,强化符 - 魔法师 (战斗魔法),purple,200000,1,35
440202,强化符 - 魔法师 (召唤),purple,200000,1,35
440203,强化符 - 魔法师 (魔道),purple,200000,1,35
440204,强化符 - 圣职者 (启示),purple,200000,1,35
440205,强化符 - 圣职者 (神击),purple,200000,1,35
440206,强化符 - 圣职者 (驱魔),purple,200000,1,35
440207,强化符 - 圣职者 (邪术),purple,200000,1,35
440208,强化符 - 暗夜使者 (死灵),purple,200000,1,35
440209,强化符 - 暗夜使者 (暗杀),purple,200000,1,35
440210,强化符 - 暗夜使者 (迅捷),purple,200000,1,35
440235,背迩王室的遗物 - 柔道家,purple,3500000,1,35
440236,背迩王室的遗物 - 漫游枪手 (男),purple,3500000,1,35
440237,背迩王室的遗物 - 枪炮师 (男),purple,3500000,1,35
440238,背迩王室的遗物 - 机械师 (男),purple,3500000,1,35
440239,背迩王室的遗物 - 弹药专家 (男),purple,3500000,1,35
440240,背迩王室的遗物 - 漫游枪手 (女),purple,3500000,1,35
440241,背迩王室的遗物 - 枪炮师 (女),purple,3500000,1,35
440242,背迩王室的遗物 - 机械师 (女),purple,3500000,1,35
440243,背迩王室的遗物 - 弹药专家 (女),purple,3500000,1,35
440244,背迩王室的遗物 - 元素师,purple,3500000,1,35
440245,背迩王室的遗物 - 魔道学者,purple,3500000,1,35
440246,背迩王室的遗物 - 圣骑士,purple,3500000,1,35
440259,强化符 - 女神枪手 (机械),purple,200000,1,35
440260,强化符 - 女神枪手 (弹药),purple,200000,1,35
440267,背迩王室的遗物 - 蓝拳圣使,purple,3500000,1,35
440268,背迩王室的遗物 - 驱魔师,purple,3500000,1,35
440269,背迩王室的遗物 - 刺客,purple,3500000,1,35
440270,背迩王室的遗物 - 死灵术士,purple,3500000,1,35
440305,被污染的公爵披风,purple,15000000,1,35
440306,黑震团修炼手套,purple,500000,1,35
440308,虚祖死士手套,purple,500000,1,35
440310,强化符 - 男格斗家 (念气),purple,200000,1,35
440311,强化符 - 男格斗家 (武术),purple,200000,1,35
440312,强化符 - 男格斗家 (体术),purple,200000,1,35
440313,强化符 - 男格斗家 (狂暴),purple,200000,1,35
440322,背迩王室的遗物 - 气功师 (男),purple,3500000,1,35
440323,背迩王室的遗物 - 散打 (男),purple,3500000,1,35
440324,背迩王室的遗物 - 街霸 (男),purple,3500000,1,35
440325,背迩王室的遗物 - 柔道家 (男),purple,3500000,1,35
450002,迪拉瑞之石,purple,20000000,1,35
450005,亚德炎之泪,purple,5000000,1,35
450006,冰奈斯之泪,purple,3000000,1,35
450007,雷沃斯之泪,purple,4000000,1,35
450008,瑟冥特克之泪,purple,3000000,1,35
450031,凯诺之眼,purple,2000000,1,35
450034,牛头怪的颅骨,purple,1000000,1,35
450037,拉泽尔的石珠,purple,20000000,1,35
10053,梵风衣,pink,12000000,1,35
10061,雕翎长袍,pink,150000,1,35
10070,紫炎隐月长袍,pink,250000,1,35
10077,幻影落凰长袍,pink,250000,1,35
10082,天蝉护魂长袍,pink,3600000,1,35
10142,戮蛊的皮残片,pink,25000000,1,35
10444,火蜥皮衣,pink,250000,1,35
10843,艾尔文胸甲,pink,250000,1,35
10914,无名战士之甲,pink,43000000,1,35
11243,铁匠的炽炎胸甲,pink,250000,1,35
12052,狂舞短裤,pink,250000,1,35
12060,雕翎长裤,pink,150000,1,35
12069,亡灵护腿,pink,500000,1,35
12076,索裴尔的幻影长裤,pink,500000,1,35
12081,七彩行云裤,pink,1400000,1,35
12139,邪灵的隐纹长裤,pink,350000,1,35
12444,火蜥短裤,pink,250000,1,35
12843,艾尔文绑腿,pink,250000,1,35
13243,帝国元帅胫甲,pink,300000,1,35
14051,贤者肩甲,pink,350000,1,35
14060,雕翎护肩,pink,150000,1,35
14069,炎息护肩,pink,250000,1,35
14074,巴兰的战斗护肩,pink,250000,1,35
14079,影魔护肩,pink,670000,1,35
14444,兔皮护肩,pink,50000,1,35
14843,碧磷护肩,pink,200000,1,35
15243,帝国黑金护肩,pink,250000,1,35
16044,活力腰带,pink,150000,1,35
16052,雕翎腰带,pink,250000,1,35
16444,黑纹腰带,pink,250000,1,35
16501,极限之袭腰带,pink,21000000,1,35
16843,双子腰带,pink,250000,1,35
17244,素喃皇室腰带,pink,300000,1,35
18045,匠人的幽纹短鞋,pink,250000,1,35
18053,雕翎短靴,pink,150000,1,35
18444,鲨鱼皮靴,pink,50000,1,35
18843,艾尔文凉鞋,pink,250000,1,35
19244,天神短靴,pink,250000,1,35
20054,古古莱恩 - 闪耀,pink,30000000,1,35
20064,圣灵战士项坠,pink,2000000,1,35
20071,神鬼战士项坠,pink,2000000,1,35
20080,赤道碎星花结,pink,20000000,1,35
20081,玛尼神兽项坠,pink,8000000,1,35
20093,王者之星,pink,20000000,1,35
20129,守护者之魂,pink,20000000,1,35
20130,闪耀者之魂,pink,9000000,1,35
20131,牛头械王的护心镜,pink,9000000,1,35
20132,牛头械王的召唤芯片,pink,6500000,1,35
20134,狂乱之核,pink,15000000,1,35
20135,堕落之血项链,pink,32000000,1,35
20136,佩鲁斯的荣誉,pink,40000000,1,35
20137,希泊之力作 - 意念,pink,20000000,1,35
20152,静寂之闪耀项链,pink,8500000,1,35
20168,风影之舞,pink,40000000,1,35
20169,梦幻列车长的心脏,pink,13000000,1,35
20170,风之女神,pink,28000000,1,35
22051,希泊之处女作 - 美丽,pink,15000000,1,35
22062,常春藤手镯,pink,500000,1,35
22069,卡罗蛇眼,pink,500000,1,35
22078,杀戮守护之镯,pink,500000,1,35
22079,摩恩之珠 - 等活地狱,pink,3500000,1,35
22092,罗杰的金表,pink,3800000,1,35
22124,燃烧者之魂,pink,13000000,1,35
22125,冰冻者之魂,pink,15000000,1,35
22126,哈尼克之牙,pink,32000000,1,35
22127,哈尼克的护面,pink,10000000,1,35
22129,幻影之灵,pink,220000000,1,35
22130,罗乌的血玉手镯,pink,17000000,1,35
22131,神圣秘银的遗迹,pink,19000000,1,35
22144,狂狮之吼,pink,25000000,1,35
22161,永恒之时光,pink,39000000,1,35
22162,巫师的灵珠,pink,42000000,1,35
24053,精灵之歌,pink,1000000,1,35
24064,拉罗的迷失之戒,pink,5000000,1,35
24071,灵犀之心,pink,50000000,1,35
24080,苏拉托之眼,pink,5000000,1,35
24081,骸麒的骨戒,pink,80000000,1,35
24094,天帷巨兽之眼,pink,20000000,1,35
24133,漩涡者之魂,pink,21000000,1,35
24134,悸动者之魂,pink,30000000,1,35
24135,疯狂伊凡的炸药包,pink,3900000,1,35
24136,疯狂伊凡的避火装置,pink,18000000,1,35
24138,幽暗迷渊之戒,pink,30000000,1,35
24139,黑珍珠 - 米斯特,pink,30000000,1,35
24140,远古之艾尔文指环,pink,22000000,1,35
24158,燃烧之烈焰,pink,21000000,1,35
24176,死亡之抉择,pink,22000000,1,35
24177,月光精灵,pink,12000000,1,35
24178,美人鱼的珍珠指环,pink,16000000,1,35
24179,黑色双子戒指 - 毒,pink,45000000,1,35
24180,黑色双子戒指 - 血,pink,50000000,1,35
24181,黑色双子戒指 - 晕,pink,40000000,1,35
24182,黑色双子戒指 - 缚,pink,45000000,1,35
24183,黑色双子戒指 - 电,pink,50000000,1,35
24184,黑色双子戒指 - 火,pink,45000000,1,35
24185,黑色双子戒指 - 冰,pink,50000000,1,35
24186,黑色双子戒指 - 石,pink,40000000,1,35
24187,黑色双子戒指 - 缓,pink,45000000,1,35
24188,黑色双子戒指 - 咒,pink,45000000,1,35
24189,黑色双子戒指 - 乱,pink,45000000,1,35
24190,黑色双子戒指 - 暗,pink,50000000,1,35
24191,贪婪者的心愿,pink,65000000,1,35
27046,骸麒魔剑,pink,300000,1,35
27052,紫薇星剑,pink,300000,1,35
27059,卢克西的紫炎波刃剑,pink,300000,1,35
27068,落日幻影,pink,800000,1,35
27069,卡露亚的教导 - 裂风,pink,8000000,1,35
27076,邪灵饮血剑,pink,4600000,1,35
27111,牛头统帅的犄角,pink,3000000,1,35
27112,四辰斩邪剑,pink,10000000,1,35
27131,安佛拉斯的暴怒,pink,24000000,1,35
27344,罗兰护卫者,pink,500000,1,35
27500,库兰的焰影剑,pink,300000,1,35
27510,残影剑,pink,300000,1,35
27514,卡赞的诅咒,pink,800000,1,35
27519,阿甘左的浪人长剑,pink,300000,1,35
27528,卡露亚的教导 - 照胆,pink,30000000,1,35
27531,裁决刃 - 国殇,pink,8000000,1,35
27535,阿甘左的隐龙巨剑,pink,2000000,1,35
27564,魔剑 - 阿波菲斯,pink,240000000,1,35
27565,天选之剑 - 格朗,pink,40000000,1,35
27581,死亡烈焰,pink,70000000,1,35
27645,破风刀,pink,300000,1,35
27651,裂创心灵之刃,pink,14000000,1,35
27658,红丸,pink,800000,1,35
27667,影丸,pink,300000,1,35
27668,西岚的妖刀,pink,300000,1,35
27675,流光星陨刀,pink,31000000,1,35
27679,达人之影丸,pink,3000000,1,35
27709,戮蛊的骨刃,pink,22000000,1,35
27710,血光摄魂刃,pink,20000000,1,35
27729,汲血者的庇护,pink,28000000,1,35
27740,杰诺的疾速太刀,pink,300000,1,35
27945,黑死棒,pink,250000,1,35
27951,僧侣的戒律棒,pink,800000,1,35
27958,恶魔破天棒,pink,800000,1,35
27967,卡露亚的教导 - 裁决,pink,5000000,1,35
27968,戾冰鸣泉棒,pink,800000,1,35
27975,戾眼灭魂槌,pink,900000,1,35
27979,卡露亚的深入教导 - 裁决,pink,5000000,1,35
28009,雷神之怒,pink,5000000,1,35
28025,毁灭之本能,pink,24000000,1,35
28228,炎日,pink,8000000,1,35
28232,光之翼刃,pink,500000,1,35
28236,闪耀的阿隆戴特,pink,10000000,1,35
28240,玄光圣剑,pink,300000,1,35
28243,卡露亚的教导 - 匿迹,pink,5000000,1,35
28248,狱龙断影剑,pink,300000,1,35
28255,双龙魔影剑,pink,15000000,1,35
28256,卡露亚的深入教导 - 匿迹,pink,3000000,1,35
28279,复仇之剑 - 夺魂者,pink,8000000,1,35
28296,远古之断魂,pink,39000000,1,35
28308,尤里斯的次元光剑,pink,280000000,1,35
29047,毒蛟手套,pink,300000,1,35
29054,王族蓝芒,pink,3500000,1,35
29061,天赎手套,pink,300000,1,35
29070,游荡恶魔,pink,3500000,1,35
29071,独裁者指虎,pink,500000,1,35
29078,冥日手套,pink,5500000,1,35
29112,狰狞之绿,pink,43000000,1,35
29132,天堂之号角,pink,160000000,1,35
29143,芝诺的遗物,pink,62000000,1,35
29346,泰坦的力量臂铠,pink,8000000,1,35
29360,牛头械王的臂铠,pink,75000000,1,35
29361,混沌支配者,pink,4000000,1,35
29376,OP臂铠,pink,18000000,1,35
29387,暗黑血之碎云,pink,20000000,1,35
29644,夜狼铁爪,pink,300000,1,35
29651,血影爪,pink,300000,1,35
29658,黑寡妇,pink,5000000,1,35
29667,卡露亚的教导 - 奇袭,pink,3000000,1,35
29668,御灵之爪,pink,300000,1,35
29675,摩根之爪,pink,1900000,1,35
29679,卡露亚的深入教导 - 奇袭,pink,3000000,1,35
29710,痛苦之钉,pink,18000000,1,35
29711,乱斩之袭,pink,4000000,1,35
29727,千足蜈蚣爪,pink,18000000,1,35
29944,执法者,pink,500000,1,35
29952,猩蟒之棍,pink,300000,1,35
29959,双龙棍,pink,300000,1,35
29968,卡露亚的教导 - 冥想,pink,3000000,1,35
29969,苍天残影棍,pink,2000000,1,35
29976,龙旋破军棍,pink,1000000,1,35
29980,卡露亚的深入教导 - 冥想,pink,3000000,1,35
30008,撒旦的堕落之尘,pink,5000000,1,35
30023,勇士之战歌,pink,4800000,1,35
30227,浅蓝幻像,pink,3500000,1,35
30230,地狱猎者,pink,3500000,1,35
30234,卡露亚的教导 - 碎日,pink,5000000,1,35
30241,落日鹰眼,pink,3500000,1,35
30246,金刚碎魄,pink,300000,1,35
30252,海妖散月拳套,pink,900000,1,35
30278,乔的云烟铁拳,pink,4000000,1,35
30291,极炎地狱,pink,35000000,1,35
30302,血之裂痕,pink,12000000,1,35
31046,西部射手,pink,500000,1,35
31053,龙骑士 - 1848,pink,300000,1,35
31060,鲁格尔 - 黑鹰,pink,500000,1,35
31065,边境浪人 - 荒火,pink,500000,1,35
31070,绝杀 - M1873,pink,500000,1,35
31077,死亡舞步,pink,3700000,1,35
31081,达人之绝杀 - M1873,pink,3000000,1,35
31112,毁灭公爵,pink,7400000,1,35
31127,横扫千军,pink,20000000,1,35
31141,暗黑血之毁伤,pink,8000000,1,35
31344,杰宁斯 - J22,pink,300000,1,35
31351,生命掠夺者,pink,300000,1,35
31358,绝杀 - 迫空,pink,500000,1,35
31367,怯敌 - CK7,pink,300000,1,35
31368,格洛克 - G17,pink,300000,1,35
31375,爆裂者 - 血鹰,pink,8000000,1,35
31408,库里欧的传承,pink,7200000,1,35
31424,天籁之音,pink,16400000,1,35
31644,银色雄鹰,pink,500000,1,35
31650,蛇影战士,pink,300000,1,35
31657,天马之弩,pink,300000,1,35
31666,威廉的告诫,pink,300000,1,35
31667,狩猎女神之弩,pink,300000,1,35
31672,幽灵手弩,pink,1900000,1,35
31706,野战队长的奇袭手弩,pink,45000000,1,35
31707,血之审判者,pink,6500000,1,35
31721,远古射手的秘技,pink,16500000,1,35
31945,爱国者,pink,500000,1,35
31951,裁决者,pink,500000,1,35
31958,灵蛇,pink,500000,1,35
31962,狂龙咆哮,pink,800000,1,35
31966,天界猎杀者,pink,800000,1,35
31967,邪能幽灵,pink,500000,1,35
31968,突袭夜神,pink,500000,1,35
31973,暗夜潜行者,pink,500000,1,35
32003,黎明之眼,pink,1000000,1,35
32018,不朽之战士,pink,2000000,1,35
32244,炫炎手炮,pink,500000,1,35
32250,啮齿N2 - AT7,pink,300000,1,35
32257,啮齿N3 - 棘蛇,pink,300000,1,35
32266,啮齿N7 - 虎蛇,pink,300000,1,35
32267,啮齿N11 - 毒蛇,pink,300000,1,35
32274,白焰翼龙,pink,2800000,1,35
32305,戮蛊的哀鸣炮,pink,25000000,1,35
32306,暴戾冥思者,pink,9350000,1,35
32323,达达尼尔的便携手炮,pink,33000000,1,35
33024,悲鸣幽灵,pink,500000,1,35
33027,万波映月,pink,800000,1,35
33030,风雷战戟,pink,250000,1,35
33035,卡露亚的教导 - 刺龙,pink,5000000,1,35
33036,夜叉毒龙矛,pink,250000,1,35
33042,冰龙掩日矛,pink,310000,1,35
33043,达人之夜叉毒龙矛,pink,3000000,1,35
33072,戮蛊的骨矛,pink,160000000,1,35
33074,雷神的永恒战矛,pink,800000,1,35
33091,极炎之星,pink,5000000,1,35
33102,守墓者之矛,pink,55550000,1,35
33324,血雾玫瑰战棍,pink,300000,1,35
33327,雷神战棍,pink,2000000,1,35
33330,伏魔棍,pink,300000,1,35
33335,腾龙擎天棍,pink,300000,1,35
33336,狱龙战棍,pink,2000000,1,35
33342,玉龙奔雷棍,pink,370000,1,35
33343,达人之狱龙战棍,pink,3000000,1,35
33378,万波息笛,pink,1400000,1,35
33396,鞭策之宝石,pink,2000000,1,35
33624,金星魔杖,pink,500000,1,35
33627,暗月魔杖,pink,500000,1,35
33630,异星魔杖,pink,800000,1,35
33635,黑龙杖,pink,800000,1,35
33636,幻影魔杖,pink,800000,1,35
33642,魔音护魂魔杖,pink,1600000,1,35
33643,达人之黑龙杖,pink,3000000,1,35
33672,黎明之息,pink,1900000,1,35
33691,黑猫魔杖,pink,9000000,1,35
33702,精灵之号角,pink,145000000,1,35
33925,弦月法杖,pink,300000,1,35
33928,无极法杖,pink,300000,1,35
33931,圣魂法杖,pink,300000,1,35
33936,驱魔法杖,pink,500000,1,35
33937,暗咒法杖,pink,300000,1,35
33943,末日君主的法杖,pink,300000,1,35
33944,达人之暗咒法杖,pink,3000000,1,35
33975,元素谐音,pink,4300000,1,35
33990,魔力汲取者,pink,18800000,1,35
34003,琳恩的第二个法杖,pink,300000,1,35
34250,永恒的骨弹扫把,pink,900000,1,35
34255,多利亚的淑女扫把,pink,300000,1,35
34256,幸运之魔界毒草,pink,500000,1,35
34257,熔岩扫把,pink,300000,1,35
34258,古纳的急袭,pink,360000,1,35
34259,神圣的学识,pink,650000,1,35
34270,华丽的辗压者,pink,500000,1,35
35031,酒神的龙骨十字架,pink,300000,1,35
35034,卡露亚的教导 - 定魂,pink,5000000,1,35
35037,歌兰蒂斯的圣银十字架,pink,300000,1,35
35040,欧贝斯的蓝龙十字架,pink,400000,1,35
35071,燃烧之血十字架,pink,300000,1,35
35072,马杰洛的祈祷,pink,900000,1,35
35088,祭司的祷告,pink,500000,1,35
35099,兰诺的祝福,pink,14000000,1,35
35330,赤鸾念珠,pink,300000,1,35
35333,卡露亚的教导 - 玄武,pink,5000000,1,35
35336,万年冰珠,pink,500000,1,35
35339,信奘的念珠,pink,700000,1,35
35367,信奘的天资,pink,3500000,1,35
35383,食人魔的骷髅念珠,pink,300000,1,35
35630,酒神的圣祭图腾,pink,300000,1,35
35633,混沌天神图腾,pink,300000,1,35
35636,精灵的紫色图腾,pink,300000,1,35
35639,奥尔卡的黑狼图腾,pink,900000,1,35
35669,沃夫甘的意志,pink,2500000,1,35
35685,部族的荣誉,pink,4500000,1,35
35696,怒放的生命图腾,pink,300000,1,35
35930,酒神的战镰,pink,300000,1,35
35933,卡露亚的教导 - 幻象,pink,5000000,1,35
35936,末日浩劫之镰,pink,500000,1,35
35939,尼尔巴斯的饮血镰,pink,15000000,1,35
35964,圣光战镰,pink,7800000,1,35
35980,恶魔的残暴战镰,pink,9500000,1,35
36230,酒神的战斧,pink,300000,1,35
36233,卡露亚的教导 - 压制,pink,5000000,1,35
36236,天启战斧,pink,300000,1,35
36239,泰坦的黄金战斧,pink,3330000,1,35
36266,牛头械王的战斧,pink,58000000,1,35
36267,夏皮罗的正义,pink,11000000,1,35
36284,圣战士的巨斧,pink,20000000,1,35
36296,里昂之怒,pink,800000,1,35
37037,雪之灾难,pink,500000,1,35
37038,莱亚诺瓦之咒,pink,3500000,1,35
37039,血红玫瑰,pink,800000,1,35
37040,拉尔夫的安息,pink,500000,1,35
37041,残忍的慈悲,pink,300000,1,35
37042,御蛇之残,pink,600000,1,35
37043,斯凯玛的噬伤,pink,1500000,1,35
37080,风影刃,pink,2800000,1,35
37094,刺杀者之心,pink,500000,1,35
37335,巴德拉斯,pink,500000,1,35
37336,克利修麦德,pink,500000,1,35
37337,冰刃剑 - 克里希卡,pink,500000,1,35
37338,艾菲卡隆的毒刃,pink,500000,1,35
37339,斯帕多纳的犀刃,pink,280000,1,35
37340,双明剑 - 暴风,pink,800000,1,35
37341,霸权之艾佛尔剑,pink,700000,1,35
37374,恶魔猎手,pink,3800000,1,35
37387,民兵队长的血影剑,pink,1700000,1,35
37635,肆虐之烈炎杖,pink,500000,1,35
37636,灰烬守护者,pink,500000,1,35
37637,梦魇杖,pink,500000,1,35
37638,僵尸之力手杖,pink,500000,1,35
37639,深渊催眠曲,pink,600000,1,35
37640,献祭之咒手杖,pink,300000,1,35
37641,审判之断头台,pink,3000000,1,35
37675,巫师的铃铛,pink,9500000,1,35
37686,巫师的诅咒,pink,75000000,1,35
39353,金丝蟒,pink,5000000,1,35
39361,天界机械臂铠,pink,500000,1,35
39370,卡露亚的教导 - 辟天,pink,3000000,1,35
39371,爆炎臂铠,pink,800000,1,35
39378,血之魂臂铠,pink,1000000,1,35
39382,卡露亚的深入教导 - 辟天,pink,3000000,1,35
440003,虚祖王室臂章,pink,35000000,1,35
440008,哈因里希家族臂章,pink,100000000,1,35
440016,剑魂巴恩的手套,pink,300000,1,35
440017,烈焰狂风手套,pink,300000,1,35
440018,罗恩的暗黑手套,pink,300000,1,35
440019,摩恩的杀戮手套,pink,300000,1,35
440020,安祖·赛弗的指挥手套,pink,300000,1,35
440021,五面嗜魂手套,pink,300000,1,35
440022,恐惧绞索,pink,500000,1,35
440037,凯恩的刺杀手套,pink,300000,1,35
440038,风神手套,pink,300000,1,35
440039,碎心手套,pink,300000,1,35
440040,泰达之屠杀,pink,500000,1,35
440041,卡图的决斗,pink,500000,1,35
440042,死亡凝视者,pink,500000,1,35
440043,重生者之魂,pink,500000,1,35
440045,雪崩之轨迹,pink,5000000,1,35
440048,皇女庭院臂章,pink,3000000,1,35
440056,希曼·斯特拉之歌 - 剑魂,pink,3500000,1,35
440057,希曼·斯特拉之歌 - 鬼泣,pink,3500000,1,35
440058,希曼·斯特拉之歌 - 狂战士,pink,3500000,1,35
440059,希曼·斯特拉之歌 - 阿修罗,pink,3500000,1,35
440060,希曼·斯特拉之歌 - 气功师,pink,3500000,1,35
440061,希曼·斯特拉之歌 - 散打,pink,3500000,1,35
440062,希曼·斯特拉之歌 - 街霸,pink,3500000,1,35
440077,希泊的宝藏 : 古代护符 - 鬼泣,pink,5000000,1,35
440078,希泊的宝藏 : 古代护符 - 狂战士,pink,5000000,1,35
440079,希泊的宝藏 : 古代护符 - 阿修罗,pink,5000000,1,35
440080,希泊的宝藏 : 古代护符 - 气功师,pink,5000000,1,35
440081,希泊的宝藏 : 古代护符 - 散打,pink,5000000,1,35
440082,希泊的宝藏 : 古代护符 - 街霸,pink,5000000,1,35
440083,希泊的宝藏 : 古代护符 - 柔道家,pink,5000000,1,35
440091,王室之秘籍 - 弑魂,pink,10000000,1,35
440092,王室之秘籍 - 剑圣,pink,10000000,1,35
440093,王室之秘籍 - 狱血魔神,pink,10000000,1,35
440094,王室之秘籍 - 大暗黑天,pink,10000000,1,35
440095,王室之秘籍 - 百花缭乱,pink,10000000,1,35
440096,王室之秘籍 - 武神,pink,10000000,1,35
440097,王室之秘籍 - 暴风眼,pink,10000000,1,35
440098,王室之秘籍 - 毒王,pink,10000000,1,35
440099,王室之秘籍 - 枪神,pink,10000000,1,35
440100,王室之秘籍 - 大将军,pink,10000000,1,35
440101,王室之秘籍 - 机械战神,pink,10000000,1,35
440102,王室之秘籍 - 狂暴者,pink,10000000,1,35
440103,王室之秘籍 - 大魔导师,pink,10000000,1,35
440104,王室之秘籍 - 月之女皇,pink,10000000,1,35
440105,王室之秘籍 - 贝亚娜斗神,pink,10000000,1,35
440106,王室之秘籍 - 魔术师,pink,10000000,1,35
440107,王室之秘籍 - 天启者,pink,10000000,1,35
440108,王室之秘籍 - 神之手,pink,10000000,1,35
440109,王室之秘籍 - 龙斗士,pink,10000000,1,35
440110,王室之秘籍 - 沾血蔷薇,pink,10000000,1,35
440111,王室之秘籍 - 战争女神,pink,10000000,1,35
440112,王室之秘籍 - 机械之心,pink,10000000,1,35
440113,王室之秘籍 - 重炮掌控者,pink,10000000,1,35
440114,王室之秘籍 - 银月,pink,10000000,1,35
440115,王室之秘籍 - 灵魂收割者,pink,10000000,1,35
440154,远古奇迹 - 弑魂,pink,12000000,1,35
440155,远古奇迹 - 剑圣,pink,12000000,1,35
440156,远古奇迹 - 狱血魔神,pink,12000000,1,35
440157,远古奇迹 - 大暗黑天,pink,12000000,1,35
440158,远古奇迹 - 百花缭乱,pink,12000000,1,35
440159,远古奇迹 - 武神,pink,12000000,1,35
440160,远古奇迹 - 暴风眼,pink,12000000,1,35
440161,远古奇迹 - 毒王,pink,12000000,1,35
440162,远古奇迹 - 枪神,pink,12000000,1,35
440163,远古奇迹 - 大将军,pink,12000000,1,35
440164,远古奇迹 - 机械战神,pink,12000000,1,35
440165,远古奇迹 - 狂暴者,pink,12000000,1,35
440166,远古奇迹 - 大魔导师 (火),pink,12000000,1,35
440167,远古奇迹 - 大魔导师 (光),pink,12000000,1,35
440168,远古奇迹 - 大魔导师 (冰),pink,12000000,1,35
440169,远古奇迹 - 大魔导师 (暗),pink,12000000,1,35
440170,远古奇迹 - 月之女皇 (契约),pink,12000000,1,35
440171,远古奇迹 - 月之女皇 (精灵),pink,12000000,1,35
440172,远古奇迹 - 贝亚娜斗神,pink,12000000,1,35
440173,远古奇迹 - 魔术师 (火),pink,12000000,1,35
440174,远古奇迹 - 魔术师 (暗),pink,12000000,1,35
440175,远古奇迹 - 魔术师 (光),pink,12000000,1,35
440176,远古奇迹 - 魔术师 (冰),pink,12000000,1,35
440177,远古奇迹 - 天启者,pink,12000000,1,35
440178,远古奇迹 - 神之手,pink,12000000,1,35
440179,远古奇迹 - 龙斗士 (物理),pink,12000000,1,35
440180,远古奇迹 - 龙斗士 (魔法),pink,12000000,1,35
440181,远古奇迹 - 沾血蔷薇,pink,12000000,1,35
440182,远古奇迹 - 女武神,pink,12000000,1,35
440183,远古奇迹 - 机械之心,pink,12000000,1,35
440184,远古奇迹 - 重炮掌控者,pink,12000000,1,35
440185,远古奇迹 - 银月,pink,12000000,1,35
440186,远古奇迹 - 灵魂收割者,pink,12000000,1,35
440188,燃烧之斗魂,pink,3500000,1,35
440191,恐惧幽灵,pink,3500000,1,35
440193,泰达的酒杯,pink,2000000,1,35
440196,先知的木杯,pink,1000000,1,35
440211,希曼·斯特拉之歌 - 柔道家,pink,3500000,1,35
440212,希曼·斯特拉之歌 - 漫游枪手 (男),pink,3500000,1,35
440213,希曼·斯特拉之歌 - 枪炮师 (男),pink,3500000,1,35
440214,希曼·斯特拉之歌 - 元素师,pink,3500000,1,35
440215,希曼·斯特拉之歌 - 魔道学者,pink,3500000,1,35
440216,希曼·斯特拉之歌 - 圣骑士,pink,3500000,1,35
440217,希曼·斯特拉之歌 - 蓝拳圣使,pink,3500000,1,35
440218,希曼·斯特拉之歌 - 驱魔师,pink,3500000,1,35
440219,希曼·斯特拉之歌 - 刺客,pink,3500000,1,35
440220,希曼·斯特拉之歌 - 死灵术士,pink,3500000,1,35
440221,希曼·斯特拉之歌 - 漫游枪手 (女),pink,3500000,1,35
440222,希曼·斯特拉之歌 - 枪炮师 (女),pink,3500000,1,35
440247,希泊的宝藏 : 古代护符 - 漫游枪手 (男),pink,5000000,1,35
440248,希泊的宝藏 : 古代护符 - 枪炮师 (男),pink,5000000,1,35
440249,希泊的宝藏 : 古代护符 - 机械师 (男),pink,5000000,1,35
440250,希泊的宝藏 : 古代护符 - 弹药专家 (男),pink,5000000,1,35
440251,希泊的宝藏 : 古代护符 - 漫游枪手 (女),pink,5000000,1,35
440252,希泊的宝藏 : 古代护符 - 枪炮师 (女),pink,5000000,1,35
440253,希泊的宝藏 : 古代护符 - 机械师 (女),pink,5000000,1,35
440254,希泊的宝藏 : 古代护符 - 弹药专家 (女),pink,5000000,1,35
440255,希泊的宝藏 : 古代护符 - 召唤师,pink,5000000,1,35
440256,希泊的宝藏 : 古代护符 - 战斗法师,pink,5000000,1,35
440257,希泊的宝藏 : 古代护符 - 魔道学者,pink,5000000,1,35
440258,希泊的宝藏 : 古代护符 - 圣骑士,pink,5000000,1,35
440261,希曼·斯特拉之歌 - 机械师 (男),pink,3500000,1,35
440262,希曼·斯特拉之歌 - 弹药专家 (男),pink,3500000,1,35
440271,希泊的宝藏 : 古代护符 - 蓝拳圣使,pink,5000000,1,35
440272,希泊的宝藏 : 古代护符 - 驱魔师,pink,5000000,1,35
440273,希泊的宝藏 : 古代护符 - 刺客,pink,5000000,1,35
440274,希泊的宝藏 : 古代护符 - 死灵术士,pink,5000000,1,35
440275,希曼·斯特拉之歌 - 机械师 (女),pink,3500000,1,35
440276,希曼·斯特拉之歌 - 弹药专家 (女),pink,3500000,1,35
440299,地狱使者的披风,pink,20000000,1,35
440300,布鲁之怨灵印章,pink,15000000,1,35
440303,罪恶之源,pink,5000000,1,35
440304,公爵的邪恶披风,pink,25000000,1,35
440307,风影之击,pink,500000,1,35
440309,风之火舞,pink,500000,1,35
440314,希曼·斯特拉之歌 - 气功师 (男),pink,3500000,1,35
440315,希曼·斯特拉之歌 - 散打 (男),pink,3500000,1,35
440316,希曼·斯特拉之歌 - 街霸 (男),pink,3500000,1,35
440317,希曼·斯特拉之歌 - 柔道家 (男),pink,3500000,1,35
440326,希泊的宝藏 : 远古护符 - 气功师(男),pink,5000000,1,35
440327,希泊的宝藏 : 远古护符 - 散打(男),pink,5000000,1,35
440328,希泊的宝藏 : 远古护符 - 街霸(男),pink,5000000,1,35
440329,希泊的宝藏 : 远古护符 - 柔道家(男),pink,5000000,1,35
440330,王室之秘籍 - 狂虎帝,pink,10000000,1,35
440331,王室之秘籍 - 武极,pink,10000000,1,35
440332,王室之秘籍 - 风林火山,pink,10000000,1,35
440333,皇室秘典 - 千手罗汉,pink,10000000,1,35
440339,远古奇迹 - 狂虎帝,pink,12000000,1,35
440340,远古奇迹 - 武极,pink,12000000,1,35
440341,远古奇迹 - 风林火山,pink,12000000,1,35
440342,远古奇迹 - 千手罗汉,pink,12000000,1,35
450003,金刚石碎片,pink,80000000,1,35
450009,瑟利斯特之泪,pink,8000000,1,35
450010,拉特利亚之泪,pink,8000000,1,35
450011,艾丽西娅之泪,pink,5000000,1,35
450012,希德之泪,pink,8000000,1,35
450017,精灵勇士的勋章 - 剑魂,pink,20000000,1,35
450018,精灵勇士的勋章 - 鬼泣,pink,20000000,1,35
450019,精灵勇士的勋章 - 狂战士,pink,20000000,1,35
450020,精灵勇士的勋章 - 阿修罗,pink,20000000,1,35
450021,精灵勇士的勋章 - 气功师,pink,20000000,1,35
450022,精灵勇士的勋章 - 散打,pink,20000000,1,35
450023,精灵勇士的勋章 - 街霸,pink,20000000,1,35
450032,邪恶之眼,pink,2000000,1,35
450035,艾力斯的颅骨,pink,2000000,1,35
450041,精灵勇士的勋章 - 柔道家,pink,20000000,1,35
450042,精灵勇士的勋章 - 漫游枪手 (男),pink,20000000,1,35
450043,精灵勇士的勋章 - 枪炮师 (男),pink,20000000,1,35
450044,精灵勇士的勋章 - 机械师 (男),pink,20000000,1,35
450045,精灵勇士的勋章 - 弹药专家 (男),pink,20000000,1,35
450046,精灵勇士的勋章 - 漫游枪手 (女),pink,20000000,1,35
450047,精灵勇士的勋章 - 枪炮师 (女),pink,20000000,1,35
450048,精灵勇士的勋章 - 机械师 (女),pink,20000000,1,35
450049,精灵勇士的勋章 - 弹药专家 (女),pink,20000000,1,35
450050,精灵勇士的勋章 - 元素师,pink,20000000,1,35
450051,精灵勇士的勋章 - 召唤师 (冰),pink,20000000,1,35
450052,精灵勇士的勋章 - 召唤师 (火),pink,20000000,1,35
450053,精灵勇士的勋章 - 召唤师 (暗),pink,20000000,1,35
450054,精灵勇士的勋章 - 召唤师 (光),pink,20000000,1,35
450055,精灵勇士的勋章 - 战斗法师,pink,20000000,1,35
450056,精灵勇士的勋章 - 魔道学者,pink,20000000,1,35
450057,精灵勇士的勋章 - 圣骑士,pink,20000000,1,35
450075,精灵勇士的勋章 - 蓝拳圣使,pink,20000000,1,35
450076,精灵勇士的勋章 - 驱魔师,pink,20000000,1,35
450077,精灵勇士的勋章 - 刺客,pink,20000000,1,35
450078,精灵勇士的勋章 - 死灵术士,pink,20000000,1,35
450100,毁灭之融合石,pink,150000000,1,35
450101,支配之融合石,pink,120000000,1,35
450104,恶灵之火焰石,pink,3500000,1,35
450105,暗黑血之赤瞳,pink,8000000,1,35
450106,精灵勇士的勋章 - 气功师 (男),pink,20000000,1,35
450107,精灵勇士的勋章 - 散打 (男),pink,20000000,1,35
450108,精灵勇士的勋章 - 街霸 (男),pink,20000000,1,35
450109,精灵勇士的勋章 - 柔道家 (男),pink,20000000,1,35
